# Blender 5.0.1
# www.blender.org
mtllib hand.mtl
o handle
v -0.068353 0.010088 -0.000947
v -0.068346 0.010160 0.000585
v -0.068298 0.009801 0.002102
v -0.068421 0.008864 0.003684
v -0.070815 0.004435 0.002009
v -0.072582 0.004925 0.004879
v -0.070355 0.003874 0.006614
v -0.071278 0.002434 0.006043
v -0.068620 0.000605 0.007669
v -0.068622 -0.001414 0.007712
v -0.068758 -0.003501 0.007459
v -0.068699 -0.005516 0.006934
v -0.068422 -0.007168 0.006260
v -0.068310 -0.008853 0.005197
v -0.068252 -0.010128 0.003975
v -0.068274 -0.011044 0.002573
v -0.068245 -0.011545 0.001091
v -0.068328 -0.011608 -0.000454
v -0.068266 -0.011250 -0.001968
v -0.068373 -0.010330 -0.003536
v -0.070804 -0.005852 -0.001879
v -0.072588 -0.006547 -0.004613
v -0.070924 -0.003951 -0.006182
v -0.070213 -0.004320 -0.006767
v -0.068714 -0.002057 -0.007524
v -0.068600 -0.000005 -0.007577
v -0.068639 0.002063 -0.007334
v -0.068692 0.004059 -0.006803
v -0.068430 0.005719 -0.006125
v -0.068305 0.007399 -0.005068
v -0.068334 0.008678 -0.003832
v -0.068304 0.009591 -0.002444
v -0.074390 -0.000432 0.000089
v -0.065915 -0.002573 -0.001335
v -0.066209 -0.000433 -0.001644
v -0.069830 -0.002196 -0.007351
v -0.071796 -0.002095 -0.006827
v -0.073747 0.002888 -0.002466
v -0.074039 -0.001840 -0.005718
v -0.075503 -0.001554 -0.004449
v -0.064444 -0.002103 -0.002826
v -0.072586 0.000026 -0.006548
v -0.069755 -0.000029 -0.007421
v -0.075013 -0.001241 -0.001942
v -0.064950 -0.000101 -0.001740
v -0.072778 0.001713 -0.006241
v -0.069832 0.002019 -0.007169
v -0.073592 0.004329 -0.000592
v -0.063762 0.001119 -0.001500
v -0.072232 0.004971 -0.005140
v -0.069860 0.003943 -0.006654
v -0.074162 -0.001471 -0.002782
v -0.064816 0.001446 -0.001170
v -0.075128 0.000277 -0.001326
v -0.071853 0.002496 -0.006025
v -0.070176 0.005623 -0.005827
v -0.072718 0.005259 -0.004962
v -0.069326 0.006394 -0.005608
v -0.075049 0.000800 -0.000803
v -0.064517 0.001479 -0.001204
v -0.072799 0.006142 -0.004306
v -0.075324 0.001104 -0.000962
v -0.069965 0.007170 -0.004904
v -0.072778 0.006677 -0.003869
v -0.069169 0.007923 -0.004471
v -0.074974 0.000923 -0.000548
v -0.064688 0.001748 -0.000796
v -0.072786 0.007263 -0.003241
v -0.075351 0.001430 -0.000647
v -0.069931 0.008435 -0.003686
v -0.072747 0.007674 -0.002742
v -0.069091 0.009054 -0.003159
v -0.074992 0.001074 -0.000327
v -0.065152 0.001747 -0.000435
v -0.072833 0.008009 -0.002036
v -0.069937 0.009311 -0.002327
v -0.075348 0.001579 -0.000338
v -0.072719 0.008339 -0.001459
v -0.069088 0.009779 -0.001696
v -0.074992 0.001148 -0.000097
v -0.065155 0.001848 0.000099
v -0.072821 0.008430 -0.000815
v -0.069976 0.009757 -0.000966
v -0.075346 0.001649 0.000013
v -0.072773 0.008549 -0.000107
v -0.069099 0.010067 -0.000163
v -0.074963 0.001120 0.000186
v -0.064687 0.001984 0.000444
v -0.072777 0.008528 0.000517
v -0.069998 0.009828 0.000566
v -0.075428 0.001760 0.000389
v -0.072798 0.008399 0.001178
v -0.074970 0.001127 0.000288
v -0.064517 0.001911 0.000821
v -0.069119 0.009910 0.001365
v -0.072859 0.008146 0.001816
v -0.069952 0.009478 0.002073
v -0.075279 0.001364 0.000683
v -0.072793 0.007889 0.002471
v -0.075000 0.000744 0.001147
v -0.064543 0.001578 0.001219
v -0.069153 0.009312 0.002851
v -0.072710 0.007259 0.003386
v -0.069842 0.008403 0.003811
v -0.075335 0.001240 0.001509
v -0.070239 0.004948 0.003000
v -0.069555 0.005194 0.003361
v -0.075579 0.001793 0.001860
v -0.064697 0.001221 0.001433
v -0.070875 0.003733 0.003553
v -0.070649 0.004076 0.004649
v -0.075061 0.001337 0.001117
v -0.064928 0.000694 0.001640
v -0.072885 0.004740 0.005232
v -0.070229 0.003510 0.004834
v -0.075228 0.000160 0.001540
v -0.065383 0.000075 0.001731
v -0.072391 0.002391 0.006426
v -0.069300 0.001386 0.005342
v -0.075241 -0.000431 0.001661
v -0.066312 -0.000299 0.001674
v -0.072761 0.000591 0.006543
v -0.069853 0.000755 0.007481
v -0.075237 -0.000849 0.001671
v -0.066000 -0.001624 0.001725
v -0.072816 -0.001317 0.006570
v -0.069822 -0.001402 0.007545
v -0.075207 -0.001499 0.001552
v -0.064552 0.000026 0.004054
v -0.072743 -0.003142 0.006395
v -0.069851 -0.003442 0.007304
v -0.073519 -0.005814 0.000705
v -0.062275 -0.002852 0.002727
v -0.072088 -0.006360 0.005407
v -0.069936 -0.005406 0.006767
v -0.074165 0.000016 0.002911
v -0.064163 -0.003398 0.001394
v -0.075099 -0.001694 0.001441
v -0.071756 -0.004218 0.006183
v -0.070147 -0.007036 0.005989
v -0.072740 -0.006720 0.005076
v -0.069324 -0.007843 0.005742
v -0.074957 -0.002299 0.000806
v -0.062980 -0.003772 0.002250
v -0.072823 -0.007584 0.004427
v -0.075371 -0.002639 0.001126
v -0.069971 -0.008608 0.005044
v -0.072725 -0.008164 0.004014
v -0.069202 -0.009369 0.004599
v -0.074930 -0.002330 0.000695
v -0.063126 -0.004304 0.001262
v -0.072787 -0.008693 0.003398
v -0.075309 -0.002790 0.000810
v -0.069955 -0.009854 0.003846
v -0.072806 -0.009086 0.002857
v -0.069083 -0.010504 0.003292
v -0.074909 -0.002460 0.000402
v -0.063135 -0.004570 0.000723
v -0.072799 -0.009471 0.002192
v -0.069853 -0.010763 0.002505
v -0.075363 -0.003058 0.000481
v -0.072757 -0.009759 0.001579
v -0.069056 -0.011233 0.001829
v -0.074959 -0.002552 0.000285
v -0.063128 -0.004682 0.000147
v -0.072767 -0.009921 0.000935
v -0.069946 -0.011219 0.001061
v -0.075218 -0.002902 0.000090
v -0.072773 -0.009997 0.000257
v -0.069055 -0.011521 0.000302
v -0.075021 -0.002650 -0.000024
v -0.063137 -0.004614 -0.000426
v -0.072764 -0.009982 -0.000388
v -0.070005 -0.011271 -0.000440
v -0.075241 -0.002912 -0.000181
v -0.072716 -0.009901 -0.001069
v -0.074967 -0.002519 -0.000281
v -0.063140 -0.004391 -0.000958
v -0.069084 -0.011360 -0.001237
v -0.072778 -0.009660 -0.001670
v -0.069940 -0.010941 -0.001897
v -0.075281 -0.002833 -0.000546
v -0.072762 -0.009359 -0.002331
v -0.074944 -0.002154 -0.000961
v -0.063206 -0.003877 -0.001492
v -0.069137 -0.010765 -0.002708
v -0.072763 -0.008700 -0.003215
v -0.069801 -0.009923 -0.003627
v -0.075286 -0.002626 -0.001321
v -0.070446 -0.006353 -0.002816
v -0.069646 -0.006702 -0.003242
v -0.075562 -0.003176 -0.001686
v -0.063266 -0.003372 -0.001828
v -0.070863 -0.005196 -0.003419
v -0.070667 -0.005534 -0.004513
v -0.074847 -0.001515 -0.001504
v -0.064581 -0.001453 -0.003805
v -0.072963 -0.006151 -0.005058
v -0.070629 -0.004781 -0.004681
v -0.073336 -0.005252 -0.001670
v -0.072186 -0.004152 -0.006296
v -0.069622 -0.003756 -0.005431
v -0.058289 0.006696 0.003143
v -0.058288 0.005300 -0.004270
v -0.058190 -0.037981 0.007875
v -0.058190 -0.039583 -0.000597
v 0.067645 0.002024 0.000137
v 0.067802 0.002193 -0.000400
v 0.067579 0.001905 0.000572
v 0.067590 0.001721 0.000921
v 0.067585 0.001440 0.001238
v 0.067597 0.001073 0.001517
v 0.067573 0.000643 0.001729
v 0.067601 0.000153 0.001891
v 0.067578 -0.000365 0.001972
v 0.067583 -0.000891 0.001986
v 0.067597 -0.001420 0.001928
v 0.067588 -0.001927 0.001793
v 0.067580 -0.002374 0.001596
v 0.067582 -0.002766 0.001339
v 0.067573 -0.003075 0.001035
v 0.067586 -0.003290 0.000715
v 0.067727 -0.003469 0.000347
v 0.067790 -0.003511 -0.000049
v 0.067785 -0.003422 -0.000433
v 0.067723 -0.003196 -0.000806
v 0.067707 -0.002918 -0.001104
v 0.067692 -0.002534 -0.001391
v 0.067694 -0.002111 -0.001607
v 0.067626 -0.001628 -0.001744
v 0.067435 -0.001073 -0.001764
v 0.067598 -0.000505 -0.001841
v 0.067660 -0.000009 -0.001796
v 0.067654 0.000495 -0.001661
v 0.066729 0.001216 -0.001215
v 0.066689 0.001187 -0.001216
v 0.067522 0.001633 -0.001024
v 0.067040 0.001630 -0.001141
v 0.066909 -0.001141 -0.001221
v 0.062691 0.001895 -0.000128
v 0.061900 -0.002263 0.000617
v 0.067328 -0.001070 -0.001762
v 0.060473 -0.001821 -0.000040
v 0.067307 -0.001074 -0.001779
v 0.067069 -0.000610 -0.001558
v 0.067312 -0.001071 -0.001780
v 0.067405 -0.000640 -0.001828
v 0.067244 -0.001065 -0.001748
v 0.066897 -0.000160 -0.001376
v 0.062587 -0.002645 -0.000628
v 0.067462 -0.000053 -0.001793
v 0.066846 0.000158 -0.001257
v 0.061651 -0.001035 0.000556
v 0.067463 0.000431 -0.001672
v 0.066922 0.000608 -0.001122
v 0.061663 -0.001156 0.000510
v 0.066923 0.002555 -0.001101
v 0.066992 0.000944 -0.000977
v 0.061635 -0.001303 0.000412
v 0.065711 0.002703 -0.001203
v 0.061601 -0.001366 0.000342
v 0.067126 0.001166 -0.001007
v 0.061598 -0.001425 0.000257
v 0.065761 0.002623 -0.002228
v 0.066981 0.001409 -0.000513
v 0.066791 0.001697 -0.001152
v 0.066951 0.001479 -0.000283
v 0.061656 -0.001477 0.000161
v 0.067676 0.002128 -0.000397
v 0.066888 0.001429 0.000123
v 0.061764 -0.001506 0.000132
v 0.067471 0.002019 0.000112
v 0.066896 0.001434 0.000114
v 0.061684 -0.001471 -0.000023
v 0.067441 0.001986 0.000155
v 0.066877 0.001362 0.000357
v 0.067443 0.001943 0.000435
v 0.066871 0.001326 0.000448
v 0.061635 -0.001415 -0.000118
v 0.067458 0.001906 0.000560
v 0.066872 0.001238 0.000632
v 0.067453 0.001804 0.000785
v 0.066862 0.001165 0.000728
v 0.061637 -0.001339 -0.000223
v 0.067459 0.001716 0.000916
v 0.066881 0.001049 0.000900
v 0.067448 0.001556 0.001115
v 0.066873 0.000963 0.000976
v 0.061643 -0.001251 -0.000301
v 0.067453 0.001436 0.001231
v 0.066883 0.000801 0.001118
v 0.067445 0.001237 0.001397
v 0.066874 0.000683 0.001189
v 0.061669 -0.001137 -0.000374
v 0.067452 0.001069 0.001506
v 0.066876 0.000499 0.001292
v 0.067451 0.000843 0.001639
v 0.066867 0.000324 0.001363
v 0.061684 -0.001037 -0.000417
v 0.067457 0.000635 0.001729
v 0.066885 0.000147 0.001442
v 0.067446 0.000394 0.001817
v 0.066864 -0.000020 0.001471
v 0.061776 -0.000863 -0.000471
v 0.067457 0.000156 0.001881
v 0.066866 -0.000250 0.001518
v 0.067456 -0.000112 0.001942
v 0.066868 -0.000462 0.001548
v 0.062091 -0.000659 -0.000525
v 0.067461 -0.000370 0.001970
v 0.066879 -0.000632 0.001565
v 0.067451 -0.000614 0.001987
v 0.066868 -0.000870 0.001555
v 0.061793 -0.000809 -0.000493
v 0.067458 -0.000904 0.001981
v 0.066875 -0.001034 0.001548
v 0.067452 -0.001129 0.001967
v 0.066864 -0.001280 0.001503
v 0.061433 -0.000459 -0.000366
v 0.067458 -0.001430 0.001918
v 0.066873 -0.001424 0.001479
v 0.067452 -0.001643 0.001876
v 0.066863 -0.001667 0.001398
v 0.061467 -0.000369 -0.000346
v 0.067460 -0.001931 0.001786
v 0.066874 -0.001791 0.001360
v 0.067454 -0.002117 0.001718
v 0.066864 -0.002017 0.001244
v 0.061459 -0.000284 -0.000300
v 0.067461 -0.002384 0.001589
v 0.066873 -0.002118 0.001194
v 0.067455 -0.002533 0.001505
v 0.066863 -0.002321 0.001040
v 0.061445 -0.000192 -0.000226
v 0.067462 -0.002773 0.001331
v 0.066874 -0.002396 0.000989
v 0.067456 -0.002891 0.001233
v 0.066863 -0.002558 0.000804
v 0.061452 -0.000123 -0.000154
v 0.067463 -0.003085 0.001024
v 0.066873 -0.002608 0.000752
v 0.067457 -0.003165 0.000924
v 0.065520 -0.004267 -0.000680
v 0.061839 -0.001111 -0.001297
v 0.067452 -0.003293 0.000689
v 0.063746 -0.005531 0.000577
v 0.067024 -0.003188 0.000422
v 0.064202 -0.004282 0.001185
v 0.063029 -0.003428 0.001400
v 0.066995 -0.003163 0.000526
v 0.063506 -0.006413 -0.001989
v 0.062764 -0.004886 -0.000420
v 0.067239 -0.003331 -0.000044
v 0.063215 -0.005701 -0.002706
v 0.060228 -0.003306 -0.000786
v 0.067258 -0.003283 -0.000348
v 0.066786 -0.002668 -0.000567
v 0.061687 -0.000667 0.000929
v 0.067357 -0.003089 -0.000805
v 0.066857 -0.002569 -0.000679
v 0.061463 -0.000181 0.000377
v 0.067429 -0.002898 -0.001064
v 0.066842 -0.002096 -0.001024
v 0.061440 -0.000242 0.000417
v 0.067458 -0.002518 -0.001373
v 0.066845 -0.001765 -0.001195
v 0.061359 -0.000372 0.000454
v 0.067454 -0.002093 -0.001588
v 0.066978 -0.001441 -0.001405
v 0.067401 -0.001521 -0.001742
v 0.058193 0.007650 0.003592
v 0.058193 0.006054 -0.004877
v 0.058191 -0.038071 0.007930
v 0.058191 -0.039689 -0.000633
v -0.070246 0.018645 0.004023
v -0.068579 0.018554 0.002636
v -0.070312 0.018712 0.002606
v -0.070693 0.010935 0.009804
v -0.070157 0.010860 0.009812
v -0.070589 0.012857 0.009384
v -0.058715 0.009524 0.004833
v -0.058530 0.007993 0.004948
v -0.058373 0.009281 0.003497
v -0.059740 0.009685 0.006454
v -0.059583 0.008256 0.006596
v -0.059209 0.011221 0.004698
v -0.058930 0.011207 0.003279
v -0.061384 0.009689 0.007883
v -0.061259 0.008461 0.008008
v -0.059703 0.012356 0.004543
v -0.059881 0.013057 0.003094
v -0.060189 0.011223 0.006318
v -0.060277 0.013297 0.004501
v -0.063531 0.009551 0.008998
v -0.063454 0.008586 0.009101
v -0.060657 0.012264 0.006218
v -0.061771 0.010991 0.007769
v -0.061159 0.013111 0.006138
v -0.061261 0.014570 0.004383
v -0.061145 0.014685 0.002988
v -0.065975 0.009276 0.009713
v -0.065960 0.008619 0.009785
v -0.068108 0.008594 0.010023
v -0.068069 0.009110 0.009969
v -0.062175 0.011870 0.007692
v -0.063836 0.010559 0.008909
v -0.062597 0.012595 0.007619
v -0.062080 0.014311 0.006017
v -0.064155 0.011221 0.008854
v -0.062853 0.016043 0.004251
v -0.062671 0.016062 0.002849
v -0.066199 0.009954 0.009655
v -0.068364 0.009598 0.009929
v -0.064469 0.011780 0.008796
v -0.063371 0.013614 0.007515
v -0.066413 0.010367 0.009621
v -0.063507 0.015625 0.005898
v -0.064418 0.017064 0.004147
v -0.064421 0.017174 0.002710
v -0.066609 0.010727 0.009585
v -0.068682 0.010050 0.009887
v -0.065060 0.012568 0.008716
v -0.065485 0.017597 0.004053
v -0.066452 0.018035 0.002623
v -0.064584 0.014747 0.007402
v -0.064958 0.016564 0.005819
v -0.066985 0.011273 0.009527
v -0.066645 0.018021 0.004065
v -0.065937 0.017038 0.005780
v -0.066000 0.013442 0.008632
v -0.065831 0.015541 0.007339
v -0.068184 0.018415 0.004031
v -0.066989 0.017439 0.005735
v -0.066660 0.015931 0.007313
v -0.067610 0.011856 0.009471
v -0.069073 0.010446 0.009847
v -0.066970 0.014048 0.008584
v -0.068454 0.017816 0.005692
v -0.070269 0.018010 0.005685
v -0.067545 0.016270 0.007276
v -0.067602 0.014338 0.008565
v -0.068282 0.012253 0.009440
v -0.069594 0.010715 0.009823
v -0.068786 0.016600 0.007235
v -0.070357 0.016767 0.007225
v -0.070463 0.014999 0.008490
v -0.068283 0.014614 0.008530
v -0.068689 0.012424 0.009429
v -0.069224 0.014872 0.008498
v -0.069113 0.012590 0.009412
v -0.069715 0.012787 0.009385
v -0.084731 0.009360 0.003490
v -0.084917 0.007746 0.003631
v -0.084567 0.007998 0.005002
v -0.072807 0.018712 0.002606
v -0.074541 0.018553 0.002636
v -0.072874 0.018645 0.004024
v -0.077147 0.009269 0.009713
v -0.075009 0.008594 0.010023
v -0.075048 0.009109 0.009969
v -0.077162 0.008623 0.009784
v -0.079585 0.009544 0.009000
v -0.079661 0.008589 0.009102
v -0.076922 0.009956 0.009654
v -0.074756 0.009597 0.009929
v -0.081732 0.009686 0.007884
v -0.081858 0.008462 0.008008
v -0.076704 0.010373 0.009620
v -0.079289 0.010560 0.008906
v -0.076510 0.010726 0.009585
v -0.074446 0.010059 0.009885
v -0.083379 0.009681 0.006454
v -0.083530 0.008260 0.006600
v -0.078953 0.011218 0.008858
v -0.081351 0.010994 0.007765
v -0.078655 0.011774 0.008796
v -0.076130 0.011272 0.009527
v -0.084388 0.009557 0.004852
v -0.084186 0.011210 0.003282
v -0.080948 0.011870 0.007688
v -0.082926 0.011229 0.006317
v -0.080524 0.012598 0.007616
v -0.078061 0.012571 0.008714
v -0.082462 0.012258 0.006221
v -0.075507 0.011854 0.009471
v -0.074033 0.010434 0.009849
v -0.083909 0.011221 0.004696
v -0.081954 0.013114 0.006140
v -0.079750 0.013617 0.007512
v -0.083417 0.012352 0.004542
v -0.083237 0.013055 0.003093
v -0.077117 0.013446 0.008631
v -0.074838 0.012254 0.009440
v -0.073525 0.010719 0.009823
v -0.082842 0.013295 0.004500
v -0.081035 0.014309 0.006022
v -0.074429 0.012426 0.009428
v -0.078534 0.014744 0.007404
v -0.076151 0.014050 0.008583
v -0.081858 0.014569 0.004384
v -0.081971 0.014686 0.002984
v -0.074000 0.012598 0.009410
v -0.072958 0.010855 0.009812
v -0.075516 0.014340 0.008564
v -0.079614 0.015623 0.005897
v -0.077283 0.015538 0.007343
v -0.073408 0.012794 0.009383
v -0.072427 0.010936 0.009803
v -0.072532 0.012857 0.009384
v -0.074829 0.014611 0.008532
v -0.076455 0.015931 0.007314
v -0.080263 0.016044 0.004251
v -0.080448 0.016061 0.002850
v -0.078158 0.016567 0.005816
v -0.073895 0.014866 0.008501
v -0.072657 0.014998 0.008491
v -0.075572 0.016270 0.007276
v -0.077181 0.017039 0.005778
v -0.078698 0.017064 0.004151
v -0.078699 0.017173 0.002714
v -0.074332 0.016599 0.007236
v -0.072762 0.016767 0.007224
v -0.072851 0.018011 0.005684
v -0.076131 0.017437 0.005737
v -0.077631 0.017597 0.004055
v -0.076666 0.018035 0.002623
v -0.074663 0.017815 0.005693
v -0.076477 0.018020 0.004064
v -0.074935 0.018415 0.004031
v 0.058563 0.008065 0.005014
v 0.058379 0.009315 0.003501
v 0.068602 0.018492 0.004014
v 0.070320 0.018653 0.004001
v 0.070305 0.018712 0.002607
v 0.068537 0.018546 0.002623
v 0.068783 0.017873 0.005688
v 0.070365 0.018013 0.005687
v 0.066754 0.018055 0.004061
v 0.066474 0.018044 0.002639
v 0.069074 0.016655 0.007226
v 0.070434 0.016763 0.007231
v 0.065495 0.017601 0.004054
v 0.064429 0.017178 0.002704
v 0.067084 0.017469 0.005732
v 0.064461 0.017089 0.004142
v 0.069455 0.014914 0.008494
v 0.070519 0.014990 0.008496
v 0.065948 0.017044 0.005778
v 0.067625 0.016303 0.007267
v 0.065004 0.016589 0.005816
v 0.063051 0.016193 0.004230
v 0.062649 0.016046 0.002859
v 0.069891 0.012814 0.009383
v 0.070615 0.012845 0.009388
v 0.070695 0.010932 0.009804
v 0.070150 0.010874 0.009809
v 0.066672 0.015935 0.007313
v 0.068333 0.014638 0.008525
v 0.065866 0.015552 0.007344
v 0.063673 0.015751 0.005886
v 0.067611 0.014344 0.008563
v 0.061436 0.014758 0.004374
v 0.061131 0.014669 0.002989
v 0.069137 0.012622 0.009404
v 0.069595 0.010712 0.009824
v 0.066990 0.014059 0.008584
v 0.064732 0.014848 0.007398
v 0.068698 0.012423 0.009430
v 0.062222 0.014463 0.006005
v 0.060309 0.013343 0.004499
v 0.059887 0.013066 0.003100
v 0.068301 0.012250 0.009443
v 0.069081 0.010436 0.009849
v 0.066111 0.013538 0.008619
v 0.059706 0.012363 0.004541
v 0.058937 0.011224 0.003260
v 0.063489 0.013751 0.007498
v 0.061191 0.013158 0.006134
v 0.067691 0.011916 0.009466
v 0.059249 0.011324 0.004690
v 0.060662 0.012268 0.006220
v 0.065143 0.012678 0.008700
v 0.062620 0.012635 0.007613
v 0.058811 0.009926 0.004820
v 0.060226 0.011312 0.006313
v 0.062176 0.011878 0.007689
v 0.067051 0.011344 0.009520
v 0.068668 0.010060 0.009885
v 0.064478 0.011806 0.008790
v 0.059804 0.009981 0.006427
v 0.059585 0.008342 0.006584
v 0.061807 0.011064 0.007767
v 0.064160 0.011226 0.008854
v 0.066613 0.010745 0.009582
v 0.068382 0.009582 0.009932
v 0.061436 0.009950 0.007856
v 0.061254 0.008528 0.007996
v 0.063867 0.010610 0.008908
v 0.066413 0.010370 0.009621
v 0.063572 0.009763 0.008977
v 0.063445 0.008632 0.009092
v 0.066232 0.009977 0.009657
v 0.068147 0.009096 0.009975
v 0.066018 0.009431 0.009701
v 0.065944 0.008645 0.009780
v 0.068104 0.008600 0.010023
v -0.058549 0.005913 -0.006294
v -0.058369 0.007643 -0.005086
v -0.068114 0.004575 -0.011259
v -0.068203 0.005056 -0.011306
v -0.065945 0.004715 -0.011034
v -0.068597 0.016357 -0.007282
v -0.070319 0.016516 -0.007303
v -0.070300 0.017091 -0.005972
v -0.068529 0.016924 -0.005952
v -0.068779 0.015140 -0.008785
v -0.070361 0.015278 -0.008808
v -0.066755 0.015920 -0.007247
v -0.066479 0.016436 -0.005877
v -0.069076 0.013394 -0.010045
v -0.070429 0.013492 -0.010072
v -0.065496 0.015482 -0.007159
v -0.064436 0.015578 -0.005784
v -0.067086 0.014738 -0.008749
v -0.064467 0.014955 -0.007155
v -0.069455 0.011244 -0.010948
v -0.070526 0.011306 -0.010967
v -0.065947 0.014307 -0.008719
v -0.067615 0.013040 -0.010018
v -0.065000 0.013849 -0.008673
v -0.063056 0.014060 -0.007072
v -0.062647 0.014425 -0.005719
v -0.069891 0.008879 -0.011421
v -0.070623 0.008906 -0.011430
v -0.070676 0.006913 -0.011478
v -0.069637 0.009105 -0.009831
v -0.066661 0.012663 -0.009996
v -0.068325 0.010954 -0.010928
v -0.065866 0.012277 -0.009959
v -0.063677 0.013014 -0.008590
v -0.067601 0.010666 -0.010908
v -0.061436 0.012620 -0.006943
v -0.061128 0.013047 -0.005587
v -0.069145 0.008689 -0.011405
v -0.069610 0.006708 -0.011458
v -0.066998 0.010388 -0.010877
v -0.064735 0.011590 -0.009877
v -0.068677 0.008487 -0.011391
v -0.062224 0.011730 -0.008465
v -0.060311 0.011209 -0.006807
v -0.059888 0.011461 -0.005401
v -0.068290 0.008311 -0.011372
v -0.069121 0.006381 -0.011430
v -0.066118 0.009869 -0.010817
v -0.059704 0.010243 -0.006664
v -0.058936 0.009621 -0.005215
v -0.063491 0.010489 -0.009774
v -0.061196 0.010420 -0.008353
v -0.067700 0.007985 -0.011335
v -0.059247 0.009186 -0.006613
v -0.060665 0.009532 -0.008270
v -0.065139 0.009004 -0.010735
v -0.062619 0.009365 -0.009678
v -0.058812 0.007788 -0.006486
v -0.060224 0.008567 -0.008180
v -0.062183 0.008610 -0.009616
v -0.067044 0.007410 -0.011280
v -0.068609 0.006078 -0.011395
v -0.064486 0.008122 -0.010665
v -0.059807 0.007252 -0.008046
v -0.059586 0.005606 -0.007894
v -0.061805 0.007797 -0.009536
v -0.064162 0.007550 -0.010617
v -0.066610 0.006814 -0.011229
v -0.068361 0.005573 -0.011352
v -0.061436 0.006686 -0.009417
v -0.061258 0.005261 -0.009292
v -0.063870 0.006932 -0.010556
v -0.066421 0.006457 -0.011199
v -0.063570 0.006082 -0.010463
v -0.063437 0.004958 -0.010365
v -0.066234 0.006051 -0.011161
v -0.066010 0.005503 -0.011101
v 0.072875 0.018645 0.004024
v 0.074541 0.018553 0.002636
v 0.072807 0.018712 0.002606
v 0.072423 0.010933 0.009804
v 0.072967 0.010897 0.009806
v 0.072532 0.012859 0.009383
v 0.084389 0.009551 0.004852
v 0.084917 0.007749 0.003633
v 0.084733 0.009352 0.003489
v 0.084568 0.007998 0.004998
v 0.083377 0.009687 0.006455
v 0.083529 0.008257 0.006602
v 0.083907 0.011224 0.004699
v 0.084185 0.011213 0.003278
v 0.081735 0.009688 0.007883
v 0.081857 0.008461 0.008009
v 0.083417 0.012354 0.004541
v 0.083237 0.013055 0.003093
v 0.082928 0.011224 0.006318
v 0.082842 0.013295 0.004500
v 0.079586 0.009546 0.008999
v 0.079664 0.008586 0.009101
v 0.082460 0.012261 0.006221
v 0.081349 0.010993 0.007766
v 0.081953 0.013114 0.006141
v 0.081857 0.014570 0.004385
v 0.081971 0.014686 0.002984
v 0.077139 0.009273 0.009714
v 0.074973 0.009099 0.009974
v 0.075010 0.008598 0.010023
v 0.077158 0.008619 0.009785
v 0.080940 0.011870 0.007693
v 0.079289 0.010565 0.008905
v 0.080524 0.012595 0.007617
v 0.081035 0.014310 0.006020
v 0.078962 0.011222 0.008854
v 0.080263 0.016044 0.004252
v 0.080448 0.016061 0.002850
v 0.076920 0.009954 0.009655
v 0.074709 0.009571 0.009934
v 0.078662 0.011772 0.008794
v 0.079750 0.013616 0.007512
v 0.076702 0.010373 0.009620
v 0.079612 0.015625 0.005896
v 0.078700 0.017063 0.004151
v 0.078699 0.017173 0.002714
v 0.076508 0.010723 0.009586
v 0.074443 0.010053 0.009886
v 0.078061 0.012572 0.008713
v 0.077631 0.017597 0.004054
v 0.076665 0.018035 0.002623
v 0.078532 0.014747 0.007403
v 0.078160 0.016564 0.005819
v 0.076127 0.011272 0.009528
v 0.076474 0.018020 0.004064
v 0.077181 0.017038 0.005781
v 0.077117 0.013446 0.008631
v 0.077287 0.015540 0.007340
v 0.074936 0.018415 0.004032
v 0.072853 0.018011 0.005683
v 0.076129 0.017438 0.005737
v 0.076457 0.015932 0.007312
v 0.075508 0.011855 0.009471
v 0.074045 0.010444 0.009848
v 0.076151 0.014050 0.008582
v 0.074665 0.017815 0.005692
v 0.075572 0.016271 0.007276
v 0.075514 0.014338 0.008565
v 0.074839 0.012255 0.009440
v 0.073542 0.010746 0.009818
v 0.074331 0.016598 0.007237
v 0.072766 0.016766 0.007225
v 0.074834 0.014614 0.008530
v 0.074430 0.012430 0.009427
v 0.073891 0.014873 0.008498
v 0.072661 0.014999 0.008490
v 0.074004 0.012592 0.009411
v 0.073402 0.012791 0.009384
v -0.074990 -0.037011 0.014304
v -0.077133 -0.037072 0.014078
v -0.079638 -0.037223 0.013412
v -0.081839 -0.037450 0.012334
v -0.083525 -0.037731 0.010931
v -0.084574 -0.038044 0.009326
v -0.084926 -0.038305 0.007955
v -0.084861 -0.040632 0.008181
v -0.030282 -0.077504 0.018105
v -0.032471 -0.077462 0.018101
v -0.030303 -0.079492 0.018059
v -0.084506 -0.040358 0.009550
v -0.083467 -0.040011 0.011138
v -0.081788 -0.039672 0.012535
v -0.079596 -0.039370 0.013606
v -0.077092 -0.039131 0.014269
v -0.074935 -0.038991 0.014490
v -0.084311 -0.042765 0.009774
v -0.084664 -0.043055 0.008409
v -0.083275 -0.042371 0.011360
v -0.081597 -0.041956 0.012753
v -0.079413 -0.041557 0.013813
v -0.076921 -0.041208 0.014464
v -0.074773 -0.040973 0.014676
v -0.083987 -0.045162 0.009993
v -0.084335 -0.045468 0.008631
v -0.083876 -0.047861 0.008858
v -0.082954 -0.044720 0.011582
v -0.081284 -0.044230 0.012968
v -0.079117 -0.043734 0.014017
v -0.076643 -0.043276 0.014658
v -0.074508 -0.042945 0.014861
v -0.083531 -0.047542 0.010217
v -0.082510 -0.047055 0.011798
v -0.080856 -0.046490 0.013177
v -0.078705 -0.045900 0.014220
v -0.076247 -0.045329 0.014851
v -0.074131 -0.044905 0.015045
v -0.082945 -0.049893 0.010444
v -0.083289 -0.050229 0.009084
v -0.081939 -0.049368 0.012011
v -0.080303 -0.048731 0.013387
v -0.078169 -0.048041 0.014422
v -0.075745 -0.047362 0.015041
v -0.073651 -0.046843 0.015227
v -0.082234 -0.052220 0.010663
v -0.082574 -0.052573 0.009300
v -0.081234 -0.051642 0.012235
v -0.079632 -0.050939 0.013590
v -0.077538 -0.050160 0.014616
v -0.075132 -0.049372 0.015230
v -0.073064 -0.048760 0.015407
v -0.081397 -0.054513 0.010878
v -0.081732 -0.054879 0.009522
v -0.080767 -0.057146 0.009730
v -0.080419 -0.053894 0.012441
v -0.078837 -0.053116 0.013796
v -0.076771 -0.052243 0.014814
v -0.074406 -0.051350 0.015416
v -0.072377 -0.050649 0.015584
v -0.080440 -0.056764 0.011088
v -0.079479 -0.056103 0.012648
v -0.077926 -0.055255 0.013997
v -0.075893 -0.054288 0.015008
v -0.073577 -0.053293 0.015599
v -0.071586 -0.052502 0.015758
v -0.079362 -0.058973 0.011291
v -0.079680 -0.059369 0.009933
v -0.078474 -0.061537 0.010142
v -0.078415 -0.058264 0.012856
v -0.076895 -0.057348 0.014197
v -0.074910 -0.056295 0.015197
v -0.072655 -0.055201 0.015776
v -0.070708 -0.054323 0.015929
v -0.078162 -0.061129 0.011495
v -0.077151 -0.063652 0.010342
v -0.077245 -0.060385 0.013048
v -0.075761 -0.059399 0.014387
v -0.073817 -0.058254 0.015382
v -0.071606 -0.057056 0.015953
v -0.069707 -0.056096 0.016095
v -0.076847 -0.063228 0.011696
v -0.075953 -0.062440 0.013246
v -0.074512 -0.061395 0.014574
v -0.072629 -0.060169 0.015559
v -0.070476 -0.058872 0.016122
v -0.068625 -0.057823 0.016258
v -0.075422 -0.065268 0.011885
v -0.075716 -0.065705 0.010535
v -0.074558 -0.064445 0.013430
v -0.073158 -0.063331 0.014756
v -0.071329 -0.062020 0.015734
v -0.069240 -0.060628 0.016289
v -0.067451 -0.059502 0.016415
v -0.073889 -0.067245 0.012064
v -0.074171 -0.067693 0.010716
v -0.073051 -0.066378 0.013614
v -0.071699 -0.065203 0.014933
v -0.069939 -0.063820 0.015900
v -0.067929 -0.062342 0.016446
v -0.066192 -0.061130 0.016568
v -0.072248 -0.069146 0.012246
v -0.072522 -0.069606 0.010899
v -0.071443 -0.068246 0.013788
v -0.070144 -0.067015 0.015100
v -0.068446 -0.065548 0.016064
v -0.066505 -0.063978 0.016602
v -0.064838 -0.062696 0.016715
v -0.070507 -0.070971 0.012423
v -0.070770 -0.071445 0.011077
v -0.069735 -0.070037 0.013958
v -0.068487 -0.068748 0.015266
v -0.066862 -0.067211 0.016220
v -0.065011 -0.065565 0.016748
v -0.063411 -0.064205 0.016857
v -0.068668 -0.072720 0.012587
v -0.068919 -0.073206 0.011239
v -0.067931 -0.071750 0.014121
v -0.066742 -0.070406 0.015423
v -0.065190 -0.068797 0.016370
v -0.063415 -0.067065 0.016891
v -0.061892 -0.065643 0.016991
v -0.066739 -0.074385 0.012742
v -0.066976 -0.074882 0.011394
v -0.066039 -0.073386 0.014270
v -0.064911 -0.071994 0.015568
v -0.063431 -0.070310 0.016513
v -0.061752 -0.068503 0.017026
v -0.060307 -0.067015 0.017120
v -0.064721 -0.075960 0.012891
v -0.064946 -0.076468 0.011544
v -0.064061 -0.074931 0.014416
v -0.062994 -0.073488 0.015710
v -0.061598 -0.071744 0.016647
v -0.060013 -0.069867 0.017153
v -0.058640 -0.068309 0.017242
v -0.062619 -0.077447 0.013030
v -0.062830 -0.077964 0.011685
v -0.060637 -0.079364 0.011810
v -0.061999 -0.076385 0.014556
v -0.060995 -0.074893 0.015846
v -0.059691 -0.073096 0.016773
v -0.058200 -0.071151 0.017274
v -0.056913 -0.069535 0.017357
v -0.060443 -0.078840 0.013154
v -0.059861 -0.077749 0.014683
v -0.058928 -0.076220 0.015966
v -0.057708 -0.074364 0.016891
v -0.056319 -0.072351 0.017386
v -0.055119 -0.070681 0.017464
v -0.058191 -0.080130 0.013279
v -0.058372 -0.080663 0.011934
v -0.056037 -0.081860 0.012047
v -0.057654 -0.079017 0.014801
v -0.056788 -0.077443 0.016083
v -0.055661 -0.075537 0.017001
v -0.054372 -0.073466 0.017491
v -0.053260 -0.071739 0.017564
v -0.055871 -0.081321 0.013387
v -0.055380 -0.080186 0.014908
v -0.054587 -0.078578 0.016186
v -0.053551 -0.076616 0.017104
v -0.052372 -0.074490 0.017587
v -0.051357 -0.072726 0.017656
v -0.053491 -0.082405 0.013491
v -0.053642 -0.082953 0.012149
v -0.053045 -0.081249 0.015010
v -0.052326 -0.079605 0.016285
v -0.051385 -0.077601 0.017197
v -0.050318 -0.075430 0.017675
v -0.049396 -0.073619 0.017740
v -0.051055 -0.083385 0.013580
v -0.051189 -0.083938 0.012240
v -0.050656 -0.082210 0.015098
v -0.050011 -0.080536 0.016372
v -0.049171 -0.078494 0.017279
v -0.048213 -0.076275 0.017754
v -0.047382 -0.074421 0.017816
v -0.048568 -0.084252 0.013664
v -0.048688 -0.084811 0.012325
v -0.048216 -0.083062 0.015179
v -0.047648 -0.081358 0.016451
v -0.046908 -0.079277 0.017356
v -0.046064 -0.077015 0.017826
v -0.045334 -0.075127 0.017882
v -0.046038 -0.085009 0.013737
v -0.046140 -0.085574 0.012394
v -0.045733 -0.083795 0.015257
v -0.045246 -0.082078 0.016517
v -0.044609 -0.079980 0.017416
v -0.043879 -0.077669 0.017887
v -0.043252 -0.075749 0.017940
v -0.043467 -0.085655 0.013795
v -0.043554 -0.086222 0.012457
v -0.043214 -0.084435 0.015309
v -0.042806 -0.082683 0.016579
v -0.042273 -0.080555 0.017474
v -0.041667 -0.078235 0.017938
v -0.041139 -0.076285 0.017991
v -0.040868 -0.086182 0.013846
v -0.040937 -0.086753 0.012511
v -0.040665 -0.084959 0.015353
v -0.040335 -0.083192 0.016623
v -0.039907 -0.081041 0.017518
v -0.039419 -0.078694 0.017981
v -0.038994 -0.076717 0.018031
v -0.038242 -0.086594 0.013885
v -0.038294 -0.087169 0.012547
v -0.038088 -0.085361 0.015393
v -0.037844 -0.083593 0.016654
v -0.037523 -0.081412 0.017554
v -0.037153 -0.079034 0.018016
v -0.036834 -0.077058 0.018063
v -0.035596 -0.086891 0.013912
v -0.035632 -0.087467 0.012574
v -0.035496 -0.085650 0.015420
v -0.035329 -0.083869 0.016683
v -0.035114 -0.081686 0.017578
v -0.034868 -0.079295 0.018040
v -0.034659 -0.077299 0.018086
v -0.032939 -0.087066 0.013931
v -0.030389 -0.087705 0.012595
v -0.030386 -0.087126 0.013936
v -0.030373 -0.085877 0.015446
v -0.032957 -0.087644 0.012596
v -0.032888 -0.085826 0.015435
v -0.032805 -0.084033 0.016701
v -0.030355 -0.084088 0.016707
v -0.030331 -0.081885 0.017603
v -0.032698 -0.081845 0.017594
v -0.032577 -0.079460 0.018053
v 0.030388 -0.087705 0.012594
v 0.030385 -0.087125 0.013936
v 0.030373 -0.085877 0.015446
v 0.030355 -0.084088 0.016707
v 0.030331 -0.081885 0.017603
v 0.030304 -0.079492 0.018059
v 0.030283 -0.077504 0.018105
v 0.032958 -0.087644 0.012595
v 0.077094 -0.039130 0.014269
v 0.077134 -0.037074 0.014078
v 0.074990 -0.037011 0.014304
v 0.074935 -0.038991 0.014490
v 0.079594 -0.039368 0.013607
v 0.079637 -0.037225 0.013413
v 0.081788 -0.039671 0.012535
v 0.083525 -0.037731 0.010931
v 0.081839 -0.037450 0.012334
v 0.083468 -0.040012 0.011138
v 0.084507 -0.040357 0.009549
v 0.084926 -0.038307 0.007956
v 0.084575 -0.038045 0.009325
v 0.084861 -0.040630 0.008182
v 0.076922 -0.041208 0.014464
v 0.074772 -0.040972 0.014676
v 0.074508 -0.042945 0.014861
v 0.079413 -0.041557 0.013813
v 0.081597 -0.041956 0.012753
v 0.083276 -0.042371 0.011359
v 0.084311 -0.042765 0.009774
v 0.084664 -0.043055 0.008409
v 0.076643 -0.043276 0.014658
v 0.079118 -0.043735 0.014017
v 0.081284 -0.044231 0.012968
v 0.082954 -0.044721 0.011583
v 0.083987 -0.045162 0.009994
v 0.084335 -0.045469 0.008631
v 0.076247 -0.045329 0.014851
v 0.074131 -0.044905 0.015045
v 0.078705 -0.045899 0.014220
v 0.080858 -0.046490 0.013177
v 0.082510 -0.047055 0.011798
v 0.083531 -0.047542 0.010217
v 0.083876 -0.047860 0.008858
v 0.075746 -0.047363 0.015041
v 0.073651 -0.046843 0.015227
v 0.078168 -0.048041 0.014423
v 0.080304 -0.048731 0.013386
v 0.081939 -0.049366 0.012012
v 0.082945 -0.049892 0.010444
v 0.083289 -0.050229 0.009084
v 0.075132 -0.049371 0.015230
v 0.073064 -0.048760 0.015407
v 0.072377 -0.050649 0.015584
v 0.077538 -0.050159 0.014616
v 0.079633 -0.050939 0.013590
v 0.081233 -0.051644 0.012236
v 0.082234 -0.052222 0.010663
v 0.082574 -0.052573 0.009300
v 0.074406 -0.051350 0.015416
v 0.076770 -0.052243 0.014814
v 0.078838 -0.053116 0.013795
v 0.080419 -0.053893 0.012441
v 0.081398 -0.054511 0.010878
v 0.081732 -0.054879 0.009522
v 0.073579 -0.053292 0.015598
v 0.071586 -0.052501 0.015758
v 0.070706 -0.054323 0.015929
v 0.075892 -0.054288 0.015009
v 0.077926 -0.055256 0.013997
v 0.079478 -0.056103 0.012648
v 0.080439 -0.056764 0.011089
v 0.080767 -0.057147 0.009730
v 0.072656 -0.055202 0.015776
v 0.074910 -0.056295 0.015197
v 0.076895 -0.057349 0.014197
v 0.078415 -0.058265 0.012856
v 0.079361 -0.058975 0.011291
v 0.079679 -0.059370 0.009934
v 0.071606 -0.057057 0.015953
v 0.069707 -0.056096 0.016095
v 0.073817 -0.058255 0.015382
v 0.075760 -0.059399 0.014387
v 0.077246 -0.060383 0.013048
v 0.078163 -0.061128 0.011494
v 0.078474 -0.061537 0.010143
v 0.070477 -0.058872 0.016122
v 0.068626 -0.057823 0.016258
v 0.067451 -0.059502 0.016415
v 0.072630 -0.060168 0.015559
v 0.074511 -0.061394 0.014574
v 0.075952 -0.062441 0.013247
v 0.076847 -0.063228 0.011695
v 0.077151 -0.063652 0.010342
v 0.069240 -0.060629 0.016289
v 0.071328 -0.062020 0.015735
v 0.073158 -0.063330 0.014757
v 0.074558 -0.064444 0.013429
v 0.075422 -0.065268 0.011885
v 0.075716 -0.065705 0.010535
v 0.067931 -0.062342 0.016446
v 0.066192 -0.061130 0.016568
v 0.069939 -0.063819 0.015901
v 0.071698 -0.065203 0.014934
v 0.073051 -0.066379 0.013614
v 0.073889 -0.067245 0.012064
v 0.074171 -0.067693 0.010716
v 0.066505 -0.063978 0.016602
v 0.064838 -0.062696 0.016715
v 0.068447 -0.065548 0.016064
v 0.070144 -0.067014 0.015101
v 0.071443 -0.068246 0.013788
v 0.072248 -0.069146 0.012246
v 0.072522 -0.069606 0.010899
v 0.065011 -0.065563 0.016748
v 0.063411 -0.064205 0.016857
v 0.066863 -0.067211 0.016219
v 0.068487 -0.068748 0.015266
v 0.069735 -0.070037 0.013958
v 0.070507 -0.070971 0.012423
v 0.070770 -0.071445 0.011077
v 0.063414 -0.067065 0.016892
v 0.061891 -0.065643 0.016991
v 0.065190 -0.068798 0.016370
v 0.066741 -0.070407 0.015423
v 0.067929 -0.071751 0.014122
v 0.068668 -0.072720 0.012587
v 0.068919 -0.073206 0.011239
v 0.061752 -0.068503 0.017026
v 0.060306 -0.067015 0.017120
v 0.063431 -0.070309 0.016513
v 0.064913 -0.071993 0.015567
v 0.066039 -0.073385 0.014271
v 0.066739 -0.074385 0.012742
v 0.066976 -0.074882 0.011394
v 0.060013 -0.069867 0.017153
v 0.058640 -0.068309 0.017242
v 0.061597 -0.071744 0.016647
v 0.062994 -0.073488 0.015710
v 0.064062 -0.074931 0.014415
v 0.064721 -0.075960 0.012891
v 0.064946 -0.076468 0.011544
v 0.058201 -0.071151 0.017273
v 0.056913 -0.069535 0.017357
v 0.055119 -0.070681 0.017464
v 0.059690 -0.073097 0.016772
v 0.060992 -0.074893 0.015847
v 0.061997 -0.076386 0.014556
v 0.062620 -0.077446 0.013031
v 0.062831 -0.077963 0.011685
v 0.056319 -0.072351 0.017386
v 0.057710 -0.074363 0.016891
v 0.058930 -0.076219 0.015965
v 0.059861 -0.077749 0.014684
v 0.060441 -0.078840 0.013155
v 0.060636 -0.079365 0.011810
v 0.054373 -0.073465 0.017491
v 0.053260 -0.071739 0.017564
v 0.055661 -0.075537 0.017001
v 0.056787 -0.077444 0.016083
v 0.057653 -0.079017 0.014800
v 0.058190 -0.080130 0.013279
v 0.058372 -0.080663 0.011934
v 0.052371 -0.074490 0.017587
v 0.051357 -0.072726 0.017656
v 0.053552 -0.076617 0.017103
v 0.054589 -0.078577 0.016186
v 0.055381 -0.080186 0.014908
v 0.055871 -0.081321 0.013388
v 0.056037 -0.081860 0.012047
v 0.050318 -0.075429 0.017675
v 0.049396 -0.073619 0.017740
v 0.051384 -0.077601 0.017197
v 0.052325 -0.079605 0.016285
v 0.053045 -0.081249 0.015010
v 0.053492 -0.082405 0.013491
v 0.053642 -0.082953 0.012149
v 0.048213 -0.076273 0.017755
v 0.047382 -0.074421 0.017816
v 0.049173 -0.078495 0.017279
v 0.050011 -0.080536 0.016371
v 0.050656 -0.082210 0.015098
v 0.051054 -0.083385 0.013580
v 0.051189 -0.083938 0.012240
v 0.046063 -0.077014 0.017826
v 0.045334 -0.075127 0.017882
v 0.046907 -0.079278 0.017356
v 0.047648 -0.081358 0.016451
v 0.048218 -0.083061 0.015179
v 0.048569 -0.084252 0.013663
v 0.048688 -0.084811 0.012325
v 0.043879 -0.077669 0.017887
v 0.043252 -0.075749 0.017940
v 0.044611 -0.079978 0.017417
v 0.045246 -0.082079 0.016516
v 0.045730 -0.083796 0.015257
v 0.046036 -0.085009 0.013737
v 0.046140 -0.085574 0.012394
v 0.041667 -0.078235 0.017938
v 0.041139 -0.076285 0.017991
v 0.042271 -0.080555 0.017474
v 0.042804 -0.082685 0.016578
v 0.043216 -0.084434 0.015309
v 0.043469 -0.085654 0.013795
v 0.043554 -0.086222 0.012457
v 0.039418 -0.078693 0.017981
v 0.038994 -0.076717 0.018031
v 0.039907 -0.081042 0.017517
v 0.040335 -0.083192 0.016623
v 0.040664 -0.084958 0.015353
v 0.040867 -0.086182 0.013845
v 0.040937 -0.086753 0.012511
v 0.037153 -0.079034 0.018015
v 0.036834 -0.077058 0.018063
v 0.037522 -0.081413 0.017554
v 0.037843 -0.083592 0.016654
v 0.038089 -0.085361 0.015393
v 0.038242 -0.086594 0.013885
v 0.038294 -0.087169 0.012547
v 0.034868 -0.079295 0.018040
v 0.034659 -0.077299 0.018086
v 0.035115 -0.081686 0.017578
v 0.035331 -0.083868 0.016683
v 0.035496 -0.085650 0.015420
v 0.035596 -0.086891 0.013912
v 0.035632 -0.087467 0.012574
v 0.032576 -0.079459 0.018053
v 0.032471 -0.077462 0.018101
v 0.032697 -0.081845 0.017594
v 0.032805 -0.084033 0.016701
v 0.032888 -0.085826 0.015435
v 0.032940 -0.087066 0.013932
v -0.072876 0.016501 -0.007321
v -0.074546 0.016927 -0.005967
v -0.072814 0.017091 -0.005973
v -0.072466 0.006926 -0.011478
v -0.073355 0.009093 -0.009851
v -0.072533 0.008915 -0.011429
v -0.084390 0.007414 -0.006443
v -0.084569 0.005864 -0.006297
v -0.084917 0.006130 -0.004937
v -0.084733 0.007732 -0.005094
v -0.083380 0.006958 -0.008012
v -0.083528 0.005517 -0.007896
v -0.083907 0.009087 -0.006606
v -0.084185 0.009605 -0.005230
v -0.081733 0.006421 -0.009396
v -0.081854 0.005191 -0.009292
v -0.083418 0.010233 -0.006663
v -0.083237 0.011454 -0.005393
v -0.082930 0.008486 -0.008167
v -0.082839 0.011162 -0.006801
v -0.079585 0.005869 -0.010447
v -0.079671 0.004908 -0.010365
v -0.082459 0.009521 -0.008268
v -0.081347 0.007731 -0.009524
v -0.081947 0.010379 -0.008351
v -0.081852 0.012439 -0.006921
v -0.081970 0.013067 -0.005588
v -0.077139 0.005343 -0.011086
v -0.077155 0.004692 -0.011035
v -0.075002 0.004576 -0.011259
v -0.074929 0.005060 -0.011306
v -0.080939 0.008598 -0.009615
v -0.079287 0.006892 -0.010544
v -0.080522 0.009331 -0.009674
v -0.081032 0.011575 -0.008452
v -0.078957 0.007539 -0.010617
v -0.080263 0.013905 -0.007063
v -0.080451 0.014439 -0.005719
v -0.076920 0.006033 -0.011155
v -0.074748 0.005572 -0.011353
v -0.078649 0.008086 -0.010664
v -0.079752 0.010358 -0.009758
v -0.076696 0.006458 -0.011199
v -0.079613 0.012894 -0.008571
v -0.078699 0.014924 -0.007158
v -0.078694 0.015569 -0.005794
v -0.076500 0.006797 -0.011230
v -0.074452 0.006037 -0.011395
v -0.078065 0.008897 -0.010728
v -0.077629 0.015477 -0.007161
v -0.076661 0.016433 -0.005859
v -0.078531 0.011486 -0.009865
v -0.078163 0.013825 -0.008670
v -0.076131 0.007328 -0.011274
v -0.076478 0.015883 -0.007244
v -0.077186 0.014305 -0.008714
v -0.077115 0.009783 -0.010809
v -0.077287 0.012267 -0.009953
v -0.074940 0.016280 -0.007279
v -0.076132 0.014707 -0.008746
v -0.076469 0.012652 -0.009998
v -0.075503 0.007927 -0.011328
v -0.074022 0.006394 -0.011430
v -0.076148 0.010380 -0.010874
v -0.074674 0.015079 -0.008781
v -0.072854 0.015277 -0.008805
v -0.072771 0.013494 -0.010068
v -0.075567 0.013002 -0.010025
v -0.075522 0.010665 -0.010908
v -0.074847 0.008314 -0.011370
v -0.073511 0.006751 -0.011459
v -0.074327 0.013331 -0.010047
v -0.072657 0.011318 -0.010962
v -0.074842 0.010932 -0.010929
v -0.074444 0.008493 -0.011391
v -0.073900 0.011202 -0.010944
v -0.073989 0.008663 -0.011406
v -0.073399 0.008849 -0.011418
v 0.070242 0.016501 -0.007322
v 0.068575 0.016927 -0.005968
v 0.070305 0.017091 -0.005973
v 0.070702 0.006908 -0.011478
v 0.070162 0.006873 -0.011474
v 0.070591 0.008922 -0.011429
v 0.058725 0.007413 -0.006438
v 0.058550 0.005859 -0.006299
v 0.058386 0.007736 -0.005088
v 0.059736 0.006956 -0.008011
v 0.059584 0.005519 -0.007890
v 0.059209 0.009085 -0.006604
v 0.058930 0.009599 -0.005230
v 0.061385 0.006422 -0.009396
v 0.061263 0.005191 -0.009291
v 0.059702 0.010235 -0.006666
v 0.059882 0.011454 -0.005394
v 0.060188 0.008485 -0.008167
v 0.060280 0.011163 -0.006803
v 0.063532 0.005874 -0.010447
v 0.063447 0.004908 -0.010365
v 0.060658 0.009526 -0.008265
v 0.061773 0.007728 -0.009526
v 0.061168 0.010377 -0.008349
v 0.061267 0.012440 -0.006920
v 0.061146 0.013065 -0.005592
v 0.065977 0.005346 -0.011086
v 0.065962 0.004692 -0.011035
v 0.068115 0.004575 -0.011259
v 0.068195 0.005059 -0.011306
v 0.062179 0.008600 -0.009616
v 0.063839 0.006884 -0.010547
v 0.062598 0.009331 -0.009676
v 0.062083 0.011574 -0.008451
v 0.064159 0.007544 -0.010616
v 0.062853 0.013905 -0.007063
v 0.062668 0.014442 -0.005718
v 0.066202 0.006029 -0.011155
v 0.068357 0.005575 -0.011352
v 0.064475 0.008091 -0.010665
v 0.063366 0.010355 -0.009760
v 0.066419 0.006455 -0.011199
v 0.063502 0.012893 -0.008570
v 0.064416 0.014926 -0.007153
v 0.064427 0.015571 -0.005790
v 0.066615 0.006799 -0.011230
v 0.068655 0.006046 -0.011395
v 0.065055 0.008895 -0.010729
v 0.065486 0.015480 -0.007156
v 0.066456 0.016434 -0.005859
v 0.064581 0.011481 -0.009865
v 0.064954 0.013825 -0.008670
v 0.066983 0.007331 -0.011274
v 0.066645 0.015886 -0.007243
v 0.065938 0.014300 -0.008721
v 0.066000 0.009777 -0.010809
v 0.065835 0.012268 -0.009953
v 0.068182 0.016280 -0.007280
v 0.066992 0.014702 -0.008752
v 0.066652 0.012658 -0.009996
v 0.067614 0.007929 -0.011328
v 0.069094 0.006387 -0.011430
v 0.066974 0.010376 -0.010876
v 0.068445 0.015078 -0.008782
v 0.070265 0.015277 -0.008804
v 0.067542 0.013011 -0.010019
v 0.067594 0.010667 -0.010907
v 0.068270 0.008315 -0.011370
v 0.069523 0.006814 -0.011459
v 0.068787 0.013339 -0.010042
v 0.070351 0.013495 -0.010068
v 0.068272 0.010929 -0.010929
v 0.068673 0.008491 -0.011391
v 0.069222 0.011197 -0.010946
v 0.070465 0.011316 -0.010963
v 0.069118 0.008669 -0.011405
v 0.069718 0.008864 -0.011416
v 0.084556 0.005920 -0.006324
v 0.084738 0.007695 -0.005101
v 0.084917 0.006121 -0.004935
v 0.074520 0.016357 -0.007283
v 0.072800 0.016516 -0.007303
v 0.072819 0.017091 -0.005972
v 0.074591 0.016923 -0.005953
v 0.074339 0.015140 -0.008784
v 0.072759 0.015278 -0.008808
v 0.076362 0.015919 -0.007247
v 0.076638 0.016436 -0.005877
v 0.074048 0.013390 -0.010046
v 0.072690 0.013492 -0.010072
v 0.077619 0.015482 -0.007161
v 0.078682 0.015578 -0.005786
v 0.076031 0.014738 -0.008749
v 0.078644 0.014955 -0.007160
v 0.073668 0.011247 -0.010947
v 0.072593 0.011306 -0.010967
v 0.077170 0.014307 -0.008719
v 0.075498 0.013038 -0.010020
v 0.078116 0.013850 -0.008673
v 0.080062 0.014060 -0.007073
v 0.080473 0.014423 -0.005715
v 0.073227 0.008879 -0.011421
v 0.072496 0.008906 -0.011430
v 0.072444 0.006913 -0.011478
v 0.073479 0.009100 -0.009834
v 0.076456 0.012663 -0.009996
v 0.074789 0.010961 -0.010927
v 0.077246 0.012283 -0.009958
v 0.079440 0.013014 -0.008590
v 0.075516 0.010668 -0.010908
v 0.081687 0.012617 -0.006941
v 0.081991 0.013046 -0.005582
v 0.073970 0.008689 -0.011405
v 0.073515 0.006709 -0.011458
v 0.076113 0.010387 -0.010878
v 0.078390 0.011590 -0.009875
v 0.074441 0.008491 -0.011391
v 0.080890 0.011727 -0.008469
v 0.082809 0.011206 -0.006806
v 0.083230 0.011461 -0.005402
v 0.074830 0.008309 -0.011372
v 0.072330 0.004656 -0.010059
v 0.076999 0.009860 -0.010819
v 0.083413 0.010243 -0.006664
v 0.084179 0.009626 -0.005217
v 0.079627 0.010487 -0.009774
v 0.081922 0.010419 -0.008353
v 0.075414 0.007979 -0.011335
v 0.083870 0.009189 -0.006611
v 0.082453 0.009532 -0.008269
v 0.077977 0.009009 -0.010734
v 0.080500 0.009368 -0.009676
v 0.084304 0.007796 -0.006485
v 0.082890 0.008576 -0.008180
v 0.080937 0.008610 -0.009614
v 0.076065 0.007407 -0.011281
v 0.074448 0.006047 -0.011396
v 0.078641 0.008119 -0.010663
v 0.083311 0.007255 -0.008046
v 0.083526 0.005601 -0.007901
v 0.081313 0.007799 -0.009535
v 0.078953 0.007547 -0.010618
v 0.076501 0.006809 -0.011230
v 0.074759 0.005576 -0.011353
v 0.081674 0.006681 -0.009422
v 0.081859 0.005261 -0.009293
v 0.079256 0.006931 -0.010553
v 0.076691 0.006460 -0.011200
v 0.079545 0.006079 -0.010464
v 0.079680 0.004958 -0.010365
v 0.076893 0.006050 -0.011160
v 0.074913 0.005053 -0.011306
v 0.077108 0.005501 -0.011100
v 0.077170 0.004716 -0.011035
v 0.075006 0.004578 -0.011259
v 0.074980 -0.041033 -0.006980
v 0.077134 -0.041008 -0.006751
v 0.079646 -0.040905 -0.006076
v 0.081839 -0.040722 -0.004997
v 0.083525 -0.040474 -0.003592
v 0.084574 -0.040181 -0.001985
v 0.084926 -0.039925 -0.000614
v 0.084861 -0.042254 -0.000402
v 0.030284 -0.081525 -0.003180
v 0.032470 -0.081473 -0.003184
v 0.030304 -0.083426 -0.002769
v 0.084506 -0.042498 -0.001776
v 0.083467 -0.042753 -0.003372
v 0.081788 -0.042943 -0.004782
v 0.079594 -0.043049 -0.005872
v 0.077091 -0.043064 -0.006555
v 0.074932 -0.043012 -0.006794
v 0.084311 -0.044903 -0.001547
v 0.084664 -0.044677 -0.000175
v 0.083274 -0.045112 -0.003151
v 0.081598 -0.045228 -0.004570
v 0.079416 -0.045237 -0.005667
v 0.076918 -0.045142 -0.006361
v 0.074769 -0.044993 -0.006608
v 0.083988 -0.047299 -0.001314
v 0.084335 -0.047088 0.000056
v 0.083877 -0.049481 0.000279
v 0.082955 -0.047462 -0.002929
v 0.081290 -0.047503 -0.004355
v 0.079118 -0.047415 -0.005463
v 0.076641 -0.047209 -0.006166
v 0.074511 -0.046965 -0.006423
v 0.083531 -0.049678 -0.001093
v 0.082510 -0.049795 -0.002709
v 0.080859 -0.049763 -0.004142
v 0.078702 -0.049580 -0.005261
v 0.076243 -0.049262 -0.005974
v 0.074133 -0.048925 -0.006239
v 0.082944 -0.052032 -0.000879
v 0.083289 -0.051851 0.000497
v 0.081937 -0.052107 -0.002490
v 0.080306 -0.052002 -0.003931
v 0.078175 -0.051722 -0.005058
v 0.075751 -0.051298 -0.005781
v 0.073651 -0.050866 -0.006057
v 0.082234 -0.054359 -0.000662
v 0.082574 -0.054194 0.000720
v 0.081233 -0.054386 -0.002285
v 0.079629 -0.054209 -0.003725
v 0.077528 -0.053836 -0.004860
v 0.075129 -0.053305 -0.005594
v 0.073065 -0.052781 -0.005877
v 0.081398 -0.056652 -0.000443
v 0.081732 -0.056501 0.000934
v 0.080766 -0.058769 0.001145
v 0.080417 -0.056636 -0.002069
v 0.078837 -0.056387 -0.003519
v 0.076770 -0.055921 -0.004663
v 0.074407 -0.055282 -0.005409
v 0.072379 -0.054668 -0.005700
v 0.080439 -0.058903 -0.000233
v 0.079482 -0.058845 -0.001855
v 0.077927 -0.058526 -0.003318
v 0.075893 -0.057969 -0.004473
v 0.073583 -0.057229 -0.005225
v 0.071589 -0.056525 -0.005526
v 0.079362 -0.061110 -0.000020
v 0.079680 -0.060987 0.001363
v 0.078474 -0.063159 0.001560
v 0.078415 -0.061008 -0.001662
v 0.076896 -0.060623 -0.003124
v 0.074911 -0.059976 -0.004285
v 0.072644 -0.059131 -0.005048
v 0.070697 -0.058341 -0.005355
v 0.078160 -0.063267 0.000175
v 0.077151 -0.065273 0.001761
v 0.077242 -0.063123 -0.001460
v 0.075760 -0.062671 -0.002931
v 0.073826 -0.061940 -0.004098
v 0.071612 -0.060995 -0.004873
v 0.069704 -0.060113 -0.005189
v 0.076848 -0.065369 0.000378
v 0.075953 -0.065184 -0.001267
v 0.074512 -0.064666 -0.002743
v 0.072627 -0.063847 -0.003921
v 0.070484 -0.062809 -0.004701
v 0.068634 -0.061848 -0.005026
v 0.075422 -0.067406 0.000569
v 0.075716 -0.067326 0.001949
v 0.074560 -0.067185 -0.001072
v 0.073159 -0.066603 -0.002561
v 0.071329 -0.065701 -0.003747
v 0.069247 -0.064568 -0.004537
v 0.067453 -0.063527 -0.004868
v 0.073888 -0.069379 0.000752
v 0.074171 -0.069313 0.002139
v 0.073054 -0.069120 -0.000892
v 0.071702 -0.068479 -0.002384
v 0.069933 -0.067494 -0.003580
v 0.067922 -0.066270 -0.004378
v 0.066189 -0.065149 -0.004716
v 0.072249 -0.071282 0.000933
v 0.072521 -0.071227 0.002319
v 0.071445 -0.070987 -0.000718
v 0.070145 -0.070287 -0.002214
v 0.068446 -0.069229 -0.003414
v 0.066513 -0.067918 -0.004221
v 0.064843 -0.066719 -0.004569
v 0.070507 -0.073112 0.001104
v 0.070770 -0.073067 0.002493
v 0.069733 -0.072776 -0.000559
v 0.068488 -0.072019 -0.002055
v 0.066863 -0.070890 -0.003259
v 0.065001 -0.069489 -0.004076
v 0.063403 -0.068222 -0.004428
v 0.068669 -0.074858 0.001265
v 0.068920 -0.074827 0.002653
v 0.067932 -0.074495 -0.000391
v 0.066743 -0.073683 -0.001897
v 0.065191 -0.072479 -0.003110
v 0.063411 -0.070996 -0.003935
v 0.061888 -0.069660 -0.004293
v 0.066741 -0.076525 0.001429
v 0.066975 -0.076503 0.002820
v 0.066038 -0.076126 -0.000242
v 0.064906 -0.075258 -0.001754
v 0.063432 -0.073990 -0.002970
v 0.061760 -0.072443 -0.003796
v 0.060311 -0.071039 -0.004163
v 0.064722 -0.078100 0.001571
v 0.064947 -0.078089 0.002962
v 0.064060 -0.077674 -0.000093
v 0.062993 -0.076759 -0.001610
v 0.061598 -0.075425 -0.002835
v 0.060010 -0.073799 -0.003671
v 0.058637 -0.072330 -0.004042
v 0.062621 -0.079585 0.001710
v 0.062832 -0.079584 0.003102
v 0.060637 -0.080984 0.003233
v 0.062000 -0.079129 0.000043
v 0.060996 -0.078168 -0.001479
v 0.059690 -0.076777 -0.002706
v 0.058200 -0.075085 -0.003549
v 0.056912 -0.073555 -0.003927
v 0.060443 -0.080975 0.001843
v 0.059865 -0.080493 0.000173
v 0.058928 -0.079490 -0.001353
v 0.057709 -0.078042 -0.002588
v 0.056317 -0.076283 -0.003437
v 0.055117 -0.074698 -0.003820
v 0.058190 -0.082267 0.001964
v 0.058371 -0.082284 0.003353
v 0.056037 -0.083481 0.003467
v 0.057654 -0.081760 0.000290
v 0.056785 -0.080713 -0.001242
v 0.055660 -0.079214 -0.002479
v 0.054379 -0.077404 -0.003330
v 0.053268 -0.075769 -0.003720
v 0.055871 -0.083457 0.002077
v 0.055380 -0.082927 0.000399
v 0.054586 -0.081847 -0.001132
v 0.053555 -0.080304 -0.002373
v 0.052372 -0.078425 -0.003236
v 0.051351 -0.076741 -0.003629
v 0.053493 -0.084541 0.002177
v 0.053642 -0.084573 0.003570
v 0.053046 -0.083992 0.000501
v 0.052325 -0.082875 -0.001038
v 0.051388 -0.081286 -0.002283
v 0.050317 -0.079361 -0.003149
v 0.049392 -0.077635 -0.003545
v 0.051053 -0.085522 0.002272
v 0.051187 -0.085558 0.003667
v 0.050655 -0.084951 0.000588
v 0.050010 -0.083808 -0.000948
v 0.049170 -0.082174 -0.002201
v 0.048206 -0.080198 -0.003072
v 0.047379 -0.078437 -0.003470
v 0.048567 -0.086389 0.002350
v 0.048687 -0.086432 0.003744
v 0.048216 -0.085804 0.000671
v 0.047648 -0.084630 -0.000873
v 0.046907 -0.082961 -0.002128
v 0.046066 -0.080955 -0.002999
v 0.045337 -0.079151 -0.003403
v 0.046038 -0.087146 0.002420
v 0.046140 -0.087195 0.003817
v 0.045734 -0.086545 0.000739
v 0.045245 -0.085350 -0.000805
v 0.044608 -0.083652 -0.002062
v 0.043884 -0.081614 -0.002936
v 0.043255 -0.079777 -0.003344
v 0.043468 -0.087790 0.002479
v 0.043554 -0.087842 0.003879
v 0.043215 -0.087174 0.000794
v 0.042806 -0.085964 -0.000744
v 0.042273 -0.084240 -0.002006
v 0.041664 -0.082161 -0.002886
v 0.041136 -0.080303 -0.003295
v 0.040869 -0.088319 0.002529
v 0.040939 -0.088375 0.003925
v 0.040666 -0.087696 0.000847
v 0.040337 -0.086464 -0.000700
v 0.039907 -0.084715 -0.001964
v 0.039418 -0.082619 -0.002843
v 0.038997 -0.080742 -0.003253
v 0.038242 -0.088733 0.002570
v 0.038293 -0.088790 0.003968
v 0.038089 -0.088099 0.000881
v 0.037842 -0.086854 -0.000665
v 0.037519 -0.085092 -0.001928
v 0.037152 -0.082976 -0.002809
v 0.036834 -0.081081 -0.003221
v 0.035596 -0.089028 0.002599
v 0.035631 -0.089088 0.003997
v 0.035494 -0.088390 0.000911
v 0.035329 -0.087135 -0.000639
v 0.035115 -0.085357 -0.001904
v 0.034869 -0.083228 -0.002786
v 0.034659 -0.081322 -0.003199
v 0.032939 -0.089206 0.002620
v 0.030389 -0.089326 0.004015
v 0.030385 -0.089263 0.002616
v 0.030374 -0.088619 0.000929
v 0.032957 -0.089266 0.004016
v 0.032888 -0.088565 0.000929
v 0.032804 -0.087306 -0.000621
v 0.030355 -0.087355 -0.000621
v 0.030331 -0.085568 -0.001887
v 0.032697 -0.085528 -0.001884
v 0.032575 -0.083383 -0.002772
v -0.030283 -0.081524 -0.003180
v -0.030304 -0.083427 -0.002768
v -0.030331 -0.085568 -0.001887
v -0.030355 -0.087355 -0.000621
v -0.030374 -0.088619 0.000929
v -0.030386 -0.089263 0.002617
v -0.030390 -0.089326 0.004014
v -0.032956 -0.089266 0.004015
v -0.077091 -0.043064 -0.006555
v -0.077134 -0.041009 -0.006751
v -0.074980 -0.041033 -0.006980
v -0.074932 -0.043012 -0.006794
v -0.079593 -0.043048 -0.005872
v -0.079646 -0.040906 -0.006076
v -0.081787 -0.042942 -0.004783
v -0.083525 -0.040475 -0.003592
v -0.081839 -0.040722 -0.004997
v -0.083467 -0.042753 -0.003371
v -0.084506 -0.042497 -0.001775
v -0.084926 -0.039926 -0.000615
v -0.084574 -0.040182 -0.001984
v -0.084861 -0.042253 -0.000403
v -0.076919 -0.045141 -0.006361
v -0.074768 -0.044992 -0.006608
v -0.074510 -0.046966 -0.006423
v -0.079416 -0.045237 -0.005666
v -0.081598 -0.045229 -0.004570
v -0.083275 -0.045112 -0.003150
v -0.084311 -0.044903 -0.001547
v -0.084664 -0.044677 -0.000175
v -0.076641 -0.047210 -0.006166
v -0.079119 -0.047415 -0.005463
v -0.081290 -0.047504 -0.004355
v -0.082955 -0.047462 -0.002929
v -0.083988 -0.047299 -0.001314
v -0.084335 -0.047088 0.000056
v -0.076243 -0.049263 -0.005974
v -0.074133 -0.048925 -0.006239
v -0.078702 -0.049580 -0.005261
v -0.080860 -0.049763 -0.004141
v -0.082509 -0.049796 -0.002709
v -0.083531 -0.049677 -0.001093
v -0.083877 -0.049480 0.000279
v -0.075751 -0.051297 -0.005781
v -0.073651 -0.050866 -0.006057
v -0.078175 -0.051722 -0.005057
v -0.080307 -0.052002 -0.003930
v -0.081937 -0.052106 -0.002491
v -0.082945 -0.052031 -0.000879
v -0.083289 -0.051851 0.000497
v -0.075128 -0.053305 -0.005594
v -0.073065 -0.052781 -0.005877
v -0.072379 -0.054668 -0.005700
v -0.077529 -0.053837 -0.004859
v -0.079629 -0.054209 -0.003725
v -0.081233 -0.054388 -0.002285
v -0.082233 -0.054361 -0.000662
v -0.082574 -0.054194 0.000720
v -0.074407 -0.055282 -0.005409
v -0.076770 -0.055920 -0.004663
v -0.078838 -0.056386 -0.003519
v -0.080418 -0.056635 -0.002068
v -0.081398 -0.056652 -0.000444
v -0.081732 -0.056501 0.000934
v -0.073582 -0.057228 -0.005225
v -0.071589 -0.056526 -0.005526
v -0.070697 -0.058341 -0.005355
v -0.075893 -0.057969 -0.004473
v -0.077927 -0.058527 -0.003318
v -0.079482 -0.058845 -0.001856
v -0.080440 -0.058902 -0.000233
v -0.080766 -0.058768 0.001145
v -0.072643 -0.059132 -0.005048
v -0.074910 -0.059977 -0.004284
v -0.076896 -0.060623 -0.003124
v -0.078415 -0.061008 -0.001663
v -0.079362 -0.061111 -0.000019
v -0.079679 -0.060989 0.001363
v -0.071613 -0.060994 -0.004873
v -0.069704 -0.060113 -0.005189
v -0.073826 -0.061938 -0.004098
v -0.075760 -0.062670 -0.002931
v -0.077242 -0.063123 -0.001460
v -0.078161 -0.063266 0.000175
v -0.078475 -0.063158 0.001560
v -0.070482 -0.062810 -0.004701
v -0.068634 -0.061849 -0.005026
v -0.067454 -0.063526 -0.004868
v -0.072627 -0.063848 -0.003920
v -0.074512 -0.064666 -0.002743
v -0.075953 -0.065184 -0.001267
v -0.076848 -0.065369 0.000377
v -0.077151 -0.065274 0.001761
v -0.069247 -0.064567 -0.004537
v -0.071329 -0.065701 -0.003747
v -0.073159 -0.066603 -0.002561
v -0.074560 -0.067185 -0.001072
v -0.075422 -0.067406 0.000569
v -0.075716 -0.067326 0.001949
v -0.067922 -0.066270 -0.004378
v -0.066189 -0.065149 -0.004716
v -0.069933 -0.067495 -0.003579
v -0.071702 -0.068479 -0.002384
v -0.073053 -0.069121 -0.000893
v -0.073888 -0.069380 0.000752
v -0.074171 -0.069313 0.002139
v -0.066513 -0.067918 -0.004221
v -0.064843 -0.066719 -0.004569
v -0.068446 -0.069229 -0.003414
v -0.070145 -0.070285 -0.002215
v -0.071446 -0.070986 -0.000718
v -0.072249 -0.071282 0.000933
v -0.072521 -0.071227 0.002319
v -0.065001 -0.069490 -0.004076
v -0.063403 -0.068222 -0.004428
v -0.066863 -0.070889 -0.003259
v -0.068487 -0.072020 -0.002055
v -0.069731 -0.072778 -0.000559
v -0.070507 -0.073112 0.001104
v -0.070770 -0.073067 0.002493
v -0.063411 -0.070997 -0.003935
v -0.061888 -0.069660 -0.004293
v -0.065190 -0.072479 -0.003111
v -0.066745 -0.073682 -0.001896
v -0.067934 -0.074493 -0.000391
v -0.068670 -0.074858 0.001265
v -0.068920 -0.074827 0.002653
v -0.061761 -0.072443 -0.003796
v -0.060311 -0.071039 -0.004163
v -0.063431 -0.073990 -0.002970
v -0.064905 -0.075259 -0.001754
v -0.066037 -0.076126 -0.000241
v -0.066741 -0.076525 0.001429
v -0.066975 -0.076503 0.002820
v -0.060010 -0.073800 -0.003671
v -0.058637 -0.072330 -0.004042
v -0.061598 -0.075425 -0.002835
v -0.062992 -0.076758 -0.001611
v -0.064061 -0.077673 -0.000093
v -0.064722 -0.078100 0.001571
v -0.064946 -0.078089 0.002962
v -0.058200 -0.075085 -0.003549
v -0.056912 -0.073555 -0.003927
v -0.055118 -0.074698 -0.003820
v -0.059691 -0.076777 -0.002706
v -0.060995 -0.078168 -0.001479
v -0.062000 -0.079129 0.000043
v -0.062621 -0.079585 0.001710
v -0.062832 -0.079584 0.003102
v -0.056317 -0.076283 -0.003437
v -0.057709 -0.078041 -0.002588
v -0.058929 -0.079490 -0.001353
v -0.059865 -0.080493 0.000173
v -0.060443 -0.080975 0.001843
v -0.060637 -0.080984 0.003233
v -0.054379 -0.077404 -0.003330
v -0.053268 -0.075770 -0.003720
v -0.055658 -0.079215 -0.002478
v -0.056784 -0.080713 -0.001243
v -0.057654 -0.081761 0.000290
v -0.058190 -0.082267 0.001963
v -0.058372 -0.082284 0.003353
v -0.052372 -0.078425 -0.003236
v -0.051351 -0.076741 -0.003629
v -0.053558 -0.080303 -0.002373
v -0.054588 -0.081846 -0.001132
v -0.055380 -0.082927 0.000399
v -0.055871 -0.083457 0.002077
v -0.056037 -0.083481 0.003467
v -0.050316 -0.079363 -0.003148
v -0.049392 -0.077636 -0.003545
v -0.051386 -0.081285 -0.002284
v -0.052325 -0.082876 -0.001037
v -0.053046 -0.083992 0.000501
v -0.053493 -0.084542 0.002177
v -0.053642 -0.084573 0.003570
v -0.048207 -0.080199 -0.003071
v -0.047379 -0.078438 -0.003470
v -0.049170 -0.082172 -0.002202
v -0.050011 -0.083808 -0.000948
v -0.050655 -0.084951 0.000589
v -0.051053 -0.085522 0.002272
v -0.051187 -0.085558 0.003667
v -0.046067 -0.080955 -0.002998
v -0.045337 -0.079151 -0.003403
v -0.046906 -0.082960 -0.002129
v -0.047647 -0.084630 -0.000873
v -0.048217 -0.085804 0.000671
v -0.048567 -0.086389 0.002350
v -0.048687 -0.086432 0.003744
v -0.043884 -0.081614 -0.002936
v -0.043255 -0.079777 -0.003344
v -0.044608 -0.083653 -0.002062
v -0.045244 -0.085350 -0.000805
v -0.045734 -0.086545 0.000738
v -0.046039 -0.087146 0.002421
v -0.046140 -0.087195 0.003817
v -0.041663 -0.082162 -0.002886
v -0.041136 -0.080303 -0.003295
v -0.042274 -0.084239 -0.002006
v -0.042807 -0.085964 -0.000744
v -0.043215 -0.087174 0.000793
v -0.043469 -0.087790 0.002480
v -0.043554 -0.087842 0.003880
v -0.039419 -0.082619 -0.002843
v -0.038997 -0.080742 -0.003253
v -0.039907 -0.084714 -0.001965
v -0.040337 -0.086464 -0.000700
v -0.040666 -0.087696 0.000847
v -0.040869 -0.088319 0.002529
v -0.040939 -0.088375 0.003925
v -0.037152 -0.082976 -0.002809
v -0.036834 -0.081081 -0.003221
v -0.037519 -0.085092 -0.001928
v -0.037841 -0.086854 -0.000665
v -0.038088 -0.088099 0.000882
v -0.038243 -0.088733 0.002570
v -0.038293 -0.088790 0.003968
v -0.034869 -0.083228 -0.002786
v -0.034659 -0.081322 -0.003199
v -0.035115 -0.085358 -0.001904
v -0.035328 -0.087135 -0.000639
v -0.035494 -0.088390 0.000911
v -0.035596 -0.089028 0.002599
v -0.035631 -0.089088 0.003997
v -0.032576 -0.083383 -0.002771
v -0.032470 -0.081473 -0.003184
v -0.032697 -0.085528 -0.001884
v -0.032805 -0.087305 -0.000621
v -0.032888 -0.088565 0.000929
v -0.032938 -0.089207 0.002621
v -0.068151 -0.041017 -0.006982
v -0.066007 -0.040953 -0.006760
v -0.063492 -0.040801 -0.006094
v -0.061290 -0.040576 -0.005019
v -0.059594 -0.040292 -0.003611
v -0.058546 -0.039977 -0.002007
v -0.068106 -0.042820 -0.006814
v -0.030267 -0.075324 -0.003762
v -0.032267 -0.075291 -0.003766
v -0.030241 -0.073347 -0.003719
v -0.058507 -0.041428 -0.001875
v -0.058151 -0.041191 -0.000503
v -0.059558 -0.041778 -0.003477
v -0.061259 -0.042126 -0.004881
v -0.063459 -0.042433 -0.005945
v -0.065966 -0.042678 -0.006600
v -0.058344 -0.043120 -0.001631
v -0.058032 -0.042766 -0.000461
v -0.059448 -0.043162 -0.003358
v -0.061129 -0.043589 -0.004741
v -0.063326 -0.044002 -0.005799
v -0.065825 -0.044366 -0.006442
v -0.067945 -0.044611 -0.006645
v -0.061248 -0.045063 -0.000916
v -0.058421 -0.043843 -0.001309
v -0.058978 -0.044599 -0.002915
v -0.060898 -0.045052 -0.004593
v -0.063100 -0.045566 -0.005653
v -0.065577 -0.046046 -0.006283
v -0.067324 -0.048156 -0.006312
v -0.067687 -0.046390 -0.006478
v -0.060774 -0.046255 -0.000921
v -0.057793 -0.045401 -0.000872
v -0.058683 -0.045869 -0.002764
v -0.060590 -0.046488 -0.004449
v -0.062779 -0.047114 -0.005506
v -0.065231 -0.047711 -0.006126
v -0.060268 -0.047477 -0.000813
v -0.057411 -0.046710 -0.000717
v -0.058340 -0.047210 -0.002661
v -0.060211 -0.047913 -0.004315
v -0.062373 -0.048645 -0.005362
v -0.064805 -0.049363 -0.005974
v -0.066303 -0.051627 -0.005987
v -0.066867 -0.049906 -0.006148
v -0.059692 -0.048587 -0.000712
v -0.056931 -0.047942 -0.000496
v -0.057926 -0.048529 -0.002564
v -0.059753 -0.049326 -0.004184
v -0.061876 -0.050159 -0.005220
v -0.064269 -0.050987 -0.005820
v -0.057372 -0.049744 -0.002367
v -0.056270 -0.049287 -0.000155
v -0.059204 -0.050712 -0.004050
v -0.061297 -0.051641 -0.005080
v -0.063637 -0.052581 -0.005669
v -0.064873 -0.054982 -0.005672
v -0.065640 -0.053320 -0.005828
v -0.056359 -0.051986 -0.001544
v -0.055710 -0.050368 0.000134
v -0.058202 -0.052132 -0.000725
v -0.058568 -0.052100 -0.003920
v -0.056803 -0.051365 -0.002389
v -0.060605 -0.053126 -0.004938
v -0.058439 -0.052412 -0.003906
v -0.062913 -0.054169 -0.005521
v -0.060438 -0.053467 -0.004907
v -0.055614 -0.051593 -0.001036
v -0.054944 -0.051670 0.000461
v -0.062703 -0.054559 -0.005481
v -0.064022 -0.056599 -0.005520
v -0.056390 -0.052369 -0.002430
v -0.055266 -0.052035 -0.000857
v -0.057893 -0.053434 -0.003812
v -0.056197 -0.052799 -0.002440
v -0.059864 -0.054540 -0.004806
v -0.057687 -0.053782 -0.003775
v -0.062114 -0.055687 -0.005378
v -0.059634 -0.054931 -0.004768
v -0.054759 -0.052952 -0.000861
v -0.054201 -0.052862 0.000567
v -0.061839 -0.056123 -0.005334
v -0.063075 -0.058177 -0.005372
v -0.055661 -0.053696 -0.002367
v -0.054510 -0.053248 -0.000742
v -0.057124 -0.054720 -0.003693
v -0.055415 -0.054053 -0.002322
v -0.059040 -0.055920 -0.004678
v -0.056870 -0.055115 -0.003658
v -0.061218 -0.057172 -0.005238
v -0.058754 -0.056354 -0.004636
v -0.053990 -0.054090 -0.000760
v -0.053385 -0.054019 0.000671
v -0.060886 -0.057648 -0.005190
v -0.062040 -0.059709 -0.005228
v -0.054855 -0.054879 -0.002252
v -0.056274 -0.055970 -0.003575
v -0.053686 -0.054431 -0.000645
v -0.058131 -0.057257 -0.004552
v -0.054554 -0.055275 -0.002206
v -0.060237 -0.058615 -0.005102
v -0.055949 -0.056400 -0.003529
v -0.057783 -0.057732 -0.004507
v -0.053157 -0.055187 -0.000660
v -0.052502 -0.055133 0.000781
v -0.059845 -0.059133 -0.005052
v -0.060917 -0.061191 -0.005089
v -0.053995 -0.056017 -0.002149
v -0.055361 -0.057177 -0.003463
v -0.052786 -0.055560 -0.000531
v -0.057142 -0.058550 -0.004428
v -0.053628 -0.056451 -0.002100
v -0.059185 -0.060016 -0.004972
v -0.054971 -0.057639 -0.003414
v -0.056733 -0.059058 -0.004383
v -0.052257 -0.056242 -0.000553
v -0.051556 -0.056199 0.000880
v -0.058719 -0.060558 -0.004918
v -0.059712 -0.062616 -0.004955
v -0.053058 -0.057112 -0.002041
v -0.054372 -0.058340 -0.003352
v -0.051825 -0.056640 -0.000424
v -0.056085 -0.059798 -0.004312
v -0.052630 -0.057576 -0.001995
v -0.058053 -0.061359 -0.004847
v -0.053919 -0.058833 -0.003305
v -0.055593 -0.060329 -0.004260
v -0.051303 -0.057257 -0.000464
v -0.050544 -0.057221 0.000975
v -0.057501 -0.061925 -0.004790
v -0.058425 -0.063983 -0.004827
v -0.052068 -0.058170 -0.001947
v -0.053322 -0.059452 -0.003247
v -0.050793 -0.057687 -0.000332
v -0.054959 -0.060991 -0.004200
v -0.051562 -0.058653 -0.001892
v -0.056834 -0.062646 -0.004726
v -0.052794 -0.059969 -0.003199
v -0.050293 -0.058223 -0.000376
v -0.049475 -0.058188 0.001071
v -0.054399 -0.061551 -0.004150
v -0.051013 -0.059167 -0.001846
v -0.056205 -0.063229 -0.004666
v -0.057057 -0.065281 -0.004705
v -0.052199 -0.060514 -0.003143
v -0.049707 -0.058667 -0.000235
v -0.053766 -0.062133 -0.004093
v -0.050439 -0.059676 -0.001801
v -0.055550 -0.063873 -0.004611
v -0.051603 -0.061051 -0.003098
v -0.049225 -0.059141 -0.000290
v -0.048348 -0.059105 0.001152
v -0.053114 -0.062703 -0.004038
v -0.049908 -0.060123 -0.001761
v -0.054834 -0.064470 -0.004550
v -0.055620 -0.066521 -0.004588
v -0.051038 -0.061530 -0.003056
v -0.052509 -0.063216 -0.003992
v -0.048560 -0.059599 -0.000147
v -0.054191 -0.065039 -0.004501
v -0.049249 -0.060636 -0.001706
v -0.050349 -0.062067 -0.003002
v -0.048102 -0.060009 -0.000205
v -0.047170 -0.059963 0.001231
v -0.051778 -0.063794 -0.003937
v -0.048740 -0.061022 -0.001672
v -0.053392 -0.065639 -0.004440
v -0.054111 -0.067684 -0.004479
v -0.049800 -0.062475 -0.002962
v -0.051194 -0.064242 -0.003899
v -0.047360 -0.060474 -0.000070
v -0.052769 -0.066135 -0.004397
v -0.048004 -0.061543 -0.001621
v -0.049035 -0.063029 -0.002915
v -0.046943 -0.060818 -0.000132
v -0.045940 -0.060762 0.001308
v -0.050371 -0.064821 -0.003842
v -0.047531 -0.061860 -0.001591
v -0.051887 -0.066738 -0.004337
v -0.052543 -0.068780 -0.004377
v -0.048521 -0.063371 -0.002880
v -0.049810 -0.065188 -0.003804
v -0.046109 -0.061285 0.000007
v -0.051286 -0.067159 -0.004300
v -0.046708 -0.062384 -0.001542
v -0.047667 -0.063917 -0.002831
v -0.045725 -0.061579 -0.000061
v -0.044664 -0.061500 0.001379
v -0.048905 -0.065766 -0.003751
v -0.046270 -0.062648 -0.001518
v -0.050306 -0.067757 -0.004240
v -0.050899 -0.069790 -0.004282
v -0.047186 -0.064203 -0.002802
v -0.048384 -0.066086 -0.003723
v -0.044814 -0.062036 0.000073
v -0.049737 -0.068117 -0.004209
v -0.045369 -0.063164 -0.001474
v -0.044469 -0.062275 0.000010
v -0.043346 -0.062174 0.001445
v -0.046244 -0.064737 -0.002752
v -0.044971 -0.063372 -0.001452
v -0.047385 -0.066648 -0.003669
v -0.045814 -0.064972 -0.002733
v -0.048679 -0.068708 -0.004152
v -0.049214 -0.070735 -0.004193
v -0.046905 -0.066906 -0.003645
v -0.043467 -0.062718 0.000144
v -0.048157 -0.069010 -0.004128
v -0.043973 -0.063871 -0.001403
v -0.043175 -0.062914 0.000070
v -0.041992 -0.062782 0.001503
v -0.044778 -0.065494 -0.002686
v -0.043622 -0.064034 -0.001386
v -0.045813 -0.067447 -0.003592
v -0.044387 -0.065669 -0.002664
v -0.046988 -0.069568 -0.004071
v -0.047472 -0.071592 -0.004113
v -0.045385 -0.067659 -0.003576
v -0.042092 -0.063332 0.000204
v -0.046510 -0.069819 -0.004052
v -0.042545 -0.064507 -0.001341
v -0.041852 -0.063484 0.000132
v -0.040620 -0.063312 0.001567
v -0.043265 -0.066163 -0.002618
v -0.042248 -0.064631 -0.001331
v -0.044192 -0.068176 -0.003525
v -0.042928 -0.066314 -0.002612
v -0.045254 -0.070348 -0.003998
v -0.045581 -0.072338 -0.004039
v -0.043759 -0.068410 -0.003522
v -0.044613 -0.070638 -0.003969
v -0.040764 -0.063861 0.000233
v -0.041150 -0.065054 -0.001293
v -0.041781 -0.066767 -0.002577
v -0.042814 -0.069302 -0.003595
v -0.044472 -0.070992 -0.002313
v -0.043577 -0.072310 -0.003966
v -0.039305 -0.064356 0.000267
v -0.039191 -0.063787 0.001613
v -0.039639 -0.065561 -0.001249
v -0.040184 -0.067304 -0.002529
v -0.040968 -0.069790 -0.003525
v -0.042399 -0.071877 -0.002248
v -0.041663 -0.072910 -0.003907
v -0.037840 -0.064761 0.000307
v -0.037743 -0.064189 0.001654
v -0.038124 -0.065986 -0.001212
v -0.038583 -0.067757 -0.002491
v -0.039219 -0.070329 -0.003491
v -0.040001 -0.072503 -0.002027
v -0.039799 -0.073212 -0.003834
v -0.036350 -0.065094 0.000344
v -0.036275 -0.064520 0.001685
v -0.036578 -0.066327 -0.001174
v -0.036954 -0.068132 -0.002461
v -0.037449 -0.070766 -0.003462
v -0.037797 -0.072976 -0.001840
v -0.037926 -0.073541 -0.003779
v -0.034850 -0.065355 0.000369
v -0.034791 -0.064777 0.001711
v -0.035018 -0.066596 -0.001146
v -0.035298 -0.068413 -0.002431
v -0.035655 -0.071103 -0.003440
v -0.035614 -0.073328 -0.001688
v -0.035790 -0.073652 -0.003686
v -0.033333 -0.065543 0.000384
v -0.033293 -0.064962 0.001729
v -0.031789 -0.065072 0.001741
v -0.033445 -0.066795 -0.001132
v -0.033631 -0.068617 -0.002411
v -0.033917 -0.071347 -0.003427
v -0.034683 -0.073696 -0.002352
v -0.034516 -0.074317 -0.003748
v -0.031808 -0.065656 0.000393
v -0.030151 -0.065111 0.001741
v -0.030154 -0.065693 0.000400
v -0.030167 -0.066944 -0.001111
v -0.031863 -0.066914 -0.001123
v -0.031966 -0.068726 -0.002391
v -0.030186 -0.068742 -0.002373
v -0.030210 -0.070944 -0.003265
v -0.032192 -0.070994 -0.003298
v -0.032514 -0.073145 -0.003706
v 0.030152 -0.065111 0.001740
v 0.030155 -0.065693 0.000401
v 0.030167 -0.066944 -0.001111
v 0.030186 -0.068742 -0.002373
v 0.030210 -0.070944 -0.003265
v 0.030241 -0.073347 -0.003719
v 0.030267 -0.075324 -0.003762
v 0.068106 -0.042820 -0.006814
v 0.066007 -0.040953 -0.006760
v 0.068151 -0.041017 -0.006982
v 0.032267 -0.075291 -0.003766
v 0.031788 -0.065073 0.001741
v 0.065967 -0.042677 -0.006600
v 0.063458 -0.042431 -0.005945
v 0.061291 -0.040575 -0.005019
v 0.063492 -0.040801 -0.006093
v 0.061259 -0.042125 -0.004881
v 0.059558 -0.041778 -0.003477
v 0.059594 -0.040291 -0.003611
v 0.058507 -0.041429 -0.001875
v 0.058546 -0.039978 -0.002009
v 0.058150 -0.041191 -0.000503
v 0.065825 -0.044368 -0.006442
v 0.067945 -0.044611 -0.006645
v 0.067687 -0.046390 -0.006478
v 0.063326 -0.044004 -0.005799
v 0.061129 -0.043590 -0.004741
v 0.059355 -0.043315 -0.003247
v 0.058386 -0.043258 -0.001700
v 0.058032 -0.042764 -0.000461
v 0.065576 -0.046046 -0.006283
v 0.063101 -0.045567 -0.005653
v 0.060896 -0.045053 -0.004592
v 0.058896 -0.044019 -0.002443
v 0.061357 -0.045083 -0.001081
v 0.058392 -0.043852 -0.001288
v 0.065231 -0.047710 -0.006126
v 0.067324 -0.048156 -0.006312
v 0.062779 -0.047113 -0.005506
v 0.060590 -0.046485 -0.004449
v 0.058683 -0.045867 -0.002765
v 0.060774 -0.046255 -0.000921
v 0.057793 -0.045401 -0.000872
v 0.064805 -0.049363 -0.005974
v 0.066867 -0.049906 -0.006148
v 0.062373 -0.048645 -0.005362
v 0.060213 -0.047914 -0.004316
v 0.058339 -0.047209 -0.002659
v 0.060268 -0.047477 -0.000813
v 0.057411 -0.046711 -0.000718
v 0.064270 -0.050986 -0.005821
v 0.066303 -0.051627 -0.005987
v 0.061877 -0.050157 -0.005220
v 0.059753 -0.049325 -0.004185
v 0.057916 -0.048530 -0.002553
v 0.059697 -0.048596 -0.000710
v 0.056926 -0.047998 -0.000522
v 0.063638 -0.052582 -0.005670
v 0.065640 -0.053320 -0.005828
v 0.061295 -0.051642 -0.005080
v 0.059226 -0.050714 -0.004063
v 0.057421 -0.049831 -0.002451
v 0.059149 -0.049498 -0.000606
v 0.056353 -0.049215 -0.000260
v 0.062912 -0.054171 -0.005520
v 0.064873 -0.054982 -0.005672
v 0.060605 -0.053126 -0.004937
v 0.062702 -0.054558 -0.005481
v 0.064022 -0.056599 -0.005520
v 0.058583 -0.052120 -0.003932
v 0.060441 -0.053468 -0.004908
v 0.057005 -0.051123 -0.002512
v 0.058436 -0.052410 -0.003904
v 0.056408 -0.050182 -0.001259
v 0.055623 -0.050426 0.000349
v 0.056918 -0.051506 -0.002575
v 0.062114 -0.055687 -0.005378
v 0.055952 -0.050768 -0.000969
v 0.059864 -0.054540 -0.004806
v 0.061841 -0.056123 -0.005334
v 0.063076 -0.058177 -0.005372
v 0.057891 -0.053434 -0.003810
v 0.059634 -0.054929 -0.004768
v 0.056381 -0.052485 -0.002473
v 0.057688 -0.053779 -0.003775
v 0.055462 -0.051787 -0.000972
v 0.054945 -0.051670 0.000457
v 0.056194 -0.052793 -0.002434
v 0.061219 -0.057174 -0.005238
v 0.055268 -0.052039 -0.000864
v 0.059038 -0.055921 -0.004678
v 0.060886 -0.057648 -0.005190
v 0.062040 -0.059709 -0.005228
v 0.057123 -0.054722 -0.003693
v 0.058754 -0.056354 -0.004636
v 0.055654 -0.053695 -0.002360
v 0.056868 -0.055113 -0.003657
v 0.054761 -0.052957 -0.000869
v 0.054201 -0.052862 0.000566
v 0.055411 -0.054048 -0.002316
v 0.060238 -0.058615 -0.005102
v 0.054513 -0.053251 -0.000749
v 0.058130 -0.057257 -0.004551
v 0.056273 -0.055971 -0.003574
v 0.059845 -0.059133 -0.005052
v 0.060917 -0.061191 -0.005089
v 0.054851 -0.054876 -0.002247
v 0.057782 -0.057731 -0.004507
v 0.053993 -0.054093 -0.000768
v 0.053385 -0.054019 0.000671
v 0.055954 -0.056398 -0.003531
v 0.054555 -0.055266 -0.002202
v 0.059185 -0.060016 -0.004972
v 0.053689 -0.054429 -0.000648
v 0.057142 -0.058550 -0.004428
v 0.055358 -0.057181 -0.003462
v 0.058720 -0.060559 -0.004918
v 0.059712 -0.062616 -0.004955
v 0.053987 -0.056022 -0.002147
v 0.056733 -0.059058 -0.004383
v 0.053155 -0.055192 -0.000663
v 0.052502 -0.055133 0.000781
v 0.054973 -0.057635 -0.003414
v 0.053630 -0.056444 -0.002097
v 0.058050 -0.061359 -0.004847
v 0.052788 -0.055560 -0.000534
v 0.056086 -0.059801 -0.004313
v 0.054371 -0.058343 -0.003353
v 0.057502 -0.061923 -0.004790
v 0.058425 -0.063983 -0.004827
v 0.053052 -0.057112 -0.002037
v 0.055596 -0.060329 -0.004261
v 0.052258 -0.056245 -0.000557
v 0.051556 -0.056199 0.000880
v 0.053918 -0.058832 -0.003304
v 0.052632 -0.057572 -0.001994
v 0.056834 -0.062647 -0.004726
v 0.051827 -0.056640 -0.000426
v 0.054958 -0.060991 -0.004199
v 0.053321 -0.059452 -0.003247
v 0.056207 -0.063229 -0.004667
v 0.057057 -0.065281 -0.004705
v 0.052062 -0.058171 -0.001943
v 0.054396 -0.061549 -0.004149
v 0.051300 -0.057263 -0.000468
v 0.050544 -0.057221 0.000975
v 0.052794 -0.059970 -0.003199
v 0.055547 -0.063874 -0.004610
v 0.051568 -0.058647 -0.001893
v 0.053764 -0.062133 -0.004093
v 0.050799 -0.057682 -0.000333
v 0.052202 -0.060514 -0.003145
v 0.054834 -0.064467 -0.004550
v 0.055620 -0.066521 -0.004588
v 0.051012 -0.059170 -0.001847
v 0.053117 -0.062704 -0.004039
v 0.050288 -0.058225 -0.000372
v 0.049475 -0.058188 0.001071
v 0.051603 -0.061052 -0.003099
v 0.054190 -0.065039 -0.004501
v 0.050437 -0.059676 -0.001800
v 0.052509 -0.063217 -0.003992
v 0.049706 -0.058667 -0.000235
v 0.051036 -0.061529 -0.003055
v 0.049902 -0.060125 -0.001758
v 0.053394 -0.065639 -0.004440
v 0.054111 -0.067684 -0.004479
v 0.049222 -0.059147 -0.000294
v 0.048348 -0.059105 0.001152
v 0.051780 -0.063792 -0.003937
v 0.050348 -0.062065 -0.003001
v 0.052771 -0.066138 -0.004398
v 0.049252 -0.060631 -0.001704
v 0.051192 -0.064240 -0.003898
v 0.048564 -0.059598 -0.000151
v 0.049802 -0.062474 -0.002962
v 0.048737 -0.061020 -0.001668
v 0.051887 -0.066740 -0.004337
v 0.052543 -0.068780 -0.004377
v 0.048099 -0.060014 -0.000208
v 0.047170 -0.059963 0.001231
v 0.050369 -0.064820 -0.003841
v 0.049035 -0.063032 -0.002916
v 0.051285 -0.067159 -0.004300
v 0.048009 -0.061538 -0.001621
v 0.049811 -0.065189 -0.003804
v 0.047366 -0.060470 -0.000070
v 0.048521 -0.063371 -0.002880
v 0.047526 -0.061865 -0.001591
v 0.050308 -0.067757 -0.004241
v 0.050899 -0.069790 -0.004282
v 0.046936 -0.060823 -0.000130
v 0.045940 -0.060762 0.001309
v 0.048905 -0.065764 -0.003750
v 0.047666 -0.063917 -0.002831
v 0.049737 -0.068120 -0.004209
v 0.046714 -0.062381 -0.001543
v 0.048382 -0.066085 -0.003723
v 0.046114 -0.061282 0.000007
v 0.047187 -0.064202 -0.002802
v 0.046272 -0.062652 -0.001522
v 0.048679 -0.068708 -0.004152
v 0.049214 -0.070735 -0.004193
v 0.045722 -0.061577 -0.000056
v 0.044664 -0.061500 0.001379
v 0.047386 -0.066650 -0.003670
v 0.048155 -0.069009 -0.004128
v 0.046243 -0.064736 -0.002751
v 0.046904 -0.066909 -0.003646
v 0.045369 -0.063167 -0.001477
v 0.045813 -0.064972 -0.002733
v 0.044812 -0.062034 0.000077
v 0.044973 -0.063375 -0.001455
v 0.046992 -0.069567 -0.004071
v 0.047473 -0.071592 -0.004113
v 0.044468 -0.062272 0.000015
v 0.043346 -0.062174 0.001445
v 0.045816 -0.067445 -0.003592
v 0.046509 -0.069823 -0.004052
v 0.044777 -0.065493 -0.002685
v 0.045380 -0.067658 -0.003575
v 0.043974 -0.063877 -0.001409
v 0.044388 -0.065668 -0.002664
v 0.043466 -0.062716 0.000149
v 0.043622 -0.064038 -0.001389
v 0.045255 -0.070347 -0.003998
v 0.045581 -0.072338 -0.004039
v 0.043171 -0.062914 0.000074
v 0.041992 -0.062782 0.001503
v 0.044194 -0.068175 -0.003525
v 0.044612 -0.070639 -0.003969
v 0.043265 -0.066163 -0.002618
v 0.043766 -0.068412 -0.003523
v 0.042545 -0.064507 -0.001341
v 0.042932 -0.066307 -0.002609
v 0.042091 -0.063332 0.000204
v 0.042246 -0.064630 -0.001330
v 0.041851 -0.063485 0.000131
v 0.040620 -0.063312 0.001567
v 0.044471 -0.070991 -0.002313
v 0.043577 -0.072309 -0.003966
v 0.042813 -0.069308 -0.003595
v 0.041775 -0.066764 -0.002574
v 0.041152 -0.065052 -0.001292
v 0.040766 -0.063861 0.000231
v 0.042399 -0.071877 -0.002248
v 0.041663 -0.072910 -0.003907
v 0.040968 -0.069790 -0.003525
v 0.040185 -0.067305 -0.002529
v 0.039638 -0.065560 -0.001248
v 0.039304 -0.064356 0.000266
v 0.039191 -0.063787 0.001612
v 0.040001 -0.072503 -0.002027
v 0.039799 -0.073212 -0.003834
v 0.039219 -0.070329 -0.003491
v 0.038582 -0.067758 -0.002491
v 0.038123 -0.065985 -0.001212
v 0.037840 -0.064761 0.000307
v 0.037743 -0.064189 0.001654
v 0.037797 -0.072976 -0.001840
v 0.037926 -0.073541 -0.003779
v 0.037449 -0.070766 -0.003462
v 0.036953 -0.068132 -0.002461
v 0.036579 -0.066327 -0.001174
v 0.036350 -0.065093 0.000345
v 0.034791 -0.064777 0.001711
v 0.036274 -0.064520 0.001684
v 0.035614 -0.073328 -0.001688
v 0.035790 -0.073652 -0.003686
v 0.035655 -0.071103 -0.003440
v 0.035298 -0.068413 -0.002431
v 0.035018 -0.066596 -0.001146
v 0.034850 -0.065354 0.000369
v 0.034683 -0.073696 -0.002352
v 0.034516 -0.074317 -0.003748
v 0.033918 -0.071346 -0.003427
v 0.033631 -0.068617 -0.002411
v 0.033445 -0.066794 -0.001132
v 0.033332 -0.065543 0.000384
v 0.033293 -0.064962 0.001729
v 0.032514 -0.073145 -0.003706
v 0.032192 -0.070994 -0.003298
v 0.031966 -0.068726 -0.002391
v 0.031864 -0.066914 -0.001123
v 0.031807 -0.065656 0.000394
v 0.068141 -0.036996 0.014304
v 0.066007 -0.037017 0.014077
v 0.063501 -0.037117 0.013410
v 0.061290 -0.037299 0.012327
v 0.059594 -0.037547 0.010916
v 0.058546 -0.037839 0.009311
v 0.068101 -0.038797 0.014473
v 0.030265 -0.071311 0.017525
v 0.032266 -0.071266 0.017521
v 0.030240 -0.069412 0.017118
v 0.058508 -0.039288 0.009453
v 0.058150 -0.039569 0.008082
v 0.059558 -0.039031 0.011061
v 0.061255 -0.038846 0.012478
v 0.063467 -0.038745 0.013567
v 0.065974 -0.038738 0.014242
v 0.058344 -0.041012 0.009528
v 0.058032 -0.041106 0.008333
v 0.059448 -0.040412 0.011201
v 0.061128 -0.040311 0.012615
v 0.063319 -0.040317 0.013710
v 0.065820 -0.040428 0.014399
v 0.067946 -0.040588 0.014642
v 0.061252 -0.043161 0.009195
v 0.058421 -0.041830 0.009349
v 0.058979 -0.041963 0.011040
v 0.060898 -0.041777 0.012742
v 0.063093 -0.041879 0.013857
v 0.065575 -0.042110 0.014557
v 0.067331 -0.044137 0.014975
v 0.067692 -0.042372 0.014809
v 0.060771 -0.044296 0.009420
v 0.057794 -0.043496 0.009215
v 0.058686 -0.043243 0.011133
v 0.060589 -0.043217 0.012867
v 0.062772 -0.043428 0.014001
v 0.065237 -0.043777 0.014714
v 0.060268 -0.045520 0.009540
v 0.057411 -0.044816 0.009306
v 0.058341 -0.044578 0.011277
v 0.060212 -0.044643 0.013002
v 0.062366 -0.044960 0.014145
v 0.064793 -0.045423 0.014867
v 0.066298 -0.047606 0.015300
v 0.066859 -0.045881 0.015138
v 0.059689 -0.046618 0.009646
v 0.056930 -0.046088 0.009319
v 0.057926 -0.045886 0.011424
v 0.059755 -0.046052 0.013137
v 0.061876 -0.046472 0.014288
v 0.064262 -0.047048 0.015020
v 0.057371 -0.047132 0.011457
v 0.056270 -0.047511 0.009241
v 0.059199 -0.047440 0.013259
v 0.061301 -0.047957 0.014429
v 0.063644 -0.048647 0.015171
v 0.064876 -0.050958 0.015614
v 0.065638 -0.049299 0.015459
v 0.056361 -0.049617 0.011072
v 0.055711 -0.048662 0.009161
v 0.058209 -0.050036 0.010311
v 0.058572 -0.048828 0.013394
v 0.056804 -0.048685 0.011777
v 0.060608 -0.049444 0.014565
v 0.058446 -0.049135 0.013441
v 0.062912 -0.050226 0.015318
v 0.060436 -0.049780 0.014595
v 0.055617 -0.049407 0.010518
v 0.054943 -0.050041 0.009085
v 0.062699 -0.050614 0.015351
v 0.064020 -0.052580 0.015767
v 0.056392 -0.049639 0.012004
v 0.055265 -0.049905 0.010426
v 0.057890 -0.050156 0.013532
v 0.056200 -0.050052 0.012095
v 0.059862 -0.050850 0.014696
v 0.057689 -0.050507 0.013565
v 0.062109 -0.051751 0.015461
v 0.059639 -0.051249 0.014735
v 0.054758 -0.050789 0.010598
v 0.054201 -0.051231 0.009204
v 0.061839 -0.052194 0.015500
v 0.063075 -0.054157 0.015914
v 0.055656 -0.050949 0.012183
v 0.054511 -0.051116 0.010537
v 0.057120 -0.051446 0.013655
v 0.055417 -0.051307 0.012211
v 0.059041 -0.052237 0.014830
v 0.056863 -0.051837 0.013691
v 0.061220 -0.053238 0.015601
v 0.058752 -0.052669 0.014868
v 0.053992 -0.051922 0.010712
v 0.053385 -0.052387 0.009311
v 0.060886 -0.053714 0.015642
v 0.062037 -0.055687 0.016058
v 0.054858 -0.052129 0.012296
v 0.056268 -0.052692 0.013768
v 0.053683 -0.052294 0.010653
v 0.058130 -0.053575 0.014954
v 0.054560 -0.052527 0.012328
v 0.060243 -0.054683 0.015737
v 0.055962 -0.053125 0.013816
v 0.057785 -0.054049 0.014999
v 0.053157 -0.053020 0.010815
v 0.052503 -0.053500 0.009416
v 0.059841 -0.055195 0.015780
v 0.060920 -0.057170 0.016197
v 0.053992 -0.053268 0.012404
v 0.055352 -0.053900 0.013882
v 0.052787 -0.053424 0.010755
v 0.057138 -0.054865 0.015071
v 0.053632 -0.053702 0.012440
v 0.059190 -0.056079 0.015869
v 0.054973 -0.054365 0.013928
v 0.056722 -0.055372 0.015119
v 0.052258 -0.054076 0.010910
v 0.051555 -0.054569 0.009512
v 0.058717 -0.056624 0.015916
v 0.059711 -0.058595 0.016331
v 0.053061 -0.054368 0.012510
v 0.054375 -0.055062 0.013996
v 0.051822 -0.054512 0.010857
v 0.056085 -0.056111 0.015189
v 0.052634 -0.054830 0.012548
v 0.058047 -0.057420 0.015994
v 0.053916 -0.055552 0.014037
v 0.055599 -0.056645 0.015240
v 0.051301 -0.055090 0.011004
v 0.050545 -0.055588 0.009616
v 0.057503 -0.057989 0.016044
v 0.058423 -0.059957 0.016459
v 0.052064 -0.055417 0.012601
v 0.053322 -0.056177 0.014101
v 0.050794 -0.055554 0.010961
v 0.054964 -0.057312 0.015306
v 0.051560 -0.055907 0.012642
v 0.056833 -0.058705 0.016114
v 0.052794 -0.056692 0.014148
v 0.050296 -0.056055 0.011108
v 0.049476 -0.056557 0.009704
v 0.054392 -0.057860 0.015353
v 0.051013 -0.056420 0.012693
v 0.056207 -0.059292 0.016166
v 0.057055 -0.061261 0.016581
v 0.052199 -0.057239 0.014196
v 0.049705 -0.056537 0.011044
v 0.053764 -0.058450 0.015410
v 0.050438 -0.056928 0.012744
v 0.055540 -0.059933 0.016228
v 0.051605 -0.057775 0.014252
v 0.049226 -0.056973 0.011188
v 0.048348 -0.057472 0.009794
v 0.053117 -0.059018 0.015462
v 0.049904 -0.057373 0.012783
v 0.054833 -0.060534 0.016281
v 0.055621 -0.062499 0.016697
v 0.051035 -0.058247 0.014294
v 0.052512 -0.059531 0.015513
v 0.048563 -0.057468 0.011143
v 0.054198 -0.061101 0.016340
v 0.049250 -0.057891 0.012831
v 0.050348 -0.058792 0.014345
v 0.048103 -0.057843 0.011268
v 0.047169 -0.058331 0.009872
v 0.051772 -0.060107 0.015563
v 0.048741 -0.058273 0.012867
v 0.053388 -0.061703 0.016391
v 0.054110 -0.063663 0.016806
v 0.049797 -0.059199 0.014379
v 0.051194 -0.060555 0.015611
v 0.047361 -0.058340 0.011221
v 0.052765 -0.062197 0.016441
v 0.048010 -0.058797 0.012921
v 0.049036 -0.059751 0.014438
v 0.046937 -0.058653 0.011341
v 0.045940 -0.059131 0.009944
v 0.050366 -0.061128 0.015658
v 0.047530 -0.059114 0.012944
v 0.051884 -0.062802 0.016494
v 0.052539 -0.064760 0.016909
v 0.048527 -0.060096 0.014471
v 0.049812 -0.061507 0.015696
v 0.046110 -0.059153 0.011298
v 0.051282 -0.063229 0.016538
v 0.046707 -0.059638 0.012993
v 0.047661 -0.060635 0.014515
v 0.045724 -0.059411 0.011414
v 0.044666 -0.059868 0.010016
v 0.048911 -0.062087 0.015754
v 0.046269 -0.059900 0.013016
v 0.050316 -0.063830 0.016592
v 0.050906 -0.065777 0.017005
v 0.047184 -0.060924 0.014544
v 0.048383 -0.062400 0.015781
v 0.044815 -0.059902 0.011372
v 0.049752 -0.064192 0.016630
v 0.045367 -0.060412 0.013066
v 0.044471 -0.060109 0.011479
v 0.043348 -0.060542 0.010078
v 0.046243 -0.061459 0.014595
v 0.044970 -0.060626 0.013090
v 0.047384 -0.062961 0.015832
v 0.045812 -0.061692 0.014619
v 0.048682 -0.064777 0.016682
v 0.049215 -0.066716 0.017093
v 0.046907 -0.063222 0.015859
v 0.043476 -0.060585 0.011436
v 0.048156 -0.065079 0.016713
v 0.043975 -0.061120 0.013129
v 0.043180 -0.060746 0.011539
v 0.041991 -0.061152 0.010134
v 0.044775 -0.062206 0.014663
v 0.043629 -0.061287 0.013150
v 0.045820 -0.063768 0.015910
v 0.044386 -0.062390 0.014681
v 0.046995 -0.065636 0.016761
v 0.047474 -0.067573 0.017174
v 0.045383 -0.063972 0.015929
v 0.042090 -0.061204 0.011492
v 0.046519 -0.065887 0.016790
v 0.042542 -0.061763 0.013190
v 0.041855 -0.061322 0.011589
v 0.040620 -0.061687 0.010168
v 0.043263 -0.062886 0.014729
v 0.042253 -0.061885 0.013206
v 0.044193 -0.064491 0.015976
v 0.042927 -0.063031 0.014748
v 0.045258 -0.066415 0.016834
v 0.045586 -0.068327 0.017240
v 0.043757 -0.064711 0.016012
v 0.044621 -0.066712 0.016862
v 0.040765 -0.061722 0.011553
v 0.041149 -0.062306 0.013245
v 0.041783 -0.063487 0.014804
v 0.042818 -0.065555 0.016251
v 0.044454 -0.067663 0.015323
v 0.043578 -0.068303 0.017160
v 0.039301 -0.062212 0.011606
v 0.039187 -0.062165 0.010201
v 0.039640 -0.062815 0.013300
v 0.040187 -0.064023 0.014857
v 0.040966 -0.066045 0.016271
v 0.042372 -0.068540 0.015420
v 0.041664 -0.068910 0.017216
v 0.037840 -0.062618 0.011644
v 0.037744 -0.062567 0.010241
v 0.038120 -0.063234 0.013333
v 0.038581 -0.064468 0.014898
v 0.039219 -0.066582 0.016340
v 0.040002 -0.069224 0.015330
v 0.039798 -0.069241 0.017204
v 0.036353 -0.062952 0.011674
v 0.036276 -0.062898 0.010267
v 0.036581 -0.063583 0.013370
v 0.036952 -0.064842 0.014939
v 0.037448 -0.067015 0.016393
v 0.037800 -0.069750 0.015237
v 0.037926 -0.069573 0.017210
v 0.034848 -0.063215 0.011701
v 0.034792 -0.063155 0.010296
v 0.035019 -0.063854 0.013395
v 0.035299 -0.065129 0.014966
v 0.035653 -0.067347 0.016433
v 0.035618 -0.070144 0.015154
v 0.035795 -0.069714 0.017142
v 0.033332 -0.063402 0.011718
v 0.033293 -0.063339 0.010317
v 0.031786 -0.063451 0.010327
v 0.033446 -0.064046 0.013411
v 0.033633 -0.065337 0.014987
v 0.033916 -0.067580 0.016462
v 0.034679 -0.070243 0.015873
v 0.034514 -0.070332 0.017323
v 0.031807 -0.063515 0.011729
v 0.030151 -0.063490 0.010324
v 0.030157 -0.063552 0.011728
v 0.030168 -0.064199 0.013419
v 0.031861 -0.064160 0.013416
v 0.031967 -0.065441 0.014981
v 0.030187 -0.065465 0.014969
v 0.030211 -0.067260 0.016236
v 0.032192 -0.067293 0.016275
v 0.032516 -0.069212 0.017064
v -0.030240 -0.069412 0.017118
v -0.030265 -0.071311 0.017525
v -0.030211 -0.067260 0.016236
v -0.030187 -0.065465 0.014969
v -0.030168 -0.064199 0.013419
v -0.030155 -0.063552 0.011729
v -0.030150 -0.063490 0.010323
v -0.068101 -0.038797 0.014473
v -0.066008 -0.037017 0.014077
v -0.068141 -0.036996 0.014304
v -0.032266 -0.071266 0.017521
v -0.031788 -0.063451 0.010326
v -0.065973 -0.038739 0.014242
v -0.063468 -0.038746 0.013568
v -0.061291 -0.037299 0.012328
v -0.063501 -0.037116 0.013410
v -0.061255 -0.038845 0.012478
v -0.059559 -0.039031 0.011062
v -0.059594 -0.037547 0.010917
v -0.058508 -0.039289 0.009452
v -0.058545 -0.037837 0.009308
v -0.058151 -0.039569 0.008083
v -0.065819 -0.040427 0.014399
v -0.067946 -0.040588 0.014642
v -0.067692 -0.042371 0.014809
v -0.063321 -0.040316 0.013711
v -0.061127 -0.040312 0.012615
v -0.059354 -0.040601 0.011123
v -0.058386 -0.041120 0.009619
v -0.058032 -0.041104 0.008332
v -0.065575 -0.042109 0.014557
v -0.063093 -0.041880 0.013857
v -0.060897 -0.041779 0.012741
v -0.058896 -0.041578 0.010476
v -0.061360 -0.043119 0.009358
v -0.058391 -0.041847 0.009330
v -0.065236 -0.043777 0.014714
v -0.067331 -0.044137 0.014975
v -0.062771 -0.043427 0.014001
v -0.060590 -0.043214 0.012867
v -0.058687 -0.043242 0.011133
v -0.060771 -0.044296 0.009420
v -0.057794 -0.043495 0.009215
v -0.064793 -0.045422 0.014867
v -0.066859 -0.045881 0.015138
v -0.062367 -0.044960 0.014145
v -0.060213 -0.044643 0.013002
v -0.058341 -0.044578 0.011276
v -0.060268 -0.045520 0.009540
v -0.057411 -0.044818 0.009306
v -0.064261 -0.047049 0.015020
v -0.066298 -0.047606 0.015300
v -0.061877 -0.046473 0.014289
v -0.059755 -0.046053 0.013137
v -0.057916 -0.045892 0.011414
v -0.059695 -0.046628 0.009646
v -0.056925 -0.046132 0.009355
v -0.063643 -0.048647 0.015170
v -0.065638 -0.049299 0.015459
v -0.061302 -0.047958 0.014430
v -0.059222 -0.047436 0.013271
v -0.057421 -0.047186 0.011555
v -0.059149 -0.047553 0.009716
v -0.056354 -0.047403 0.009329
v -0.062913 -0.050225 0.015317
v -0.064876 -0.050958 0.015614
v -0.060609 -0.049442 0.014565
v -0.062700 -0.050615 0.015351
v -0.064020 -0.052580 0.015767
v -0.058585 -0.048843 0.013409
v -0.060435 -0.049780 0.014595
v -0.057005 -0.048404 0.011851
v -0.058444 -0.049135 0.013440
v -0.056411 -0.047965 0.010474
v -0.055623 -0.048797 0.008963
v -0.056920 -0.048752 0.011985
v -0.062109 -0.051752 0.015461
v -0.055953 -0.048636 0.010297
v -0.059861 -0.050850 0.014695
v -0.061840 -0.052194 0.015500
v -0.063075 -0.054157 0.015914
v -0.057890 -0.050156 0.013532
v -0.059639 -0.051248 0.014735
v -0.056381 -0.049736 0.012065
v -0.057689 -0.050507 0.013565
v -0.055464 -0.049620 0.010492
v -0.054944 -0.050040 0.009089
v -0.056197 -0.050050 0.012089
v -0.061220 -0.053239 0.015601
v -0.055268 -0.049905 0.010433
v -0.059040 -0.052237 0.014830
v -0.060888 -0.053714 0.015642
v -0.062037 -0.055687 0.016058
v -0.057120 -0.051446 0.013656
v -0.058751 -0.052668 0.014867
v -0.055650 -0.050949 0.012177
v -0.056862 -0.051837 0.013690
v -0.054760 -0.050791 0.010605
v -0.054201 -0.051231 0.009205
v -0.055411 -0.051307 0.012204
v -0.060241 -0.054684 0.015737
v -0.054513 -0.051117 0.010545
v -0.058131 -0.053577 0.014955
v -0.056269 -0.052688 0.013767
v -0.059840 -0.055193 0.015780
v -0.060920 -0.057170 0.016197
v -0.054854 -0.052124 0.012287
v -0.057788 -0.054050 0.015000
v -0.053995 -0.051922 0.010721
v -0.053385 -0.052386 0.009311
v -0.055961 -0.053127 0.013816
v -0.054559 -0.052523 0.012323
v -0.059190 -0.056079 0.015869
v -0.053687 -0.052290 0.010656
v -0.057139 -0.054865 0.015072
v -0.055351 -0.053900 0.013882
v -0.058717 -0.056624 0.015916
v -0.059711 -0.058595 0.016331
v -0.053987 -0.053271 0.012401
v -0.056722 -0.055373 0.015119
v -0.053155 -0.053024 0.010819
v -0.052503 -0.053500 0.009417
v -0.054973 -0.054364 0.013927
v -0.053628 -0.053698 0.012433
v -0.058047 -0.057420 0.015994
v -0.052790 -0.053424 0.010762
v -0.056084 -0.056111 0.015189
v -0.054374 -0.055064 0.013997
v -0.057504 -0.057989 0.016044
v -0.058424 -0.059957 0.016459
v -0.053057 -0.054368 0.012505
v -0.055598 -0.056643 0.015240
v -0.052261 -0.054076 0.010917
v -0.051555 -0.054569 0.009512
v -0.053917 -0.055550 0.014036
v -0.052636 -0.054827 0.012547
v -0.056835 -0.058706 0.016114
v -0.051825 -0.054510 0.010859
v -0.054963 -0.057311 0.015305
v -0.053322 -0.056178 0.014101
v -0.056209 -0.059294 0.016166
v -0.057055 -0.061261 0.016581
v -0.052060 -0.055418 0.012598
v -0.054391 -0.057859 0.015353
v -0.051299 -0.055094 0.011008
v -0.050545 -0.055588 0.009616
v -0.052794 -0.056691 0.014147
v -0.055539 -0.059934 0.016228
v -0.051566 -0.055901 0.012643
v -0.053763 -0.058452 0.015411
v -0.050799 -0.055549 0.010960
v -0.052202 -0.057239 0.014197
v -0.054833 -0.060533 0.016281
v -0.055621 -0.062499 0.016697
v -0.051012 -0.056422 0.012695
v -0.053118 -0.059018 0.015463
v -0.050290 -0.056058 0.011103
v -0.049475 -0.056557 0.009704
v -0.051607 -0.057778 0.014255
v -0.054193 -0.061100 0.016339
v -0.050435 -0.056927 0.012741
v -0.052511 -0.059535 0.015514
v -0.049705 -0.056537 0.011044
v -0.051034 -0.058249 0.014295
v -0.049898 -0.057375 0.012780
v -0.053393 -0.061700 0.016391
v -0.054110 -0.063663 0.016806
v -0.049224 -0.056976 0.011191
v -0.048348 -0.057472 0.009794
v -0.051776 -0.060102 0.015562
v -0.050348 -0.058792 0.014346
v -0.052769 -0.062202 0.016442
v -0.049252 -0.057888 0.012829
v -0.051189 -0.060550 0.015607
v -0.048565 -0.057467 0.011145
v -0.049800 -0.059198 0.014380
v -0.048738 -0.058273 0.012864
v -0.051884 -0.062805 0.016495
v -0.052539 -0.064760 0.016909
v -0.048101 -0.057845 0.011271
v -0.047169 -0.058331 0.009872
v -0.050363 -0.061128 0.015658
v -0.049036 -0.059752 0.014439
v -0.051283 -0.063229 0.016538
v -0.048011 -0.058794 0.012919
v -0.049811 -0.061507 0.015696
v -0.047364 -0.058338 0.011222
v -0.048524 -0.060096 0.014470
v -0.047526 -0.059118 0.012947
v -0.050316 -0.063832 0.016593
v -0.050906 -0.065777 0.017005
v -0.046933 -0.058656 0.011341
v -0.045940 -0.059131 0.009944
v -0.048910 -0.062086 0.015753
v -0.047663 -0.060634 0.014515
v -0.049750 -0.064192 0.016630
v -0.046713 -0.059636 0.012995
v -0.048383 -0.062401 0.015782
v -0.046113 -0.059151 0.011297
v -0.047185 -0.060924 0.014545
v -0.046271 -0.059901 0.013019
v -0.048684 -0.064777 0.016682
v -0.049215 -0.066716 0.017093
v -0.045723 -0.059410 0.011409
v -0.044666 -0.059868 0.010016
v -0.047386 -0.062961 0.015832
v -0.048154 -0.065080 0.016714
v -0.046243 -0.061459 0.014595
v -0.046904 -0.063223 0.015859
v -0.045369 -0.060414 0.013070
v -0.045811 -0.061693 0.014619
v -0.044814 -0.059901 0.011367
v -0.044971 -0.060629 0.013094
v -0.046997 -0.065635 0.016761
v -0.047474 -0.067573 0.017174
v -0.044469 -0.060108 0.011474
v -0.043348 -0.060542 0.010078
v -0.045822 -0.063767 0.015910
v -0.046517 -0.065888 0.016790
v -0.044776 -0.062206 0.014664
v -0.045381 -0.063973 0.015929
v -0.043979 -0.061122 0.013133
v -0.044386 -0.062390 0.014682
v -0.043476 -0.060584 0.011432
v -0.043625 -0.061290 0.013152
v -0.045258 -0.066413 0.016834
v -0.045586 -0.068327 0.017240
v -0.043175 -0.060748 0.011535
v -0.041991 -0.061152 0.010134
v -0.044195 -0.064491 0.015976
v -0.044621 -0.066711 0.016862
v -0.043262 -0.062886 0.014729
v -0.043766 -0.064714 0.016014
v -0.042542 -0.061763 0.013191
v -0.042931 -0.063025 0.014744
v -0.042090 -0.061204 0.011492
v -0.042249 -0.061885 0.013204
v -0.041852 -0.061324 0.011592
v -0.040620 -0.061687 0.010168
v -0.044453 -0.067663 0.015323
v -0.043578 -0.068303 0.017160
v -0.042815 -0.065560 0.016253
v -0.041776 -0.063485 0.014801
v -0.041152 -0.062303 0.013241
v -0.040769 -0.061722 0.011555
v -0.042372 -0.068540 0.015420
v -0.041664 -0.068910 0.017216
v -0.040966 -0.066045 0.016271
v -0.040186 -0.064024 0.014857
v -0.039639 -0.062815 0.013301
v -0.039302 -0.062211 0.011606
v -0.039187 -0.062165 0.010201
v -0.040002 -0.069224 0.015330
v -0.039798 -0.069240 0.017204
v -0.039219 -0.066582 0.016340
v -0.038582 -0.064467 0.014897
v -0.038121 -0.063234 0.013334
v -0.037839 -0.062618 0.011644
v -0.037744 -0.062567 0.010241
v -0.037800 -0.069750 0.015237
v -0.037926 -0.069573 0.017210
v -0.037448 -0.067015 0.016393
v -0.036951 -0.064842 0.014939
v -0.036580 -0.063583 0.013370
v -0.036354 -0.062952 0.011675
v -0.034791 -0.063155 0.010296
v -0.036277 -0.062898 0.010267
v -0.035618 -0.070144 0.015154
v -0.035795 -0.069714 0.017142
v -0.035653 -0.067347 0.016433
v -0.035299 -0.065129 0.014966
v -0.035020 -0.063854 0.013395
v -0.034848 -0.063215 0.011702
v -0.034679 -0.070243 0.015873
v -0.034514 -0.070332 0.017323
v -0.033916 -0.067580 0.016462
v -0.033632 -0.065337 0.014986
v -0.033445 -0.064047 0.013412
v -0.033332 -0.063402 0.011719
v -0.033293 -0.063339 0.010317
v -0.032516 -0.069212 0.017064
v -0.032192 -0.067293 0.016275
v -0.031968 -0.065440 0.014980
v -0.031863 -0.064160 0.013416
v -0.031808 -0.063515 0.011730
vn 0.2079 0.1675 0.9637
vn 0.2077 0.1684 0.9636
vn 0.2079 0.1674 0.9637
vn -0.2631 -0.2121 -0.9412
vn -0.2630 -0.2124 -0.9411
vn -0.2630 -0.2125 -0.9411
vn -0.1147 -0.2443 -0.9629
vn -0.1150 -0.2452 -0.9626
vn -0.1147 -0.2420 -0.9635
vn -0.5019 0.5105 -0.6982
vn -0.5019 0.5102 -0.6984
vn -0.5021 0.5095 -0.6987
vn -0.9405 0.3025 0.1545
vn -0.9405 0.3026 0.1546
vn -0.9407 0.3021 0.1545
vn 0.1720 0.5832 0.7939
vn 0.1729 0.5813 0.7951
vn 0.1719 0.5833 0.7939
vn 0.3953 0.7701 -0.5006
vn 0.3954 0.7705 -0.5000
vn 0.3953 0.7708 -0.4997
vn -0.7790 0.3863 -0.4939
vn -0.7787 0.3865 -0.4941
vn -0.7788 0.3865 -0.4941
vn -0.4516 -0.0471 -0.8910
vn -0.4520 -0.0488 -0.8907
vn -0.4515 -0.0469 -0.8910
vn -0.1390 -0.0206 -0.9901
vn -0.1394 -0.0193 -0.9901
vn -0.1454 -0.0251 -0.9891
vn -0.1454 -0.0249 -0.9891
vn -0.1453 -0.0256 -0.9891
vn -0.2793 -0.0016 -0.9602
vn -0.2591 -0.0218 -0.9656
vn -0.2798 -0.0002 -0.9601
vn -0.2964 0.0160 -0.9549
vn 0.0375 -0.4696 0.8821
vn 0.0372 -0.4687 0.8826
vn 0.0375 -0.4694 0.8822
vn -0.0904 -0.0988 -0.9910
vn -0.0900 -0.0981 -0.9911
vn -0.0902 -0.0986 -0.9910
vn -0.9600 -0.2142 -0.1803
vn 0.9003 -0.2930 0.3219
vn 0.9191 -0.2417 0.3112
vn -0.9712 -0.0697 -0.2280
vn -0.1403 0.1158 -0.9833
vn -0.1403 0.1163 -0.9832
vn -0.1435 0.1130 -0.9832
vn -0.1435 0.1137 -0.9831
vn -0.1435 0.1127 -0.9832
vn -0.2920 0.1163 -0.9493
vn -0.2923 0.1066 -0.9504
vn -0.3040 0.1252 -0.9444
vn -0.3040 0.1357 -0.9430
vn 0.0090 -0.2362 0.9717
vn 0.0091 -0.2380 0.9712
vn 0.0092 -0.2367 0.9715
vn 0.0220 -0.2130 0.9768
vn 0.0220 -0.2129 0.9768
vn 0.0217 -0.2134 0.9767
vn 0.3266 0.9197 0.2178
vn 0.3269 0.9196 0.2179
vn 0.3251 0.9207 0.2160
vn -0.9215 0.2732 -0.2761
vn -0.9243 0.2821 -0.2572
vn -0.9254 0.2935 -0.2399
vn -0.9188 0.2567 -0.2999
vn -0.3588 0.3034 -0.8827
vn -0.3532 0.3069 -0.8838
vn -0.3968 0.3555 -0.8463
vn -0.1433 0.2510 -0.9573
vn -0.1434 0.2513 -0.9572
vn -0.1451 0.2526 -0.9566
vn -0.1453 0.2529 -0.9565
vn -0.3070 0.2408 -0.9207
vn 0.0577 -0.6133 0.7877
vn 0.0565 -0.6121 0.7887
vn 0.0574 -0.6127 0.7882
vn 0.0591 -0.6181 0.7839
vn 0.0596 -0.6184 0.7836
vn 0.0594 -0.6183 0.7837
vn 0.5015 0.3589 -0.7872
vn 0.5014 0.3589 -0.7873
vn 0.2567 -0.6967 -0.6698
vn 0.2567 -0.6966 -0.6700
vn 0.2567 -0.6965 -0.6700
vn -0.1749 0.3958 -0.9016
vn -0.1751 0.3956 -0.9016
vn -0.1749 0.3957 -0.9016
vn -0.4051 0.4489 -0.7965
vn 0.3588 -0.1910 0.9137
vn 0.3797 -0.2562 0.8889
vn -0.1518 0.4147 -0.8972
vn -0.1517 0.4143 -0.8974
vn -0.1514 0.4130 -0.8981
vn -0.3998 0.3489 -0.8476
vn -0.8129 -0.0137 -0.5822
vn -0.8028 -0.0194 -0.5960
vn -0.8284 -0.0042 -0.5602
vn -0.8370 0.0013 -0.5472
vn -0.0844 0.5354 -0.8404
vn -0.0867 0.5368 -0.8392
vn -0.0874 0.5340 -0.8410
vn -0.1740 0.4436 -0.8792
vn -0.1745 0.4437 -0.8790
vn -0.1734 0.4432 -0.8795
vn -0.5064 0.4128 -0.7571
vn -0.3605 0.1390 0.9223
vn -0.3302 0.3135 -0.8903
vn -0.2656 0.2747 -0.9241
vn -0.0352 0.8481 0.5287
vn -0.0342 0.8479 0.5291
vn -0.0345 0.8477 0.5293
vn 0.0704 -0.7098 0.7009
vn 0.0709 -0.7104 0.7002
vn 0.0706 -0.7099 0.7008
vn -0.9211 0.1884 -0.3407
vn -0.9435 0.2831 -0.1723
vn -0.9440 0.2938 -0.1504
vn -0.9171 0.1795 -0.3561
vn -0.3291 0.5255 -0.7845
vn -0.3346 0.4886 -0.8058
vn -0.3259 0.5442 -0.7731
vn 0.0047 0.4644 0.8856
vn 0.0043 0.4638 0.8859
vn 0.0042 0.4638 0.8859
vn -0.3379 0.4641 -0.8188
vn -0.1603 0.5877 -0.7931
vn -0.1604 0.5879 -0.7929
vn -0.1603 0.5878 -0.7930
vn -0.9359 0.2139 -0.2797
vn -0.9420 0.2351 -0.2395
vn -0.0850 -0.4360 -0.8959
vn 0.0006 -0.4636 -0.8860
vn -0.0744 0.6917 -0.7183
vn -0.0744 0.6915 -0.7185
vn -0.0743 0.6919 -0.7182
vn -0.3730 0.7002 -0.6087
vn -0.3818 0.7285 -0.5687
vn -0.3381 0.6264 -0.7024
vn -0.1633 0.6131 -0.7729
vn -0.1623 0.6122 -0.7739
vn -0.1630 0.6127 -0.7734
vn -0.3329 0.6054 -0.7229
vn 0.0809 -0.8169 0.5710
vn 0.0807 -0.8163 0.5720
vn 0.0233 -0.9097 -0.4146
vn 0.0235 -0.9091 -0.4160
vn 0.0234 -0.9096 -0.4149
vn -0.9271 0.3007 -0.2236
vn -0.9209 0.2786 -0.2725
vn -0.5941 0.4832 0.6431
vn -0.5554 0.4814 0.6781
vn 0.0088 0.1977 0.9802
vn 0.0088 0.1968 0.9804
vn 0.0089 0.1971 0.9804
vn -0.2265 -0.3100 -0.9234
vn -0.9226 0.2987 -0.2441
vn -0.1950 -0.3243 -0.9256
vn -0.3438 0.6196 -0.7057
vn -0.3333 0.6088 -0.7199
vn -0.3680 0.6576 -0.6573
vn -0.3819 0.6730 -0.6334
vn -0.1678 0.7400 -0.6514
vn -0.1681 0.7389 -0.6525
vn -0.1680 0.7393 -0.6521
vn -0.9267 0.3231 -0.1920
vn -0.0675 0.8346 -0.5468
vn -0.0675 0.8343 -0.5471
vn -0.0675 0.8349 -0.5462
vn -0.1683 0.7657 -0.6208
vn -0.1685 0.7661 -0.6202
vn -0.1682 0.7651 -0.6215
vn -0.3972 0.8204 -0.4113
vn -0.4092 0.8433 -0.3484
vn -0.3625 0.7571 -0.5435
vn -0.3524 0.7364 -0.5775
vn 0.0707 -0.9938 0.0862
vn 0.0700 -0.9936 0.0883
vn 0.0706 -0.9937 0.0871
vn 0.0102 -0.6631 -0.7484
vn 0.0104 -0.6622 -0.7493
vn 0.0104 -0.6629 -0.7486
vn -0.9285 0.3138 -0.1988
vn -0.4580 0.3486 0.8178
vn -0.4161 0.3378 0.8442
vn -0.9196 0.2989 -0.2551
vn -0.3561 0.7501 -0.5573
vn -0.3531 0.7366 -0.5769
vn -0.3991 0.7890 -0.4671
vn -0.4053 0.8052 -0.4330
vn -0.1823 0.8728 -0.4527
vn -0.1818 0.8729 -0.4527
vn -0.1828 0.8726 -0.4529
vn 0.0107 0.0279 0.9996
vn 0.0103 0.0267 0.9996
vn 0.0104 0.0269 0.9996
vn -0.9549 0.2925 -0.0509
vn -0.9534 0.3013 0.0175
vn -0.2120 -0.0847 -0.9736
vn -0.1295 -0.1115 -0.9853
vn -0.0707 0.9460 -0.3163
vn -0.0707 0.9459 -0.3166
vn -0.0708 0.9462 -0.3156
vn -0.1832 0.8905 -0.4164
vn -0.1827 0.8904 -0.4170
vn -0.1830 0.8904 -0.4167
vn -0.4104 0.8924 -0.1878
vn -0.4166 0.9024 -0.1098
vn -0.3730 0.8558 -0.3584
vn -0.3657 0.8379 -0.4053
vn 0.0677 -0.9805 0.1846
vn 0.0677 -0.9804 0.1850
vn 0.0676 -0.9807 0.1837
vn 0.0011 -0.4892 -0.8722
vn 0.0015 -0.4878 -0.8729
vn 0.0012 -0.4890 -0.8723
vn -0.9326 0.3345 -0.1358
vn -0.9236 0.3298 -0.1954
vn -0.4076 0.2135 0.8878
vn -0.3797 0.8930 -0.2415
vn -0.3978 0.8295 -0.3920
vn -0.3791 0.9056 -0.1905
vn -0.3721 0.1994 0.9065
vn -0.3949 0.7969 -0.4571
vn -0.1868 0.9605 -0.2062
vn -0.1869 0.9600 -0.2085
vn -0.1868 0.9602 -0.2076
vn -0.0029 -0.2173 0.9761
vn -0.0031 -0.2182 0.9759
vn -0.0030 -0.2180 0.9759
vn -0.3401 0.0116 -0.9403
vn -0.9382 0.3417 -0.0554
vn -0.3029 -0.0044 -0.9530
vn -0.4181 0.9049 -0.0799
vn -0.3880 0.9211 0.0320
vn -0.4247 0.8971 -0.1218
vn -0.9370 0.3493 0.0045
vn -0.1888 0.9692 -0.1582
vn -0.1889 0.9693 -0.1572
vn -0.1888 0.9691 -0.1590
vn -0.3830 0.9218 0.0598
vn -0.0699 0.9965 -0.0460
vn -0.0699 0.9965 -0.0469
vn -0.0699 0.9965 -0.0450
vn 0.0752 -0.9575 0.2783
vn 0.0752 -0.9577 0.2778
vn 0.0748 -0.9581 0.2766
vn 0.0148 -0.3018 -0.9533
vn 0.0150 -0.3009 -0.9535
vn 0.0148 -0.3016 -0.9533
vn -0.9358 0.3452 0.0712
vn -0.9368 0.3497 0.0070
vn -0.3732 0.0720 0.9250
vn -0.3909 0.9203 -0.0141
vn -0.4083 0.9002 -0.1516
vn -0.3843 0.9227 0.0300
vn -0.3413 0.0596 0.9381
vn -0.1910 0.9785 0.0777
vn -0.1910 0.9787 0.0757
vn -0.1910 0.9786 0.0764
vn -0.4132 0.8846 -0.2161
vn 0.0025 -0.3018 0.9534
vn 0.0024 -0.3029 0.9530
vn 0.0026 -0.3026 0.9531
vn -0.9555 0.2901 -0.0540
vn -0.2608 0.2062 -0.9431
vn -0.1734 0.1823 -0.9678
vn -0.9588 0.2831 0.0242
vn 0.0867 -0.9705 -0.2251
vn 0.0867 -0.9704 -0.2252
vn 0.0864 -0.9700 -0.2272
vn 0.0030 0.1583 -0.9874
vn 0.0026 0.1594 -0.9872
vn 0.0030 0.1588 -0.9873
vn -0.0576 -0.1036 0.9930
vn -0.9569 0.2726 0.1005
vn 0.0332 -0.1317 0.9907
vn -0.1915 0.9743 0.1188
vn -0.1916 0.9741 0.1196
vn -0.1915 0.9744 0.1177
vn -0.3975 0.8653 0.3052
vn -0.4032 0.8430 0.3560
vn -0.3884 0.8989 0.2029
vn -0.3809 0.9097 0.1651
vn -0.0782 0.9697 0.2312
vn -0.0783 0.9698 0.2308
vn -0.9583 0.2849 0.0199
vn -0.3842 0.9125 0.1403
vn -0.3825 0.9173 0.1109
vn -0.4115 0.8732 0.2611
vn -0.1875 0.9204 0.3430
vn -0.1873 0.9202 0.3438
vn -0.1875 0.9205 0.3427
vn -0.4137 0.8601 0.2984
vn 0.0383 -0.8436 0.5357
vn 0.0376 -0.8450 0.5335
vn 0.0379 -0.8448 0.5338
vn -0.9534 0.2653 0.1434
vn -0.9499 0.2446 0.1948
vn -0.6422 0.4168 -0.6434
vn -0.5783 0.4174 -0.7010
vn 0.0671 -0.7673 -0.6377
vn 0.0670 -0.7679 -0.6371
vn 0.0671 -0.7672 -0.6379
vn 0.0417 -0.5885 -0.8074
vn 0.0423 -0.5873 -0.8083
vn 0.0418 -0.5884 -0.8075
vn -0.0522 0.8616 0.5049
vn -0.0523 0.8611 0.5058
vn -0.0520 0.8619 0.5044
vn -0.1839 0.9056 0.3821
vn -0.1840 0.9056 0.3820
vn -0.1839 0.9056 0.3822
vn -0.3856 0.7673 0.5124
vn -0.3828 0.7401 0.5529
vn -0.3722 0.8320 0.4115
vn -0.3738 0.8486 0.3742
vn -0.9154 0.2625 0.3051
vn -0.9197 0.2805 0.2748
vn -0.8191 0.1019 0.5645
vn -0.8018 0.0789 0.5924
vn -0.3682 0.7821 0.5027
vn -0.3758 0.7614 0.5283
vn -0.3817 0.7458 0.5460
vn -0.2000 0.7801 0.5928
vn -0.2006 0.7799 0.5928
vn -0.2003 0.7800 0.5928
vn -0.3633 0.7929 0.4892
vn 0.0413 -0.5711 0.8198
vn 0.0410 -0.5725 0.8189
vn 0.0412 -0.5722 0.8191
vn -0.1340 -0.2683 0.9540
vn -0.2973 0.6470 -0.7022
vn -0.1348 0.5241 -0.8409
vn -0.1175 -0.2856 0.9511
vn 0.5687 -0.8163 0.1014
vn 0.5657 -0.8184 0.1012
vn 0.5713 -0.8148 0.0983
vn 0.1273 -0.1260 0.9838
vn 0.1272 -0.1262 0.9838
vn 0.1273 -0.1261 0.9838
vn -0.2038 -0.3176 0.9261
vn -0.1238 -0.1991 0.9721
vn -0.2927 -0.4543 0.8414
vn 0.1065 -0.9129 0.3940
vn 0.1032 -0.9082 0.4057
vn 0.1056 -0.9042 0.4138
vn 0.7692 -0.1833 -0.6122
vn 0.7710 -0.1864 -0.6090
vn 0.7713 -0.1850 -0.6089
vn -0.0890 -0.1460 0.9853
vn 0.0389 -0.5524 0.8327
vn -0.0579 -0.5389 -0.8404
vn -0.0587 -0.4937 -0.8677
vn 0.0406 -0.5233 0.8512
vn -0.2242 0.4487 -0.8651
vn -0.2244 0.4490 -0.8649
vn -0.2246 0.4492 -0.8647
vn -0.0399 0.7147 -0.6983
vn -0.0402 0.7134 -0.6996
vn -0.0399 0.7154 -0.6976
vn -0.4632 0.8134 0.3518
vn -0.4633 0.8138 0.3509
vn -0.4633 0.8136 0.3512
vn 0.3424 0.8746 -0.3434
vn 0.3425 0.8746 -0.3432
vn 0.3424 0.8746 -0.3433
vn -0.9461 0.3057 0.1068
vn -0.9458 0.3077 0.1042
vn -0.9469 0.3031 0.1073
vn -0.4094 -0.9075 -0.0943
vn -0.4117 -0.9062 -0.0965
vn -0.4116 -0.9063 -0.0962
vn 0.0267 0.8380 -0.5450
vn 0.0269 0.8597 -0.5101
vn 0.0268 -0.3066 -0.9515
vn 0.1934 -0.7706 0.6073
vn 0.1934 -0.7705 0.6074
vn 0.1933 -0.7704 0.6076
vn 0.0245 -0.3747 -0.9268
vn -0.6813 0.6979 -0.2208
vn -0.6801 0.6992 -0.2205
vn -0.6799 0.6994 -0.2203
vn 0.3863 0.6346 0.6693
vn 0.3865 0.6350 0.6689
vn 0.3880 0.6370 0.6661
vn 0.3883 0.9095 -0.1485
vn 0.3888 0.9094 -0.1476
vn 0.3873 0.9095 -0.1510
vn -0.5104 -0.8485 0.1398
vn -0.5107 -0.8486 0.1378
vn -0.5106 -0.8485 0.1390
vn 0.0278 -0.3334 -0.9424
vn 0.0271 -0.3414 -0.9395
vn 0.0195 -0.1826 -0.9830
vn -0.9199 0.1958 0.3397
vn -0.8843 0.0781 0.4604
vn -0.9272 0.2362 0.2908
vn 0.0192 -0.1599 -0.9869
vn -0.8752 0.0600 0.4800
vn -0.3493 0.3660 0.8626
vn -0.3492 0.3667 0.8623
vn -0.3492 0.3656 0.8628
vn 0.1977 -0.3816 0.9029
vn 0.1978 -0.3809 0.9032
vn 0.1964 -0.3838 0.9023
vn -0.3261 0.0174 -0.9452
vn -0.3252 0.0159 -0.9455
vn -0.3256 0.0173 -0.9453
vn -0.0991 0.4200 -0.9021
vn -0.0991 0.4196 -0.9023
vn -0.0988 0.4189 -0.9027
vn 0.0181 -0.1929 -0.9810
vn 0.0031 0.0978 -0.9952
vn -0.0000 0.1530 -0.9882
vn 0.0191 -0.2020 -0.9792
vn 0.3282 -0.0066 0.9446
vn 0.3284 -0.0061 0.9445
vn 0.3284 -0.0049 0.9445
vn -0.8855 0.2036 0.4176
vn -0.8940 0.1244 0.4304
vn -0.8960 0.1086 0.4305
vn -0.8837 0.2090 0.4187
vn -0.2941 0.4653 0.8349
vn -0.2939 0.4645 0.8354
vn -0.0482 0.6280 0.7768
vn -0.0480 0.6307 0.7745
vn -0.0476 0.6263 0.7781
vn 0.0007 -0.0247 -0.9997
vn 0.0060 -0.0375 -0.9993
vn 0.0036 -0.0378 -0.9993
vn 0.0028 -0.0239 -0.9997
vn -0.8963 0.0309 0.4424
vn -0.8945 0.0327 0.4459
vn -0.8971 0.0065 0.4418
vn -0.8992 0.0010 0.4376
vn -0.3012 0.0240 0.9533
vn -0.3079 0.0237 0.9511
vn -0.3082 0.0225 0.9511
vn -0.1527 0.0273 0.9879
vn -0.1527 0.0277 0.9879
vn -0.1527 0.0271 0.9879
vn -0.3012 0.0228 0.9533
vn -0.1431 0.0222 0.9895
vn -0.1432 0.0208 0.9895
vn -0.1430 0.0225 0.9895
vn -0.0209 -0.8089 0.5876
vn -0.0208 -0.8092 0.5872
vn -0.0209 -0.8096 0.5867
vn 0.0216 0.1812 -0.9832
vn 0.0218 0.1824 -0.9830
vn 0.0218 0.1816 -0.9831
vn -0.8954 -0.1136 0.4305
vn -0.9008 -0.0789 0.4270
vn -0.8972 -0.1185 0.4255
vn -0.8986 -0.0779 0.4319
vn -0.3136 -0.1059 0.9436
vn -0.3035 -0.1039 0.9472
vn -0.3129 -0.1036 0.9441
vn -0.3040 -0.1062 0.9467
vn -0.1426 -0.1125 0.9834
vn -0.1427 -0.1130 0.9833
vn -0.1368 -0.1107 0.9844
vn -0.1368 -0.1110 0.9844
vn -0.1370 -0.1119 0.9842
vn 0.0439 0.4465 -0.8937
vn 0.0440 0.4463 -0.8938
vn 0.0439 0.4466 -0.8937
vn 0.1865 0.2580 -0.9480
vn 0.1865 0.2591 -0.9477
vn 0.1866 0.2582 -0.9479
vn 0.2753 -0.9401 -0.2011
vn 0.2781 -0.9383 -0.2057
vn 0.2814 -0.9369 -0.2073
vn -0.8940 -0.3268 0.3066
vn -0.8933 -0.3614 0.2672
vn -0.8927 -0.3935 0.2198
vn -0.8887 -0.2894 0.3557
vn -0.3521 -0.2924 0.8891
vn -0.3194 -0.2383 0.9172
vn -0.3615 -0.2969 0.8838
vn -0.1482 -0.2532 0.9560
vn -0.1482 -0.2530 0.9560
vn -0.1483 -0.2534 0.9559
vn -0.1399 -0.2589 0.9557
vn -0.1398 -0.2584 0.9559
vn -0.1394 -0.2558 0.9566
vn -0.3869 -0.3399 0.8572
vn 0.1841 0.7917 -0.5825
vn 0.1831 0.7909 -0.5839
vn 0.1838 0.7913 -0.5831
vn 0.0964 0.6195 -0.7790
vn 0.0960 0.6208 -0.7781
vn 0.0961 0.6206 -0.7782
vn 0.3651 -0.3654 0.8563
vn 0.3656 -0.3660 0.8558
vn 0.3652 -0.3655 0.8562
vn 0.1708 0.6615 0.7303
vn 0.3993 0.1731 -0.9003
vn -0.5158 -0.4298 0.7411
vn 0.4394 0.2469 -0.8637
vn -0.1711 -0.3965 0.9020
vn -0.1712 -0.3963 0.9020
vn -0.1711 -0.3964 0.9020
vn -0.1544 -0.4101 0.8989
vn -0.1543 -0.4098 0.8990
vn -0.1540 -0.4084 0.8997
vn -0.4771 -0.3252 0.8164
vn -0.7976 0.0257 0.6026
vn -0.8269 0.0062 0.5623
vn -0.8395 -0.0033 0.5434
vn -0.7826 0.0351 0.6216
vn -0.0843 -0.5361 0.8399
vn -0.0878 -0.5379 0.8384
vn -0.0864 -0.5347 0.8406
vn -0.1715 -0.4463 0.8783
vn -0.1720 -0.4463 0.8782
vn -0.1709 -0.4459 0.8786
vn -0.4854 -0.4183 0.7678
vn -0.4575 -0.1990 -0.8667
vn -0.3378 -0.3328 0.8804
vn -0.2718 -0.2954 0.9159
vn -0.0772 -0.9495 -0.3042
vn -0.0772 -0.9490 -0.3057
vn -0.0778 -0.9483 -0.3075
vn 0.1129 0.7291 -0.6750
vn 0.1144 0.7313 -0.6724
vn 0.1134 0.7294 -0.6746
vn -0.9241 -0.1898 0.3317
vn -0.9184 -0.1770 0.3538
vn -0.9446 -0.3060 0.1190
vn -0.3304 -0.5272 0.7829
vn -0.3363 -0.4868 0.8062
vn -0.3268 -0.5473 0.7705
vn -0.9434 -0.3186 0.0920
vn 0.0037 -0.6890 -0.7248
vn 0.0045 -0.6879 -0.7258
vn 0.0042 -0.6886 -0.7252
vn -0.1606 -0.5878 0.7929
vn -0.1607 -0.5881 0.7927
vn -0.1606 -0.5879 0.7928
vn -0.3399 -0.4604 0.8201
vn -0.9469 -0.2415 0.2121
vn 0.1170 0.5106 0.8518
vn 0.1991 0.5294 0.8247
vn -0.9483 -0.2747 0.1587
vn -0.3721 -0.6911 0.6196
vn -0.3819 -0.7219 0.5771
vn -0.3338 -0.6098 0.7188
vn -0.1617 -0.6133 0.7731
vn -0.1613 -0.6134 0.7731
vn -0.1618 -0.6133 0.7731
vn -0.0777 -0.6912 0.7185
vn -0.0778 -0.6907 0.7190
vn -0.0777 -0.6914 0.7183
vn -0.3265 -0.5844 0.7429
vn 0.1684 0.8575 -0.4862
vn 0.1682 0.8570 -0.4871
vn 0.1684 0.8576 -0.4860
vn 0.0204 0.8036 0.5948
vn 0.0205 0.8028 0.5960
vn 0.0205 0.8034 0.5951
vn -0.9210 -0.2916 0.2583
vn -0.9107 -0.2635 0.3181
vn -0.4690 -0.4753 -0.7444
vn -0.3435 -0.6739 0.6541
vn -0.3541 -0.6136 0.7058
vn -0.3453 -0.6943 0.6315
vn -0.4265 -0.4694 -0.7731
vn 0.0076 -0.2463 -0.9692
vn 0.0070 -0.2447 -0.9696
vn 0.0071 -0.2448 -0.9696
vn -0.3524 -0.5865 0.7293
vn -0.1750 -0.7414 0.6478
vn -0.1750 -0.7435 0.6454
vn -0.1750 -0.7415 0.6477
vn -0.9423 -0.2127 0.2586
vn -0.9520 -0.2313 0.2004
vn -0.1402 0.2627 0.9546
vn -0.0576 0.2879 0.9559
vn -0.3875 -0.8230 0.4154
vn -0.3580 -0.7706 0.5273
vn -0.3493 -0.7533 0.5572
vn -0.3988 -0.8435 0.3598
vn -0.1758 -0.7628 0.6222
vn -0.1763 -0.7606 0.6248
vn -0.1756 -0.7632 0.6219
vn -0.0803 -0.8340 0.5458
vn -0.0801 -0.8358 0.5431
vn -0.0799 -0.8321 0.5488
vn 0.0698 0.7434 0.6652
vn 0.0702 0.7413 0.6675
vn 0.0700 0.7429 0.6657
vn 0.1723 0.8822 -0.4382
vn 0.1722 0.8819 -0.4388
vn 0.1722 0.8827 -0.4373
vn -0.9368 -0.3317 0.1114
vn -0.5448 -0.3623 -0.7562
vn -0.5084 -0.3561 -0.7840
vn -0.9331 -0.3157 0.1721
vn -0.3646 -0.7423 0.5622
vn -0.3449 -0.7349 0.5838
vn -0.3855 -0.7819 0.4899
vn -0.1736 -0.8708 0.4600
vn -0.1756 -0.8703 0.4601
vn -0.1746 -0.8704 0.4603
vn -0.4081 -0.7923 0.4536
vn 0.0039 -0.1332 -0.9911
vn 0.0041 -0.1324 -0.9912
vn 0.0041 -0.1328 -0.9911
vn -0.9558 -0.2597 0.1377
vn -0.9588 -0.2764 0.0649
vn -0.1140 0.1238 0.9857
vn -0.4078 -0.8518 0.3288
vn -0.3900 -0.8955 0.2144
vn -0.4168 -0.8328 0.3644
vn -0.0298 0.1511 0.9881
vn -0.1771 -0.8937 0.4123
vn -0.1771 -0.8936 0.4125
vn -0.1770 -0.8937 0.4123
vn -0.3805 -0.9053 0.1885
vn -0.0733 -0.9454 0.3175
vn -0.0734 -0.9455 0.3173
vn 0.0245 0.3451 0.9382
vn 0.0247 0.3446 0.9384
vn 0.1728 0.9672 -0.1862
vn 0.1727 0.9671 -0.1867
vn 0.1728 0.9672 -0.1861
vn -0.9361 -0.3502 0.0326
vn -0.2958 -0.1726 -0.9395
vn -0.2602 -0.1604 -0.9521
vn -0.9334 -0.3443 0.1010
vn -0.3804 -0.8847 0.2693
vn -0.3941 -0.8344 0.3853
vn -0.3798 -0.8959 0.2305
vn -0.1949 -0.9601 0.2004
vn -0.1944 -0.9612 0.1959
vn -0.1948 -0.9600 0.2012
vn -0.3934 -0.8091 0.4366
vn 0.0727 0.4457 -0.8922
vn 0.0718 0.4479 -0.8912
vn 0.0719 0.4477 -0.8913
vn -0.9549 -0.2846 0.0844
vn -0.9591 -0.2806 0.0381
vn -0.5298 -0.1595 0.8330
vn -0.4633 -0.1434 0.8745
vn -0.1945 -0.9677 0.1601
vn -0.1950 -0.9670 0.1641
vn -0.1944 -0.9679 0.1596
vn -0.4060 -0.9119 -0.0607
vn -0.4110 -0.9034 -0.1226
vn -0.3868 -0.9200 0.0628
vn -0.3812 -0.9186 0.1039
vn -0.0787 -0.9959 0.0444
vn -0.0785 -0.9960 0.0420
vn -0.0786 -0.9958 0.0469
vn 0.1669 0.9793 0.1143
vn 0.1669 0.9794 0.1141
vn 0.1668 0.9793 0.1150
vn 0.0529 0.3788 0.9240
vn 0.0537 0.3769 0.9247
vn 0.0530 0.3788 0.9240
vn -0.9449 -0.3228 -0.0543
vn -0.9432 -0.3317 -0.0163
vn -0.4469 -0.0968 -0.8894
vn -0.3889 -0.9210 0.0240
vn -0.4056 -0.8997 0.1616
vn -0.3823 -0.9238 -0.0212
vn -0.4149 -0.0784 -0.9065
vn -0.1903 -0.9789 -0.0748
vn -0.1916 -0.9789 -0.0707
vn -0.1908 -0.9789 -0.0726
vn -0.4096 -0.8826 0.2308
vn 0.0512 0.4825 -0.8744
vn 0.0508 0.4833 -0.8740
vn 0.0509 0.4833 -0.8740
vn -0.4611 -0.1875 0.8673
vn -0.9431 -0.3255 -0.0683
vn -0.4263 -0.1716 0.8882
vn -0.9384 -0.3280 -0.1089
vn 0.1673 0.9096 0.3802
vn 0.1672 0.9100 0.3795
vn 0.1672 0.9095 0.3805
vn 0.0506 0.2144 0.9754
vn 0.0508 0.2136 0.9756
vn 0.0507 0.2142 0.9755
vn -0.0772 -0.9698 -0.2315
vn -0.0774 -0.9697 -0.2318
vn -0.1912 -0.9742 -0.1198
vn -0.1914 -0.9741 -0.1208
vn -0.1911 -0.9744 -0.1186
vn -0.4028 -0.8618 -0.3082
vn -0.4011 -0.8386 -0.3686
vn -0.3846 -0.9044 -0.1846
vn -0.3843 -0.9126 -0.1394
vn -0.9418 -0.3266 -0.0798
vn -0.9405 -0.3377 -0.0360
vn -0.4389 0.0369 -0.8978
vn -0.4075 0.0527 -0.9117
vn -0.3816 -0.8852 -0.2662
vn -0.4120 -0.9042 -0.1122
vn -0.3755 -0.8734 -0.3101
vn -0.1885 -0.9202 -0.3432
vn -0.1885 -0.9192 -0.3457
vn -0.1885 -0.9202 -0.3431
vn -0.4175 -0.9078 -0.0406
vn 0.0540 0.6131 -0.7881
vn 0.0536 0.6149 -0.7868
vn 0.0538 0.6146 -0.7870
vn -0.9556 -0.2794 -0.0940
vn -0.9539 -0.2636 -0.1432
vn -0.4375 -0.3842 0.8130
vn -0.3538 -0.3713 0.8585
vn 0.1382 0.7220 0.6779
vn 0.1383 0.7222 0.6777
vn 0.1381 0.7216 0.6784
vn 0.0935 0.4870 0.8684
vn 0.0938 0.4857 0.8691
vn 0.0937 0.4866 0.8686
vn -0.0532 -0.8628 -0.5028
vn -0.3849 -0.7740 -0.5027
vn -0.3748 -0.8253 -0.4224
vn -0.3741 -0.8408 -0.3913
vn -0.1876 -0.9060 -0.3794
vn -0.1877 -0.9069 -0.3772
vn -0.1876 -0.9060 -0.3795
vn -0.3844 -0.7489 -0.5397
vn -0.9249 -0.2764 -0.2611
vn -0.9289 -0.2978 -0.2200
vn -0.7809 -0.0507 -0.6226
vn -0.7559 -0.0245 -0.6542
vn -0.3656 -0.7893 -0.4933
vn -0.3808 -0.7563 -0.5319
vn -0.3801 -0.7424 -0.5517
vn -0.3674 -0.7988 -0.4764
vn -0.1938 -0.7847 -0.5888
vn -0.1924 -0.7831 -0.5914
vn -0.1942 -0.7857 -0.5874
vn 0.0504 0.5831 -0.8108
vn 0.0500 0.5843 -0.8100
vn 0.0501 0.5842 -0.8101
vn -0.1428 0.2677 -0.9529
vn -0.1260 0.2862 -0.9499
vn -0.3179 -0.6458 0.6941
vn -0.1488 -0.5287 0.8357
vn -0.2334 0.1747 -0.9566
vn -0.1186 0.1987 -0.9729
vn -0.0462 0.2120 -0.9762
vn 0.5516 0.8051 -0.2181
vn 0.5526 0.8042 -0.2186
vn 0.5523 0.8047 -0.2180
vn 0.0906 0.1131 -0.9894
vn 0.0906 0.1145 -0.9893
vn 0.0906 0.1138 -0.9894
vn -0.4219 0.1271 -0.8977
vn 0.1676 0.8967 -0.4097
vn 0.1667 0.8963 -0.4109
vn 0.1662 0.8958 -0.4123
vn 0.8059 0.2383 0.5419
vn 0.8078 0.2407 0.5381
vn 0.8076 0.2405 0.5385
vn 0.0477 0.5735 -0.8178
vn 0.0452 0.5372 -0.8422
vn 0.0226 0.5919 0.8057
vn 0.0209 0.5555 0.8313
vn -0.2228 -0.4602 0.8594
vn -0.2223 -0.4597 0.8598
vn -0.2221 -0.4590 0.8603
vn -0.0022 -0.6583 0.7527
vn -0.0025 -0.6571 0.7538
vn -0.0023 -0.6590 0.7522
vn -0.4697 -0.8183 -0.3314
vn -0.4698 -0.8180 -0.3319
vn -0.4700 -0.8174 -0.3330
vn 0.4206 -0.8389 0.3455
vn 0.4205 -0.8390 0.3454
vn 0.4212 -0.8384 0.3460
vn -0.9566 -0.2823 -0.0726
vn -0.9578 -0.2761 -0.0804
vn -0.9576 -0.2778 -0.0762
vn -0.4696 0.8788 0.0848
vn -0.4715 0.8775 0.0873
vn -0.4723 0.8772 0.0861
vn -0.4773 0.2978 -0.8267
vn -0.4771 0.2977 -0.8269
vn 0.0300 0.0027 0.9995
vn 0.0117 -0.1135 0.9935
vn 0.1300 0.6678 0.7329
vn 0.1408 0.7556 0.6398
vn -0.8242 -0.5139 0.2380
vn -0.8232 -0.5150 0.2389
vn -0.8234 -0.5147 0.2389
vn 0.5044 -0.7117 -0.4890
vn 0.5037 -0.7143 -0.4858
vn 0.5043 -0.7107 -0.4905
vn -0.5778 0.6607 0.4792
vn -0.5778 0.6608 0.4790
vn -0.5778 0.6605 0.4795
vn 0.4107 -0.4822 -0.7738
vn 0.4106 -0.4829 -0.7735
vn 0.4100 -0.4802 -0.7755
vn 0.0766 -0.3273 0.9418
vn 0.0765 -0.3269 0.9420
vn 0.0764 -0.3267 0.9420
vn -0.1434 -0.2099 -0.9672
vn -0.2167 -0.0447 -0.9752
vn 0.1465 -0.7163 -0.6822
vn 0.3408 -0.9116 -0.2300
vn -0.5489 -0.6838 -0.4808
vn -0.5489 -0.6835 -0.4812
vn -0.5489 -0.6837 -0.4809
vn -0.9043 -0.3071 0.2964
vn -0.9045 -0.3069 0.2962
vn -0.9043 -0.3072 0.2965
vn -0.7575 0.2992 -0.5803
vn 0.8365 0.5159 0.1848
vn 0.8870 0.3449 0.3069
vn -0.2419 -0.1990 -0.9497
vn -0.2420 -0.1983 -0.9498
vn -0.2419 -0.1984 -0.9498
vn -0.8684 0.0303 -0.4950
vn 0.1640 -0.5628 -0.8101
vn 0.1640 -0.5629 -0.8101
vn 0.1647 -0.5637 -0.8094
vn -0.7777 -0.5428 -0.3172
vn -0.7787 -0.5407 -0.3182
vn -0.7787 -0.5405 -0.3185
vn -0.4549 -0.1428 -0.8790
vn -0.4550 -0.1426 -0.8790
vn -0.4550 -0.1410 -0.8792
vn 0.0181 -0.9226 0.3854
vn 0.0146 -0.9204 0.3907
vn 0.0182 -0.9235 0.3831
vn -0.1594 0.9871 0.0175
vn -0.1587 0.9872 0.0170
vn -0.1581 0.9873 0.0173
vn 0.1115 0.8952 -0.4316
vn 0.1104 0.8959 -0.4302
vn 0.1110 0.8954 -0.4312
vn 0.5500 -0.5934 -0.5876
vn 0.6101 -0.5303 -0.5887
vn 0.6365 -0.5922 -0.4941
vn 0.6447 -0.6270 -0.4372
vn 0.6121 -0.5302 -0.5867
vn 0.6245 -0.5081 -0.5932
vn 0.1186 -0.3270 0.9376
vn 0.5718 -0.8202 0.0165
vn 0.2190 -0.0465 -0.9746
vn 0.5603 -0.7782 0.2837
vn 0.5267 -0.4288 0.7340
vn -0.1214 -0.1368 -0.9831
vn 0.5941 -0.3740 0.7121
vn 0.3603 -0.8659 -0.3469
vn 0.5776 -0.4110 0.7053
vn 0.5883 -0.2638 0.7644
vn 0.5942 -0.4082 0.6930
vn -0.1400 -0.0761 -0.9872
vn -0.0569 0.4797 0.8756
vn -0.1523 0.0283 0.9879
vn -0.3600 0.0335 0.9324
vn 0.9819 0.1163 -0.1492
vn 0.9827 0.1331 0.1286
vn 0.6143 -0.0416 -0.7879
vn -0.0414 0.1565 0.9868
vn 0.9829 0.1159 -0.1432
vn 0.9897 0.1350 -0.0479
vn 0.9847 0.1420 0.1010
vn 0.9901 0.1403 -0.0073
vn 0.9897 0.1399 0.0302
vn 0.9898 0.1395 0.0274
vn 0.9898 0.1397 0.0276
vn 0.9217 0.1166 -0.3699
vn -0.2650 -0.1249 -0.9561
vn 0.3244 0.1097 0.9395
vn 0.3250 0.1080 0.9395
vn 0.0324 0.1238 0.9918
vn 0.0322 0.1234 0.9918
vn 0.0326 0.1244 0.9917
vn -0.0103 -0.8367 -0.5475
vn -0.0090 -0.8369 -0.5473
vn -0.0061 -0.8389 -0.5442
vn 0.0302 0.0481 0.9984
vn 0.0304 0.0475 0.9984
vn 0.0306 0.0464 0.9985
vn -0.2501 0.3078 -0.9180
vn -0.2442 0.3059 -0.9202
vn -0.2502 0.3081 -0.9179
vn 0.7947 0.1362 0.5916
vn 0.7947 0.1366 0.5914
vn 0.7948 0.1367 0.5913
vn 0.4745 0.3668 0.8002
vn 0.4742 0.3659 0.8007
vn 0.4743 0.3661 0.8006
vn 0.6213 -0.0533 0.7817
vn 0.6211 -0.0530 0.7819
vn 0.6214 -0.0533 0.7817
vn 0.1619 0.1214 0.9793
vn 0.1619 0.1215 0.9793
vn -0.4341 -0.0024 -0.9009
vn -0.4344 -0.0036 -0.9007
vn -0.4342 -0.0032 -0.9008
vn -0.0445 0.1577 0.9865
vn -0.0448 0.1587 0.9863
vn -0.0448 0.1592 0.9862
vn 0.1149 -0.3373 0.9344
vn 0.0266 -0.4797 0.8770
vn -0.2371 0.0962 -0.9667
vn -0.2307 0.1122 -0.9665
vn 0.0422 -0.0938 0.9947
vn 0.0422 -0.0937 0.9947
vn 0.0423 -0.0939 0.9947
vn 0.6159 -0.1068 0.7806
vn 0.6098 -0.0998 0.7863
vn 0.6084 -0.0982 0.7875
vn 0.1163 -0.0720 0.9906
vn 0.1159 -0.0710 0.9907
vn 0.1160 -0.0713 0.9907
vn 0.6033 -0.0924 0.7921
vn 0.3809 -0.3876 0.8394
vn 0.3390 -0.3132 0.8871
vn 0.3838 -0.3928 0.8357
vn 0.3222 -0.2843 0.9030
vn 0.0295 -0.2601 0.9651
vn 0.6052 -0.1913 0.7727
vn 0.6068 -0.1924 0.7712
vn 0.6054 -0.1901 0.7729
vn 0.6064 -0.1933 0.7713
vn 0.0750 -0.2403 0.9678
vn 0.0750 -0.2404 0.9678
vn 0.6870 -0.1232 0.7162
vn 0.6830 -0.1339 0.7180
vn 0.6230 -0.3175 0.7149
vn 0.3789 -0.3227 0.8674
vn 0.3797 -0.3230 0.8669
vn -0.3710 0.2989 -0.8792
vn -0.3706 0.3003 -0.8789
vn -0.3468 0.1285 -0.9291
vn -0.3469 0.1285 -0.9291
vn 0.0268 -0.2534 0.9670
vn 0.0269 -0.2534 0.9670
vn 0.7110 -0.0107 0.7032
vn 0.3991 -0.4335 0.8080
vn 0.3974 -0.4296 0.8109
vn -0.4184 0.5657 -0.7106
vn -0.4185 0.5598 -0.7152
vn 0.0075 0.0134 -0.9999
vn 0.0076 0.0137 -0.9999
vn 0.0079 0.0139 -0.9999
vn 0.0918 0.0712 -0.9932
vn 0.0917 0.0712 -0.9932
vn 0.0917 0.0711 -0.9932
vn -0.0851 -0.0121 0.9963
vn -0.0240 0.0246 0.9994
vn 0.8279 0.4648 -0.3139
vn 0.4964 0.2548 -0.8299
vn -0.4580 0.7367 -0.4975
vn 0.4599 -0.7367 0.4958
vn -0.4577 0.7367 -0.4977
vn -0.4588 0.7673 -0.4481
vn 0.2538 -0.0065 0.9672
vn -0.4592 0.7586 -0.4622
vn 0.2620 -0.0257 0.9647
vn -0.7283 -0.6805 -0.0802
vn -0.1529 -0.2626 -0.9527
vn -0.0067 -0.1321 -0.9912
vn -0.3850 0.3517 0.8533
vn -0.3844 0.3519 0.8535
vn -0.3846 0.3517 0.8534
vn -0.7364 -0.6762 0.0192
vn 0.8399 0.5428 -0.0014
vn 0.8401 0.5425 -0.0008
vn 0.8399 0.5427 -0.0012
vn 0.3837 -0.3556 -0.8523
vn 0.3836 -0.3557 -0.8523
vn 0.3834 -0.3558 -0.8523
vn 0.6798 -0.5599 0.4737
vn 0.4600 -0.7365 0.4959
vn 0.1903 0.5677 -0.8009
vn 0.1902 0.5680 -0.8007
vn 0.1904 0.5686 -0.8003
vn -0.2276 -0.9116 -0.3423
vn -0.2290 -0.9130 -0.3377
vn -0.2279 -0.9123 -0.3402
vn 0.0090 0.9143 0.4050
vn 0.0089 0.9143 0.4050
vn 0.0075 0.9140 0.4057
vn -0.4184 0.6564 -0.6277
vn 0.4785 -0.8223 0.3080
vn -0.4214 0.6647 -0.6169
vn 0.9917 0.0620 0.1124
vn 0.9916 0.0621 0.1134
vn 0.9919 0.0611 0.1113
vn 0.4778 -0.8205 0.3137
vn 0.4579 -0.8685 0.1899
vn 0.4578 -0.8687 0.1894
vn 0.4579 -0.8686 0.1897
vn 0.1520 -0.3311 -0.9313
vn 0.1521 -0.3308 -0.9314
vn 0.6576 -0.7507 -0.0635
vn 0.6576 -0.7506 -0.0643
vn 0.6576 -0.7506 -0.0645
vn 0.4863 -0.8731 -0.0335
vn 0.4862 -0.8727 -0.0451
vn -0.1328 0.2287 -0.9644
vn -0.1701 0.2967 -0.9397
vn 0.6441 -0.7649 0.0029
vn 0.6444 -0.7647 0.0041
vn 0.6438 -0.7652 0.0024
vn 0.0720 -0.9567 -0.2820
vn 0.0718 -0.9561 -0.2841
vn 0.0719 -0.9571 -0.2806
vn 0.6972 -0.6834 0.2166
vn 0.6970 -0.6836 0.2165
vn 0.6973 -0.6833 0.2166
vn -0.4921 0.8630 0.1143
vn -0.4921 0.8629 0.1149
vn -0.4938 0.8625 0.1111
vn -0.4499 0.7907 0.4152
vn -0.4503 0.7917 0.4129
vn -0.4512 0.7918 0.4117
vn 0.7116 -0.7012 -0.0446
vn -0.7034 0.6904 -0.1691
vn -0.7036 0.6920 -0.1615
vn 0.7115 -0.7014 -0.0418
vn 0.1062 -0.8257 -0.5540
vn 0.1064 -0.8265 -0.5528
vn 0.1061 -0.8255 -0.5543
vn 0.4803 -0.8500 -0.2165
vn 0.4802 -0.8499 -0.2169
vn 0.4802 -0.8500 -0.2166
vn 0.7165 -0.6841 -0.1368
vn 0.7138 -0.6897 -0.1213
vn 0.7197 -0.6782 -0.1485
vn 0.1702 -0.9738 -0.1505
vn 0.1702 -0.9739 -0.1500
vn 0.1701 -0.9737 -0.1515
vn 0.7103 -0.6953 -0.1097
vn -0.0031 -0.9645 -0.2641
vn -0.0031 -0.9645 -0.2642
vn 0.4748 -0.8294 -0.2943
vn 0.4748 -0.8294 -0.2945
vn 0.4748 -0.8294 -0.2944
vn -0.4177 0.6727 0.6107
vn -0.4175 0.6732 0.6103
vn -0.4179 0.6737 0.6095
vn 0.7042 -0.6543 -0.2755
vn 0.7152 -0.6631 -0.2209
vn 0.7156 -0.6652 -0.2130
vn 0.7042 -0.6524 -0.2801
vn 0.0197 -0.9583 -0.2850
vn 0.0200 -0.9584 -0.2847
vn 0.0203 -0.9585 -0.2845
vn 0.4627 -0.7999 -0.3821
vn 0.4628 -0.7995 -0.3829
vn 0.4628 -0.7997 -0.3826
vn 0.7039 -0.6529 -0.2796
vn 0.7027 -0.6520 -0.2850
vn 0.7057 -0.6412 -0.3013
vn 0.7045 -0.6396 -0.3076
vn -0.0770 -0.8829 -0.4632
vn 0.0327 -0.9105 -0.4122
vn 0.0326 -0.9106 -0.4121
vn 0.0326 -0.9105 -0.4121
vn 0.4478 -0.7344 -0.5100
vn 0.4477 -0.7339 -0.5108
vn 0.4478 -0.7340 -0.5106
vn -0.4416 0.7273 0.5254
vn -0.4412 0.7298 0.5223
vn -0.4427 0.7309 0.5194
vn 0.6865 -0.5888 -0.4266
vn 0.6856 -0.5934 -0.4217
vn 0.6868 -0.6080 -0.3984
vn 0.0514 -0.8272 -0.5595
vn 0.0512 -0.8271 -0.5597
vn 0.0514 -0.8272 -0.5596
vn 0.6856 -0.6129 -0.3927
vn 0.4442 -0.7185 -0.5353
vn 0.4441 -0.7179 -0.5361
vn 0.4442 -0.7183 -0.5355
vn 0.6785 -0.5898 -0.4379
vn 0.6796 -0.5847 -0.4431
vn 0.6802 -0.5744 -0.4555
vn 0.0519 -0.7798 -0.6239
vn 0.0520 -0.7798 -0.6238
vn 0.6812 -0.5684 -0.4615
vn -0.0412 -0.7467 -0.6638
vn -0.0412 -0.7467 -0.6639
vn -0.4219 0.6198 0.6617
vn -0.4216 0.6221 0.6598
vn -0.4229 0.6232 0.6579
vn 0.6595 -0.5113 -0.5510
vn 0.6675 -0.5238 -0.5293
vn 0.6681 -0.5265 -0.5257
vn 0.4257 -0.6201 -0.6590
vn 0.4256 -0.6196 -0.6595
vn 0.4256 -0.6197 -0.6593
vn 0.0564 -0.6918 -0.7199
vn 0.0565 -0.6919 -0.7197
vn 0.0566 -0.6920 -0.7197
vn 0.6593 -0.5095 -0.5529
vn 0.4193 -0.5865 -0.6930
vn 0.4193 -0.5860 -0.6934
vn 0.4193 -0.5862 -0.6932
vn 0.6574 -0.4807 -0.5803
vn 0.6567 -0.4933 -0.5705
vn 0.6580 -0.4753 -0.5840
vn 0.6560 -0.4979 -0.5672
vn 0.0575 -0.6411 -0.7653
vn -0.0244 -0.6072 -0.7942
vn -0.0245 -0.6072 -0.7941
vn -0.0244 -0.6071 -0.7942
vn -0.4093 0.5509 0.7273
vn -0.4087 0.5529 0.7261
vn -0.4097 0.5543 0.7245
vn 0.4038 -0.4934 -0.7704
vn 0.4037 -0.4929 -0.7707
vn 0.4038 -0.4930 -0.7706
vn 0.6340 -0.4070 -0.6576
vn 0.6428 -0.4232 -0.6386
vn 0.6454 -0.4279 -0.6327
vn 0.0795 -0.5422 -0.8365
vn 0.0795 -0.5421 -0.8365
vn 0.6320 -0.4043 -0.6611
vn 0.3985 -0.4454 -0.8018
vn 0.3984 -0.4449 -0.8021
vn 0.3985 -0.4451 -0.8020
vn 0.6323 -0.3783 -0.6761
vn 0.6312 -0.3914 -0.6696
vn 0.6333 -0.3725 -0.6783
vn 0.6302 -0.3962 -0.6677
vn 0.0800 -0.5050 -0.8594
vn -0.0605 -0.4361 -0.8979
vn -0.0606 -0.4361 -0.8978
vn -0.0607 -0.4361 -0.8978
vn -0.3902 0.4127 0.8231
vn -0.3902 0.4137 0.8226
vn -0.3906 0.4140 0.8222
vn 0.3872 -0.3622 -0.8478
vn 0.3871 -0.3618 -0.8481
vn 0.3872 -0.3620 -0.8480
vn 0.6179 -0.2956 -0.7285
vn 0.6186 -0.2989 -0.7266
vn 0.6172 -0.3170 -0.7201
vn 0.0198 -0.3964 -0.9178
vn 0.0198 -0.3964 -0.9179
vn 0.0198 -0.3962 -0.9179
vn 0.6180 -0.3210 -0.7177
vn 0.3859 -0.3428 -0.8565
vn 0.3860 -0.3425 -0.8565
vn 0.3859 -0.3429 -0.8565
vn 0.6155 -0.2743 -0.7388
vn 0.6121 -0.2940 -0.7341
vn 0.6140 -0.2698 -0.7418
vn -0.0394 -0.3184 -0.9471
vn -0.0395 -0.3184 -0.9471
vn -0.0393 -0.3185 -0.9471
vn 0.6139 -0.2968 -0.7315
vn 0.0164 -0.3443 -0.9387
vn 0.0164 -0.3440 -0.9388
vn -0.3814 0.4519 0.8065
vn -0.3801 0.4535 0.8061
vn -0.3806 0.4557 0.8047
vn 0.3719 -0.2043 -0.9055
vn 0.3719 -0.2039 -0.9056
vn 0.3719 -0.2040 -0.9056
vn 0.5956 -0.1858 -0.7815
vn 0.6020 -0.2033 -0.7722
vn 0.6055 -0.2100 -0.7676
vn 0.0671 -0.2547 -0.9647
vn 0.0670 -0.2546 -0.9647
vn 0.5928 -0.1814 -0.7847
vn 0.3794 -0.1848 -0.9066
vn 0.3794 -0.1841 -0.9067
vn 0.3794 -0.1843 -0.9067
vn 0.5969 -0.1749 -0.7830
vn 0.5926 -0.1622 -0.7890
vn 0.5901 -0.1576 -0.7918
vn -0.0678 -0.1495 -0.9864
vn 0.0686 -0.2216 -0.9727
vn 0.0686 -0.2215 -0.9727
vn 0.0686 -0.2217 -0.9727
vn 0.5992 -0.1788 -0.7804
vn -0.3176 0.6686 0.6724
vn -0.3162 0.6706 0.6711
vn -0.3166 0.6719 0.6696
vn 0.3766 -0.1250 -0.9179
vn 0.3765 -0.1243 -0.9180
vn 0.3766 -0.1249 -0.9179
vn 0.5917 -0.0801 -0.8021
vn 0.5927 -0.0836 -0.8011
vn 0.5884 -0.1020 -0.8021
vn 0.0137 -0.1115 -0.9937
vn 0.5891 -0.1063 -0.8011
vn 0.4006 -0.0675 -0.9138
vn 0.4006 -0.0672 -0.9138
vn 0.4006 -0.0674 -0.9138
vn 0.5926 -0.0491 -0.8040
vn 0.5878 -0.0715 -0.8058
vn 0.5931 -0.0431 -0.8039
vn -0.0647 -0.0271 -0.9975
vn -0.0648 -0.0271 -0.9975
vn 0.5875 -0.0754 -0.8057
vn 0.0115 -0.0660 -0.9978
vn 0.0116 -0.0658 -0.9978
vn 0.2701 -0.6780 -0.6836
vn 0.2704 -0.6798 -0.6817
vn 0.2683 -0.6822 -0.6802
vn 0.4011 0.0193 -0.9158
vn 0.4012 0.0197 -0.9158
vn 0.4012 0.0198 -0.9158
vn 0.5919 0.0282 -0.8055
vn 0.5903 0.0238 -0.8068
vn 0.5863 0.0099 -0.8100
vn 0.0304 0.0176 -0.9994
vn 0.0304 0.0177 -0.9994
vn 0.5845 0.0049 -0.8114
vn 0.3764 0.0590 -0.9246
vn 0.3764 0.0597 -0.9245
vn 0.3764 0.0592 -0.9246
vn 0.0256 0.0648 -0.9976
vn 0.0257 0.0650 -0.9976
vn 0.0257 0.0649 -0.9976
vn 0.5853 0.0356 -0.8101
vn 0.5867 0.0395 -0.8089
vn 0.5917 0.0595 -0.8040
vn -0.0501 0.1063 -0.9931
vn 0.5933 0.0649 -0.8023
vn 0.3762 0.1485 -0.9145
vn 0.3762 0.1491 -0.9145
vn 0.3762 0.1488 -0.9145
vn -0.3368 -0.6114 0.7161
vn -0.3364 -0.6096 0.7177
vn -0.3378 -0.6078 0.7187
vn 0.5903 0.1224 -0.7978
vn 0.5951 0.1347 -0.7923
vn 0.5881 0.1175 -0.8002
vn 0.5968 0.1390 -0.7902
vn 0.0586 0.1596 -0.9854
vn 0.0586 0.1598 -0.9854
vn 0.0586 0.1594 -0.9855
vn 0.3464 0.1771 -0.9212
vn 0.3465 0.1777 -0.9211
vn 0.3465 0.1774 -0.9211
vn 0.5903 0.1427 -0.7944
vn 0.5909 0.1459 -0.7935
vn 0.5979 0.1659 -0.7842
vn 0.0558 0.1949 -0.9792
vn 0.0558 0.1947 -0.9793
vn 0.0559 0.1950 -0.9792
vn 0.5990 0.1707 -0.7823
vn -0.0478 0.2587 -0.9648
vn -0.0478 0.2588 -0.9647
vn -0.3248 -0.0882 0.9417
vn -0.3242 -0.0872 0.9420
vn -0.3245 -0.0863 0.9420
vn 0.3550 0.2813 -0.8915
vn 0.3549 0.2819 -0.8914
vn 0.3550 0.2816 -0.8915
vn 0.6016 0.2340 -0.7637
vn 0.6088 0.2460 -0.7542
vn 0.6016 0.2297 -0.7651
vn 0.6086 0.2498 -0.7531
vn 0.0377 0.2968 -0.9542
vn 0.3593 0.3055 -0.8818
vn 0.3593 0.3058 -0.8817
vn 0.3593 0.3054 -0.8818
vn 0.6058 0.2584 -0.7525
vn 0.6063 0.2609 -0.7513
vn 0.6139 0.2801 -0.7380
vn 0.0352 0.3437 -0.9384
vn 0.0352 0.3436 -0.9384
vn 0.6150 0.2842 -0.7355
vn -0.0635 0.4028 -0.9131
vn -0.0635 0.4030 -0.9130
vn -0.3771 -0.4701 0.7980
vn -0.3759 -0.4686 0.7994
vn -0.3764 -0.4663 0.8006
vn 0.3713 0.4099 -0.8331
vn 0.3716 0.4102 -0.8329
vn 0.3716 0.4105 -0.8327
vn 0.6274 0.3513 -0.6949
vn 0.6251 0.3478 -0.6987
vn 0.6198 0.3389 -0.7078
vn 0.0170 0.4353 -0.9001
vn 0.0169 0.4355 -0.9001
vn 0.6173 0.3351 -0.7118
vn 0.3755 0.4392 -0.8162
vn 0.3754 0.4397 -0.8159
vn 0.3755 0.4390 -0.8163
vn 0.6238 0.3657 -0.6907
vn 0.6248 0.3681 -0.6886
vn 0.6334 0.3877 -0.6698
vn 0.0105 0.4921 -0.8705
vn 0.0108 0.4925 -0.8703
vn 0.0106 0.4923 -0.8703
vn -0.0829 0.5451 -0.8343
vn -0.0829 0.5451 -0.8342
vn 0.6348 0.3915 -0.6662
vn -0.3990 -0.6108 0.6839
vn -0.3983 -0.6103 0.6848
vn -0.3983 -0.6088 0.6860
vn 0.3905 0.5436 -0.7430
vn 0.3905 0.5439 -0.7427
vn 0.3905 0.5438 -0.7428
vn 0.6502 0.4572 -0.6068
vn 0.6501 0.4537 -0.6095
vn 0.6427 0.4463 -0.6227
vn 0.0237 0.5855 -0.8103
vn 0.0237 0.5856 -0.8103
vn 0.0236 0.5856 -0.8102
vn 0.6423 0.4423 -0.6260
vn 0.3926 0.5576 -0.7314
vn 0.3928 0.5580 -0.7310
vn 0.3927 0.5577 -0.7313
vn 0.6482 0.4658 -0.6023
vn 0.6476 0.4672 -0.6019
vn 0.6570 0.4848 -0.5774
vn 0.0186 0.6360 -0.7714
vn 0.0187 0.6362 -0.7713
vn 0.0186 0.6361 -0.7714
vn -0.0995 0.7006 -0.7066
vn -0.0996 0.7005 -0.7067
vn -0.0996 0.7004 -0.7067
vn 0.6571 0.4878 -0.5747
vn -0.4031 -0.6427 0.6515
vn -0.4019 -0.6419 0.6530
vn -0.4020 -0.6398 0.6550
vn 0.4133 0.6727 -0.6137
vn 0.4132 0.6733 -0.6131
vn 0.4133 0.6730 -0.6134
vn 0.6754 0.5517 -0.4894
vn 0.6750 0.5485 -0.4934
vn 0.6683 0.5440 -0.5074
vn -0.0050 0.7319 -0.6814
vn -0.0051 0.7322 -0.6811
vn -0.0052 0.7324 -0.6808
vn 0.6677 0.5406 -0.5119
vn 0.4172 0.6851 -0.5972
vn 0.4174 0.6855 -0.5966
vn 0.4172 0.6852 -0.5970
vn 0.6740 0.5597 -0.4821
vn 0.6726 0.5611 -0.4824
vn 0.6824 0.5766 -0.4493
vn -0.0159 0.7827 -0.6221
vn -0.0157 0.7834 -0.6213
vn -0.0158 0.7833 -0.6215
vn -0.1098 0.8234 -0.5567
vn -0.1099 0.8232 -0.5571
vn -0.1098 0.8230 -0.5573
vn 0.6820 0.5792 -0.4466
vn 0.6410 0.6747 -0.3660
vn 0.6408 0.6742 -0.3672
vn 0.6404 0.6742 -0.3678
vn 0.3430 0.4387 -0.8306
vn 0.3431 0.4390 -0.8304
vn 0.3432 0.4394 -0.8302
vn 0.6974 0.6243 -0.3519
vn 0.5302 0.5128 -0.6752
vn 0.4650 0.4646 -0.7536
vn 0.0763 0.8770 -0.4744
vn 0.3853 0.4039 -0.8297
vn -0.2617 -0.4727 -0.8415
vn -0.2620 -0.4727 -0.8414
vn -0.2627 -0.4725 -0.8413
vn 0.3217 0.8936 -0.3131
vn 0.3211 0.8940 -0.3124
vn 0.3206 0.8950 -0.3101
vn -0.5444 -0.0962 0.8333
vn -0.4046 -0.3159 0.8582
vn 0.5396 -0.8380 0.0807
vn -0.1194 0.8469 0.5182
vn -0.1203 0.8465 0.5186
vn -0.1209 0.8459 0.5194
vn 0.5787 -0.8155 0.0078
vn -0.5898 -0.7227 -0.3605
vn -0.5899 -0.7232 -0.3592
vn -0.5903 -0.7234 -0.3582
vn -0.7505 -0.0471 0.6592
vn -0.7508 -0.0474 0.6589
vn -0.7509 -0.0475 0.6587
vn 0.2128 0.0474 0.9760
vn 0.2125 0.0475 0.9760
vn -0.3588 -0.9243 0.1304
vn -0.3596 -0.9243 0.1281
vn -0.3593 -0.9242 0.1291
vn 0.5559 -0.7594 0.3380
vn 0.5331 -0.7211 0.4425
vn 0.3945 -0.5264 0.7532
vn 0.3879 -0.5142 0.7649
vn 0.2095 0.7481 -0.6297
vn 0.2091 0.7474 -0.6307
vn 0.2080 0.7472 -0.6312
vn 0.3079 0.9499 -0.0537
vn 0.3333 0.9385 -0.0902
vn 0.3352 0.9377 -0.0918
vn 0.3536 0.9275 -0.1208
vn -0.1349 0.9331 -0.3334
vn -0.1350 0.9332 -0.3329
vn -0.1350 0.9329 -0.3340
vn -0.2407 0.7136 -0.6579
vn -0.2414 0.7140 -0.6572
vn -0.2412 0.7139 -0.6574
vn 0.1714 -0.6589 0.7324
vn 0.1682 -0.6591 0.7330
vn 0.1702 -0.6588 0.7328
vn 0.5408 0.8199 -0.1879
vn 0.5404 0.8199 -0.1889
vn 0.5388 0.8206 -0.1905
vn 0.2794 0.9358 0.2152
vn 0.2919 0.9369 0.1926
vn 0.2907 0.9369 0.1942
vn 0.3046 0.9373 0.1695
vn -0.3333 0.9340 0.1287
vn -0.3334 0.9338 0.1297
vn -0.3056 0.8764 -0.3721
vn -0.3056 0.8764 -0.3723
vn -0.3055 0.8762 -0.3728
vn -0.0440 -0.6648 0.7457
vn -0.0416 -0.6641 0.7464
vn -0.0466 -0.6645 0.7458
vn 0.0268 -0.5555 0.8311
vn 0.0271 -0.5552 0.8313
vn 0.0271 -0.5546 0.8317
vn 0.0177 -0.4775 0.8784
vn 0.0182 -0.4774 0.8785
vn 0.0186 -0.4771 0.8786
vn 0.2445 0.8470 0.4720
vn 0.2661 0.8518 0.4513
vn 0.2778 0.8533 0.4412
vn -0.0257 0.9226 0.3850
vn -0.0257 0.9223 0.3856
vn -0.0257 0.9224 0.3854
vn 0.2923 0.8561 0.4261
vn 0.4241 0.5278 0.7359
vn 0.4240 0.5274 0.7363
vn 0.4324 0.7547 0.4934
vn 0.4331 0.7550 0.4924
vn 0.4334 0.7567 0.4894
vn 0.6315 0.5307 0.5653
vn 0.6328 0.4991 0.5920
vn 0.6483 0.3905 0.6537
vn 0.1930 0.7456 0.6378
vn 0.1796 0.7391 0.6492
vn 0.2187 0.7552 0.6179
vn 0.6461 0.3182 0.6938
vn 0.1536 0.7283 0.6678
vn 0.3905 0.5505 0.7379
vn 0.3902 0.5497 0.7386
vn 0.3905 0.5503 0.7380
vn -0.3635 -0.4115 -0.8358
vn -0.3633 -0.4118 -0.8357
vn -0.3634 -0.4128 -0.8352
vn 0.6551 0.4529 0.6047
vn 0.6581 0.4486 0.6047
vn 0.6544 0.4582 0.6015
vn 0.6594 0.4417 0.6083
vn 0.1473 0.6112 0.7777
vn 0.1179 0.6016 0.7901
vn 0.1599 0.6153 0.7719
vn 0.1030 0.5964 0.7960
vn 0.3677 0.4253 0.8270
vn 0.3677 0.4247 0.8273
vn 0.3678 0.4248 0.8272
vn -0.3042 -0.0802 -0.9492
vn -0.3038 -0.0807 -0.9493
vn -0.3040 -0.0830 -0.9491
vn 0.6329 0.3549 0.6880
vn 0.6325 0.3545 0.6887
vn 0.6332 0.3535 0.6885
vn 0.6329 0.3529 0.6891
vn 0.1013 0.4511 0.8867
vn 0.1041 0.4525 0.8857
vn 0.0996 0.4503 0.8873
vn 0.1058 0.4531 0.8851
vn -0.2017 0.4577 -0.8659
vn 0.3589 0.5954 0.7188
vn -0.2074 0.4274 -0.8800
vn 0.3576 0.4002 0.8438
vn 0.2092 -0.4765 0.8539
vn 0.2092 -0.4759 0.8543
vn 0.2092 -0.4767 0.8538
vn 0.3152 -0.8051 -0.5025
vn 0.3213 -0.7986 -0.5089
vn 0.3147 -0.8031 -0.5060
vn 0.8092 -0.1617 0.5648
vn 0.8092 -0.1614 0.5649
vn 0.8092 -0.1613 0.5650
vn 0.6165 0.2578 0.7440
vn 0.6216 0.2474 0.7433
vn 0.6235 0.2418 0.7435
vn 0.6327 0.2213 0.7421
vn 0.1083 0.2716 0.9563
vn 0.1303 0.2815 0.9507
vn 0.0987 0.2673 0.9586
vn 0.6335 0.1958 0.7486
vn 0.6332 0.1960 0.7488
vn 0.6333 0.1959 0.7487
vn 0.0313 0.0488 0.9983
vn 0.0312 0.0489 0.9983
vn 0.0312 0.0490 0.9983
vn 0.1584 0.0688 0.9850
vn 0.1584 0.0687 0.9850
vn 0.1584 0.0690 0.9850
vn -0.4478 -0.1676 -0.8783
vn -0.4479 -0.1671 -0.8783
vn -0.4478 -0.1684 -0.8781
vn 0.1449 0.2878 0.9467
vn 0.9002 0.1745 0.3990
vn -0.9358 -0.2475 -0.2512
vn 0.9324 0.2442 0.2663
vn 0.9361 0.3516 0.0094
vn 0.8551 0.1096 0.5067
vn 0.8607 0.4345 -0.2653
vn 0.7716 0.0167 0.6359
vn 0.9223 0.2476 0.2969
vn 0.5076 -0.1877 0.8409
vn 0.2723 -0.1142 0.9554
vn 0.9141 0.4019 0.0545
vn -0.6632 0.5436 -0.5145
vn -0.9447 -0.1528 0.2900
vn 0.9204 0.3885 -0.0447
vn 0.9114 0.1490 -0.3835
vn 0.8875 0.0905 -0.4518
vn 0.9128 0.1581 -0.3766
vn 0.3628 -0.4489 -0.8166
vn -0.4383 -0.5635 -0.7003
vn 0.0845 0.7879 0.6099
vn -0.4198 0.3625 0.8321
vn -0.5576 0.1900 0.8080
vn -0.9849 0.1024 -0.1396
vn -0.6996 -0.1073 -0.7064
vn 0.4768 -0.2360 -0.8467
vn -0.0855 -0.2006 -0.9759
vn 0.9944 -0.0681 0.0807
vn 0.9735 -0.0350 0.2259
vn 0.9961 -0.0771 0.0431
vn 0.9913 -0.1034 -0.0816
vn -0.9873 0.1256 0.0971
vn 0.8475 -0.0837 0.5241
vn 0.3496 -0.0540 0.9353
vn -0.3184 0.0021 0.9480
vn -0.9489 0.0727 0.3070
vn 0.9983 -0.0560 -0.0180
vn -0.6171 0.0763 0.7831
vn 0.0912 0.9948 0.0446
vn 0.0909 0.9948 0.0449
vn 0.0151 0.2133 0.9769
vn 0.0152 0.2133 0.9769
vn 0.0158 0.2134 0.9768
vn 0.9876 0.0629 0.1436
vn 0.9914 0.1232 0.0437
vn 0.9855 0.0519 0.1615
vn 0.9683 -0.0029 0.2496
vn 0.8429 0.1430 0.5187
vn 0.8434 0.1441 0.5177
vn 0.8426 0.1422 0.5194
vn 0.8422 0.1411 0.5204
vn 0.9386 0.2907 0.1856
vn 0.9386 0.2908 0.1856
vn 0.9387 0.2928 0.1821
vn 0.9386 0.2885 0.1892
vn 0.6482 0.1435 0.7479
vn 0.6473 0.1421 0.7489
vn 0.6485 0.1444 0.7474
vn 0.6492 0.1456 0.7465
vn 0.8785 0.4633 0.1167
vn 0.8785 0.4632 0.1168
vn 0.8784 0.4634 0.1167
vn 0.8944 0.4129 0.1718
vn 0.8944 0.4128 0.1719
vn 0.8222 0.2820 0.4944
vn 0.8219 0.2807 0.4958
vn 0.8219 0.2790 0.4967
vn 0.8224 0.2836 0.4931
vn 0.8413 0.5198 0.1486
vn 0.8412 0.5198 0.1486
vn 0.4487 0.1315 0.8840
vn 0.4476 0.1293 0.8848
vn 0.4494 0.1340 0.8832
vn 0.4504 0.1356 0.8825
vn 0.7846 0.4004 0.4733
vn 0.7844 0.4034 0.4712
vn 0.7843 0.4052 0.4698
vn 0.7850 0.3986 0.4742
vn 0.6354 0.2517 0.7300
vn 0.6351 0.2521 0.7301
vn 0.6348 0.2506 0.7309
vn 0.6352 0.2502 0.7307
vn 0.7485 0.4829 0.4546
vn 0.7493 0.4792 0.4570
vn 0.7496 0.4777 0.4581
vn 0.7480 0.4845 0.4536
vn 0.7811 0.6141 0.1128
vn 0.7809 0.6144 0.1129
vn 0.7810 0.6142 0.1128
vn 0.7814 0.6133 0.1157
vn 0.7813 0.6133 0.1158
vn 0.7813 0.6133 0.1157
vn 0.2646 0.1137 0.9576
vn 0.2645 0.1116 0.9579
vn 0.2664 0.1210 0.9562
vn 0.1090 0.1069 0.9883
vn 0.1073 0.0996 0.9892
vn 0.1056 0.0990 0.9895
vn 0.1120 0.0961 0.9890
vn 0.2664 0.1225 0.9560
vn 0.5795 0.4066 0.7064
vn 0.5781 0.4078 0.7067
vn 0.5786 0.4074 0.7066
vn 0.6071 0.3430 0.7168
vn 0.6071 0.3426 0.7170
vn 0.6065 0.3412 0.7182
vn 0.6076 0.3447 0.7156
vn 0.4400 0.2090 0.8733
vn 0.4403 0.2103 0.8729
vn 0.4397 0.2077 0.8738
vn 0.4395 0.2066 0.8742
vn 0.5800 0.4062 0.7061
vn 0.6910 0.5744 0.4388
vn 0.6910 0.5746 0.4385
vn 0.6909 0.5738 0.4398
vn 0.6913 0.5749 0.4377
vn 0.4201 0.2745 0.8650
vn 0.4202 0.2718 0.8658
vn 0.4203 0.2712 0.8659
vn 0.4199 0.2753 0.8648
vn 0.6002 0.6868 0.4099
vn 0.5988 0.6870 0.4116
vn 0.5993 0.6865 0.4118
vn 0.6628 0.7421 0.0995
vn 0.6625 0.7424 0.0997
vn 0.6684 0.7351 0.1139
vn 0.6687 0.7349 0.1134
vn 0.6684 0.7351 0.1138
vn 0.1117 0.1227 0.9861
vn 0.1009 0.1415 0.9848
vn 0.1026 0.1379 0.9851
vn 0.2597 0.1664 0.9513
vn 0.2594 0.1638 0.9518
vn 0.2592 0.1628 0.9520
vn 0.1099 0.1217 0.9865
vn 0.2598 0.1678 0.9510
vn 0.4022 0.3154 0.8595
vn 0.4024 0.3148 0.8596
vn 0.4017 0.3179 0.8588
vn 0.4016 0.3184 0.8587
vn 0.5385 0.4815 0.6915
vn 0.5387 0.4806 0.6919
vn 0.5383 0.4829 0.6907
vn 0.5381 0.4835 0.6905
vn 0.2463 0.2050 0.9473
vn 0.2462 0.2069 0.9469
vn 0.2469 0.1995 0.9483
vn 0.0986 0.1463 0.9843
vn 0.0985 0.1520 0.9835
vn 0.1025 0.1349 0.9855
vn 0.2469 0.1982 0.9486
vn 0.5997 0.6874 0.4096
vn 0.5361 0.8407 0.0765
vn 0.5356 0.8411 0.0753
vn 0.5316 0.8443 0.0673
vn 0.5405 0.8370 0.0851
vn 0.2356 0.2249 0.9455
vn 0.2343 0.2293 0.9447
vn 0.2341 0.2294 0.9448
vn 0.2359 0.2245 0.9455
vn 0.0902 0.1613 0.9828
vn 0.0929 0.1599 0.9828
vn 0.2194 0.2580 0.9409
vn 0.2227 0.2552 0.9409
vn 0.2183 0.2587 0.9410
vn 0.3754 0.3693 0.8501
vn 0.3752 0.3707 0.8496
vn 0.3753 0.3725 0.8488
vn 0.3753 0.3673 0.8510
vn 0.3880 0.9215 0.0200
vn 0.3881 0.9214 0.0205
vn 0.3879 0.9215 0.0199
vn 0.4411 0.8946 0.0715
vn 0.4413 0.8945 0.0714
vn 0.4704 0.5704 0.6733
vn 0.4706 0.5707 0.6729
vn 0.4704 0.5710 0.6728
vn 0.4702 0.5707 0.6733
vn 0.4848 0.7831 0.3895
vn 0.4848 0.7837 0.3884
vn 0.4847 0.7835 0.3888
vn 0.4848 0.7830 0.3898
vn 0.0887 0.1658 0.9822
vn 0.2242 0.2540 0.9409
vn 0.3435 0.9376 0.0546
vn 0.3436 0.9375 0.0547
vn 0.3920 0.8398 0.3757
vn 0.3898 0.8416 0.3737
vn 0.3886 0.8427 0.3726
vn 0.3933 0.8386 0.3770
vn 0.3290 0.4346 0.8384
vn 0.3289 0.4354 0.8380
vn 0.3286 0.4353 0.8382
vn 0.3293 0.4347 0.8382
vn 0.3818 0.6509 0.6562
vn 0.3812 0.6509 0.6565
vn 0.3824 0.6492 0.6575
vn 0.3829 0.6492 0.6572
vn 0.2689 0.4901 0.8291
vn 0.2670 0.4905 0.8295
vn 0.2700 0.4898 0.8290
vn 0.2372 0.9710 0.0290
vn 0.2372 0.9710 0.0291
vn 0.1103 0.9916 0.0672
vn 0.2472 0.9680 0.0420
vn 0.2473 0.9680 0.0420
vn 0.3184 0.8745 0.3659
vn 0.3208 0.8727 0.3680
vn 0.3225 0.8715 0.3695
vn 0.3168 0.8758 0.3641
vn 0.3100 0.6963 0.6474
vn 0.3115 0.6946 0.6484
vn 0.3120 0.6942 0.6487
vn 0.3094 0.6968 0.6471
vn 0.0805 0.1779 0.9808
vn 0.0812 0.1767 0.9809
vn 0.0805 0.1770 0.9809
vn 0.1939 0.2973 0.9349
vn 0.1937 0.2960 0.9354
vn 0.1938 0.2970 0.9350
vn 0.1940 0.2981 0.9346
vn 0.0799 0.1781 0.9808
vn 0.2657 0.4908 0.8298
vn 0.1000 0.9304 0.3525
vn 0.1008 0.9307 0.3517
vn 0.0983 0.9300 0.3541
vn 0.2236 0.9055 0.3606
vn 0.2236 0.9053 0.3611
vn 0.2242 0.9051 0.3613
vn 0.1024 0.9311 0.3502
vn 0.2243 0.9053 0.3608
vn 0.2502 0.7252 0.6414
vn 0.2492 0.7262 0.6408
vn 0.2488 0.7266 0.6405
vn 0.2510 0.7246 0.6418
vn 0.2156 0.5235 0.8243
vn 0.2144 0.5250 0.8237
vn 0.2184 0.5203 0.8256
vn 0.2193 0.5191 0.8261
vn 0.0662 0.1922 0.9791
vn 0.0557 0.1949 0.9792
vn 0.0672 0.1910 0.9793
vn 0.0470 0.2060 0.9774
vn 0.1557 0.3330 0.9300
vn 0.1547 0.3353 0.9293
vn 0.1578 0.3297 0.9308
vn 0.1585 0.3279 0.9313
vn 0.0557 0.5806 0.8123
vn 0.0568 0.5786 0.8137
vn 0.0553 0.5800 0.8127
vn 0.0791 0.7726 0.6299
vn 0.0804 0.7736 0.6286
vn 0.0789 0.7733 0.6291
vn 0.1775 0.7520 0.6348
vn 0.1761 0.7532 0.6338
vn 0.1759 0.7527 0.6344
vn 0.0806 0.7729 0.6294
vn 0.1777 0.7524 0.6342
vn 0.1772 0.5414 0.8219
vn 0.1752 0.5433 0.8211
vn 0.1744 0.5438 0.8209
vn 0.1782 0.5405 0.8223
vn 0.1257 0.5653 0.8152
vn 0.1217 0.5644 0.8165
vn 0.1237 0.5650 0.8158
vn 0.1243 0.3515 0.9279
vn 0.1294 0.3470 0.9289
vn 0.1298 0.3469 0.9289
vn 0.0518 0.1997 0.9785
vn 0.1235 0.3519 0.9279
vn 0.0542 0.5823 0.8111
vn 0.1279 0.5661 0.8144
vn 0.0305 0.2095 0.9773
vn 0.0291 0.2084 0.9776
vn 0.1043 0.3604 0.9269
vn 0.1016 0.3624 0.9265
vn 0.1013 0.3625 0.9265
vn 0.1048 0.3602 0.9270
vn 0.0302 0.3825 0.9234
vn 0.0327 0.3833 0.9230
vn 0.0293 0.3825 0.9235
vn 0.0245 0.2115 0.9771
vn 0.0334 0.3832 0.9231
vn 0.0779 0.3713 0.9253
vn 0.0722 0.3751 0.9242
vn 0.0715 0.3748 0.9243
vn 0.0791 0.3713 0.9251
vn -0.9659 0.1312 0.2233
vn -0.9649 0.1329 0.2266
vn -0.9654 0.1322 0.2249
vn -0.0910 0.9948 0.0450
vn -0.0913 0.9948 0.0447
vn -0.1077 0.1072 0.9884
vn -0.1094 0.1000 0.9890
vn -0.1121 0.0962 0.9890
vn -0.1073 0.0978 0.9894
vn -0.2646 0.1208 0.9568
vn -0.2644 0.1224 0.9566
vn -0.2674 0.1138 0.9568
vn -0.2679 0.1113 0.9570
vn -0.1023 0.1356 0.9855
vn -0.1014 0.1413 0.9848
vn -0.1011 0.1480 0.9838
vn -0.1102 0.1221 0.9864
vn -0.1100 0.1218 0.9864
vn -0.2596 0.1667 0.9512
vn -0.2594 0.1647 0.9516
vn -0.2598 0.1679 0.9509
vn -0.4486 0.1336 0.8837
vn -0.4477 0.1354 0.8839
vn -0.4496 0.1312 0.8835
vn -0.4510 0.1291 0.8831
vn -0.0991 0.1431 0.9847
vn -0.2475 0.1970 0.9486
vn -0.2467 0.2067 0.9468
vn -0.2468 0.2045 0.9472
vn -0.2592 0.1638 0.9518
vn -0.0906 0.1664 0.9819
vn -0.0931 0.1558 0.9834
vn -0.0926 0.1598 0.9828
vn -0.0957 0.1519 0.9838
vn -0.6478 0.1449 0.7479
vn -0.6469 0.1462 0.7485
vn -0.6484 0.1437 0.7476
vn -0.6494 0.1421 0.7470
vn -0.2477 0.1952 0.9490
vn -0.4394 0.2083 0.8738
vn -0.4406 0.2077 0.8734
vn -0.4396 0.2084 0.8737
vn -0.4382 0.2092 0.8742
vn -0.2330 0.2310 0.9446
vn -0.2327 0.2316 0.9446
vn -0.2363 0.2265 0.9449
vn -0.2368 0.2256 0.9450
vn -0.0895 0.1655 0.9821
vn -0.9384 0.2915 0.1857
vn -0.9378 0.2924 0.1872
vn -0.9361 0.2958 0.1903
vn -0.8411 0.1451 0.5210
vn -0.8420 0.1453 0.5196
vn -0.8424 0.1434 0.5194
vn -0.8416 0.1434 0.5207
vn -0.9664 0.1305 0.2215
vn -0.4207 0.2718 0.8655
vn -0.4183 0.2752 0.8656
vn -0.4184 0.2759 0.8654
vn -0.4014 0.3180 0.8589
vn -0.4027 0.3141 0.8597
vn -0.4023 0.3143 0.8599
vn -0.4206 0.2714 0.8657
vn -0.6358 0.2504 0.7302
vn -0.6354 0.2503 0.7305
vn -0.6350 0.2510 0.7306
vn -0.6354 0.2512 0.7302
vn -0.4012 0.3179 0.8591
vn -0.2199 0.2586 0.9406
vn -0.2189 0.2593 0.9407
vn -0.2230 0.2558 0.9407
vn -0.2244 0.2547 0.9406
vn -0.3751 0.3686 0.8505
vn -0.3747 0.3703 0.8500
vn -0.3750 0.3665 0.8515
vn -0.6075 0.3425 0.7167
vn -0.6070 0.3429 0.7169
vn -0.6055 0.3440 0.7177
vn -0.6088 0.3417 0.7160
vn -0.0802 0.1785 0.9807
vn -0.0784 0.1785 0.9808
vn -0.0786 0.1786 0.9808
vn -0.0800 0.1784 0.9807
vn -0.1942 0.2972 0.9349
vn -0.1942 0.2962 0.9352
vn -0.9402 0.2877 0.1825
vn -0.8209 0.2829 0.4961
vn -0.8209 0.2827 0.4962
vn -0.8205 0.2833 0.4964
vn -0.8206 0.2838 0.4960
vn -0.5788 0.4075 0.7063
vn -0.5795 0.4068 0.7062
vn -0.5801 0.4063 0.7060
vn -0.5783 0.4080 0.7065
vn -0.3748 0.3721 0.8491
vn -0.7838 0.4031 0.4724
vn -0.7827 0.4045 0.4731
vn -0.7856 0.4010 0.4713
vn -0.7865 0.3995 0.4710
vn -0.8943 0.4129 0.1721
vn -0.8944 0.4129 0.1722
vn -0.8943 0.4130 0.1721
vn -0.8784 0.4635 0.1168
vn -0.8783 0.4636 0.1168
vn -0.8784 0.4634 0.1168
vn -0.1942 0.2980 0.9346
vn -0.0646 0.1914 0.9794
vn -0.0588 0.1968 0.9787
vn -0.0539 0.2019 0.9779
vn -0.0666 0.1908 0.9794
vn -0.7502 0.4792 0.4556
vn -0.7474 0.4824 0.4568
vn -0.7463 0.4838 0.4572
vn -0.8415 0.5195 0.1484
vn -0.8414 0.5196 0.1484
vn -0.7512 0.4781 0.4551
vn -0.6911 0.5754 0.4374
vn -0.6912 0.5747 0.4381
vn -0.6908 0.5757 0.4375
vn -0.5380 0.4825 0.6912
vn -0.5375 0.4829 0.6913
vn -0.5391 0.4819 0.6908
vn -0.5395 0.4814 0.6908
vn -0.0490 0.2008 0.9784
vn -0.3290 0.4345 0.8384
vn -0.3289 0.4345 0.8385
vn -0.3291 0.4345 0.8384
vn -0.3293 0.4344 0.8384
vn -0.1580 0.3305 0.9305
vn -0.1552 0.3315 0.9306
vn -0.1528 0.3316 0.9310
vn -0.1295 0.3468 0.9290
vn -0.1234 0.3517 0.9279
vn -0.1243 0.3514 0.9279
vn -0.2677 0.4912 0.8289
vn -0.2686 0.4893 0.8297
vn -0.2670 0.4926 0.8283
vn -0.1600 0.3304 0.9302
vn -0.6913 0.5748 0.4378
vn -0.7805 0.6144 0.1157
vn -0.7804 0.6145 0.1155
vn -0.7806 0.6142 0.1158
vn -0.7806 0.6143 0.1154
vn -0.7806 0.6142 0.1155
vn -0.7806 0.6143 0.1153
vn -0.0244 0.2128 0.9768
vn -0.0314 0.2066 0.9779
vn -0.0282 0.2100 0.9773
vn -0.0411 0.2047 0.9780
vn -0.1026 0.3619 0.9266
vn -0.1056 0.3596 0.9271
vn -0.1051 0.3600 0.9270
vn -0.1299 0.3467 0.9289
vn -0.4698 0.5711 0.6732
vn -0.4702 0.5713 0.6727
vn -0.4703 0.5711 0.6728
vn -0.4698 0.5709 0.6733
vn -0.2691 0.4881 0.8302
vn -0.0165 0.2132 0.9769
vn -0.0159 0.2134 0.9768
vn -0.0161 0.2135 0.9768
vn -0.0166 0.2133 0.9769
vn -0.0242 0.2117 0.9770
vn -0.1023 0.3621 0.9265
vn -0.2183 0.5216 0.8248
vn -0.2146 0.5221 0.8254
vn -0.2130 0.5225 0.8256
vn -0.2198 0.5214 0.8245
vn -0.1747 0.5432 0.8212
vn -0.1771 0.5409 0.8222
vn -0.1763 0.5418 0.8218
vn -0.6631 0.7419 0.0997
vn -0.6628 0.7421 0.0999
vn -0.6007 0.6867 0.4095
vn -0.6003 0.6862 0.4107
vn -0.6000 0.6868 0.4103
vn -0.6690 0.7342 0.1158
vn -0.6690 0.7341 0.1159
vn -0.6004 0.6870 0.4094
vn -0.4851 0.7829 0.3895
vn -0.4850 0.7833 0.3890
vn -0.4850 0.7836 0.3884
vn -0.3828 0.6500 0.6565
vn -0.3811 0.6501 0.6574
vn -0.3809 0.6508 0.6568
vn -0.3830 0.6495 0.6569
vn -0.0322 0.3824 0.9234
vn -0.0298 0.3840 0.9229
vn -0.0329 0.3823 0.9235
vn -0.0288 0.3842 0.9228
vn -0.0719 0.3736 0.9248
vn -0.0787 0.3736 0.9243
vn -0.0800 0.3730 0.9244
vn -0.0713 0.3740 0.9247
vn -0.1742 0.5438 0.8209
vn -0.3119 0.6950 0.6478
vn -0.3126 0.6948 0.6477
vn -0.3100 0.6954 0.6483
vn -0.2497 0.7259 0.6409
vn -0.2510 0.7246 0.6418
vn -0.2507 0.7250 0.6415
vn -0.3094 0.6955 0.6485
vn -0.5357 0.8411 0.0754
vn -0.5353 0.8413 0.0750
vn -0.5401 0.8373 0.0849
vn -0.5311 0.8447 0.0661
vn -0.4850 0.7827 0.3900
vn -0.0791 0.7727 0.6298
vn -0.0789 0.7733 0.6291
vn -0.0803 0.7735 0.6286
vn -0.0557 0.5805 0.8124
vn -0.0557 0.5797 0.8129
vn -0.0567 0.5785 0.8137
vn -0.0547 0.5819 0.8114
vn -0.1237 0.5648 0.8159
vn -0.1256 0.5650 0.8155
vn -0.1278 0.5657 0.8146
vn -0.1218 0.5642 0.8166
vn -0.2494 0.7262 0.6407
vn -0.1759 0.7533 0.6337
vn -0.1776 0.7524 0.6343
vn -0.1772 0.7522 0.6346
vn -0.3886 0.9212 0.0196
vn -0.3886 0.9212 0.0199
vn -0.3893 0.8412 0.3753
vn -0.3921 0.8405 0.3739
vn -0.3937 0.8402 0.3729
vn -0.4413 0.8946 0.0704
vn -0.4414 0.8945 0.0703
vn -0.3877 0.8416 0.3761
vn -0.3204 0.8729 0.3680
vn -0.3164 0.8760 0.3641
vn -0.3181 0.8746 0.3659
vn -0.0804 0.7729 0.6294
vn -0.1756 0.7532 0.6339
vn -0.3441 0.9374 0.0544
vn -0.3442 0.9373 0.0545
vn -0.3220 0.8714 0.3700
vn -0.1010 0.9304 0.3525
vn -0.1003 0.9307 0.3517
vn -0.1024 0.9296 0.3540
vn -0.2371 0.9711 0.0292
vn -0.0988 0.9316 0.3499
vn -0.2467 0.9682 0.0421
vn -0.2468 0.9682 0.0420
vn -0.1102 0.9916 0.0671
vn -0.2241 0.9054 0.3606
vn -0.2233 0.9053 0.3613
vn -0.2234 0.9055 0.3608
vn -0.2241 0.9052 0.3612
vn -0.0000 0.2140 0.9768
vn -0.0000 0.2141 0.9768
vn 0.0001 0.3841 0.9233
vn -0.0000 0.3842 0.9233
vn -0.0000 0.3841 0.9233
vn -0.0000 0.5817 0.8134
vn -0.0001 0.5817 0.8134
vn -0.0000 0.5816 0.8135
vn -0.0001 0.7779 0.6284
vn -0.0000 0.7780 0.6283
vn -0.0000 0.9350 0.3547
vn 0.0001 0.9350 0.3547
vn -0.0001 0.9988 0.0494
vn -0.0000 0.9988 0.0494
vn -0.0001 0.9988 0.0496
vn -0.9687 0.1203 0.2173
vn -0.0932 0.9947 0.0434
vn -0.0926 0.9947 0.0453
vn -0.0930 0.9947 0.0444
vn -0.0937 0.9947 0.0427
vn -0.0832 0.9319 0.3530
vn -0.0826 0.9319 0.3532
vn -0.0840 0.9321 0.3523
vn -0.0846 0.9321 0.3521
vn -0.2322 0.9717 0.0437
vn -0.2326 0.9716 0.0432
vn -0.2362 0.9709 0.0384
vn -0.2285 0.9723 0.0485
vn -0.0656 0.7739 0.6299
vn -0.0646 0.7741 0.6297
vn -0.0676 0.7749 0.6285
vn -0.0685 0.7748 0.6285
vn -0.3878 0.9215 0.0201
vn -0.3878 0.9215 0.0200
vn -0.3880 0.9214 0.0207
vn -0.3394 0.9388 0.0587
vn -0.2072 0.9103 0.3584
vn -0.2071 0.9103 0.3584
vn -0.2062 0.9101 0.3595
vn -0.2081 0.9105 0.3572
vn -0.4387 0.8960 0.0692
vn -0.4389 0.8959 0.0691
vn -0.0454 0.5794 0.8137
vn -0.0436 0.5786 0.8144
vn -0.0478 0.5803 0.8130
vn -0.0495 0.5809 0.8125
vn -0.3137 0.8757 0.3670
vn -0.3161 0.8754 0.3657
vn -0.3181 0.8753 0.3642
vn -0.3116 0.8759 0.3684
vn -0.1655 0.7570 0.6321
vn -0.1656 0.7566 0.6325
vn -0.1645 0.7566 0.6329
vn -0.1644 0.7570 0.6324
vn -0.3901 0.8416 0.3736
vn -0.3875 0.8422 0.3749
vn -0.3861 0.8426 0.3756
vn -0.3916 0.8412 0.3729
vn -0.5312 0.8447 0.0653
vn -0.5306 0.8449 0.0675
vn -0.5307 0.8448 0.0678
vn -0.4756 0.7887 0.3896
vn -0.4755 0.7889 0.3893
vn -0.4754 0.7893 0.3885
vn -0.0236 0.3831 0.9234
vn -0.0213 0.3820 0.9239
vn -0.0281 0.3841 0.9229
vn -0.0138 0.2136 0.9768
vn -0.0106 0.2142 0.9767
vn -0.0041 0.2145 0.9767
vn -0.0127 0.2128 0.9770
vn -0.0300 0.3850 0.9224
vn -0.2482 0.7271 0.6401
vn -0.2464 0.7272 0.6407
vn -0.2453 0.7272 0.6411
vn -0.2495 0.7270 0.6398
vn -0.1167 0.5674 0.8151
vn -0.1176 0.5676 0.8149
vn -0.1153 0.5674 0.8154
vn -0.1147 0.5673 0.8155
vn -0.0679 0.3774 0.9236
vn -0.0696 0.3761 0.9240
vn -0.0676 0.3774 0.9236
vn -0.3086 0.6961 0.6483
vn -0.3082 0.6962 0.6483
vn -0.3099 0.6958 0.6480
vn -0.3101 0.6957 0.6480
vn -0.4757 0.7882 0.3905
vn -0.1761 0.5440 0.8204
vn -0.1720 0.5443 0.8211
vn -0.1705 0.5445 0.8212
vn -0.1779 0.5439 0.8201
vn -0.6648 0.7407 0.0967
vn -0.6648 0.7407 0.0966
vn -0.6648 0.7408 0.0966
vn -0.6545 0.7477 0.1118
vn -0.0259 0.2135 0.9766
vn -0.0346 0.2063 0.9779
vn -0.0330 0.2073 0.9777
vn -0.0268 0.2110 0.9771
vn -0.0703 0.3756 0.9241
vn -0.2138 0.5225 0.8254
vn -0.2126 0.5228 0.8255
vn -0.2168 0.5221 0.8249
vn -0.2180 0.5220 0.8246
vn -0.3753 0.6556 0.6552
vn -0.3762 0.6554 0.6550
vn -0.3781 0.6553 0.6540
vn -0.2628 0.4922 0.8299
vn -0.2611 0.4953 0.8286
vn -0.2635 0.4918 0.8298
vn -0.3732 0.6557 0.6564
vn -0.1080 0.3612 0.9262
vn -0.1098 0.3608 0.9262
vn -0.1004 0.3626 0.9265
vn -0.0483 0.2011 0.9784
vn -0.0532 0.2019 0.9779
vn -0.0368 0.2061 0.9778
vn -0.0993 0.3630 0.9265
vn -0.5858 0.6996 0.4092
vn -0.5866 0.6993 0.4085
vn -0.5856 0.6996 0.4093
vn -0.5849 0.6999 0.4100
vn -0.7755 0.6194 0.1219
vn -0.7765 0.6185 0.1200
vn -0.7808 0.6141 0.1146
vn -0.7709 0.6241 0.1275
vn -0.0649 0.1920 0.9792
vn -0.1240 0.3497 0.9286
vn -0.1237 0.3502 0.9285
vn -0.1286 0.3478 0.9287
vn -0.0612 0.1947 0.9789
vn -0.1289 0.3476 0.9288
vn -0.1556 0.3300 0.9311
vn -0.1517 0.3356 0.9297
vn -0.1566 0.3288 0.9313
vn -0.2602 0.4959 0.8285
vn -0.8784 0.4635 0.1166
vn -0.8783 0.4636 0.1165
vn -0.8785 0.4634 0.1166
vn -0.8392 0.5227 0.1501
vn -0.8392 0.5226 0.1501
vn -0.4612 0.5824 0.6695
vn -0.4619 0.5824 0.6689
vn -0.4615 0.5822 0.6694
vn -0.4616 0.5827 0.6689
vn -0.6850 0.5836 0.4362
vn -0.6842 0.5837 0.4371
vn -0.6847 0.5836 0.4366
vn -0.6854 0.5834 0.4357
vn -0.1503 0.3374 0.9293
vn -0.0676 0.1906 0.9793
vn -0.8934 0.4172 0.1663
vn -0.8934 0.4172 0.1664
vn -0.8934 0.4172 0.1665
vn -0.7463 0.4847 0.4563
vn -0.7489 0.4819 0.4549
vn -0.7500 0.4806 0.4545
vn -0.7451 0.4860 0.4568
vn -0.1902 0.3027 0.9339
vn -0.1903 0.3018 0.9342
vn -0.1899 0.3014 0.9344
vn -0.3219 0.4404 0.8381
vn -0.3216 0.4405 0.8382
vn -0.3221 0.4403 0.8381
vn -0.3223 0.4403 0.8380
vn -0.5354 0.4891 0.6886
vn -0.5346 0.4895 0.6889
vn -0.5333 0.4899 0.6897
vn -0.5366 0.4883 0.6882
vn -0.9392 0.2966 0.1728
vn -0.9392 0.2968 0.1726
vn -0.9393 0.2962 0.1730
vn -0.9574 0.1535 0.2447
vn -0.9574 0.1534 0.2448
vn -0.9574 0.1537 0.2445
vn -0.9333 0.3090 0.1831
vn -0.9333 0.3090 0.1830
vn -0.9332 0.3091 0.1831
vn -0.7836 0.4053 0.4709
vn -0.7811 0.4088 0.4720
vn -0.7796 0.4106 0.4729
vn -0.7850 0.4034 0.4702
vn -0.8159 0.3016 0.4934
vn -0.8157 0.3016 0.4936
vn -0.8160 0.3020 0.4930
vn -0.5785 0.4090 0.7057
vn -0.5792 0.4085 0.7055
vn -0.5776 0.4100 0.7059
vn -0.5770 0.4105 0.7062
vn -0.0782 0.1806 0.9804
vn -0.0783 0.1783 0.9809
vn -0.0783 0.1787 0.9808
vn -0.0781 0.1810 0.9804
vn -0.1906 0.3032 0.9337
vn -0.4024 0.3157 0.8593
vn -0.4015 0.3203 0.8580
vn -0.4016 0.3195 0.8583
vn -0.3732 0.3743 0.8489
vn -0.3736 0.3735 0.8491
vn -0.3712 0.3754 0.8493
vn -0.3708 0.3760 0.8492
vn -0.8405 0.1635 0.5165
vn -0.8405 0.1640 0.5163
vn -0.8393 0.1616 0.5191
vn -0.8418 0.1659 0.5136
vn -0.8161 0.3019 0.4928
vn -0.6058 0.3452 0.7168
vn -0.6054 0.3459 0.7168
vn -0.6065 0.3454 0.7162
vn -0.6046 0.3458 0.7175
vn -0.4026 0.3147 0.8596
vn -0.0906 0.1672 0.9818
vn -0.0946 0.1531 0.9837
vn -0.0927 0.1519 0.9840
vn -0.0890 0.1653 0.9822
vn -0.2210 0.2604 0.9399
vn -0.2239 0.2592 0.9395
vn -0.2191 0.2620 0.9399
vn -0.2167 0.2627 0.9402
vn -0.2356 0.2251 0.9454
vn -0.2336 0.2317 0.9443
vn -0.2338 0.2313 0.9444
vn -0.6471 0.1570 0.7461
vn -0.6477 0.1577 0.7454
vn -0.6473 0.1567 0.7459
vn -0.6475 0.1580 0.7455
vn -0.6303 0.2660 0.7293
vn -0.6319 0.2639 0.7287
vn -0.6316 0.2632 0.7293
vn -0.6306 0.2664 0.7290
vn -0.4184 0.2760 0.8653
vn -0.4189 0.2752 0.8653
vn -0.4188 0.2752 0.8654
vn -0.4185 0.2761 0.8652
vn -0.4376 0.2192 0.8721
vn -0.4370 0.2138 0.8737
vn -0.4370 0.2151 0.8734
vn -0.0970 0.1488 0.9841
vn -0.1007 0.1442 0.9844
vn -0.0946 0.1529 0.9837
vn -0.2360 0.2243 0.9455
vn -0.4489 0.1419 0.8822
vn -0.4491 0.1435 0.8819
vn -0.4482 0.1407 0.8828
vn -0.4496 0.1445 0.8815
vn -0.4376 0.2210 0.8716
vn -0.1011 0.1317 0.9861
vn -0.1026 0.1312 0.9860
vn -0.2455 0.2023 0.9481
vn -0.2462 0.2013 0.9481
vn -0.2467 0.2009 0.9480
vn -0.2450 0.2028 0.9481
vn -0.1086 0.1087 0.9881
vn -0.1076 0.1099 0.9881
vn -0.1095 0.1062 0.9883
vn -0.2653 0.1232 0.9563
vn -0.2664 0.1268 0.9555
vn -0.2652 0.1218 0.9565
vn -0.1107 0.1046 0.9883
vn -0.2665 0.1279 0.9553
vn -0.1080 0.1209 0.9868
vn -0.2559 0.1730 0.9511
vn -0.2591 0.1675 0.9512
vn -0.2600 0.1660 0.9512
vn -0.2546 0.1751 0.9511
vn 0.9914 -0.0118 -0.1302
vn 0.9914 -0.0114 -0.1301
vn 0.9914 -0.0115 -0.1301
vn 0.1085 -0.0757 -0.9912
vn 0.1081 -0.0760 -0.9912
vn 0.1083 -0.0749 -0.9913
vn 0.0892 0.9147 -0.3942
vn 0.0889 0.9148 -0.3941
vn 0.0895 0.9149 -0.3936
vn 0.0898 0.9148 -0.3937
vn 0.0771 0.7684 -0.6353
vn 0.0763 0.7681 -0.6358
vn 0.0777 0.7687 -0.6349
vn 0.0785 0.7691 -0.6343
vn 0.2236 0.8946 -0.3870
vn 0.2239 0.8947 -0.3866
vn 0.2275 0.8956 -0.3822
vn 0.2198 0.8934 -0.3919
vn 0.0590 0.5769 -0.8147
vn 0.0573 0.5756 -0.8157
vn 0.0606 0.5774 -0.8142
vn 0.0623 0.5784 -0.8134
vn 0.3765 0.8583 -0.3487
vn 0.3766 0.8583 -0.3487
vn 0.3270 0.8612 -0.3891
vn 0.3269 0.8613 -0.3890
vn 0.1909 0.7508 -0.6324
vn 0.1903 0.7505 -0.6329
vn 0.1904 0.7508 -0.6325
vn 0.1908 0.7505 -0.6327
vn 0.4230 0.8216 -0.3822
vn 0.4229 0.8216 -0.3822
vn 0.0404 0.3770 -0.9253
vn 0.0396 0.3780 -0.9250
vn 0.0446 0.3789 -0.9244
vn 0.0451 0.3779 -0.9248
vn 0.2917 0.7196 -0.6302
vn 0.2938 0.7196 -0.6292
vn 0.2943 0.7194 -0.6292
vn 0.2912 0.7197 -0.6302
vn 0.1073 0.3683 -0.9235
vn 0.1091 0.3663 -0.9241
vn 0.1075 0.3666 -0.9242
vn 0.1508 0.5606 -0.8142
vn 0.1529 0.5623 -0.8127
vn 0.1513 0.5611 -0.8138
vn 0.1494 0.5594 -0.8153
vn 0.3608 0.6902 -0.6273
vn 0.3577 0.6906 -0.6285
vn 0.3566 0.6909 -0.6289
vn 0.3619 0.6899 -0.6269
vn 0.5139 0.7766 -0.3643
vn 0.5139 0.7768 -0.3640
vn 0.5138 0.7769 -0.3640
vn 0.4444 0.6426 -0.6242
vn 0.4446 0.6423 -0.6244
vn 0.4440 0.6427 -0.6243
vn 0.0229 0.1890 -0.9817
vn 0.0206 0.1881 -0.9819
vn 0.0280 0.1902 -0.9813
vn 0.5996 -0.2150 -0.7709
vn 0.2260 -0.0597 -0.9723
vn 0.0045 0.0270 -0.9996
vn 0.9263 -0.3645 -0.0952
vn 0.0299 0.1910 -0.9811
vn 0.2286 0.5347 -0.8136
vn 0.2258 0.5348 -0.8142
vn 0.2263 0.5354 -0.8137
vn 0.2282 0.5339 -0.8141
vn 0.1091 0.3680 -0.9234
vn 0.2841 0.5092 -0.8124
vn 0.2842 0.5092 -0.8124
vn 0.2842 0.5091 -0.8125
vn 0.2840 0.5090 -0.8125
vn 0.4445 0.6424 -0.6243
vn 0.1625 0.3487 -0.9231
vn 0.1592 0.3487 -0.9236
vn 0.1575 0.3485 -0.9240
vn 0.1644 0.3489 -0.9226
vn 0.6440 0.6759 -0.3584
vn 0.6440 0.6759 -0.3585
vn 0.6329 0.6784 -0.3730
vn 0.6328 0.6786 -0.3729
vn 0.6329 0.6785 -0.3730
vn -0.8835 -0.4404 -0.1596
vn -0.9128 0.2245 -0.3411
vn -0.9443 -0.2334 -0.2318
vn 0.1006 0.1671 -0.9808
vn 0.0958 0.1713 -0.9805
vn 0.0968 0.1702 -0.9806
vn -0.2480 -0.9527 0.1755
vn 0.0657 0.1838 -0.9808
vn 0.0668 0.1839 -0.9807
vn 0.0636 0.1836 -0.9809
vn 0.0628 0.1834 -0.9810
vn 0.1996 0.3285 -0.9232
vn 0.1990 0.3286 -0.9233
vn 0.2014 0.3282 -0.9229
vn 0.2019 0.3282 -0.9228
vn 0.3467 0.4735 -0.8097
vn 0.3481 0.4733 -0.8092
vn 0.3494 0.4733 -0.8087
vn 0.2468 0.3000 -0.9215
vn 0.2447 0.3036 -0.9208
vn 0.2476 0.3001 -0.9212
vn 0.3452 0.4735 -0.8103
vn 0.1019 0.1657 -0.9809
vn 0.0471 0.0174 -0.9987
vn 0.0555 0.0121 -0.9984
vn 0.0392 0.0185 -0.9991
vn 0.5511 0.5637 -0.6153
vn 0.5518 0.5638 -0.6145
vn 0.5512 0.5638 -0.6151
vn 0.5505 0.5637 -0.6158
vn 0.4311 0.4089 -0.8044
vn 0.4310 0.4093 -0.8042
vn 0.4313 0.4090 -0.8042
vn 0.7559 0.5599 -0.3392
vn 0.7568 0.5595 -0.3379
vn 0.7618 0.5569 -0.3308
vn 0.7503 0.5628 -0.3468
vn 0.0630 0.0042 -0.9980
vn 0.0631 0.0038 -0.9980
vn 0.1185 0.1579 -0.9803
vn 0.1173 0.1581 -0.9804
vn 0.1219 0.1572 -0.9800
vn 0.1230 0.1572 -0.9799
vn 0.1498 0.1411 -0.9786
vn 0.1465 0.1457 -0.9784
vn 0.1508 0.1395 -0.9787
vn 0.2437 0.3038 -0.9210
vn 0.8634 0.4192 -0.2807
vn 0.8634 0.4194 -0.2806
vn 0.8635 0.4189 -0.2809
vn 0.8202 0.4662 -0.3316
vn 0.8201 0.4662 -0.3317
vn 0.3034 0.2554 -0.9180
vn 0.3033 0.2550 -0.9181
vn 0.3032 0.2544 -0.9183
vn 0.4309 0.4092 -0.8043
vn 0.6509 0.4589 -0.6048
vn 0.6498 0.4587 -0.6061
vn 0.6500 0.4588 -0.6058
vn 0.6511 0.4592 -0.6043
vn 0.1451 0.1479 -0.9783
vn 0.0653 0.0014 -0.9979
vn 0.8773 0.3656 -0.3111
vn 0.8773 0.3654 -0.3112
vn 0.8774 0.3652 -0.3112
vn 0.7156 0.3676 -0.5940
vn 0.7184 0.3652 -0.5920
vn 0.7193 0.3642 -0.5916
vn 0.7145 0.3687 -0.5946
vn 0.1832 0.1149 -0.9763
vn 0.1830 0.1154 -0.9763
vn 0.1834 0.1150 -0.9763
vn 0.3035 0.2560 -0.9178
vn 0.5050 0.3257 -0.7993
vn 0.5067 0.3253 -0.7984
vn 0.5043 0.3260 -0.7996
vn 0.5026 0.3265 -0.8005
vn 0.9215 0.2607 -0.2878
vn 0.9215 0.2606 -0.2878
vn 0.9301 0.2488 -0.2702
vn 0.9301 0.2490 -0.2702
vn 0.9302 0.2486 -0.2701
vn 0.9507 0.1043 -0.2920
vn 0.9507 0.1042 -0.2921
vn 0.9507 0.1045 -0.2919
vn 0.7565 0.2942 -0.5840
vn 0.7540 0.2968 -0.5859
vn 0.7527 0.2983 -0.5869
vn 0.7579 0.2928 -0.5830
vn 0.5522 0.2521 -0.7947
vn 0.5513 0.2529 -0.7950
vn 0.5511 0.2532 -0.7951
vn 0.5525 0.2519 -0.7946
vn 0.0755 -0.0052 -0.9971
vn 0.0711 0.0034 -0.9975
vn 0.0726 -0.0009 -0.9974
vn 0.0763 -0.0084 -0.9970
vn 0.1829 0.1153 -0.9763
vn 0.3565 0.1946 -0.9138
vn 0.3573 0.1936 -0.9137
vn 0.3538 0.1959 -0.9146
vn 0.3862 0.1420 -0.9114
vn 0.3853 0.1457 -0.9112
vn 0.3855 0.1449 -0.9112
vn 0.3534 0.1966 -0.9146
vn 0.8323 0.0614 -0.5510
vn 0.8313 0.0602 -0.5525
vn 0.8309 0.0601 -0.5532
vn 0.7958 0.1948 -0.5733
vn 0.7955 0.1952 -0.5737
vn 0.7956 0.1957 -0.5733
vn 0.7958 0.1949 -0.5733
vn 0.8327 0.0615 -0.5503
vn 0.5825 0.1939 -0.7894
vn 0.5828 0.1937 -0.7892
vn 0.5833 0.1933 -0.7889
vn 0.5820 0.1941 -0.7896
vn 0.6142 0.1190 -0.7801
vn 0.6141 0.1159 -0.7807
vn 0.6140 0.1167 -0.7807
vn 0.3864 0.1410 -0.9115
vn 0.0903 -0.0229 -0.9957
vn 0.0936 -0.0352 -0.9950
vn 0.0897 -0.0186 -0.9958
vn 0.0981 -0.0389 -0.9944
vn 0.2147 0.0761 -0.9737
vn 0.2112 0.0785 -0.9743
vn 0.2103 0.0793 -0.9744
vn 0.2160 0.0749 -0.9735
vn 0.6396 0.0135 -0.7686
vn 0.6405 0.0148 -0.7679
vn 0.6403 0.0134 -0.7680
vn 0.6397 0.0148 -0.7685
vn 0.6138 0.1196 -0.7804
vn 0.4059 0.1024 -0.9082
vn 0.4067 0.1015 -0.9079
vn 0.4072 0.1011 -0.9077
vn 0.4053 0.1029 -0.9084
vn 0.0940 -0.0342 -0.9950
vn 0.2319 0.0426 -0.9718
vn 0.2287 0.0463 -0.9724
vn 0.2281 0.0469 -0.9725
vn 0.2327 0.0417 -0.9717
vn 0.2409 0.0200 -0.9704
vn 0.2412 0.0189 -0.9703
vn 0.2411 0.0188 -0.9703
vn 0.4449 -0.0246 -0.8952
vn 0.4449 -0.0237 -0.8952
vn 0.4439 -0.0263 -0.8957
vn 0.4459 -0.0222 -0.8948
vn 0.4269 0.0500 -0.9029
vn 0.4291 0.0472 -0.9020
vn 0.4301 0.0459 -0.9016
vn 0.4258 0.0515 -0.9034
vn 0.1035 -0.0603 -0.9928
vn 0.1043 -0.0618 -0.9926
vn 0.1025 -0.0537 -0.9933
vn 0.0999 -0.0473 -0.9939
vn 0.2406 0.0201 -0.9704
vn 0.2629 -0.0583 -0.9630
vn 0.2637 -0.0549 -0.9630
vn 0.2625 -0.0601 -0.9631
vn 0.2639 -0.0536 -0.9631
vn 0.1060 -0.0661 -0.9922
vn 0.1078 -0.0752 -0.9913
vn 0.2508 -0.0071 -0.9680
vn 0.2549 -0.0134 -0.9669
vn 0.2557 -0.0148 -0.9666
vn 0.2498 -0.0048 -0.9683
vn 0.9994 0.0328 -0.0062
vn 0.9994 0.0328 -0.0061
vn 0.9994 0.0327 -0.0058
vn 0.9995 0.0323 -0.0055
vn 0.9607 0.2727 -0.0517
vn 0.9609 0.2721 -0.0514
vn 0.9609 0.2720 -0.0514
vn 0.8895 0.4491 -0.0845
vn 0.8882 0.4513 -0.0854
vn 0.8881 0.4516 -0.0855
vn 0.8896 0.4489 -0.0844
vn 0.7880 0.6049 -0.1142
vn 0.7890 0.6038 -0.1138
vn 0.7891 0.6036 -0.1137
vn 0.7881 0.6048 -0.1142
vn 0.6713 0.7282 -0.1377
vn 0.6719 0.7278 -0.1373
vn 0.6721 0.7277 -0.1372
vn 0.6713 0.7283 -0.1377
vn 0.5384 0.8280 -0.1567
vn 0.5391 0.8276 -0.1565
vn 0.5392 0.8275 -0.1564
vn 0.5383 0.8280 -0.1568
vn 0.3893 0.9051 -0.1709
vn 0.3885 0.9054 -0.1715
vn 0.3882 0.9055 -0.1716
vn 0.3895 0.9051 -0.1708
vn 0.2321 0.9558 -0.1805
vn 0.2341 0.9554 -0.1799
vn 0.2343 0.9554 -0.1799
vn 0.2323 0.9558 -0.1805
vn 0.0934 0.9783 -0.1850
vn 0.0933 0.9783 -0.1849
vn 0.0934 0.9783 -0.1848
vn 0.0913 0.9948 0.0447
vn 0.0910 0.9948 0.0451
vn 0.0104 0.2136 0.9769
vn 0.0116 0.2138 0.9768
vn 0.0152 0.2146 0.9766
vn 0.9658 0.1320 0.2230
vn 0.9655 0.1312 0.2250
vn 0.9662 0.1324 0.2212
vn 0.9651 0.1310 0.2268
vn 0.8412 0.1434 0.5213
vn 0.8422 0.1437 0.5197
vn 0.8421 0.1448 0.5195
vn 0.8412 0.1446 0.5210
vn 0.9380 0.2914 0.1874
vn 0.9381 0.2924 0.1857
vn 0.9378 0.2955 0.1822
vn 0.9382 0.2882 0.1916
vn 0.6478 0.1435 0.7481
vn 0.6469 0.1418 0.7492
vn 0.6483 0.1448 0.7475
vn 0.6492 0.1463 0.7465
vn 0.8784 0.4635 0.1166
vn 0.8784 0.4634 0.1166
vn 0.8783 0.4636 0.1165
vn 0.8945 0.4126 0.1722
vn 0.8945 0.4126 0.1721
vn 0.8945 0.4125 0.1723
vn 0.8210 0.2830 0.4959
vn 0.8208 0.2825 0.4965
vn 0.8211 0.2821 0.4963
vn 0.8208 0.2834 0.4960
vn 0.8413 0.5198 0.1483
vn 0.8413 0.5199 0.1483
vn 0.4486 0.1315 0.8840
vn 0.4476 0.1292 0.8849
vn 0.4504 0.1357 0.8825
vn 0.7844 0.4007 0.4734
vn 0.7845 0.3987 0.4749
vn 0.7842 0.4039 0.4710
vn 0.7473 0.4826 0.4568
vn 0.7512 0.4779 0.4552
vn 0.7502 0.4793 0.4555
vn 0.7841 0.4057 0.4696
vn 0.6353 0.2516 0.7301
vn 0.6350 0.2505 0.7308
vn 0.6354 0.2503 0.7305
vn 0.6351 0.2518 0.7303
vn 0.7461 0.4840 0.4573
vn 0.7805 0.6144 0.1158
vn 0.7805 0.6142 0.1160
vn 0.7804 0.6145 0.1157
vn 0.7805 0.6144 0.1154
vn 0.7805 0.6145 0.1153
vn 0.7805 0.6143 0.1155
vn 0.1086 0.1079 0.9882
vn 0.1094 0.1038 0.9886
vn 0.1076 0.1038 0.9888
vn 0.2646 0.1139 0.9576
vn 0.2645 0.1119 0.9579
vn 0.2663 0.1209 0.9563
vn 0.1072 0.0977 0.9894
vn 0.2662 0.1223 0.9561
vn 0.6070 0.3436 0.7166
vn 0.6069 0.3425 0.7172
vn 0.6064 0.3407 0.7185
vn 0.6074 0.3457 0.7152
vn 0.4395 0.2083 0.8737
vn 0.4404 0.2098 0.8729
vn 0.4398 0.2081 0.8736
vn 0.4388 0.2068 0.8745
vn 0.5792 0.4056 0.7071
vn 0.5791 0.4073 0.7062
vn 0.5790 0.4083 0.7057
vn 0.5793 0.4046 0.7076
vn 0.6911 0.5753 0.4374
vn 0.6909 0.5754 0.4376
vn 0.6912 0.5748 0.4380
vn 0.6913 0.5749 0.4376
vn 0.5378 0.4826 0.6913
vn 0.5391 0.4818 0.6908
vn 0.5372 0.4831 0.6914
vn 0.4029 0.3154 0.8592
vn 0.4005 0.3189 0.8590
vn 0.4004 0.3186 0.8591
vn 0.4198 0.2749 0.8650
vn 0.4201 0.2707 0.8661
vn 0.4205 0.2705 0.8660
vn 0.4194 0.2756 0.8650
vn 0.6630 0.7419 0.0999
vn 0.6631 0.7419 0.0998
vn 0.6628 0.7421 0.1001
vn 0.6689 0.7342 0.1158
vn 0.6689 0.7343 0.1158
vn 0.6690 0.7342 0.1159
vn 0.2452 0.2036 0.9479
vn 0.2496 0.1972 0.9480
vn 0.2487 0.1985 0.9480
vn 0.1100 0.1222 0.9864
vn 0.1001 0.1399 0.9851
vn 0.1013 0.1366 0.9854
vn 0.1079 0.1217 0.9867
vn 0.2596 0.1665 0.9513
vn 0.2594 0.1649 0.9516
vn 0.2592 0.1642 0.9518
vn 0.2598 0.1675 0.9510
vn 0.4029 0.3149 0.8594
vn 0.5398 0.4812 0.6907
vn 0.2364 0.2266 0.9449
vn 0.2332 0.2310 0.9446
vn 0.2336 0.2305 0.9446
vn 0.2440 0.2052 0.9478
vn 0.0967 0.1454 0.9846
vn 0.1000 0.1466 0.9841
vn 0.1011 0.1342 0.9858
vn 0.6003 0.6871 0.4093
vn 0.6003 0.6864 0.4105
vn 0.6005 0.6867 0.4097
vn 0.5999 0.6869 0.4102
vn 0.5358 0.8410 0.0755
vn 0.5354 0.8412 0.0751
vn 0.5311 0.8447 0.0661
vn 0.4846 0.7832 0.3895
vn 0.4850 0.7832 0.3891
vn 0.4854 0.7832 0.3885
vn 0.5403 0.8371 0.0851
vn 0.2369 0.2258 0.9449
vn 0.0899 0.1600 0.9830
vn 0.0950 0.1545 0.9834
vn 0.3750 0.3689 0.8505
vn 0.3749 0.3669 0.8514
vn 0.3747 0.3703 0.8500
vn 0.3748 0.3721 0.8492
vn 0.3886 0.9212 0.0195
vn 0.3887 0.9212 0.0197
vn 0.3886 0.9212 0.0194
vn 0.4415 0.8945 0.0705
vn 0.4416 0.8944 0.0704
vn 0.4700 0.5708 0.6732
vn 0.4701 0.5713 0.6728
vn 0.4699 0.5710 0.6732
vn 0.4703 0.5712 0.6728
vn 0.4842 0.7831 0.3902
vn 0.2219 0.2548 0.9412
vn 0.2222 0.2532 0.9415
vn 0.2209 0.2587 0.9404
vn 0.2206 0.2601 0.9400
vn 0.0893 0.1654 0.9822
vn 0.3438 0.9375 0.0545
vn 0.3438 0.9374 0.0546
vn 0.3918 0.8397 0.3759
vn 0.3895 0.8417 0.3740
vn 0.3883 0.8428 0.3727
vn 0.3932 0.8385 0.3773
vn 0.3181 0.8738 0.3679
vn 0.3229 0.8732 0.3650
vn 0.3209 0.8734 0.3664
vn 0.3291 0.4344 0.8385
vn 0.3290 0.4347 0.8383
vn 0.3290 0.4350 0.8382
vn 0.3819 0.6508 0.6562
vn 0.3813 0.6511 0.6563
vn 0.3825 0.6491 0.6575
vn 0.3832 0.6490 0.6573
vn 0.2370 0.9711 0.0293
vn 0.1010 0.9304 0.3524
vn 0.1023 0.9296 0.3539
vn 0.1003 0.9307 0.3516
vn 0.1104 0.9916 0.0673
vn 0.2466 0.9682 0.0421
vn 0.2467 0.9682 0.0420
vn 0.3159 0.8739 0.3694
vn 0.3103 0.6961 0.6475
vn 0.3117 0.6945 0.6485
vn 0.3122 0.6940 0.6488
vn 0.2503 0.7256 0.6409
vn 0.2486 0.7257 0.6416
vn 0.2491 0.7257 0.6413
vn 0.3097 0.6966 0.6472
vn 0.0803 0.1783 0.9807
vn 0.0807 0.1772 0.9809
vn 0.0800 0.1775 0.9809
vn 0.1943 0.2970 0.9349
vn 0.1942 0.2971 0.9349
vn 0.1943 0.2980 0.9346
vn 0.0796 0.1784 0.9807
vn 0.1943 0.2960 0.9352
vn 0.2677 0.4914 0.8288
vn 0.2686 0.4896 0.8295
vn 0.2691 0.4886 0.8299
vn 0.2670 0.4926 0.8283
vn 0.2235 0.9056 0.3606
vn 0.2234 0.9054 0.3611
vn 0.2240 0.9051 0.3614
vn 0.2241 0.9052 0.3610
vn 0.0988 0.9315 0.3500
vn 0.2511 0.7255 0.6407
vn 0.2151 0.5238 0.8242
vn 0.2139 0.5254 0.8235
vn 0.2181 0.5205 0.8255
vn 0.2191 0.5193 0.8261
vn 0.0694 0.1927 0.9788
vn 0.0603 0.1955 0.9788
vn 0.0585 0.1940 0.9793
vn 0.0669 0.1913 0.9793
vn 0.1559 0.3326 0.9301
vn 0.1549 0.3351 0.9294
vn 0.1576 0.3299 0.9308
vn 0.1583 0.3279 0.9313
vn 0.0792 0.7728 0.6297
vn 0.0803 0.7736 0.6285
vn 0.0791 0.7733 0.6291
vn 0.0805 0.7729 0.6294
vn 0.1771 0.7523 0.6346
vn 0.1758 0.7533 0.6337
vn 0.1755 0.7532 0.6340
vn 0.1775 0.7524 0.6343
vn 0.1773 0.5414 0.8218
vn 0.1754 0.5432 0.8211
vn 0.1746 0.5440 0.8207
vn 0.1782 0.5404 0.8223
vn 0.1249 0.3510 0.9280
vn 0.1299 0.3466 0.9290
vn 0.1303 0.3466 0.9289
vn 0.0524 0.2012 0.9782
vn 0.0422 0.2068 0.9775
vn 0.0568 0.1982 0.9785
vn 0.1241 0.3513 0.9280
vn 0.1040 0.3615 0.9266
vn 0.1011 0.3620 0.9267
vn 0.1015 0.3619 0.9267
vn 0.0327 0.3825 0.9234
vn 0.0334 0.3824 0.9234
vn 0.0303 0.3840 0.9228
vn 0.0555 0.5805 0.8123
vn 0.0555 0.5796 0.8130
vn 0.0539 0.5788 0.8137
vn 0.0571 0.5817 0.8114
vn 0.1255 0.5642 0.8160
vn 0.1269 0.5625 0.8170
vn 0.1240 0.5656 0.8153
vn 0.1228 0.5671 0.8144
vn 0.0313 0.2108 0.9770
vn 0.0297 0.2094 0.9774
vn 0.1045 0.3614 0.9265
vn 0.0246 0.2129 0.9768
vn 0.0161 0.2147 0.9765
vn 0.0293 0.3843 0.9228
vn 0.0780 0.3713 0.9252
vn 0.0722 0.3752 0.9241
vn 0.0714 0.3750 0.9243
vn 0.0793 0.3713 0.9251
vn 0.0012 0.9989 0.0472
vn -0.0000 0.9988 0.0496
vn 0.0015 0.9989 0.0468
vn 0.0027 0.9990 0.0445
vn 0.0006 0.9354 0.3535
vn 0.0005 0.9354 0.3536
vn 0.0013 0.9358 0.3524
vn -0.0003 0.9350 0.3547
vn 0.0011 0.7775 0.6289
vn 0.0012 0.7775 0.6288
vn 0.0006 0.7771 0.6294
vn 0.0017 0.7779 0.6284
vn 0.0006 0.5810 0.8139
vn 0.0008 0.5811 0.8138
vn -0.0000 0.5805 0.8142
vn 0.0013 0.5816 0.8135
vn 0.0001 0.3835 0.9236
vn 0.0004 0.3837 0.9234
vn -0.0006 0.3829 0.9238
vn 0.0010 0.3843 0.9232
vn 0.0004 0.2137 0.9769
vn 0.0008 0.2141 0.9768
vn -0.1060 0.0913 0.9902
vn -0.2628 0.0904 0.9606
vn -0.2649 0.0901 0.9601
vn -0.2648 0.0901 0.9601
vn -0.1059 0.0913 0.9902
vn -0.4449 0.0838 0.8917
vn -0.4479 0.0835 0.8902
vn -0.4474 0.0835 0.8904
vn -0.2629 0.0830 0.9612
vn -0.4448 0.0838 0.8917
vn -0.6456 0.0713 0.7603
vn -0.6468 0.0715 0.7593
vn -0.8411 0.0507 0.5385
vn -0.8429 0.0504 0.5356
vn -0.8429 0.0504 0.5357
vn -0.6455 0.0713 0.7604
vn -0.9684 0.0235 0.2482
vn -0.9686 0.0234 0.2477
vn -0.9685 0.0234 0.2477
vn -0.9684 0.0235 0.2483
vn -0.9683 -0.0036 0.2497
vn -0.9673 -0.0035 0.2537
vn -0.9675 -0.0030 0.2530
vn -0.0012 -0.0220 0.9998
vn -0.0035 -0.0227 0.9997
vn -0.0014 -0.0223 0.9998
vn -0.8401 0.0280 0.5417
vn -0.8397 0.0279 0.5423
vn -0.8398 0.0280 0.5422
vn -0.9681 -0.0041 0.2505
vn -0.8402 0.0280 0.5416
vn -0.6433 0.0540 0.7637
vn -0.6444 0.0543 0.7627
vn -0.6445 0.0536 0.7627
vn -0.4455 0.0715 0.8924
vn -0.4449 0.0716 0.8927
vn -0.4442 0.0709 0.8931
vn -0.6438 0.0531 0.7634
vn -0.4465 0.0723 0.8919
vn -0.2611 0.0832 0.9617
vn -0.2616 0.0822 0.9617
vn -0.1076 0.0893 0.9902
vn -0.1075 0.0849 0.9906
vn -0.9643 -0.0542 0.2590
vn -0.9642 -0.0540 0.2595
vn -0.9642 -0.0541 0.2594
vn -0.9644 -0.0542 0.2590
vn -0.8352 -0.0165 0.5498
vn -0.8359 -0.0168 0.5486
vn -0.8353 -0.0167 0.5496
vn -0.8359 -0.0166 0.5486
vn -0.6413 0.0196 0.7671
vn -0.6405 0.0198 0.7677
vn -0.6415 0.0198 0.7669
vn -0.6405 0.0196 0.7677
vn -0.4446 0.0477 0.8945
vn -0.4444 0.0476 0.8946
vn -0.4442 0.0479 0.8947
vn -0.4444 0.0480 0.8945
vn -0.1074 0.0835 0.9907
vn -0.2606 0.0692 0.9630
vn -0.2606 0.0691 0.9630
vn -0.1070 0.0792 0.9911
vn -0.2606 0.0693 0.9630
vn -0.9572 -0.1050 0.2696
vn -0.9577 -0.1053 0.2680
vn -0.9573 -0.1054 0.2694
vn -0.9479 -0.1555 0.2781
vn -0.9479 -0.1554 0.2780
vn -0.9481 -0.1556 0.2772
vn -0.9576 -0.1049 0.2682
vn -0.6372 -0.0143 0.7706
vn -0.6363 -0.0142 0.7713
vn -0.6362 -0.0141 0.7714
vn -0.8284 -0.0608 0.5567
vn -0.8289 -0.0609 0.5561
vn -0.8285 -0.0610 0.5567
vn -0.8288 -0.0607 0.5563
vn -0.6370 -0.0146 0.7707
vn -0.4408 0.0243 0.8973
vn -0.4412 0.0242 0.8971
vn -0.4407 0.0244 0.8973
vn -0.4413 0.0241 0.8971
vn -0.1066 0.0778 0.9913
vn -0.2590 0.0553 0.9643
vn -0.2590 0.0554 0.9643
vn -0.2591 0.0553 0.9643
vn -0.1059 0.0735 0.9917
vn -0.2591 0.0552 0.9643
vn -0.9480 -0.1557 0.2775
vn -0.8197 -0.1040 0.5633
vn -0.8200 -0.1041 0.5629
vn -0.8197 -0.1042 0.5632
vn -0.8199 -0.1039 0.5629
vn -0.6299 -0.0478 0.7752
vn -0.6307 -0.0482 0.7745
vn -0.6301 -0.0483 0.7750
vn -0.6306 -0.0478 0.7747
vn -0.4363 0.0008 0.8998
vn -0.4366 0.0008 0.8997
vn -0.4367 0.0006 0.8996
vn -0.4364 0.0004 0.8998
vn -0.1057 0.0720 0.9918
vn -0.1049 0.0677 0.9922
vn -0.2571 0.0412 0.9655
vn -0.2568 0.0414 0.9656
vn -0.2568 0.0413 0.9656
vn -0.9363 -0.2055 0.2847
vn -0.9358 -0.2053 0.2867
vn -0.9363 -0.2051 0.2849
vn -0.9360 -0.2054 0.2858
vn -0.8095 -0.1472 0.5683
vn -0.8089 -0.1469 0.5692
vn -0.8089 -0.1466 0.5694
vn -0.8095 -0.1469 0.5685
vn -0.6205 -0.0806 0.7800
vn -0.6221 -0.0810 0.7788
vn -0.6222 -0.0814 0.7786
vn -0.6205 -0.0809 0.7800
vn -0.4325 -0.0229 0.9013
vn -0.4309 -0.0224 0.9021
vn -0.4325 -0.0227 0.9013
vn -0.4310 -0.0226 0.9021
vn -0.2541 0.0278 0.9668
vn -0.2544 0.0278 0.9667
vn -0.2545 0.0276 0.9667
vn -0.2540 0.0278 0.9668
vn -0.1045 0.0664 0.9923
vn -0.1036 0.0622 0.9927
vn -0.9211 -0.2537 0.2954
vn -0.9216 -0.2541 0.2934
vn -0.9216 -0.2543 0.2933
vn -0.9211 -0.2540 0.2951
vn -0.7969 -0.1903 0.5734
vn -0.7959 -0.1895 0.5750
vn -0.7968 -0.1897 0.5737
vn -0.7961 -0.1903 0.5745
vn -0.6126 -0.1134 0.7822
vn -0.6110 -0.1123 0.7836
vn -0.6128 -0.1129 0.7822
vn -0.6110 -0.1127 0.7836
vn -0.4235 -0.0446 0.9048
vn -0.4267 -0.0450 0.9033
vn -0.4261 -0.0457 0.9035
vn -0.4241 -0.0440 0.9046
vn -0.1033 0.0610 0.9928
vn -0.1021 0.0568 0.9932
vn -0.2508 0.0138 0.9679
vn -0.2508 0.0138 0.9680
vn -0.2510 0.0134 0.9679
vn -0.2505 0.0143 0.9680
vn -0.9047 -0.3017 0.3009
vn -0.9040 -0.3011 0.3035
vn -0.9041 -0.3008 0.3035
vn -0.9047 -0.3015 0.3009
vn -0.8853 -0.3481 0.3084
vn -0.8852 -0.3483 0.3085
vn -0.8846 -0.3478 0.3105
vn -0.7808 -0.2298 0.5810
vn -0.7819 -0.2303 0.5792
vn -0.7819 -0.2307 0.5792
vn -0.7807 -0.2302 0.5810
vn -0.6011 -0.1457 0.7858
vn -0.6013 -0.1457 0.7856
vn -0.6014 -0.1460 0.7855
vn -0.6012 -0.1460 0.7857
vn -0.4170 -0.0672 0.9064
vn -0.4164 -0.0668 0.9067
vn -0.4169 -0.0669 0.9065
vn -0.4165 -0.0672 0.9067
vn -0.1015 0.0556 0.9933
vn -0.1000 0.0515 0.9936
vn -0.2476 0.0007 0.9689
vn -0.2472 0.0006 0.9690
vn -0.2471 0.0010 0.9690
vn -0.2475 0.0010 0.9689
vn -0.8848 -0.3477 0.3103
vn -0.7644 -0.2706 0.5853
vn -0.7639 -0.2703 0.5860
vn -0.7644 -0.2707 0.5851
vn -0.7640 -0.2703 0.5858
vn -0.5879 -0.1764 0.7894
vn -0.5888 -0.1766 0.7887
vn -0.5887 -0.1767 0.7888
vn -0.5878 -0.1763 0.7895
vn -0.4095 -0.0892 0.9079
vn -0.4085 -0.0890 0.9084
vn -0.4085 -0.0887 0.9084
vn -0.4096 -0.0891 0.9079
vn -0.0995 0.0499 0.9938
vn -0.0983 0.0461 0.9941
vn -0.2423 -0.0121 0.9701
vn -0.2427 -0.0124 0.9700
vn -0.2427 -0.0122 0.9700
vn -0.2425 -0.0119 0.9701
vn -0.8626 -0.3920 0.3199
vn -0.8631 -0.3925 0.3177
vn -0.8625 -0.3924 0.3196
vn -0.8388 -0.4355 0.3268
vn -0.8390 -0.4353 0.3265
vn -0.8396 -0.4359 0.3242
vn -0.8632 -0.3922 0.3179
vn -0.7458 -0.3101 0.5896
vn -0.7452 -0.3098 0.5905
vn -0.7455 -0.3098 0.5901
vn -0.7459 -0.3100 0.5895
vn -0.5745 -0.2068 0.7919
vn -0.5738 -0.2067 0.7925
vn -0.5738 -0.2062 0.7926
vn -0.5747 -0.2065 0.7919
vn -0.3999 -0.1103 0.9099
vn -0.4003 -0.1105 0.9097
vn -0.4003 -0.1104 0.9097
vn -0.3999 -0.1101 0.9099
vn -0.0966 0.0456 0.9943
vn -0.0947 0.0417 0.9946
vn -0.2377 -0.0249 0.9710
vn -0.2371 -0.0245 0.9712
vn -0.2374 -0.0248 0.9711
vn -0.2377 -0.0252 0.9710
vn -0.8394 -0.4361 0.3245
vn -0.8135 -0.4778 0.3316
vn -0.8136 -0.4776 0.3318
vn -0.8136 -0.4779 0.3313
vn -0.7251 -0.3467 0.5950
vn -0.7256 -0.3472 0.5940
vn -0.7249 -0.3469 0.5951
vn -0.7257 -0.3469 0.5941
vn -0.5586 -0.2361 0.7952
vn -0.5593 -0.2362 0.7946
vn -0.5587 -0.2364 0.7950
vn -0.3897 -0.1310 0.9116
vn -0.3895 -0.1312 0.9116
vn -0.3894 -0.1313 0.9117
vn -0.5591 -0.2359 0.7949
vn -0.3897 -0.1313 0.9115
vn -0.0954 0.0395 0.9947
vn -0.0932 0.0355 0.9950
vn -0.2318 -0.0380 0.9720
vn -0.2317 -0.0383 0.9720
vn -0.2316 -0.0377 0.9721
vn -0.2317 -0.0374 0.9721
vn -0.8134 -0.4779 0.3316
vn -0.7030 -0.3836 0.5989
vn -0.7026 -0.3831 0.5997
vn -0.7030 -0.3832 0.5991
vn -0.7025 -0.3835 0.5995
vn -0.5428 -0.2647 0.7970
vn -0.5426 -0.2642 0.7974
vn -0.5428 -0.2643 0.7972
vn -0.5425 -0.2644 0.7974
vn -0.3787 -0.1508 0.9132
vn -0.3788 -0.1512 0.9130
vn -0.3787 -0.1510 0.9131
vn -0.3788 -0.1509 0.9131
vn -0.2247 -0.0493 0.9732
vn -0.2255 -0.0500 0.9730
vn -0.2248 -0.0499 0.9731
vn -0.0930 0.0346 0.9951
vn -0.0908 0.0308 0.9954
vn -0.2255 -0.0495 0.9730
vn -0.7862 -0.5180 0.3371
vn -0.7860 -0.5177 0.3379
vn -0.7860 -0.5178 0.3377
vn -0.7862 -0.5181 0.3369
vn -0.6787 -0.4175 0.6042
vn -0.6793 -0.4183 0.6030
vn -0.6788 -0.4181 0.6037
vn -0.5244 -0.2919 0.7999
vn -0.5250 -0.2921 0.7994
vn -0.5247 -0.2922 0.7996
vn -0.6793 -0.4179 0.6032
vn -0.5246 -0.2918 0.7998
vn -0.3668 -0.1710 0.9144
vn -0.3666 -0.1708 0.9146
vn -0.3666 -0.1706 0.9146
vn -0.2183 -0.0612 0.9740
vn -0.2180 -0.0610 0.9740
vn -0.2182 -0.0609 0.9740
vn -0.3669 -0.1708 0.9144
vn -0.0902 0.0294 0.9955
vn -0.2180 -0.0614 0.9740
vn -0.0880 0.0258 0.9958
vn -0.7564 -0.5556 0.3451
vn -0.7571 -0.5561 0.3428
vn -0.7570 -0.5566 0.3424
vn -0.7563 -0.5561 0.3447
vn -0.6537 -0.4517 0.6072
vn -0.6535 -0.4514 0.6075
vn -0.6536 -0.4516 0.6074
vn -0.6538 -0.4518 0.6070
vn -0.5063 -0.3185 0.8014
vn -0.5058 -0.3182 0.8018
vn -0.5059 -0.3180 0.8018
vn -0.3542 -0.1894 0.9158
vn -0.3541 -0.1894 0.9158
vn -0.5064 -0.3183 0.8014
vn -0.3543 -0.1893 0.9158
vn -0.2103 -0.0715 0.9750
vn -0.2113 -0.0719 0.9748
vn -0.2112 -0.0726 0.9747
vn -0.0869 0.0251 0.9959
vn -0.0847 0.0217 0.9962
vn -0.2103 -0.0723 0.9750
vn -0.7259 -0.5926 0.3491
vn -0.7255 -0.5925 0.3501
vn -0.7256 -0.5922 0.3505
vn -0.6277 -0.4834 0.6102
vn -0.6275 -0.4832 0.6105
vn -0.6275 -0.4830 0.6107
vn -0.7260 -0.5923 0.3494
vn -0.6276 -0.4834 0.6103
vn -0.4862 -0.3434 0.8036
vn -0.4865 -0.3437 0.8033
vn -0.4862 -0.3437 0.8034
vn -0.4865 -0.3433 0.8034
vn -0.3402 -0.2072 0.9172
vn -0.3406 -0.2077 0.9170
vn -0.3405 -0.2078 0.9170
vn -0.3402 -0.2073 0.9172
vn -0.0839 0.0201 0.9963
vn -0.0814 0.0168 0.9965
vn -0.2032 -0.0837 0.9756
vn -0.2024 -0.0834 0.9757
vn -0.2025 -0.0829 0.9758
vn -0.2032 -0.0832 0.9756
vn -0.6937 -0.6277 0.3532
vn -0.6932 -0.6274 0.3548
vn -0.6933 -0.6269 0.3554
vn -0.5997 -0.5132 0.6140
vn -0.5997 -0.5135 0.6137
vn -0.6000 -0.5135 0.6135
vn -0.6939 -0.6273 0.3535
vn -0.5994 -0.5135 0.6140
vn -0.4651 -0.3676 0.8053
vn -0.4651 -0.3678 0.8052
vn -0.4651 -0.3673 0.8054
vn -0.3265 -0.2247 0.9181
vn -0.3261 -0.2244 0.9183
vn -0.3262 -0.2242 0.9183
vn -0.3262 -0.2248 0.9182
vn -0.0801 0.0166 0.9966
vn -0.0775 0.0135 0.9969
vn -0.1948 -0.0934 0.9764
vn -0.1950 -0.0935 0.9763
vn -0.1950 -0.0939 0.9763
vn -0.1947 -0.0938 0.9764
vn -0.6599 -0.6599 0.3592
vn -0.6601 -0.6601 0.3584
vn -0.6601 -0.6602 0.3583
vn -0.6599 -0.6601 0.3589
vn -0.5707 -0.5419 0.6170
vn -0.5707 -0.5418 0.6171
vn -0.5707 -0.5421 0.6169
vn -0.4437 -0.3907 0.8065
vn -0.4434 -0.3904 0.8069
vn -0.4432 -0.3900 0.8072
vn -0.4438 -0.3905 0.8065
vn -0.3111 -0.2408 0.9194
vn -0.3115 -0.2414 0.9191
vn -0.3110 -0.2405 0.9195
vn -0.3114 -0.2414 0.9191
vn -0.0769 0.0119 0.9970
vn -0.0739 0.0088 0.9972
vn -0.1863 -0.1045 0.9769
vn -0.1856 -0.1042 0.9771
vn -0.1858 -0.1036 0.9771
vn -0.1864 -0.1040 0.9769
vn -0.6247 -0.6904 0.3649
vn -0.6250 -0.6908 0.3636
vn -0.6248 -0.6904 0.3647
vn -0.6251 -0.6907 0.3637
vn -0.5412 -0.5694 0.6187
vn -0.5408 -0.5688 0.6197
vn -0.5407 -0.5689 0.6196
vn -0.5412 -0.5697 0.6185
vn -0.4202 -0.4110 0.8090
vn -0.4211 -0.4120 0.8080
vn -0.4209 -0.4125 0.8079
vn -0.4199 -0.4114 0.8089
vn -0.2954 -0.2565 0.9203
vn -0.2953 -0.2564 0.9204
vn -0.2954 -0.2567 0.9203
vn -0.2953 -0.2563 0.9204
vn -0.0726 0.0084 0.9973
vn -0.0697 0.0055 0.9976
vn -0.1776 -0.1141 0.9775
vn -0.1772 -0.1138 0.9776
vn -0.1773 -0.1137 0.9776
vn -0.1776 -0.1140 0.9775
vn -0.5889 -0.7192 0.3686
vn -0.5889 -0.7191 0.3689
vn -0.5890 -0.7191 0.3688
vn -0.5106 -0.5952 0.6205
vn -0.5104 -0.5948 0.6210
vn -0.5106 -0.5951 0.6206
vn -0.5104 -0.5950 0.6209
vn -0.3961 -0.4310 0.8108
vn -0.3966 -0.4315 0.8103
vn -0.3967 -0.4316 0.8102
vn -0.3960 -0.4309 0.8109
vn -0.1667 -0.1218 0.9784
vn -0.1681 -0.1230 0.9781
vn -0.1679 -0.1232 0.9781
vn -0.2804 -0.2725 0.9204
vn -0.2796 -0.2709 0.9211
vn -0.2806 -0.2725 0.9204
vn -0.2795 -0.2710 0.9211
vn -0.1670 -0.1216 0.9784
vn -0.0693 0.0037 0.9976
vn -0.0663 0.0010 0.9978
vn -0.4781 -0.6183 0.6238
vn -0.4785 -0.6188 0.6229
vn -0.4787 -0.6189 0.6227
vn -0.5521 -0.7460 0.3724
vn -0.5521 -0.7456 0.3731
vn -0.5521 -0.7460 0.3723
vn -0.5144 -0.7709 0.3756
vn -0.5141 -0.7710 0.3759
vn -0.5138 -0.7700 0.3782
vn -0.5521 -0.7460 0.3725
vn -0.4780 -0.6181 0.6241
vn -0.3727 -0.4515 0.8107
vn -0.3719 -0.4495 0.8122
vn -0.3729 -0.4510 0.8109
vn -0.3717 -0.4501 0.8120
vn -0.2634 -0.2857 0.9214
vn -0.2636 -0.2863 0.9212
vn -0.2636 -0.2861 0.9212
vn -0.2634 -0.2856 0.9215
vn -0.0651 0.0005 0.9979
vn -0.0619 -0.0021 0.9981
vn -0.1570 -0.1302 0.9790
vn -0.1570 -0.1303 0.9790
vn -0.1570 -0.1304 0.9790
vn -0.1571 -0.1301 0.9790
vn -0.5142 -0.7700 0.3777
vn -0.4458 -0.6405 0.6253
vn -0.4458 -0.6400 0.6258
vn -0.4458 -0.6403 0.6255
vn -0.4457 -0.6409 0.6250
vn -0.3476 -0.4685 0.8122
vn -0.3480 -0.4690 0.8118
vn -0.3475 -0.4689 0.8120
vn -0.3481 -0.4687 0.8119
vn -0.2451 -0.2977 0.9227
vn -0.2459 -0.2987 0.9221
vn -0.2457 -0.2991 0.9221
vn -0.1474 -0.1392 0.9792
vn -0.1467 -0.1384 0.9794
vn -0.1467 -0.1384 0.9795
vn -0.2449 -0.2980 0.9226
vn -0.0607 -0.0025 0.9982
vn -0.0573 -0.0049 0.9983
vn -0.4754 -0.7934 0.3801
vn -0.4752 -0.7932 0.3809
vn -0.4753 -0.7931 0.3810
vn -0.4755 -0.7932 0.3804
vn -0.4363 -0.8141 0.3834
vn -0.4362 -0.8140 0.3835
vn -0.4364 -0.8142 0.3829
vn -0.4130 -0.6611 0.6264
vn -0.4128 -0.6607 0.6269
vn -0.4129 -0.6607 0.6269
vn -0.3215 -0.4846 0.8135
vn -0.3220 -0.4852 0.8129
vn -0.3219 -0.4852 0.8130
vn -0.4131 -0.6611 0.6263
vn -0.2282 -0.3114 0.9225
vn -0.2273 -0.3098 0.9232
vn -0.2275 -0.3097 0.9232
vn -0.1360 -0.1453 0.9800
vn -0.1368 -0.1467 0.9797
vn -0.1369 -0.1466 0.9797
vn -0.2284 -0.3112 0.9225
vn -0.0569 -0.0067 0.9984
vn -0.0536 -0.0089 0.9985
vn -0.1360 -0.1451 0.9800
vn -0.4364 -0.8142 0.3828
vn -0.3789 -0.6789 0.6289
vn -0.3791 -0.6796 0.6280
vn -0.3789 -0.6797 0.6280
vn -0.3783 -0.6792 0.6290
vn -0.2958 -0.5001 0.8139
vn -0.2958 -0.4993 0.8144
vn -0.2957 -0.4996 0.8142
vn -0.2957 -0.5003 0.8138
vn -0.2092 -0.3213 0.9236
vn -0.2097 -0.3224 0.9231
vn -0.2096 -0.3225 0.9231
vn -0.2090 -0.3212 0.9237
vn -0.0516 -0.0082 0.9986
vn -0.0482 -0.0102 0.9988
vn -0.1259 -0.1538 0.9800
vn -0.1252 -0.1520 0.9804
vn -0.1254 -0.1518 0.9804
vn -0.1262 -0.1537 0.9800
vn -0.3963 -0.8331 0.3858
vn -0.3963 -0.8333 0.3854
vn -0.3964 -0.8333 0.3855
vn -0.3964 -0.8331 0.3858
vn -0.3443 -0.6961 0.6301
vn -0.3441 -0.6961 0.6301
vn -0.3443 -0.6956 0.6305
vn -0.3444 -0.6959 0.6302
vn -0.2690 -0.5138 0.8147
vn -0.2689 -0.5140 0.8145
vn -0.2690 -0.5138 0.8146
vn -0.2691 -0.5136 0.8148
vn -0.1908 -0.3317 0.9239
vn -0.1904 -0.3312 0.9241
vn -0.1907 -0.3312 0.9241
vn -0.1148 -0.1597 0.9805
vn -0.1150 -0.1599 0.9804
vn -0.1150 -0.1600 0.9804
vn -0.1909 -0.3316 0.9239
vn -0.0471 -0.0110 0.9988
vn -0.0434 -0.0128 0.9990
vn -0.3560 -0.8499 0.3886
vn -0.3560 -0.8501 0.3881
vn -0.3559 -0.8499 0.3885
vn -0.3561 -0.8499 0.3883
vn -0.3092 -0.7108 0.6318
vn -0.3094 -0.7114 0.6311
vn -0.3092 -0.7114 0.6312
vn -0.3094 -0.7109 0.6316
vn -0.1716 -0.3407 0.9244
vn -0.1717 -0.3409 0.9243
vn -0.1716 -0.3409 0.9243
vn -0.2419 -0.5260 0.8153
vn -0.2420 -0.5260 0.8153
vn -0.2418 -0.5261 0.8153
vn -0.1718 -0.3407 0.9243
vn -0.1031 -0.1650 0.9809
vn -0.1033 -0.1652 0.9808
vn -0.1032 -0.1654 0.9808
vn -0.0425 -0.0134 0.9990
vn -0.0386 -0.0150 0.9991
vn -0.1034 -0.1653 0.9808
vn -0.3153 -0.8656 0.3891
vn -0.3151 -0.8650 0.3905
vn -0.3153 -0.8655 0.3892
vn -0.3149 -0.8651 0.3904
vn -0.2736 -0.7238 0.6334
vn -0.2740 -0.7243 0.6327
vn -0.2735 -0.7237 0.6336
vn -0.2145 -0.5378 0.8153
vn -0.2144 -0.5371 0.8158
vn -0.2147 -0.5378 0.8153
vn -0.2142 -0.5372 0.8158
vn -0.1520 -0.3484 0.9249
vn -0.1519 -0.3490 0.9247
vn -0.1521 -0.3487 0.9248
vn -0.1522 -0.3481 0.9250
vn -0.0918 -0.1713 0.9809
vn -0.0912 -0.1703 0.9812
vn -0.0916 -0.1700 0.9812
vn -0.0921 -0.1708 0.9810
vn -0.0376 -0.0155 0.9992
vn -0.0335 -0.0169 0.9993
vn -0.2737 -0.8779 0.3930
vn -0.2739 -0.8787 0.3910
vn -0.2735 -0.8779 0.3930
vn -0.2740 -0.8786 0.3912
vn -0.2378 -0.7370 0.6327
vn -0.2377 -0.7353 0.6347
vn -0.2383 -0.7366 0.6330
vn -0.2373 -0.7359 0.6342
vn -0.1321 -0.3542 0.9258
vn -0.1326 -0.3558 0.9251
vn -0.1320 -0.3555 0.9253
vn -0.1872 -0.5479 0.8153
vn -0.1871 -0.5471 0.8159
vn -0.1875 -0.5476 0.8155
vn -0.1869 -0.5474 0.8157
vn -0.1327 -0.3544 0.9256
vn -0.0326 -0.0179 0.9993
vn -0.0288 -0.0192 0.9994
vn -0.0797 -0.1747 0.9814
vn -0.0798 -0.1757 0.9812
vn -0.0793 -0.1750 0.9814
vn -0.0801 -0.1753 0.9813
vn -0.2323 -0.8896 0.3933
vn -0.2323 -0.8891 0.3944
vn -0.2323 -0.8895 0.3934
vn -0.2323 -0.8891 0.3945
vn -0.2020 -0.7455 0.6351
vn -0.2026 -0.7465 0.6338
vn -0.2022 -0.7469 0.6335
vn -0.2017 -0.7461 0.6346
vn -0.1580 -0.5552 0.8166
vn -0.1580 -0.5562 0.8159
vn -0.1578 -0.5554 0.8165
vn -0.1582 -0.5561 0.8159
vn -0.1125 -0.3631 0.9249
vn -0.1118 -0.3608 0.9259
vn -0.1123 -0.3603 0.9261
vn -0.1130 -0.3626 0.9251
vn -0.0275 -0.0190 0.9994
vn -0.0238 -0.0201 0.9995
vn -0.0682 -0.1777 0.9817
vn -0.0682 -0.1786 0.9816
vn -0.0681 -0.1777 0.9817
vn -0.0684 -0.1787 0.9815
vn -0.1905 -0.8998 0.3925
vn -0.1903 -0.8989 0.3947
vn -0.1905 -0.8989 0.3946
vn -0.1656 -0.7535 0.6363
vn -0.1660 -0.7544 0.6351
vn -0.1656 -0.7544 0.6352
vn -0.1907 -0.8997 0.3927
vn -0.1658 -0.7535 0.6362
vn -0.1298 -0.5617 0.8171
vn -0.1302 -0.5617 0.8171
vn -0.1299 -0.5622 0.8168
vn -0.1295 -0.5619 0.8170
vn -0.0925 -0.3678 0.9253
vn -0.0925 -0.3682 0.9251
vn -0.0923 -0.3681 0.9252
vn -0.0927 -0.3680 0.9252
vn -0.0553 -0.1805 0.9820
vn -0.0556 -0.1812 0.9819
vn -0.0554 -0.1812 0.9819
vn -0.0231 -0.0212 0.9995
vn -0.0189 -0.0219 0.9996
vn -0.0555 -0.1805 0.9820
vn -0.1289 -0.7613 0.6355
vn -0.1287 -0.7603 0.6367
vn -0.1289 -0.7603 0.6366
vn -0.1482 -0.9065 0.3954
vn -0.1483 -0.9071 0.3940
vn -0.1482 -0.9071 0.3940
vn -0.1481 -0.9066 0.3951
vn -0.1287 -0.7611 0.6357
vn -0.0713 -0.3701 0.9263
vn -0.0720 -0.3722 0.9253
vn -0.0717 -0.3723 0.9253
vn -0.1016 -0.5678 0.8169
vn -0.1017 -0.5675 0.8171
vn -0.1016 -0.5676 0.8170
vn -0.1015 -0.5678 0.8169
vn -0.0716 -0.3701 0.9262
vn -0.0176 -0.0212 0.9996
vn -0.0134 -0.0218 0.9997
vn -0.0432 -0.1860 0.9816
vn -0.0426 -0.1832 0.9821
vn -0.0433 -0.1828 0.9822
vn -0.0438 -0.1856 0.9817
vn -0.1061 -0.9122 0.3958
vn -0.1061 -0.9121 0.3959
vn -0.1060 -0.9122 0.3957
vn -0.0922 -0.7665 0.6356
vn -0.0923 -0.7661 0.6360
vn -0.0922 -0.7662 0.6360
vn -0.0923 -0.7661 0.6361
vn -0.0723 -0.5715 0.8174
vn -0.0722 -0.5719 0.8171
vn -0.0722 -0.5718 0.8172
vn -0.0519 -0.3749 0.9256
vn -0.0515 -0.3732 0.9263
vn -0.0516 -0.3732 0.9263
vn -0.0724 -0.5714 0.8175
vn -0.0518 -0.3749 0.9256
vn -0.0123 -0.0233 0.9997
vn -0.0087 -0.0240 0.9997
vn -0.0312 -0.1851 0.9822
vn -0.0315 -0.1876 0.9817
vn -0.0311 -0.1877 0.9817
vn -0.0308 -0.1853 0.9822
vn -0.0219 -0.9183 0.3954
vn -0.0216 -0.9171 0.3980
vn -0.0219 -0.9172 0.3978
vn -0.0189 -0.7704 0.6372
vn -0.0191 -0.7715 0.6359
vn -0.0187 -0.7717 0.6357
vn -0.0636 -0.9165 0.3950
vn -0.0638 -0.9156 0.3971
vn -0.0639 -0.9164 0.3952
vn -0.0217 -0.9182 0.3954
vn -0.0635 -0.9156 0.3970
vn -0.0556 -0.7690 0.6368
vn -0.0555 -0.7695 0.6362
vn -0.0556 -0.7689 0.6369
vn -0.0186 -0.7706 0.6371
vn -0.0556 -0.7695 0.6363
vn -0.0151 -0.5753 0.8178
vn -0.0151 -0.5750 0.8180
vn -0.0148 -0.5747 0.8183
vn -0.0102 -0.3780 0.9258
vn -0.0107 -0.3766 0.9263
vn -0.0102 -0.3769 0.9262
vn -0.0433 -0.5743 0.8175
vn -0.0433 -0.5741 0.8176
vn -0.0434 -0.5740 0.8177
vn -0.0434 -0.5742 0.8175
vn -0.0154 -0.5755 0.8176
vn -0.0310 -0.3775 0.9255
vn -0.0311 -0.3769 0.9257
vn -0.0312 -0.3773 0.9256
vn -0.0099 -0.3784 0.9256
vn -0.0309 -0.3770 0.9257
vn -0.0060 -0.1872 0.9823
vn -0.0069 -0.1877 0.9822
vn -0.0063 -0.1884 0.9821
vn 0.0002 -0.1880 0.9822
vn -0.0190 -0.1868 0.9822
vn -0.0189 -0.1867 0.9822
vn -0.0188 -0.1870 0.9822
vn -0.0075 -0.0226 0.9997
vn -0.0191 -0.1865 0.9823
vn -0.0000 -0.9173 0.3982
vn -0.0000 -0.9173 0.3981
vn -0.0000 -0.7718 0.6359
vn -0.0000 -0.7717 0.6360
vn -0.0000 -0.7717 0.6359
vn -0.0000 -0.5748 0.8183
vn -0.0000 -0.3768 0.9263
vn 0.0032 -0.1884 0.9821
vn 0.0028 -0.1881 0.9821
vn 0.0016 -0.0220 0.9998
vn 0.0014 -0.0222 0.9998
vn 0.0216 -0.9172 0.3979
vn 0.0216 -0.9182 0.3954
vn 0.0218 -0.9172 0.3978
vn 0.1077 0.0893 0.9902
vn 0.1059 0.0913 0.9902
vn 0.1060 0.0913 0.9902
vn 0.1075 0.0849 0.9906
vn 0.2611 0.0827 0.9618
vn 0.2628 0.0895 0.9607
vn 0.2629 0.0832 0.9612
vn 0.2617 0.0837 0.9615
vn 0.6434 0.0540 0.7637
vn 0.6449 0.0534 0.7624
vn 0.6444 0.0543 0.7627
vn 0.4456 0.0716 0.8924
vn 0.4441 0.0709 0.8932
vn 0.4449 0.0716 0.8927
vn 0.4463 0.0723 0.8919
vn 0.6438 0.0531 0.7634
vn 0.9682 -0.0039 0.2500
vn 0.9673 -0.0032 0.2535
vn 0.9674 -0.0038 0.2532
vn 0.8402 0.0280 0.5416
vn 0.8398 0.0280 0.5422
vn 0.9681 -0.0032 0.2504
vn 0.8402 0.0280 0.5415
vn 0.1072 0.0813 0.9909
vn 0.1072 0.0814 0.9909
vn 0.1061 0.0758 0.9915
vn 0.2607 0.0692 0.9629
vn 0.2605 0.0691 0.9630
vn 0.2605 0.0690 0.9630
vn 0.2606 0.0693 0.9630
vn 0.4445 0.0479 0.8945
vn 0.4444 0.0480 0.8946
vn 0.4442 0.0478 0.8947
vn 0.4443 0.0476 0.8946
vn 0.6413 0.0197 0.7670
vn 0.6405 0.0197 0.7677
vn 0.6411 0.0195 0.7672
vn 0.6406 0.0199 0.7676
vn 0.9643 -0.0542 0.2590
vn 0.9642 -0.0541 0.2595
vn 0.8352 -0.0165 0.5497
vn 0.8360 -0.0167 0.5485
vn 0.8360 -0.0166 0.5484
vn 0.8352 -0.0166 0.5497
vn 0.9644 -0.0542 0.2590
vn 0.1062 0.0757 0.9915
vn 0.4409 0.0243 0.8972
vn 0.4412 0.0242 0.8971
vn 0.2591 0.0553 0.9643
vn 0.2592 0.0553 0.9642
vn 0.2590 0.0552 0.9643
vn 0.4407 0.0244 0.8973
vn 0.6372 -0.0143 0.7706
vn 0.6363 -0.0142 0.7713
vn 0.6371 -0.0146 0.7707
vn 0.6363 -0.0140 0.7713
vn 0.8284 -0.0609 0.5569
vn 0.8289 -0.0609 0.5561
vn 0.8288 -0.0607 0.5563
vn 0.9572 -0.1050 0.2696
vn 0.9572 -0.1054 0.2694
vn 0.9577 -0.1053 0.2680
vn 0.8285 -0.0610 0.5567
vn 0.9576 -0.1049 0.2682
vn 0.1057 0.0721 0.9918
vn 0.1049 0.0679 0.9922
vn 0.2572 0.0413 0.9655
vn 0.2568 0.0413 0.9656
vn 0.2574 0.0413 0.9654
vn 0.2570 0.0414 0.9655
vn 0.4363 0.0004 0.8998
vn 0.4366 0.0004 0.8997
vn 0.4367 0.0006 0.8996
vn 0.4365 0.0007 0.8997
vn 0.6299 -0.0478 0.7752
vn 0.6304 -0.0483 0.7747
vn 0.6308 -0.0480 0.7744
vn 0.6303 -0.0475 0.7749
vn 0.8196 -0.1040 0.5634
vn 0.8199 -0.1042 0.5630
vn 0.8201 -0.1041 0.5627
vn 0.9481 -0.1555 0.2772
vn 0.9480 -0.1555 0.2779
vn 0.9479 -0.1555 0.2782
vn 0.9481 -0.1553 0.2775
vn 0.8198 -0.1039 0.5632
vn 0.1045 0.0664 0.9923
vn 0.1036 0.0622 0.9927
vn 0.2540 0.0279 0.9668
vn 0.2545 0.0277 0.9667
vn 0.2543 0.0279 0.9667
vn 0.2541 0.0278 0.9668
vn 0.4326 -0.0226 0.9013
vn 0.4312 -0.0222 0.9020
vn 0.4309 -0.0224 0.9021
vn 0.4325 -0.0228 0.9013
vn 0.8095 -0.1472 0.5684
vn 0.8089 -0.1467 0.5694
vn 0.8089 -0.1469 0.5693
vn 0.6205 -0.0809 0.7800
vn 0.6223 -0.0813 0.7786
vn 0.6206 -0.0806 0.7800
vn 0.6219 -0.0816 0.7788
vn 0.8094 -0.1470 0.5685
vn 0.9363 -0.2055 0.2846
vn 0.9358 -0.2053 0.2867
vn 0.9360 -0.2053 0.2859
vn 0.9364 -0.2052 0.2848
vn 0.1025 0.0589 0.9930
vn 0.1027 0.0588 0.9930
vn 0.1007 0.0534 0.9935
vn 0.2508 0.0138 0.9679
vn 0.2502 0.0136 0.9681
vn 0.2507 0.0138 0.9680
vn 0.2512 0.0140 0.9678
vn 0.6126 -0.1135 0.7822
vn 0.6110 -0.1123 0.7836
vn 0.6110 -0.1128 0.7836
vn 0.4235 -0.0446 0.9048
vn 0.4267 -0.0450 0.9033
vn 0.4241 -0.0439 0.9045
vn 0.4261 -0.0456 0.9035
vn 0.6128 -0.1130 0.7821
vn 0.7970 -0.1900 0.5733
vn 0.7965 -0.1891 0.5744
vn 0.7959 -0.1895 0.5750
vn 0.7966 -0.1904 0.5738
vn 0.9211 -0.2537 0.2954
vn 0.9216 -0.2544 0.2933
vn 0.9216 -0.2542 0.2933
vn 0.9211 -0.2540 0.2951
vn 0.2475 0.0008 0.9689
vn 0.2474 0.0011 0.9689
vn 0.2472 0.0007 0.9690
vn 0.2472 0.0005 0.9690
vn 0.4171 -0.0671 0.9064
vn 0.4164 -0.0670 0.9067
vn 0.4168 -0.0673 0.9065
vn 0.4167 -0.0668 0.9066
vn 0.6011 -0.1457 0.7858
vn 0.6015 -0.1459 0.7855
vn 0.6014 -0.1456 0.7856
vn 0.6009 -0.1459 0.7859
vn 0.9047 -0.3017 0.3009
vn 0.9041 -0.3008 0.3035
vn 0.9040 -0.3011 0.3035
vn 0.7807 -0.2300 0.5810
vn 0.7820 -0.2304 0.5792
vn 0.7809 -0.2298 0.5808
vn 0.9047 -0.3015 0.3010
vn 0.7818 -0.2307 0.5793
vn 0.0989 0.0480 0.9939
vn 0.0988 0.0484 0.9939
vn 0.0954 0.0435 0.9945
vn 0.2423 -0.0120 0.9701
vn 0.2428 -0.0120 0.9700
vn 0.2427 -0.0121 0.9700
vn 0.2424 -0.0122 0.9701
vn 0.4095 -0.0892 0.9079
vn 0.4084 -0.0889 0.9084
vn 0.4094 -0.0895 0.9079
vn 0.4087 -0.0887 0.9084
vn 0.5880 -0.1764 0.7894
vn 0.5888 -0.1767 0.7887
vn 0.5889 -0.1767 0.7887
vn 0.5879 -0.1764 0.7895
vn 0.7642 -0.2704 0.5856
vn 0.7638 -0.2704 0.5861
vn 0.7640 -0.2704 0.5859
vn 0.8848 -0.3477 0.3104
vn 0.8852 -0.3482 0.3084
vn 0.8853 -0.3480 0.3086
vn 0.8847 -0.3479 0.3102
vn 0.0957 0.0434 0.9945
vn 0.2377 -0.0249 0.9710
vn 0.2374 -0.0248 0.9711
vn 0.2381 -0.0249 0.9709
vn 0.2372 -0.0250 0.9711
vn 0.4000 -0.1102 0.9099
vn 0.3999 -0.1103 0.9099
vn 0.4001 -0.1102 0.9098
vn 0.5745 -0.2069 0.7919
vn 0.5738 -0.2062 0.7926
vn 0.5738 -0.2067 0.7925
vn 0.5746 -0.2064 0.7920
vn 0.7459 -0.3101 0.5895
vn 0.7453 -0.3096 0.5905
vn 0.7455 -0.3099 0.5902
vn 0.8626 -0.3920 0.3199
vn 0.8631 -0.3925 0.3177
vn 0.8632 -0.3922 0.3179
vn 0.8625 -0.3924 0.3196
vn 0.0955 0.0397 0.9946
vn 0.0933 0.0357 0.9950
vn 0.2319 -0.0379 0.9720
vn 0.2321 -0.0377 0.9720
vn 0.2316 -0.0379 0.9721
vn 0.2314 -0.0382 0.9721
vn 0.3897 -0.1310 0.9116
vn 0.3897 -0.1311 0.9116
vn 0.5585 -0.2361 0.7952
vn 0.5587 -0.2364 0.7950
vn 0.5593 -0.2362 0.7946
vn 0.5590 -0.2359 0.7949
vn 0.8395 -0.4361 0.3241
vn 0.8396 -0.4358 0.3243
vn 0.8389 -0.4352 0.3267
vn 0.8388 -0.4356 0.3265
vn 0.7251 -0.3468 0.5949
vn 0.7255 -0.3473 0.5941
vn 0.7258 -0.3471 0.5940
vn 0.7253 -0.3466 0.5948
vn 0.0919 0.0326 0.9952
vn 0.0920 0.0325 0.9952
vn 0.0893 0.0276 0.9956
vn 0.2247 -0.0494 0.9732
vn 0.2256 -0.0497 0.9729
vn 0.2252 -0.0492 0.9731
vn 0.2253 -0.0500 0.9730
vn 0.3786 -0.1509 0.9132
vn 0.3791 -0.1510 0.9130
vn 0.3789 -0.1508 0.9131
vn 0.3785 -0.1513 0.9132
vn 0.5428 -0.2646 0.7971
vn 0.5424 -0.2642 0.7975
vn 0.5425 -0.2647 0.7973
vn 0.5427 -0.2641 0.7974
vn 0.7030 -0.3835 0.5989
vn 0.7027 -0.3834 0.5994
vn 0.7028 -0.3838 0.5990
vn 0.8136 -0.4779 0.3313
vn 0.8136 -0.4777 0.3314
vn 0.8134 -0.4777 0.3320
vn 0.8134 -0.4778 0.3318
vn 0.7029 -0.3830 0.5994
vn 0.0890 0.0276 0.9957
vn 0.3668 -0.1709 0.9145
vn 0.3665 -0.1706 0.9146
vn 0.3666 -0.1708 0.9146
vn 0.2183 -0.0612 0.9740
vn 0.2180 -0.0610 0.9740
vn 0.2180 -0.0614 0.9740
vn 0.2182 -0.0608 0.9740
vn 0.3668 -0.1708 0.9145
vn 0.5245 -0.2919 0.7998
vn 0.5247 -0.2922 0.7996
vn 0.5250 -0.2921 0.7994
vn 0.6788 -0.4176 0.6040
vn 0.6793 -0.4183 0.6029
vn 0.6794 -0.4179 0.6032
vn 0.5247 -0.2918 0.7997
vn 0.7862 -0.5180 0.3371
vn 0.7860 -0.5178 0.3377
vn 0.7860 -0.5177 0.3378
vn 0.6788 -0.4181 0.6037
vn 0.7862 -0.5181 0.3369
vn 0.0869 0.0251 0.9959
vn 0.0847 0.0218 0.9962
vn 0.2102 -0.0718 0.9750
vn 0.2113 -0.0724 0.9747
vn 0.2109 -0.0715 0.9749
vn 0.2108 -0.0727 0.9748
vn 0.3541 -0.1893 0.9158
vn 0.3542 -0.1893 0.9158
vn 0.3543 -0.1893 0.9158
vn 0.3541 -0.1893 0.9159
vn 0.5065 -0.3185 0.8013
vn 0.5059 -0.3178 0.8019
vn 0.5057 -0.3180 0.8020
vn 0.5061 -0.3185 0.8015
vn 0.6540 -0.4519 0.6067
vn 0.6534 -0.4516 0.6075
vn 0.6535 -0.4516 0.6075
vn 0.7564 -0.5556 0.3451
vn 0.7569 -0.5566 0.3424
vn 0.7571 -0.5561 0.3428
vn 0.6538 -0.4517 0.6071
vn 0.7563 -0.5561 0.3447
vn 0.0840 0.0201 0.9963
vn 0.0814 0.0168 0.9965
vn 0.2032 -0.0838 0.9756
vn 0.2025 -0.0829 0.9758
vn 0.2024 -0.0834 0.9757
vn 0.2032 -0.0834 0.9756
vn 0.3401 -0.2073 0.9173
vn 0.3405 -0.2076 0.9170
vn 0.3407 -0.2076 0.9170
vn 0.4862 -0.3433 0.8036
vn 0.4865 -0.3436 0.8033
vn 0.4865 -0.3433 0.8034
vn 0.3402 -0.2072 0.9172
vn 0.4862 -0.3437 0.8034
vn 0.6277 -0.4834 0.6102
vn 0.6275 -0.4830 0.6107
vn 0.7259 -0.5926 0.3491
vn 0.7256 -0.5922 0.3505
vn 0.7255 -0.5925 0.3501
vn 0.6276 -0.4834 0.6103
vn 0.7260 -0.5923 0.3494
vn 0.0800 0.0165 0.9967
vn 0.0775 0.0135 0.9969
vn 0.1947 -0.0934 0.9764
vn 0.1950 -0.0940 0.9763
vn 0.1950 -0.0935 0.9763
vn 0.1947 -0.0938 0.9764
vn 0.3265 -0.2247 0.9181
vn 0.3262 -0.2242 0.9183
vn 0.3261 -0.2242 0.9184
vn 0.3263 -0.2247 0.9182
vn 0.4651 -0.3676 0.8053
vn 0.4654 -0.3675 0.8052
vn 0.4649 -0.3676 0.8055
vn 0.5997 -0.5132 0.6140
vn 0.6000 -0.5135 0.6135
vn 0.5997 -0.5135 0.6137
vn 0.6937 -0.6277 0.3532
vn 0.6933 -0.6269 0.3554
vn 0.6932 -0.6274 0.3548
vn 0.6939 -0.6274 0.3534
vn 0.5995 -0.5135 0.6139
vn 0.0768 0.0119 0.9970
vn 0.0739 0.0089 0.9972
vn 0.1864 -0.1044 0.9769
vn 0.1855 -0.1038 0.9771
vn 0.1860 -0.1045 0.9770
vn 0.1860 -0.1036 0.9771
vn 0.3111 -0.2409 0.9194
vn 0.3114 -0.2411 0.9192
vn 0.3110 -0.2409 0.9194
vn 0.4439 -0.3906 0.8065
vn 0.4434 -0.3899 0.8070
vn 0.4433 -0.3903 0.8069
vn 0.4437 -0.3907 0.8066
vn 0.5707 -0.5419 0.6170
vn 0.5706 -0.5419 0.6170
vn 0.5705 -0.5420 0.6171
vn 0.6599 -0.6599 0.3592
vn 0.6599 -0.6601 0.3589
vn 0.6601 -0.6602 0.3583
vn 0.6601 -0.6601 0.3584
vn 0.5708 -0.5419 0.6168
vn 0.0726 0.0084 0.9973
vn 0.0696 0.0054 0.9976
vn 0.1776 -0.1140 0.9775
vn 0.1773 -0.1137 0.9776
vn 0.1776 -0.1141 0.9775
vn 0.2954 -0.2566 0.9203
vn 0.2953 -0.2565 0.9203
vn 0.2955 -0.2566 0.9202
vn 0.4199 -0.4112 0.8091
vn 0.4212 -0.4123 0.8078
vn 0.4204 -0.4110 0.8089
vn 0.4207 -0.4124 0.8080
vn 0.6247 -0.6904 0.3649
vn 0.6248 -0.6904 0.3647
vn 0.6250 -0.6908 0.3636
vn 0.5413 -0.5693 0.6188
vn 0.5406 -0.5689 0.6198
vn 0.5407 -0.5689 0.6196
vn 0.6251 -0.6907 0.3637
vn 0.5415 -0.5694 0.6185
vn 0.0693 0.0037 0.9976
vn 0.0663 0.0009 0.9978
vn 0.1667 -0.1218 0.9784
vn 0.1681 -0.1230 0.9781
vn 0.1670 -0.1216 0.9784
vn 0.1679 -0.1232 0.9781
vn 0.2807 -0.2723 0.9204
vn 0.2795 -0.2712 0.9210
vn 0.2805 -0.2725 0.9204
vn 0.2796 -0.2710 0.9211
vn 0.5106 -0.5952 0.6205
vn 0.5105 -0.5948 0.6210
vn 0.5104 -0.5948 0.6210
vn 0.3960 -0.4311 0.8108
vn 0.3965 -0.4316 0.8103
vn 0.3959 -0.4310 0.8109
vn 0.3966 -0.4316 0.8102
vn 0.5107 -0.5952 0.6205
vn 0.5889 -0.7192 0.3686
vn 0.5890 -0.7191 0.3687
vn 0.5889 -0.7193 0.3686
vn 0.5889 -0.7191 0.3689
vn 0.0635 -0.0008 0.9980
vn 0.0636 -0.0007 0.9980
vn 0.0590 -0.0039 0.9983
vn 0.1570 -0.1303 0.9790
vn 0.1568 -0.1303 0.9790
vn 0.1571 -0.1303 0.9790
vn 0.1572 -0.1302 0.9789
vn 0.2634 -0.2857 0.9214
vn 0.2638 -0.2861 0.9212
vn 0.2637 -0.2861 0.9212
vn 0.2632 -0.2856 0.9215
vn 0.3729 -0.4512 0.8108
vn 0.3721 -0.4496 0.8120
vn 0.3715 -0.4497 0.8122
vn 0.3722 -0.4512 0.8111
vn 0.5521 -0.7460 0.3724
vn 0.5521 -0.7457 0.3731
vn 0.5521 -0.7460 0.3725
vn 0.4781 -0.6183 0.6238
vn 0.4785 -0.6188 0.6229
vn 0.4780 -0.6181 0.6241
vn 0.4787 -0.6189 0.6227
vn 0.0590 -0.0038 0.9982
vn 0.1474 -0.1392 0.9792
vn 0.1468 -0.1384 0.9794
vn 0.1468 -0.1385 0.9794
vn 0.2449 -0.2979 0.9226
vn 0.2454 -0.2990 0.9222
vn 0.2458 -0.2989 0.9221
vn 0.2453 -0.2978 0.9226
vn 0.4457 -0.6404 0.6254
vn 0.4457 -0.6403 0.6255
vn 0.4458 -0.6400 0.6258
vn 0.3478 -0.4687 0.8120
vn 0.3481 -0.4689 0.8118
vn 0.3482 -0.4687 0.8118
vn 0.3476 -0.4688 0.8120
vn 0.4457 -0.6408 0.6251
vn 0.5140 -0.7700 0.3781
vn 0.5143 -0.7710 0.3756
vn 0.5146 -0.7707 0.3759
vn 0.5137 -0.7704 0.3776
vn 0.0568 -0.0067 0.9984
vn 0.0535 -0.0089 0.9985
vn 0.1360 -0.1453 0.9800
vn 0.1369 -0.1466 0.9797
vn 0.1369 -0.1465 0.9797
vn 0.1360 -0.1452 0.9800
vn 0.2284 -0.3112 0.9225
vn 0.2276 -0.3097 0.9232
vn 0.2274 -0.3099 0.9232
vn 0.2281 -0.3113 0.9225
vn 0.4130 -0.6611 0.6264
vn 0.4129 -0.6606 0.6270
vn 0.4128 -0.6606 0.6270
vn 0.3215 -0.4846 0.8135
vn 0.3219 -0.4853 0.8129
vn 0.3219 -0.4852 0.8130
vn 0.4131 -0.6611 0.6264
vn 0.4754 -0.7934 0.3802
vn 0.4753 -0.7930 0.3810
vn 0.4752 -0.7932 0.3809
vn 0.4755 -0.7932 0.3804
vn 0.0516 -0.0082 0.9986
vn 0.0482 -0.0102 0.9988
vn 0.1262 -0.1536 0.9800
vn 0.1250 -0.1520 0.9804
vn 0.1260 -0.1537 0.9800
vn 0.1253 -0.1519 0.9804
vn 0.2092 -0.3213 0.9236
vn 0.2097 -0.3224 0.9231
vn 0.2098 -0.3224 0.9231
vn 0.2092 -0.3212 0.9236
vn 0.2958 -0.5000 0.8140
vn 0.2954 -0.4996 0.8144
vn 0.2956 -0.4997 0.8142
vn 0.2961 -0.5001 0.8138
vn 0.3785 -0.6788 0.6292
vn 0.3788 -0.6797 0.6281
vn 0.3791 -0.6797 0.6279
vn 0.4363 -0.8142 0.3830
vn 0.4363 -0.8143 0.3828
vn 0.4363 -0.8141 0.3833
vn 0.3788 -0.6789 0.6289
vn 0.0470 -0.0109 0.9988
vn 0.0433 -0.0128 0.9990
vn 0.1149 -0.1598 0.9804
vn 0.1150 -0.1600 0.9804
vn 0.1150 -0.1599 0.9804
vn 0.1148 -0.1597 0.9805
vn 0.1909 -0.3317 0.9239
vn 0.1906 -0.3313 0.9241
vn 0.1906 -0.3318 0.9239
vn 0.1908 -0.3312 0.9241
vn 0.2691 -0.5139 0.8146
vn 0.2693 -0.5139 0.8145
vn 0.3442 -0.6961 0.6300
vn 0.3443 -0.6956 0.6305
vn 0.3441 -0.6961 0.6301
vn 0.2689 -0.5138 0.8147
vn 0.3963 -0.8331 0.3858
vn 0.3964 -0.8331 0.3858
vn 0.3964 -0.8332 0.3855
vn 0.3964 -0.8333 0.3855
vn 0.3443 -0.6959 0.6302
vn 0.0424 -0.0134 0.9990
vn 0.0386 -0.0149 0.9991
vn 0.1031 -0.1649 0.9809
vn 0.1032 -0.1653 0.9808
vn 0.1033 -0.1650 0.9809
vn 0.1030 -0.1651 0.9809
vn 0.1716 -0.3407 0.9244
vn 0.1716 -0.3409 0.9243
vn 0.1718 -0.3410 0.9243
vn 0.2419 -0.5260 0.8153
vn 0.2420 -0.5260 0.8153
vn 0.1718 -0.3408 0.9243
vn 0.3092 -0.7109 0.6317
vn 0.3093 -0.7114 0.6311
vn 0.3095 -0.7112 0.6312
vn 0.2418 -0.5260 0.8154
vn 0.3560 -0.8499 0.3886
vn 0.3559 -0.8500 0.3885
vn 0.3560 -0.8501 0.3881
vn 0.3561 -0.8499 0.3883
vn 0.3091 -0.7111 0.6316
vn 0.0376 -0.0155 0.9992
vn 0.0335 -0.0169 0.9993
vn 0.0921 -0.1712 0.9809
vn 0.0915 -0.1700 0.9812
vn 0.0915 -0.1710 0.9810
vn 0.0919 -0.1700 0.9811
vn 0.2145 -0.5378 0.8153
vn 0.2144 -0.5371 0.8158
vn 0.2142 -0.5372 0.8158
vn 0.1521 -0.3484 0.9249
vn 0.1521 -0.3488 0.9248
vn 0.1518 -0.3483 0.9250
vn 0.1524 -0.3489 0.9247
vn 0.2147 -0.5377 0.8153
vn 0.2736 -0.7238 0.6334
vn 0.2740 -0.7244 0.6326
vn 0.2739 -0.7243 0.6327
vn 0.3154 -0.8656 0.3890
vn 0.3153 -0.8656 0.3891
vn 0.3151 -0.8650 0.3904
vn 0.2735 -0.7238 0.6335
vn 0.3150 -0.8651 0.3904
vn 0.0326 -0.0179 0.9993
vn 0.0288 -0.0192 0.9994
vn 0.0796 -0.1744 0.9815
vn 0.0798 -0.1757 0.9812
vn 0.0801 -0.1752 0.9813
vn 0.0793 -0.1749 0.9814
vn 0.1321 -0.3543 0.9258
vn 0.1319 -0.3555 0.9253
vn 0.1326 -0.3558 0.9251
vn 0.1326 -0.3544 0.9256
vn 0.1874 -0.5479 0.8153
vn 0.1869 -0.5470 0.8160
vn 0.1871 -0.5478 0.8155
vn 0.1873 -0.5471 0.8158
vn 0.2382 -0.7369 0.6326
vn 0.2375 -0.7354 0.6347
vn 0.2376 -0.7367 0.6331
vn 0.2736 -0.8779 0.3929
vn 0.2738 -0.8787 0.3910
vn 0.2739 -0.8786 0.3911
vn 0.2736 -0.8779 0.3930
vn 0.2380 -0.7355 0.6344
vn 0.0275 -0.0190 0.9994
vn 0.0682 -0.1777 0.9817
vn 0.0681 -0.1785 0.9816
vn 0.0683 -0.1786 0.9815
vn 0.0237 -0.0201 0.9995
vn 0.0681 -0.1777 0.9817
vn 0.1130 -0.3630 0.9249
vn 0.1119 -0.3605 0.9260
vn 0.1123 -0.3629 0.9250
vn 0.1125 -0.3606 0.9259
vn 0.1578 -0.5552 0.8166
vn 0.1581 -0.5562 0.8159
vn 0.1582 -0.5562 0.8159
vn 0.1581 -0.5552 0.8166
vn 0.2019 -0.7458 0.6349
vn 0.2019 -0.7467 0.6338
vn 0.2024 -0.7468 0.6335
vn 0.2323 -0.8896 0.3933
vn 0.2323 -0.8891 0.3944
vn 0.2322 -0.8891 0.3945
vn 0.2026 -0.7458 0.6346
vn 0.2323 -0.8895 0.3934
vn 0.0230 -0.0211 0.9995
vn 0.0189 -0.0219 0.9996
vn 0.0554 -0.1804 0.9820
vn 0.0554 -0.1812 0.9819
vn 0.0556 -0.1810 0.9819
vn 0.0552 -0.1806 0.9820
vn 0.0925 -0.3678 0.9253
vn 0.0923 -0.3681 0.9252
vn 0.0926 -0.3682 0.9251
vn 0.1298 -0.5616 0.8171
vn 0.1299 -0.5622 0.8168
vn 0.1302 -0.5618 0.8170
vn 0.0928 -0.3680 0.9252
vn 0.1295 -0.5620 0.8169
vn 0.1657 -0.7534 0.6363
vn 0.1656 -0.7545 0.6350
vn 0.1658 -0.7543 0.6353
vn 0.1905 -0.8998 0.3925
vn 0.1906 -0.8989 0.3946
vn 0.1904 -0.8989 0.3947
vn 0.1907 -0.8997 0.3926
vn 0.1655 -0.7536 0.6362
vn 0.0175 -0.0212 0.9996
vn 0.0135 -0.0219 0.9997
vn 0.0432 -0.1860 0.9816
vn 0.0433 -0.1828 0.9822
vn 0.0427 -0.1833 0.9821
vn 0.0438 -0.1856 0.9816
vn 0.0713 -0.3702 0.9262
vn 0.0718 -0.3723 0.9253
vn 0.0720 -0.3723 0.9253
vn 0.0716 -0.3701 0.9262
vn 0.1016 -0.5676 0.8170
vn 0.1014 -0.5675 0.8171
vn 0.1017 -0.5676 0.8170
vn 0.1289 -0.7613 0.6355
vn 0.1287 -0.7603 0.6367
vn 0.1287 -0.7611 0.6357
vn 0.1482 -0.9065 0.3954
vn 0.1482 -0.9071 0.3939
vn 0.1483 -0.9071 0.3939
vn 0.1481 -0.9066 0.3951
vn 0.1289 -0.7603 0.6366
vn 0.0123 -0.0233 0.9997
vn 0.0086 -0.0240 0.9997
vn 0.0313 -0.1851 0.9822
vn 0.0311 -0.1878 0.9817
vn 0.0315 -0.1876 0.9817
vn 0.0517 -0.3748 0.9257
vn 0.0517 -0.3732 0.9263
vn 0.0516 -0.3732 0.9263
vn 0.0309 -0.1853 0.9822
vn 0.0723 -0.5715 0.8174
vn 0.0722 -0.5718 0.8172
vn 0.0722 -0.5719 0.8171
vn 0.0518 -0.3748 0.9257
vn 0.0724 -0.5714 0.8175
vn 0.1061 -0.9122 0.3958
vn 0.1060 -0.9122 0.3957
vn 0.0923 -0.7661 0.6360
vn 0.0922 -0.7661 0.6361
vn 0.1061 -0.9121 0.3959
vn 0.0923 -0.7662 0.6360
vn 0.0052 -0.0225 0.9997
vn 0.0053 -0.0229 0.9997
vn 0.0060 -0.1871 0.9823
vn 0.0190 -0.1868 0.9822
vn 0.0190 -0.1867 0.9822
vn 0.0191 -0.1865 0.9823
vn 0.0069 -0.1877 0.9822
vn 0.0188 -0.1869 0.9822
vn 0.0151 -0.5752 0.8179
vn 0.0148 -0.5747 0.8183
vn 0.0151 -0.5750 0.8180
vn 0.0102 -0.3780 0.9258
vn 0.0102 -0.3769 0.9262
vn 0.0107 -0.3766 0.9263
vn 0.0311 -0.3775 0.9255
vn 0.0312 -0.3770 0.9257
vn 0.0310 -0.3768 0.9258
vn 0.0099 -0.3784 0.9256
vn 0.0309 -0.3773 0.9256
vn 0.0434 -0.5743 0.8175
vn 0.0433 -0.5740 0.8177
vn 0.0433 -0.5743 0.8175
vn 0.0434 -0.5741 0.8176
vn 0.0556 -0.7690 0.6368
vn 0.0556 -0.7695 0.6362
vn 0.0556 -0.7695 0.6363
vn 0.0154 -0.5756 0.8176
vn 0.0189 -0.7704 0.6373
vn 0.0186 -0.7706 0.6370
vn 0.0187 -0.7716 0.6358
vn 0.0556 -0.7689 0.6370
vn 0.0219 -0.9182 0.3955
vn 0.0191 -0.7715 0.6360
vn 0.0636 -0.9165 0.3950
vn 0.0639 -0.9164 0.3952
vn 0.0637 -0.9156 0.3971
vn 0.0635 -0.9156 0.3970
vn 0.9684 0.0235 0.2482
vn 0.9686 0.0234 0.2474
vn 0.8411 0.0506 0.5385
vn 0.8431 0.0504 0.5353
vn 0.8431 0.0505 0.5354
vn 0.6456 0.0713 0.7603
vn 0.6467 0.0715 0.7594
vn 0.8411 0.0506 0.5386
vn 0.6455 0.0713 0.7604
vn 0.4448 0.0838 0.8917
vn 0.4475 0.0835 0.8904
vn 0.4480 0.0835 0.8901
vn 0.2648 0.0902 0.9601
vn 0.4447 0.0838 0.8917
vn -0.0871 0.9150 -0.3939
vn -0.0871 0.9150 -0.3938
vn -0.8885 -0.0160 -0.4586
vn -0.7845 -0.5117 -0.3503
vn -0.7054 -0.6450 -0.2940
vn -0.9612 0.0862 -0.2620
vn -0.9604 0.0842 -0.2656
vn -0.9608 0.0849 -0.2639
vn -0.9616 0.0867 -0.2605
vn -0.8329 0.0411 -0.5519
vn -0.8337 0.0413 -0.5506
vn -0.8336 0.0427 -0.5507
vn -0.8329 0.0425 -0.5518
vn -0.9267 0.2439 -0.2861
vn -0.9269 0.2454 -0.2839
vn -0.9265 0.2482 -0.2828
vn -0.9271 0.2405 -0.2874
vn -0.6414 0.0004 -0.7672
vn -0.6412 -0.0012 -0.7674
vn -0.6422 0.0027 -0.7666
vn -0.6425 0.0039 -0.7663
vn -0.8634 0.4192 -0.2807
vn -0.8635 0.4189 -0.2809
vn -0.8634 0.4194 -0.2806
vn -0.8783 0.3596 -0.3151
vn -0.8783 0.3597 -0.3150
vn -0.8784 0.3594 -0.3151
vn -0.7585 0.2905 -0.5834
vn -0.7554 0.2936 -0.5858
vn -0.7565 0.2925 -0.5849
vn -0.8019 0.1782 -0.5703
vn -0.8014 0.1768 -0.5713
vn -0.8020 0.1771 -0.5704
vn -0.8012 0.1780 -0.5713
vn -0.8225 0.4640 -0.3288
vn -0.8225 0.4641 -0.3288
vn -0.4451 -0.0349 -0.8948
vn -0.4440 -0.0372 -0.8952
vn -0.4457 -0.0328 -0.8946
vn -0.4465 -0.0308 -0.8942
vn -0.7167 0.3656 -0.5939
vn -0.7208 0.3617 -0.5913
vn -0.7200 0.3627 -0.5917
vn -0.7597 0.2893 -0.5824
vn -0.6192 0.1052 -0.7781
vn -0.6190 0.1057 -0.7782
vn -0.6190 0.1041 -0.7785
vn -0.6191 0.1037 -0.7785
vn -0.7157 0.3667 -0.5944
vn -0.7614 0.5564 -0.3327
vn -0.7615 0.5563 -0.3326
vn -0.7611 0.5567 -0.3329
vn -0.7613 0.5574 -0.3313
vn -0.7613 0.5574 -0.3312
vn -0.2631 -0.0666 -0.9625
vn -0.2623 -0.0693 -0.9625
vn -0.2641 -0.0607 -0.9626
vn -0.1082 -0.0764 -0.9912
vn -0.1084 -0.0806 -0.9908
vn -0.1092 -0.0876 -0.9902
vn -0.1073 -0.0779 -0.9912
vn -0.2647 -0.0586 -0.9625
vn -0.5845 0.1919 -0.7884
vn -0.5845 0.1932 -0.7881
vn -0.5846 0.1902 -0.7887
vn -0.5847 0.1891 -0.7889
vn -0.4310 0.0396 -0.9015
vn -0.4315 0.0407 -0.9012
vn -0.4310 0.0393 -0.9015
vn -0.4304 0.0381 -0.9019
vn -0.5532 0.2494 -0.7948
vn -0.5529 0.2507 -0.7946
vn -0.5528 0.2510 -0.7946
vn -0.5533 0.2491 -0.7948
vn -0.6576 0.4515 -0.6031
vn -0.6576 0.4512 -0.6033
vn -0.6576 0.4512 -0.6032
vn -0.6577 0.4515 -0.6030
vn -0.4069 0.1026 -0.9077
vn -0.4074 0.0978 -0.9080
vn -0.4078 0.0970 -0.9079
vn -0.4067 0.1039 -0.9076
vn -0.5644 0.5526 -0.6132
vn -0.5653 0.5529 -0.6122
vn -0.5660 0.5531 -0.6114
vn -0.6426 0.6769 -0.3589
vn -0.6477 0.6643 -0.3731
vn -0.6475 0.6644 -0.3732
vn -0.6474 0.6645 -0.3733
vn -0.1090 -0.0652 -0.9919
vn -0.1026 -0.0555 -0.9932
vn -0.1028 -0.0569 -0.9931
vn -0.1056 -0.0640 -0.9923
vn -0.2557 -0.0148 -0.9666
vn -0.2561 -0.0135 -0.9666
vn -0.2557 -0.0161 -0.9666
vn -0.2553 -0.0172 -0.9667
vn -0.3860 0.1410 -0.9116
vn -0.3863 0.1408 -0.9115
vn -0.3851 0.1441 -0.9116
vn -0.3849 0.1441 -0.9116
vn -0.5094 0.3179 -0.7997
vn -0.5091 0.3194 -0.7993
vn -0.5088 0.3206 -0.7990
vn -0.5097 0.3166 -0.8000
vn -0.2417 0.0222 -0.9701
vn -0.2430 0.0148 -0.9699
vn -0.2433 0.0138 -0.9699
vn -0.2413 0.0237 -0.9702
vn -0.0985 -0.0476 -0.9940
vn -0.0978 -0.0385 -0.9945
vn -0.1017 -0.0518 -0.9935
vn -0.5636 0.5524 -0.6142
vn -0.5176 0.7718 -0.3693
vn -0.5175 0.7719 -0.3691
vn -0.5139 0.7776 -0.3623
vn -0.5216 0.7657 -0.3764
vn -0.0893 -0.0257 -0.9957
vn -0.0911 -0.0286 -0.9954
vn -0.2297 0.0441 -0.9723
vn -0.2298 0.0431 -0.9723
vn -0.2294 0.0462 -0.9722
vn -0.2293 0.0471 -0.9722
vn -0.3578 0.1878 -0.9147
vn -0.3584 0.1866 -0.9147
vn -0.3571 0.1913 -0.9143
vn -0.3566 0.1923 -0.9143
vn -0.3771 0.8583 -0.3481
vn -0.3772 0.8582 -0.3482
vn -0.3773 0.8581 -0.3483
vn -0.4252 0.8201 -0.3830
vn -0.4253 0.8200 -0.3830
vn -0.3103 0.2495 -0.9173
vn -0.3100 0.2495 -0.9174
vn -0.3093 0.2493 -0.9177
vn -0.4386 0.4004 -0.8045
vn -0.4386 0.4006 -0.8044
vn -0.4386 0.4006 -0.8045
vn -0.4387 0.4004 -0.8045
vn -0.4526 0.6373 -0.6237
vn -0.4524 0.6375 -0.6237
vn -0.4527 0.6371 -0.6238
vn -0.4528 0.6368 -0.6240
vn -0.3635 0.6890 -0.6270
vn -0.3586 0.6898 -0.6290
vn -0.3601 0.6894 -0.6285
vn -0.0876 -0.0218 -0.9959
vn -0.2158 0.0715 -0.9738
vn -0.2163 0.0693 -0.9739
vn -0.2144 0.0762 -0.9738
vn -0.2141 0.0778 -0.9737
vn -0.3317 0.8613 -0.3848
vn -0.3318 0.8612 -0.3849
vn -0.3651 0.6887 -0.6264
vn -0.3111 0.2496 -0.9170
vn -0.3542 0.4696 -0.8087
vn -0.3535 0.4701 -0.8087
vn -0.3550 0.4677 -0.8095
vn -0.3556 0.4674 -0.8094
vn -0.2286 0.8987 -0.3743
vn -0.1054 0.9042 -0.4140
vn -0.2382 0.8916 -0.3850
vn -0.2383 0.8917 -0.3849
vn -0.2957 0.7188 -0.6292
vn -0.2978 0.7171 -0.6302
vn -0.2984 0.7168 -0.6302
vn -0.2951 0.7190 -0.6292
vn -0.2846 0.5095 -0.8121
vn -0.2853 0.5088 -0.8122
vn -0.2854 0.5087 -0.8122
vn -0.2844 0.5094 -0.8122
vn -0.0781 -0.0075 -0.9969
vn -0.0747 -0.0068 -0.9972
vn -0.0771 -0.0079 -0.9970
vn -0.0755 -0.0063 -0.9971
vn -0.1876 0.1098 -0.9761
vn -0.1881 0.1106 -0.9759
vn -0.1871 0.1118 -0.9760
vn -0.1866 0.1110 -0.9761
vn -0.2508 0.3008 -0.9201
vn -0.2520 0.2984 -0.9206
vn -0.2527 0.2975 -0.9207
vn -0.2499 0.3019 -0.9200
vn -0.0724 0.5762 -0.8141
vn -0.0732 0.5748 -0.8150
vn -0.0722 0.5761 -0.8142
vn -0.0930 0.7668 -0.6351
vn -0.0938 0.7673 -0.6344
vn -0.0917 0.7662 -0.6360
vn -0.0950 0.7677 -0.6337
vn -0.2048 0.7461 -0.6335
vn -0.2052 0.7459 -0.6337
vn -0.2061 0.7446 -0.6349
vn -0.2039 0.7474 -0.6324
vn -0.2302 0.5325 -0.8145
vn -0.2290 0.5335 -0.8142
vn -0.2294 0.5322 -0.8150
vn -0.2299 0.5339 -0.8137
vn -0.1620 0.5574 -0.8143
vn -0.1596 0.5560 -0.8157
vn -0.1621 0.5574 -0.8143
vn -0.2010 0.3293 -0.9226
vn -0.2001 0.3303 -0.9224
vn -0.2036 0.3266 -0.9230
vn -0.2041 0.3256 -0.9232
vn -0.0684 0.0036 -0.9977
vn -0.0616 0.0049 -0.9981
vn -0.0598 0.0040 -0.9982
vn -0.0663 0.0027 -0.9978
vn -0.1183 0.1580 -0.9803
vn -0.1243 0.1567 -0.9798
vn -0.1231 0.1569 -0.9799
vn -0.1499 0.1428 -0.9783
vn -0.1489 0.1444 -0.9782
vn -0.1519 0.1397 -0.9785
vn -0.1526 0.1386 -0.9785
vn -0.0517 0.3774 -0.9246
vn -0.0520 0.3780 -0.9243
vn -0.0503 0.3786 -0.9242
vn -0.0713 0.5775 -0.8133
vn -0.1643 0.5589 -0.8128
vn -0.1633 0.3464 -0.9238
vn -0.1621 0.3476 -0.9235
vn -0.1614 0.3487 -0.9233
vn -0.1641 0.3453 -0.9241
vn -0.1177 0.3651 -0.9235
vn -0.1146 0.3652 -0.9238
vn -0.1146 0.3646 -0.9241
vn -0.0501 0.0174 -0.9986
vn 0.5447 0.1625 -0.8228
vn -0.0537 0.0124 -0.9985
vn -0.1167 0.1583 -0.9805
vn -0.0498 0.3784 -0.9243
vn -0.1180 0.3645 -0.9237
vn 0.5596 -0.2458 -0.7915
vn 0.9311 -0.1350 -0.3390
vn -0.0983 0.1682 -0.9808
vn -0.0979 0.1687 -0.9808
vn -0.0975 0.1696 -0.9807
vn -0.0988 0.1673 -0.9809
vn -0.0729 0.1818 -0.9806
vn -0.0660 0.1815 -0.9812
vn -0.0675 0.1816 -0.9811
vn -0.0295 0.1897 -0.9814
vn -0.0318 0.1902 -0.9812
vn -0.0277 0.1886 -0.9817
vn 0.3008 -0.9433 0.1403
vn -0.0333 0.1911 -0.9810
vn 0.0766 -0.9852 0.1532
vn -0.0751 0.1820 -0.9804
vn -0.9933 0.1140 -0.0215
vn -0.9932 0.1143 -0.0216
vn -0.9601 0.2747 -0.0520
vn -0.9599 0.2756 -0.0522
vn -0.9599 0.2756 -0.0521
vn -0.9933 0.1139 -0.0214
vn -0.8892 0.4495 -0.0849
vn -0.8897 0.4487 -0.0847
vn -0.8896 0.4487 -0.0847
vn -0.7885 0.6043 -0.1141
vn -0.7881 0.6049 -0.1142
vn -0.7880 0.6049 -0.1143
vn -0.6705 0.7290 -0.1377
vn -0.6711 0.7285 -0.1376
vn -0.7886 0.6043 -0.1141
vn -0.5380 0.8283 -0.1565
vn -0.5380 0.8282 -0.1566
vn -0.5380 0.8283 -0.1566
vn -0.6703 0.7292 -0.1378
vn -0.2321 0.9558 -0.1806
vn -0.2317 0.9559 -0.1805
vn -0.3911 0.9044 -0.1709
vn -0.3903 0.9047 -0.1709
vn -0.3910 0.9044 -0.1708
vn -0.0925 0.9784 -0.1849
vn -0.0935 0.9783 -0.1849
vn -0.0001 0.0254 -0.9997
vn -0.0005 0.0258 -0.9997
vn -0.0006 0.1896 -0.9819
vn -0.0003 0.1894 -0.9819
vn -0.0011 0.1900 -0.9818
vn 0.0002 0.1889 -0.9820
vn -0.0006 0.3802 -0.9249
vn -0.0005 0.3801 -0.9249
vn -0.0011 0.3808 -0.9247
vn 0.0002 0.3796 -0.9251
vn -0.0011 0.5785 -0.8157
vn -0.0011 0.5784 -0.8157
vn -0.0014 0.5788 -0.8154
vn -0.0007 0.5781 -0.8159
vn -0.0006 0.7708 -0.6371
vn 0.0001 0.7702 -0.6378
vn -0.0013 0.7713 -0.6364
vn -0.0013 0.9181 -0.3964
vn -0.0010 0.9179 -0.3968
vn 0.0001 0.9171 -0.3987
vn -0.0025 0.9188 -0.3946
vn -0.0870 0.9150 -0.3939
vn -0.0870 0.9150 -0.3938
vn -0.0102 0.0253 -0.9996
vn -0.0109 0.0244 -0.9996
vn -0.0157 0.0257 -0.9995
vn -0.9629 0.0821 -0.2569
vn -0.9636 0.0860 -0.2531
vn -0.9628 0.0811 -0.2577
vn -0.9623 0.0778 -0.2605
vn -0.8324 0.0425 -0.5526
vn -0.8323 0.0416 -0.5528
vn -0.8327 0.0435 -0.5520
vn -0.8328 0.0444 -0.5518
vn -0.9263 0.2443 -0.2868
vn -0.9265 0.2451 -0.2856
vn -0.9263 0.2489 -0.2828
vn -0.9265 0.2402 -0.2898
vn -0.6417 0.0004 -0.7670
vn -0.6416 -0.0008 -0.7670
vn -0.6424 0.0024 -0.7664
vn -0.6426 0.0033 -0.7662
vn -0.8634 0.4189 -0.2811
vn -0.8635 0.4186 -0.2813
vn -0.8634 0.4191 -0.2810
vn -0.8781 0.3602 -0.3150
vn -0.8780 0.3603 -0.3150
vn -0.8781 0.3600 -0.3151
vn -0.7587 0.2902 -0.5833
vn -0.7557 0.2932 -0.5856
vn -0.7569 0.2919 -0.5848
vn -0.8021 0.1781 -0.5700
vn -0.8017 0.1765 -0.5711
vn -0.8022 0.1765 -0.5703
vn -0.8016 0.1782 -0.5708
vn -0.8224 0.4639 -0.3293
vn -0.4441 -0.0370 -0.8952
vn -0.4454 -0.0329 -0.8947
vn -0.4465 -0.0310 -0.8942
vn -0.7598 0.2889 -0.5824
vn -0.6192 0.1053 -0.7781
vn -0.6190 0.1059 -0.7782
vn -0.6189 0.1040 -0.7785
vn -0.6190 0.1035 -0.7786
vn -0.7176 0.3667 -0.5921
vn -0.7171 0.3682 -0.5918
vn -0.7188 0.3623 -0.5933
vn -0.7194 0.3609 -0.5935
vn -0.7618 0.5572 -0.3305
vn -0.7618 0.5571 -0.3305
vn -0.7618 0.5571 -0.3306
vn -0.7620 0.5563 -0.3315
vn -0.7620 0.5563 -0.3316
vn -0.2631 -0.0667 -0.9625
vn -0.2623 -0.0695 -0.9625
vn -0.2642 -0.0605 -0.9626
vn -0.1081 -0.0761 -0.9912
vn -0.1083 -0.0802 -0.9909
vn -0.1091 -0.0875 -0.9902
vn -0.1071 -0.0771 -0.9913
vn -0.2648 -0.0583 -0.9625
vn -0.5844 0.1916 -0.7885
vn -0.5845 0.1926 -0.7882
vn -0.5845 0.1906 -0.7887
vn -0.5846 0.1898 -0.7888
vn -0.4065 0.1013 -0.9080
vn -0.4093 0.0984 -0.9071
vn -0.4084 0.0991 -0.9074
vn -0.4314 0.0402 -0.9012
vn -0.4314 0.0411 -0.9012
vn -0.4312 0.0388 -0.9014
vn -0.4311 0.0381 -0.9015
vn -0.5531 0.2499 -0.7947
vn -0.5528 0.2509 -0.7946
vn -0.5532 0.2497 -0.7947
vn -0.6574 0.4502 -0.6042
vn -0.6573 0.4508 -0.6039
vn -0.6572 0.4502 -0.6046
vn -0.6576 0.4510 -0.6035
vn -0.5087 0.3189 -0.7997
vn -0.5101 0.3182 -0.7991
vn -0.5077 0.3194 -0.8002
vn -0.4055 0.1023 -0.9084
vn -0.6424 0.6773 -0.3587
vn -0.6473 0.6656 -0.3714
vn -0.6474 0.6656 -0.3714
vn -0.1090 -0.0662 -0.9918
vn -0.1031 -0.0574 -0.9930
vn -0.1032 -0.0586 -0.9929
vn -0.1056 -0.0648 -0.9923
vn -0.2557 -0.0149 -0.9666
vn -0.2562 -0.0130 -0.9665
vn -0.2556 -0.0172 -0.9666
vn -0.2555 -0.0183 -0.9666
vn -0.3864 0.1414 -0.9114
vn -0.3865 0.1407 -0.9115
vn -0.3858 0.1436 -0.9113
vn -0.3857 0.1441 -0.9113
vn -0.5112 0.3176 -0.7986
vn -0.2413 0.0221 -0.9702
vn -0.2422 0.0168 -0.9701
vn -0.2424 0.0161 -0.9700
vn -0.2413 0.0235 -0.9702
vn -0.0992 -0.0469 -0.9940
vn -0.0983 -0.0381 -0.9944
vn -0.1018 -0.0510 -0.9935
vn -0.5644 0.5523 -0.6135
vn -0.5643 0.5531 -0.6128
vn -0.5643 0.5527 -0.6132
vn -0.5644 0.5519 -0.6139
vn -0.5181 0.7711 -0.3701
vn -0.5178 0.7718 -0.3691
vn -0.5139 0.7770 -0.3636
vn -0.5218 0.7651 -0.3772
vn -0.2301 0.0431 -0.9722
vn -0.2297 0.0449 -0.9722
vn -0.2295 0.0454 -0.9722
vn -0.2302 0.0426 -0.9722
vn -0.0891 -0.0268 -0.9957
vn -0.0899 -0.0310 -0.9955
vn -0.3583 0.1884 -0.9144
vn -0.3577 0.1920 -0.9139
vn -0.3571 0.1928 -0.9139
vn -0.3590 0.1873 -0.9144
vn -0.3767 0.8583 -0.3483
vn -0.3768 0.8583 -0.3484
vn -0.4254 0.8197 -0.3836
vn -0.4254 0.8196 -0.3837
vn -0.4389 0.4002 -0.8045
vn -0.4389 0.4005 -0.8044
vn -0.4388 0.4006 -0.8043
vn -0.4390 0.4001 -0.8045
vn -0.4525 0.6379 -0.6232
vn -0.4525 0.6377 -0.6234
vn -0.4526 0.6374 -0.6236
vn -0.3556 0.4685 -0.8088
vn -0.3537 0.4684 -0.8096
vn -0.3561 0.4680 -0.8088
vn -0.2154 0.0710 -0.9739
vn -0.2140 0.0759 -0.9739
vn -0.2137 0.0776 -0.9738
vn -0.0880 -0.0213 -0.9959
vn -0.2159 0.0687 -0.9740
vn -0.3312 0.8615 -0.3849
vn -0.3313 0.8614 -0.3850
vn -0.3622 0.6885 -0.6283
vn -0.3602 0.6905 -0.6273
vn -0.3594 0.6912 -0.6269
vn -0.3631 0.6877 -0.6287
vn -0.2954 0.7177 -0.6306
vn -0.2990 0.7174 -0.6292
vn -0.2982 0.7177 -0.6292
vn -0.3102 0.2497 -0.9173
vn -0.3102 0.2491 -0.9175
vn -0.3101 0.2497 -0.9173
vn -0.3102 0.2502 -0.9172
vn -0.3530 0.4689 -0.8096
vn -0.2524 0.2991 -0.9202
vn -0.2498 0.2994 -0.9208
vn -0.2535 0.2987 -0.9201
vn -0.2288 0.8988 -0.3738
vn -0.2288 0.8988 -0.3739
vn -0.1053 0.9042 -0.4140
vn -0.2382 0.8919 -0.3845
vn -0.2383 0.8919 -0.3844
vn -0.2382 0.8919 -0.3844
vn -0.2945 0.7180 -0.6307
vn -0.2851 0.5092 -0.8121
vn -0.2860 0.5082 -0.8124
vn -0.2863 0.5079 -0.8124
vn -0.2847 0.5094 -0.8120
vn -0.2311 0.5329 -0.8140
vn -0.2296 0.5337 -0.8139
vn -0.2288 0.5331 -0.8145
vn -0.0782 -0.0070 -0.9969
vn -0.0742 -0.0050 -0.9972
vn -0.0739 -0.0058 -0.9973
vn -0.1873 0.1100 -0.9761
vn -0.1876 0.1105 -0.9760
vn -0.1868 0.1115 -0.9760
vn -0.0776 -0.0077 -0.9970
vn -0.2486 0.2999 -0.9210
vn -0.0930 0.7667 -0.6352
vn -0.0938 0.7672 -0.6345
vn -0.0949 0.7676 -0.6339
vn -0.2056 0.7457 -0.6338
vn -0.2057 0.7456 -0.6338
vn -0.2064 0.7445 -0.6349
vn -0.2048 0.7468 -0.6328
vn -0.2303 0.5321 -0.8147
vn -0.2016 0.3286 -0.9227
vn -0.2031 0.3269 -0.9230
vn -0.2033 0.3263 -0.9231
vn -0.0700 0.0028 -0.9975
vn -0.0708 0.0005 -0.9975
vn -0.0670 0.0011 -0.9978
vn -0.0664 0.0025 -0.9978
vn -0.1500 0.1431 -0.9783
vn -0.1489 0.1445 -0.9782
vn -0.1522 0.1395 -0.9784
vn -0.1530 0.1386 -0.9785
vn -0.0718 0.5764 -0.8140
vn -0.0723 0.5763 -0.8141
vn -0.0705 0.5753 -0.8149
vn -0.0734 0.5773 -0.8132
vn -0.1618 0.5573 -0.8144
vn -0.1614 0.5574 -0.8144
vn -0.1600 0.5598 -0.8130
vn -0.1632 0.5548 -0.8158
vn -0.1629 0.3469 -0.9236
vn -0.1615 0.3483 -0.9234
vn -0.1607 0.3493 -0.9231
vn -0.1639 0.3454 -0.9240
vn -0.0505 0.0201 -0.9985
vn -0.0348 0.0244 -0.9991
vn -0.0551 0.0147 -0.9984
vn -0.1186 0.1598 -0.9800
vn -0.1218 0.1568 -0.9801
vn -0.1225 0.1558 -0.9802
vn -0.1176 0.1609 -0.9799
vn -0.1001 0.1683 -0.9806
vn -0.0977 0.1682 -0.9809
vn -0.0986 0.1683 -0.9808
vn -0.0505 0.3778 -0.9245
vn -0.0523 0.3787 -0.9241
vn -0.0499 0.3781 -0.9244
vn -0.0527 0.3780 -0.9243
vn -0.1172 0.3641 -0.9239
vn -0.1151 0.3658 -0.9235
vn -0.1149 0.3652 -0.9238
vn -0.1176 0.3647 -0.9237
vn -0.0297 0.0244 -0.9993
vn -0.0227 0.0237 -0.9995
vn -0.1011 0.1684 -0.9805
vn -0.0288 0.1900 -0.9814
vn -0.0314 0.1905 -0.9812
vn -0.0269 0.1887 -0.9817
vn -0.0248 0.0230 -0.9994
vn -0.0330 0.1914 -0.9810
vn -0.0160 0.0249 -0.9996
vn -0.0730 0.1798 -0.9810
vn -0.0685 0.1830 -0.9807
vn -0.0671 0.1840 -0.9806
vn -0.0748 0.1785 -0.9811
vn -0.0942 0.9783 -0.1847
vn -0.0924 0.9784 -0.1849
vn -0.2339 0.9553 -0.1805
vn -0.2322 0.9557 -0.1810
vn -0.2324 0.9556 -0.1810
vn -0.0944 0.9783 -0.1847
vn -0.3877 0.9058 -0.1712
vn -0.3903 0.9047 -0.1706
vn -0.3902 0.9048 -0.1707
vn -0.2343 0.9553 -0.1805
vn -0.5394 0.8275 -0.1560
vn -0.5383 0.8281 -0.1565
vn -0.5384 0.8280 -0.1564
vn -0.3876 0.9058 -0.1712
vn -0.6724 0.7274 -0.1372
vn -0.6707 0.7289 -0.1378
vn -0.6708 0.7288 -0.1378
vn -0.5395 0.8274 -0.1560
vn -0.7884 0.6044 -0.1142
vn -0.7884 0.6044 -0.1144
vn -0.7886 0.6042 -0.1141
vn -0.9601 0.2748 -0.0514
vn -0.9596 0.2764 -0.0522
vn -0.9597 0.2762 -0.0521
vn -0.8886 0.4508 -0.0850
vn -0.8892 0.4495 -0.0853
vn -0.8892 0.4495 -0.0854
vn -0.8884 0.4511 -0.0850
vn -0.9937 0.1099 -0.0208
vn -0.9936 0.1110 -0.0212
vn -0.9936 0.1113 -0.0212
vn -0.9602 0.2745 -0.0513
vn -0.9938 0.1096 -0.0207
vn 0.9607 0.0837 -0.2647
vn 0.9606 0.0831 -0.2653
vn 0.0892 0.9147 -0.3941
vn 0.0898 0.9149 -0.3935
vn 0.0770 0.7684 -0.6353
vn 0.0762 0.7681 -0.6357
vn 0.0776 0.7687 -0.6348
vn 0.0783 0.7690 -0.6344
vn 0.2235 0.8947 -0.3868
vn 0.2239 0.8948 -0.3863
vn 0.2273 0.8956 -0.3823
vn 0.2197 0.8938 -0.3910
vn 0.0594 0.5766 -0.8148
vn 0.0578 0.5756 -0.8157
vn 0.0608 0.5771 -0.8144
vn 0.0623 0.5779 -0.8137
vn 0.3769 0.8584 -0.3480
vn 0.3771 0.8583 -0.3482
vn 0.3769 0.8584 -0.3481
vn 0.3270 0.8612 -0.3892
vn 0.3269 0.8612 -0.3891
vn 0.1908 0.7507 -0.6325
vn 0.1904 0.7504 -0.6329
vn 0.1905 0.7507 -0.6325
vn 0.1909 0.7504 -0.6328
vn 0.4232 0.8220 -0.3811
vn 0.4230 0.8221 -0.3811
vn 0.4231 0.8221 -0.3811
vn 0.0403 0.3771 -0.9253
vn 0.0394 0.3780 -0.9250
vn 0.0444 0.3789 -0.9244
vn 0.0450 0.3781 -0.9247
vn 0.2917 0.7195 -0.6303
vn 0.2936 0.7196 -0.6293
vn 0.2940 0.7193 -0.6294
vn 0.2911 0.7197 -0.6303
vn 0.1508 0.5604 -0.8144
vn 0.1527 0.5619 -0.8130
vn 0.1511 0.5609 -0.8140
vn 0.1494 0.5593 -0.8154
vn 0.3605 0.6902 -0.6274
vn 0.3571 0.6907 -0.6288
vn 0.3558 0.6910 -0.6292
vn 0.3618 0.6900 -0.6269
vn 0.5137 0.7766 -0.3647
vn 0.5137 0.7767 -0.3646
vn 0.5138 0.7765 -0.3649
vn 0.5144 0.7768 -0.3634
vn 0.5141 0.7771 -0.3630
vn 0.5143 0.7768 -0.3633
vn 0.4447 0.6429 -0.6236
vn 0.4449 0.6422 -0.6242
vn 0.4449 0.6419 -0.6246
vn 0.0231 0.1890 -0.9817
vn 0.0284 0.1903 -0.9813
vn 0.5992 -0.2142 -0.7714
vn 0.2247 -0.0591 -0.9726
vn 0.0044 0.0269 -0.9996
vn 0.9266 -0.3639 -0.0951
vn 0.0303 0.1911 -0.9811
vn 0.2281 0.5346 -0.8137
vn 0.2257 0.5348 -0.8143
vn 0.2263 0.5353 -0.8137
vn 0.2276 0.5340 -0.8143
vn 0.1093 0.3680 -0.9234
vn 0.1087 0.3667 -0.9240
vn 0.1070 0.3670 -0.9240
vn 0.1078 0.3685 -0.9234
vn 0.2836 0.5095 -0.8124
vn 0.2836 0.5096 -0.8124
vn 0.2840 0.5094 -0.8123
vn 0.2840 0.5093 -0.8124
vn 0.4449 0.6432 -0.6232
vn 0.1627 0.3486 -0.9230
vn 0.1595 0.3485 -0.9236
vn 0.1579 0.3484 -0.9240
vn 0.1647 0.3488 -0.9226
vn 0.6435 0.6753 -0.3603
vn 0.6435 0.6754 -0.3603
vn 0.6437 0.6751 -0.3604
vn 0.6323 0.6778 -0.3752
vn 0.6325 0.6777 -0.3751
vn 0.6324 0.6777 -0.3751
vn -0.8823 -0.4426 -0.1603
vn -0.9140 0.2205 -0.3405
vn -0.9436 -0.2360 -0.2320
vn 0.1000 0.1673 -0.9808
vn 0.0954 0.1717 -0.9805
vn 0.0965 0.1704 -0.9806
vn 0.0658 0.1839 -0.9807
vn 0.0638 0.1837 -0.9809
vn 0.0629 0.1835 -0.9810
vn -0.2487 -0.9530 0.1730
vn 0.0668 0.1841 -0.9806
vn 0.2000 0.3284 -0.9231
vn 0.1994 0.3285 -0.9232
vn 0.2016 0.3282 -0.9229
vn 0.2021 0.3281 -0.9228
vn 0.3465 0.4727 -0.8102
vn 0.3481 0.4726 -0.8096
vn 0.3488 0.4727 -0.8092
vn 0.3456 0.4734 -0.8102
vn 0.1014 0.1658 -0.9809
vn 0.0472 0.0177 -0.9987
vn 0.6956 -0.5372 -0.4771
vn 0.0397 0.0185 -0.9990
vn 0.5521 0.5644 -0.6137
vn 0.5528 0.5644 -0.6131
vn 0.5522 0.5645 -0.6136
vn 0.5515 0.5644 -0.6143
vn 0.7556 0.5600 -0.3397
vn 0.7559 0.5598 -0.3395
vn 0.7617 0.5571 -0.3307
vn 0.6506 0.4599 -0.6044
vn 0.6506 0.4598 -0.6044
vn 0.6506 0.4596 -0.6046
vn 0.7494 0.5628 -0.3487
vn 0.0631 -0.2021 -0.9773
vn 0.5212 -0.5803 -0.6258
vn 0.1188 0.1575 -0.9803
vn 0.1179 0.1576 -0.9804
vn 0.1212 0.1571 -0.9801
vn 0.1220 0.1570 -0.9800
vn 0.2444 0.3020 -0.9215
vn 0.2436 0.3027 -0.9214
vn 0.2479 0.3014 -0.9207
vn 0.2485 0.3008 -0.9207
vn 0.1494 0.1410 -0.9787
vn 0.1466 0.1448 -0.9785
vn 0.1502 0.1393 -0.9788
vn 0.8633 0.4194 -0.2808
vn 0.8633 0.4195 -0.2806
vn 0.8634 0.4190 -0.2809
vn 0.8204 0.4661 -0.3312
vn 0.4307 0.4088 -0.8046
vn 0.4301 0.4089 -0.8049
vn 0.4308 0.4089 -0.8045
vn 0.4303 0.4086 -0.8049
vn 0.6506 0.4602 -0.6041
vn -0.0963 -0.2781 -0.9557
vn 0.1454 0.1470 -0.9784
vn 0.8771 0.3658 -0.3112
vn 0.8772 0.3657 -0.3112
vn 0.8772 0.3655 -0.3113
vn 0.7155 0.3677 -0.5939
vn 0.7185 0.3652 -0.5919
vn 0.7193 0.3642 -0.5915
vn 0.7145 0.3688 -0.5945
vn 0.3031 0.2561 -0.9179
vn 0.3025 0.2561 -0.9181
vn 0.3033 0.2560 -0.9179
vn 0.3037 0.2559 -0.9177
vn 0.5521 0.2517 -0.7948
vn 0.5518 0.2533 -0.7946
vn 0.5519 0.2530 -0.7946
vn 0.5048 0.3258 -0.7994
vn 0.5045 0.3258 -0.7996
vn 0.5031 0.3263 -0.8003
vn 0.5062 0.3254 -0.7987
vn 0.9294 0.2509 -0.2705
vn 0.9294 0.2506 -0.2711
vn 0.9294 0.2508 -0.2707
vn 0.9519 0.1026 -0.2888
vn 0.9519 0.1021 -0.2890
vn 0.9518 0.1020 -0.2891
vn 0.9213 0.2613 -0.2880
vn 0.9213 0.2612 -0.2880
vn 0.9214 0.2611 -0.2879
vn 0.7565 0.2944 -0.5839
vn 0.7542 0.2968 -0.5857
vn 0.7530 0.2981 -0.5866
vn 0.7578 0.2930 -0.5829
vn 0.5523 0.2514 -0.7949
vn -0.2611 -0.0721 -0.9626
vn -0.6222 0.7574 -0.1979
vn -0.5421 0.4111 -0.7329
vn -0.1345 -0.2443 -0.9603
vn 0.1829 0.1146 -0.9764
vn 0.1828 0.1149 -0.9764
vn 0.1838 0.1143 -0.9763
vn 0.1836 0.1142 -0.9763
vn 0.3560 0.1941 -0.9141
vn 0.3574 0.1934 -0.9137
vn 0.3541 0.1952 -0.9146
vn 0.3530 0.1958 -0.9149
vn 0.3861 0.1413 -0.9116
vn 0.3847 0.1457 -0.9115
vn 0.3850 0.1457 -0.9113
vn 0.2125 0.0792 -0.9740
vn 0.2136 0.0749 -0.9740
vn 0.2119 0.0797 -0.9740
vn 0.8301 0.0611 -0.5543
vn 0.8310 0.0627 -0.5528
vn 0.8304 0.0600 -0.5540
vn 0.8307 0.0638 -0.5531
vn 0.7952 0.1944 -0.5744
vn 0.7951 0.1946 -0.5744
vn 0.7940 0.1953 -0.5758
vn 0.7963 0.1937 -0.5730
vn 0.5825 0.1941 -0.7893
vn 0.5827 0.1941 -0.7892
vn 0.5831 0.1936 -0.7890
vn 0.5821 0.1943 -0.7896
vn 0.3865 0.1408 -0.9115
vn 0.0889 -0.0195 -0.9958
vn 0.0914 -0.0313 -0.9953
vn 0.0903 -0.0314 -0.9954
vn 0.0881 -0.0198 -0.9959
vn 0.2143 0.0737 -0.9740
vn 0.6402 0.0149 -0.7681
vn 0.6404 0.0156 -0.7679
vn 0.6398 0.0139 -0.7685
vn 0.6408 0.0165 -0.7675
vn 0.6144 0.1173 -0.7802
vn 0.6135 0.1181 -0.7808
vn 0.6153 0.1164 -0.7797
vn 0.6160 0.1157 -0.7792
vn 0.4048 0.1028 -0.9086
vn 0.4065 0.1009 -0.9081
vn 0.4065 0.1008 -0.9081
vn 0.4051 0.1032 -0.9084
vn 0.4276 0.0499 -0.9026
vn 0.4271 0.0460 -0.9031
vn 0.4275 0.0477 -0.9028
vn 0.0975 -0.0451 -0.9942
vn 0.1027 -0.0498 -0.9935
vn 0.0939 -0.0349 -0.9950
vn 0.2316 0.0439 -0.9718
vn 0.2279 0.0480 -0.9725
vn 0.2270 0.0488 -0.9727
vn 0.2328 0.0427 -0.9716
vn 0.4447 -0.0248 -0.8953
vn 0.4447 -0.0242 -0.8954
vn 0.4438 -0.0262 -0.8957
vn 0.4456 -0.0229 -0.8949
vn 0.4281 0.0520 -0.9023
vn 0.1035 -0.0608 -0.9928
vn 0.1052 -0.0615 -0.9925
vn 0.2400 0.0207 -0.9706
vn 0.2423 0.0173 -0.9701
vn 0.2424 0.0169 -0.9700
vn 0.2398 0.0213 -0.9706
vn 0.2532 -0.0066 -0.9674
vn 0.2533 -0.0142 -0.9673
vn 0.2533 -0.0127 -0.9673
vn 0.1079 -0.0749 -0.9913
vn 0.1085 -0.0749 -0.9913
vn 0.1084 -0.0755 -0.9912
vn 0.2628 -0.0586 -0.9631
vn 0.2636 -0.0551 -0.9630
vn 0.2625 -0.0603 -0.9630
vn 0.1077 -0.0753 -0.9913
vn 0.1058 -0.0652 -0.9923
vn 0.2638 -0.0539 -0.9631
vn 0.2531 -0.0045 -0.9674
vn 0.0935 0.9783 -0.1849
vn 0.0935 0.9783 -0.1848
vn 0.0936 0.9783 -0.1850
vn 0.0935 0.9783 -0.1850
vn 0.2339 0.9554 -0.1800
vn 0.2317 0.9559 -0.1804
vn 0.3889 0.9052 -0.1714
vn 0.3901 0.9048 -0.1708
vn 0.3902 0.9048 -0.1707
vn 0.3887 0.9053 -0.1715
vn 0.5386 0.8279 -0.1565
vn 0.5380 0.8282 -0.1568
vn 0.5387 0.8279 -0.1565
vn 0.6711 0.7285 -0.1378
vn 0.6720 0.7277 -0.1372
vn 0.7892 0.6035 -0.1137
vn 0.7881 0.6049 -0.1142
vn 0.7893 0.6034 -0.1136
vn 0.8894 0.4493 -0.0846
vn 0.8880 0.4519 -0.0856
vn 0.9606 0.2729 -0.0517
vn 0.9600 0.2751 -0.0525
vn 0.9599 0.2753 -0.0526
vn 0.9607 0.2727 -0.0518
vn 0.9934 0.1128 -0.0212
vn 0.9933 0.1137 -0.0215
vn 0.9933 0.1138 -0.0215
vn 0.9934 0.1126 -0.0211
vn 0.1075 -0.0944 -0.9897
vn 0.1094 -0.0929 -0.9896
vn 0.2613 -0.0899 -0.9611
vn 0.2649 -0.0902 -0.9600
vn 0.2648 -0.0902 -0.9601
vn 0.1072 -0.0945 -0.9897
vn 0.4454 -0.0835 -0.8914
vn 0.4487 -0.0835 -0.8898
vn 0.4485 -0.0835 -0.8899
vn 0.2616 -0.0971 -0.9603
vn 0.4452 -0.0835 -0.8915
vn 0.6455 -0.0713 -0.7605
vn 0.6482 -0.0709 -0.7582
vn 0.6484 -0.0709 -0.7580
vn 0.8410 -0.0504 -0.5387
vn 0.8411 -0.0504 -0.5385
vn 0.6454 -0.0713 -0.7605
vn 0.9685 -0.0231 -0.2481
vn 0.9675 -0.0233 -0.2518
vn 0.9675 -0.0232 -0.2517
vn 0.8410 -0.0504 -0.5386
vn 0.9685 -0.0231 -0.2479
vn 0.9694 -0.0496 -0.2404
vn 0.9686 -0.0501 -0.2434
vn 0.9688 -0.0495 -0.2430
vn 0.0014 -0.2100 -0.9777
vn 0.0035 -0.2120 -0.9773
vn 0.0014 -0.2101 -0.9777
vn 0.8423 -0.0730 -0.5340
vn 0.8415 -0.0733 -0.5352
vn 0.8415 -0.0732 -0.5353
vn 0.9693 -0.0502 -0.2409
vn 0.8424 -0.0731 -0.5338
vn 0.6445 -0.0889 -0.7594
vn 0.6461 -0.0884 -0.7581
vn 0.6465 -0.0892 -0.7577
vn 0.4471 -0.0959 -0.8893
vn 0.4462 -0.0959 -0.8898
vn 0.4456 -0.0966 -0.8900
vn 0.6449 -0.0897 -0.7590
vn 0.4476 -0.0955 -0.8891
vn 0.2613 -0.0971 -0.9604
vn 0.2617 -0.0976 -0.9602
vn 0.1080 -0.0965 -0.9895
vn 0.1079 -0.1008 -0.9890
vn 0.9678 -0.1004 -0.2308
vn 0.9676 -0.1004 -0.2317
vn 0.9676 -0.1004 -0.2315
vn 0.9678 -0.1004 -0.2309
vn 0.8411 -0.1181 -0.5279
vn 0.8420 -0.1183 -0.5264
vn 0.8409 -0.1184 -0.5281
vn 0.8419 -0.1181 -0.5265
vn 0.6460 -0.1235 -0.7532
vn 0.6449 -0.1233 -0.7542
vn 0.6462 -0.1232 -0.7531
vn 0.6450 -0.1235 -0.7542
vn 0.4469 -0.1195 -0.8866
vn 0.4474 -0.1196 -0.8863
vn 0.4473 -0.1195 -0.8863
vn 0.4468 -0.1194 -0.8866
vn 0.1081 -0.1024 -0.9889
vn 0.2614 -0.1113 -0.9588
vn 0.2613 -0.1114 -0.9588
vn 0.2612 -0.1114 -0.9588
vn 0.1078 -0.1066 -0.9884
vn 0.2613 -0.1113 -0.9588
vn 0.9630 -0.1519 -0.2228
vn 0.9635 -0.1518 -0.2205
vn 0.9630 -0.1522 -0.2224
vn 0.9558 -0.2030 -0.2129
vn 0.9558 -0.2029 -0.2127
vn 0.9561 -0.2030 -0.2113
vn 0.9634 -0.1514 -0.2211
vn 0.6451 -0.1579 -0.7476
vn 0.6444 -0.1580 -0.7482
vn 0.8379 -0.1632 -0.5209
vn 0.8384 -0.1632 -0.5200
vn 0.8381 -0.1636 -0.5205
vn 0.8382 -0.1628 -0.5205
vn 0.6452 -0.1579 -0.7475
vn 0.4444 -0.1435 -0.8843
vn 0.4453 -0.1437 -0.8837
vn 0.4444 -0.1436 -0.8842
vn 0.4454 -0.1436 -0.8837
vn 0.1063 -0.1079 -0.9885
vn 0.2616 -0.1254 -0.9570
vn 0.2604 -0.1251 -0.9574
vn 0.2605 -0.1251 -0.9573
vn 0.1058 -0.1121 -0.9880
vn 0.2617 -0.1254 -0.9570
vn 0.9560 -0.2032 -0.2115
vn 0.8330 -0.2076 -0.5128
vn 0.8331 -0.2076 -0.5127
vn 0.8330 -0.2076 -0.5129
vn 0.6414 -0.1926 -0.7426
vn 0.6419 -0.1927 -0.7422
vn 0.6414 -0.1927 -0.7426
vn 0.6418 -0.1925 -0.7423
vn 0.4417 -0.1675 -0.8814
vn 0.4418 -0.1675 -0.8813
vn 0.4417 -0.1674 -0.8814
vn 0.1055 -0.1138 -0.9879
vn 0.1048 -0.1182 -0.9874
vn 0.2608 -0.1397 -0.9552
vn 0.2600 -0.1394 -0.9555
vn 0.2607 -0.1395 -0.9553
vn 0.2601 -0.1397 -0.9554
vn 0.9461 -0.2536 -0.2013
vn 0.9459 -0.2537 -0.2024
vn 0.9461 -0.2532 -0.2020
vn 0.9459 -0.2540 -0.2017
vn 0.8265 -0.2519 -0.5034
vn 0.8256 -0.2520 -0.5048
vn 0.8256 -0.2516 -0.5051
vn 0.8265 -0.2516 -0.5037
vn 0.6345 -0.2265 -0.7390
vn 0.6360 -0.2268 -0.7376
vn 0.6362 -0.2271 -0.7374
vn 0.6345 -0.2268 -0.7389
vn 0.4399 -0.1914 -0.8774
vn 0.4383 -0.1908 -0.8783
vn 0.4401 -0.1915 -0.8773
vn 0.4381 -0.1908 -0.8784
vn 0.2564 -0.1533 -0.9544
vn 0.2587 -0.1532 -0.9537
vn 0.2584 -0.1538 -0.9537
vn 0.2567 -0.1527 -0.9544
vn 0.1051 -0.1194 -0.9873
vn 0.1042 -0.1237 -0.9868
vn 0.9331 -0.3031 -0.1934
vn 0.9333 -0.3033 -0.1920
vn 0.9333 -0.3034 -0.1921
vn 0.9331 -0.3032 -0.1932
vn 0.8171 -0.2966 -0.4944
vn 0.8163 -0.2963 -0.4958
vn 0.8170 -0.2960 -0.4949
vn 0.8164 -0.2968 -0.4954
vn 0.6291 -0.2608 -0.7322
vn 0.6274 -0.2601 -0.7339
vn 0.6288 -0.2601 -0.7328
vn 0.6276 -0.2607 -0.7336
vn 0.4340 -0.2148 -0.8749
vn 0.4351 -0.2149 -0.8743
vn 0.4353 -0.2149 -0.8743
vn 0.4338 -0.2147 -0.8750
vn 0.1038 -0.1249 -0.9867
vn 0.1025 -0.1292 -0.9863
vn 0.2547 -0.1675 -0.9524
vn 0.2537 -0.1669 -0.9528
vn 0.2545 -0.1671 -0.9525
vn 0.2537 -0.1673 -0.9527
vn 0.9182 -0.3518 -0.1820
vn 0.9178 -0.3516 -0.1843
vn 0.9179 -0.3516 -0.1841
vn 0.9182 -0.3518 -0.1819
vn 0.9003 -0.3996 -0.1724
vn 0.9004 -0.3996 -0.1722
vn 0.9005 -0.3996 -0.1718
vn 0.8037 -0.3390 -0.4891
vn 0.8050 -0.3389 -0.4869
vn 0.8050 -0.3394 -0.4866
vn 0.8037 -0.3393 -0.4888
vn 0.6204 -0.2946 -0.7268
vn 0.6201 -0.2942 -0.7273
vn 0.6202 -0.2945 -0.7270
vn 0.6207 -0.2950 -0.7265
vn 0.4276 -0.2377 -0.8721
vn 0.4281 -0.2380 -0.8718
vn 0.4277 -0.2379 -0.8721
vn 0.4280 -0.2378 -0.8719
vn 0.1020 -0.1305 -0.9862
vn 0.1007 -0.1346 -0.9858
vn 0.2515 -0.1811 -0.9507
vn 0.2513 -0.1810 -0.9508
vn 0.2514 -0.1810 -0.9508
vn 0.2516 -0.1812 -0.9507
vn 0.9004 -0.3996 -0.1718
vn 0.7895 -0.3810 -0.4811
vn 0.7901 -0.3812 -0.4801
vn 0.7896 -0.3813 -0.4808
vn 0.7900 -0.3810 -0.4804
vn 0.6091 -0.3276 -0.7223
vn 0.6105 -0.3277 -0.7210
vn 0.6104 -0.3281 -0.7209
vn 0.6094 -0.3273 -0.7222
vn 0.4220 -0.2615 -0.8680
vn 0.4206 -0.2609 -0.8689
vn 0.4206 -0.2607 -0.8690
vn 0.4221 -0.2613 -0.8681
vn 0.1002 -0.1359 -0.9856
vn 0.0988 -0.1399 -0.9852
vn 0.2470 -0.1940 -0.9494
vn 0.2474 -0.1942 -0.9492
vn 0.2473 -0.1942 -0.9493
vn 0.2468 -0.1940 -0.9494
vn 0.8795 -0.4459 -0.1665
vn 0.8802 -0.4462 -0.1617
vn 0.8793 -0.4464 -0.1659
vn 0.8568 -0.4911 -0.1573
vn 0.8571 -0.4907 -0.1568
vn 0.8574 -0.4909 -0.1548
vn 0.8803 -0.4457 -0.1624
vn 0.7736 -0.4236 -0.4713
vn 0.7729 -0.4234 -0.4725
vn 0.7730 -0.4232 -0.4726
vn 0.7736 -0.4233 -0.4715
vn 0.5990 -0.3602 -0.7152
vn 0.5975 -0.3599 -0.7166
vn 0.5974 -0.3592 -0.7170
vn 0.5990 -0.3596 -0.7155
vn 0.4129 -0.2831 -0.8657
vn 0.4141 -0.2838 -0.8649
vn 0.4140 -0.2837 -0.8649
vn 0.4127 -0.2830 -0.8658
vn 0.0983 -0.1412 -0.9851
vn 0.0964 -0.1453 -0.9847
vn 0.2428 -0.2080 -0.9475
vn 0.2420 -0.2080 -0.9477
vn 0.2419 -0.2076 -0.9478
vn 0.2428 -0.2077 -0.9476
vn 0.8569 -0.4914 -0.1557
vn 0.8325 -0.5344 -0.1463
vn 0.8324 -0.5345 -0.1461
vn 0.8324 -0.5343 -0.1469
vn 0.7558 -0.4631 -0.4629
vn 0.7553 -0.4628 -0.4640
vn 0.7559 -0.4629 -0.4631
vn 0.7554 -0.4631 -0.4636
vn 0.5840 -0.3915 -0.7111
vn 0.5853 -0.3919 -0.7098
vn 0.5852 -0.3921 -0.7098
vn 0.4050 -0.3057 -0.8617
vn 0.4038 -0.3053 -0.8624
vn 0.4036 -0.3053 -0.8625
vn 0.5841 -0.3913 -0.7111
vn 0.4052 -0.3057 -0.8616
vn 0.0970 -0.1473 -0.9843
vn 0.0953 -0.1512 -0.9839
vn 0.2357 -0.2196 -0.9467
vn 0.2375 -0.2206 -0.9460
vn 0.2375 -0.2211 -0.9459
vn 0.2356 -0.2201 -0.9466
vn 0.8327 -0.5341 -0.1463
vn 0.7349 -0.5026 -0.4553
vn 0.7352 -0.5028 -0.4546
vn 0.7350 -0.5028 -0.4549
vn 0.7352 -0.5025 -0.4549
vn 0.5695 -0.4224 -0.7052
vn 0.5692 -0.4221 -0.7056
vn 0.5695 -0.4224 -0.7051
vn 0.5691 -0.4222 -0.7056
vn 0.3943 -0.3273 -0.8587
vn 0.3947 -0.3276 -0.8584
vn 0.3942 -0.3272 -0.8588
vn 0.3948 -0.3278 -0.8583
vn 0.2312 -0.2330 -0.9446
vn 0.2300 -0.2322 -0.9451
vn 0.2311 -0.2329 -0.9446
vn 0.0932 -0.1513 -0.9841
vn 0.0912 -0.1550 -0.9837
vn 0.2299 -0.2322 -0.9451
vn 0.8060 -0.5762 -0.1354
vn 0.8056 -0.5762 -0.1379
vn 0.8057 -0.5761 -0.1380
vn 0.8061 -0.5760 -0.1356
vn 0.7122 -0.5395 -0.4492
vn 0.7129 -0.5402 -0.4473
vn 0.7121 -0.5399 -0.4488
vn 0.5525 -0.4524 -0.7001
vn 0.5534 -0.4527 -0.6992
vn 0.5528 -0.4528 -0.6995
vn 0.7129 -0.5397 -0.4477
vn 0.5529 -0.4522 -0.6998
vn 0.3836 -0.3486 -0.8552
vn 0.3831 -0.3483 -0.8555
vn 0.3831 -0.3482 -0.8556
vn 0.2243 -0.2455 -0.9431
vn 0.2245 -0.2454 -0.9431
vn 0.3837 -0.3486 -0.8551
vn 0.0912 -0.1567 -0.9834
vn 0.2241 -0.2455 -0.9431
vn 0.0888 -0.1606 -0.9830
vn 0.7769 -0.6162 -0.1293
vn 0.7771 -0.6163 -0.1273
vn 0.7771 -0.6164 -0.1272
vn 0.7768 -0.6164 -0.1291
vn 0.6886 -0.5766 -0.4397
vn 0.6878 -0.5765 -0.4411
vn 0.6880 -0.5763 -0.4411
vn 0.6887 -0.5765 -0.4397
vn 0.5349 -0.4809 -0.6947
vn 0.5351 -0.4811 -0.6944
vn 0.5351 -0.4811 -0.6945
vn 0.3716 -0.3690 -0.8519
vn 0.3716 -0.3689 -0.8519
vn 0.5348 -0.4808 -0.6948
vn 0.2172 -0.2572 -0.9416
vn 0.2170 -0.2572 -0.9417
vn 0.0881 -0.1617 -0.9829
vn 0.0859 -0.1652 -0.9825
vn 0.2172 -0.2571 -0.9417
vn 0.7464 -0.6545 -0.1207
vn 0.7464 -0.6544 -0.1210
vn 0.7464 -0.6545 -0.1208
vn 0.6626 -0.6117 -0.4323
vn 0.6629 -0.6117 -0.4318
vn 0.6628 -0.6117 -0.4319
vn 0.7463 -0.6546 -0.1205
vn 0.6626 -0.6116 -0.4322
vn 0.5159 -0.5091 -0.6890
vn 0.5155 -0.5087 -0.6895
vn 0.5159 -0.5090 -0.6890
vn 0.5155 -0.5088 -0.6895
vn 0.3581 -0.3881 -0.8492
vn 0.3587 -0.3884 -0.8488
vn 0.3586 -0.3886 -0.8487
vn 0.3581 -0.3884 -0.8490
vn 0.0847 -0.1661 -0.9825
vn 0.0821 -0.1694 -0.9821
vn 0.2094 -0.2685 -0.9403
vn 0.2097 -0.2684 -0.9402
vn 0.2095 -0.2689 -0.9401
vn 0.2094 -0.2689 -0.9401
vn 0.7142 -0.6907 -0.1133
vn 0.7144 -0.6906 -0.1128
vn 0.7144 -0.6906 -0.1127
vn 0.6351 -0.6452 -0.4248
vn 0.6347 -0.6452 -0.4253
vn 0.6353 -0.6449 -0.4248
vn 0.7141 -0.6908 -0.1134
vn 0.6346 -0.6450 -0.4257
vn 0.4967 -0.5371 -0.6818
vn 0.4952 -0.5363 -0.6835
vn 0.4953 -0.5354 -0.6841
vn 0.4968 -0.5364 -0.6822
vn 0.3433 -0.4063 -0.8468
vn 0.3443 -0.4067 -0.8462
vn 0.3445 -0.4069 -0.8460
vn 0.3431 -0.4063 -0.8469
vn 0.0818 -0.1708 -0.9819
vn 0.0789 -0.1741 -0.9816
vn 0.2018 -0.2808 -0.9383
vn 0.2010 -0.2802 -0.9387
vn 0.2011 -0.2798 -0.9388
vn 0.2018 -0.2803 -0.9385
vn 0.6806 -0.7252 -0.1041
vn 0.6803 -0.7253 -0.1060
vn 0.6804 -0.7250 -0.1063
vn 0.6808 -0.7250 -0.1046
vn 0.6064 -0.6759 -0.4189
vn 0.6063 -0.6762 -0.4185
vn 0.6063 -0.6762 -0.4186
vn 0.6065 -0.6760 -0.4184
vn 0.4738 -0.5619 -0.6781
vn 0.4748 -0.5624 -0.6770
vn 0.4746 -0.5629 -0.6767
vn 0.4736 -0.5622 -0.6780
vn 0.3289 -0.4252 -0.8432
vn 0.3284 -0.4245 -0.8438
vn 0.3283 -0.4244 -0.8439
vn 0.0783 -0.1757 -0.9813
vn 0.0757 -0.1789 -0.9809
vn 0.1926 -0.2905 -0.9373
vn 0.1931 -0.2912 -0.9370
vn 0.1930 -0.2910 -0.9370
vn 0.1926 -0.2904 -0.9373
vn 0.6451 -0.7574 -0.1013
vn 0.6453 -0.7577 -0.0968
vn 0.6447 -0.7578 -0.1006
vn 0.6457 -0.7573 -0.0975
vn 0.5758 -0.7071 -0.4104
vn 0.5756 -0.7066 -0.4116
vn 0.5755 -0.7068 -0.4114
vn 0.5758 -0.7071 -0.4103
vn 0.4510 -0.5862 -0.6730
vn 0.4506 -0.5864 -0.6731
vn 0.4507 -0.5859 -0.6734
vn 0.4510 -0.5857 -0.6735
vn 0.3141 -0.4430 -0.8397
vn 0.3136 -0.4419 -0.8405
vn 0.3142 -0.4426 -0.8399
vn 0.3133 -0.4425 -0.8402
vn 0.0736 -0.1783 -0.9812
vn 0.0707 -0.1812 -0.9809
vn 0.1839 -0.3005 -0.9359
vn 0.1839 -0.3002 -0.9360
vn 0.1839 -0.3006 -0.9359
vn 0.1839 -0.3009 -0.9358
vn 0.6088 -0.7880 -0.0914
vn 0.6084 -0.7880 -0.0938
vn 0.6087 -0.7878 -0.0943
vn 0.6090 -0.7878 -0.0920
vn 0.5449 -0.7347 -0.4042
vn 0.5448 -0.7347 -0.4042
vn 0.5448 -0.7346 -0.4044
vn 0.5448 -0.7348 -0.4041
vn 0.4263 -0.6086 -0.6693
vn 0.4272 -0.6093 -0.6680
vn 0.4268 -0.6094 -0.6682
vn 0.4266 -0.6084 -0.6692
vn 0.1733 -0.3100 -0.9348
vn 0.1740 -0.3107 -0.9344
vn 0.1742 -0.3107 -0.9344
vn 0.2977 -0.4597 -0.8367
vn 0.2975 -0.4594 -0.8370
vn 0.2977 -0.4599 -0.8366
vn 0.2975 -0.4592 -0.8370
vn 0.1731 -0.3099 -0.9349
vn 0.0708 -0.1838 -0.9804
vn 0.0675 -0.1866 -0.9801
vn 0.5117 -0.7614 -0.3980
vn 0.5117 -0.7612 -0.3985
vn 0.5714 -0.8162 -0.0857
vn 0.5714 -0.8162 -0.0854
vn 0.5327 -0.8425 -0.0799
vn 0.5327 -0.8425 -0.0800
vn 0.5328 -0.8425 -0.0798
vn 0.5713 -0.8163 -0.0855
vn 0.5116 -0.7613 -0.3983
vn 0.4017 -0.6306 -0.6640
vn 0.4016 -0.6303 -0.6644
vn 0.4019 -0.6307 -0.6639
vn 0.4015 -0.6304 -0.6644
vn 0.2805 -0.4748 -0.8342
vn 0.2807 -0.4751 -0.8340
vn 0.2806 -0.4751 -0.8340
vn 0.2804 -0.4749 -0.8342
vn 0.0663 -0.1868 -0.9801
vn 0.0631 -0.1895 -0.9799
vn 0.1635 -0.3188 -0.9336
vn 0.1636 -0.3190 -0.9335
vn 0.1634 -0.3191 -0.9335
vn 0.1636 -0.3187 -0.9336
vn 0.5328 -0.8425 -0.0797
vn 0.4777 -0.7856 -0.3932
vn 0.4779 -0.7859 -0.3924
vn 0.4778 -0.7860 -0.3923
vn 0.4775 -0.7858 -0.3931
vn 0.3757 -0.6509 -0.6597
vn 0.3758 -0.6511 -0.6594
vn 0.3756 -0.6511 -0.6596
vn 0.3758 -0.6509 -0.6597
vn 0.2623 -0.4893 -0.8317
vn 0.2625 -0.4895 -0.8315
vn 0.2624 -0.4896 -0.8315
vn 0.1532 -0.3277 -0.9323
vn 0.1530 -0.3275 -0.9324
vn 0.1531 -0.3275 -0.9324
vn 0.2622 -0.4893 -0.8317
vn 0.0621 -0.1906 -0.9797
vn 0.0589 -0.1931 -0.9794
vn 0.1530 -0.3277 -0.9323
vn 0.4932 -0.8668 -0.0728
vn 0.4931 -0.8668 -0.0743
vn 0.4932 -0.8668 -0.0738
vn 0.4933 -0.8668 -0.0729
vn 0.4530 -0.8889 -0.0678
vn 0.4529 -0.8890 -0.0678
vn 0.4529 -0.8889 -0.0680
vn 0.4427 -0.8082 -0.3884
vn 0.4430 -0.8088 -0.3868
vn 0.4428 -0.8085 -0.3875
vn 0.3494 -0.6705 -0.6544
vn 0.3489 -0.6701 -0.6552
vn 0.3491 -0.6698 -0.6553
vn 0.4427 -0.8081 -0.3887
vn 0.3491 -0.6706 -0.6545
vn 0.2438 -0.5028 -0.8293
vn 0.2436 -0.5029 -0.8293
vn 0.2437 -0.5026 -0.8295
vn 0.1429 -0.3359 -0.9310
vn 0.1426 -0.3355 -0.9312
vn 0.1425 -0.3355 -0.9312
vn 0.2439 -0.5025 -0.8294
vn 0.0571 -0.1926 -0.9796
vn 0.0538 -0.1948 -0.9794
vn 0.1430 -0.3361 -0.9309
vn 0.4530 -0.8889 -0.0680
vn 0.4067 -0.8288 -0.3842
vn 0.4069 -0.8290 -0.3836
vn 0.4068 -0.8291 -0.3835
vn 0.4067 -0.8289 -0.3841
vn 0.3221 -0.6884 -0.6500
vn 0.3219 -0.6876 -0.6508
vn 0.3219 -0.6879 -0.6506
vn 0.3221 -0.6886 -0.6497
vn 0.2240 -0.5138 -0.8281
vn 0.2249 -0.5149 -0.8272
vn 0.2246 -0.5155 -0.8270
vn 0.2237 -0.5144 -0.8278
vn 0.0532 -0.1969 -0.9790
vn 0.0494 -0.1990 -0.9787
vn 0.1311 -0.3436 -0.9299
vn 0.1313 -0.3438 -0.9298
vn 0.1312 -0.3439 -0.9298
vn 0.1310 -0.3436 -0.9299
vn 0.4117 -0.9091 -0.0633
vn 0.4117 -0.9091 -0.0632
vn 0.4117 -0.9091 -0.0634
vn 0.4118 -0.9091 -0.0634
vn 0.3705 -0.8481 -0.3787
vn 0.3704 -0.8478 -0.3796
vn 0.3705 -0.8478 -0.3795
vn 0.3706 -0.8481 -0.3787
vn 0.2930 -0.7036 -0.6474
vn 0.2933 -0.7047 -0.6461
vn 0.2933 -0.7046 -0.6461
vn 0.2929 -0.7033 -0.6477
vn 0.2048 -0.5270 -0.8249
vn 0.2040 -0.5258 -0.8258
vn 0.2042 -0.5254 -0.8260
vn 0.1199 -0.3499 -0.9291
vn 0.1202 -0.3500 -0.9290
vn 0.2050 -0.5267 -0.8250
vn 0.0486 -0.1994 -0.9787
vn 0.0447 -0.2012 -0.9785
vn 0.1197 -0.3499 -0.9291
vn 0.3699 -0.9270 -0.0615
vn 0.3699 -0.9272 -0.0590
vn 0.3697 -0.9271 -0.0612
vn 0.3702 -0.9271 -0.0593
vn 0.3335 -0.8659 -0.3728
vn 0.3330 -0.8654 -0.3745
vn 0.3330 -0.8653 -0.3746
vn 0.3335 -0.8659 -0.3729
vn 0.1839 -0.5361 -0.8239
vn 0.1845 -0.5370 -0.8232
vn 0.1844 -0.5372 -0.8230
vn 0.2641 -0.7178 -0.6443
vn 0.2640 -0.7176 -0.6445
vn 0.2640 -0.7175 -0.6445
vn 0.2642 -0.7180 -0.6440
vn 0.1840 -0.5360 -0.8239
vn 0.1085 -0.3574 -0.9276
vn 0.1076 -0.3560 -0.9283
vn 0.1081 -0.3560 -0.9282
vn 0.0432 -0.2017 -0.9785
vn 0.0395 -0.2032 -0.9783
vn 0.1081 -0.3574 -0.9277
vn 0.3277 -0.9431 -0.0559
vn 0.3277 -0.9430 -0.0579
vn 0.3279 -0.9430 -0.0564
vn 0.3275 -0.9431 -0.0577
vn 0.2958 -0.8807 -0.3698
vn 0.2959 -0.8809 -0.3693
vn 0.2956 -0.8811 -0.3691
vn 0.2958 -0.8807 -0.3699
vn 0.2340 -0.7302 -0.6419
vn 0.2341 -0.7309 -0.6411
vn 0.2339 -0.7302 -0.6420
vn 0.2342 -0.7309 -0.6410
vn 0.1640 -0.5469 -0.8210
vn 0.1634 -0.5454 -0.8221
vn 0.1637 -0.5451 -0.8222
vn 0.1642 -0.5465 -0.8212
vn 0.0964 -0.3617 -0.9273
vn 0.0968 -0.3626 -0.9269
vn 0.0966 -0.3627 -0.9269
vn 0.0962 -0.3619 -0.9272
vn 0.0381 -0.2033 -0.9784
vn 0.0345 -0.2050 -0.9782
vn 0.2848 -0.9571 -0.0531
vn 0.2849 -0.9571 -0.0535
vn 0.2848 -0.9571 -0.0530
vn 0.2850 -0.9570 -0.0538
vn 0.2572 -0.8943 -0.3662
vn 0.2572 -0.8941 -0.3667
vn 0.2575 -0.8942 -0.3661
vn 0.2571 -0.8942 -0.3665
vn 0.1429 -0.5545 -0.8198
vn 0.1431 -0.5549 -0.8195
vn 0.1430 -0.5549 -0.8195
vn 0.2041 -0.7416 -0.6390
vn 0.2040 -0.7413 -0.6394
vn 0.2042 -0.7415 -0.6391
vn 0.2040 -0.7414 -0.6393
vn 0.1431 -0.5544 -0.8198
vn 0.0333 -0.2049 -0.9782
vn 0.0293 -0.2062 -0.9781
vn 0.0838 -0.3667 -0.9265
vn 0.0839 -0.3671 -0.9264
vn 0.0837 -0.3671 -0.9264
vn 0.0841 -0.3668 -0.9265
vn 0.2416 -0.9690 -0.0521
vn 0.2415 -0.9691 -0.0504
vn 0.2415 -0.9690 -0.0523
vn 0.2416 -0.9691 -0.0502
vn 0.2184 -0.9063 -0.3619
vn 0.2181 -0.9059 -0.3631
vn 0.2185 -0.9055 -0.3639
vn 0.2187 -0.9061 -0.3622
vn 0.1737 -0.7515 -0.6365
vn 0.1734 -0.7512 -0.6369
vn 0.1737 -0.7514 -0.6366
vn 0.1734 -0.7513 -0.6368
vn 0.1212 -0.5602 -0.8194
vn 0.1216 -0.5615 -0.8185
vn 0.1214 -0.5617 -0.8184
vn 0.1210 -0.5604 -0.8193
vn 0.0283 -0.2073 -0.9779
vn 0.0243 -0.2082 -0.9778
vn 0.0711 -0.3718 -0.9256
vn 0.0710 -0.3710 -0.9259
vn 0.0713 -0.3717 -0.9256
vn 0.0709 -0.3713 -0.9258
vn 0.1982 -0.9790 -0.0474
vn 0.1982 -0.9789 -0.0499
vn 0.1983 -0.9789 -0.0499
vn 0.1792 -0.9149 -0.3616
vn 0.1796 -0.9156 -0.3596
vn 0.1794 -0.9157 -0.3596
vn 0.1984 -0.9790 -0.0476
vn 0.1796 -0.9150 -0.3613
vn 0.1422 -0.7595 -0.6348
vn 0.1422 -0.7596 -0.6347
vn 0.1421 -0.7598 -0.6345
vn 0.1423 -0.7594 -0.6349
vn 0.0995 -0.5669 -0.8178
vn 0.0995 -0.5661 -0.8183
vn 0.1001 -0.5666 -0.8179
vn 0.0992 -0.5664 -0.8182
vn 0.0590 -0.3756 -0.9249
vn 0.0587 -0.3751 -0.9251
vn 0.0590 -0.3752 -0.9251
vn 0.0230 -0.2079 -0.9779
vn 0.0190 -0.2087 -0.9778
vn 0.0587 -0.3755 -0.9249
vn 0.1396 -0.9229 -0.3589
vn 0.1395 -0.9226 -0.3596
vn 0.1395 -0.9226 -0.3598
vn 0.1544 -0.9869 -0.0469
vn 0.1546 -0.9869 -0.0456
vn 0.1544 -0.9870 -0.0455
vn 0.1543 -0.9869 -0.0469
vn 0.1395 -0.9228 -0.3590
vn 0.0777 -0.5714 -0.8170
vn 0.0778 -0.5714 -0.8170
vn 0.1111 -0.7666 -0.6325
vn 0.1109 -0.7661 -0.6331
vn 0.1112 -0.7659 -0.6333
vn 0.1113 -0.7663 -0.6327
vn 0.0777 -0.5713 -0.8170
vn 0.0180 -0.2093 -0.9777
vn 0.0137 -0.2100 -0.9776
vn 0.0458 -0.3778 -0.9247
vn 0.0459 -0.3783 -0.9245
vn 0.0458 -0.3784 -0.9245
vn 0.0457 -0.3779 -0.9247
vn 0.1105 -0.9928 -0.0458
vn 0.1105 -0.9929 -0.0451
vn 0.1104 -0.9928 -0.0455
vn 0.1104 -0.9928 -0.0457
vn 0.1000 -0.9286 -0.3575
vn 0.1000 -0.9286 -0.3574
vn 0.1002 -0.9284 -0.3579
vn 0.0794 -0.7704 -0.6326
vn 0.0795 -0.7713 -0.6315
vn 0.0794 -0.7713 -0.6315
vn 0.0557 -0.5760 -0.8156
vn 0.0556 -0.5748 -0.8164
vn 0.0555 -0.5751 -0.8162
vn 0.0793 -0.7702 -0.6328
vn 0.0556 -0.5759 -0.8156
vn 0.0128 -0.2109 -0.9774
vn 0.0087 -0.2114 -0.9774
vn 0.0328 -0.3794 -0.9247
vn 0.0326 -0.3801 -0.9244
vn 0.0327 -0.3798 -0.9245
vn 0.0329 -0.3792 -0.9247
vn 0.0226 -0.9987 -0.0452
vn 0.0228 -0.9988 -0.0424
vn 0.0223 -0.9988 -0.0430
vn 0.0208 -0.9339 -0.3569
vn 0.0213 -0.9335 -0.3580
vn 0.0208 -0.9337 -0.3574
vn 0.0664 -0.9968 -0.0456
vn 0.0664 -0.9968 -0.0448
vn 0.0662 -0.9968 -0.0453
vn 0.0231 -0.9987 -0.0446
vn 0.0666 -0.9968 -0.0451
vn 0.0601 -0.9322 -0.3570
vn 0.0599 -0.9326 -0.3560
vn 0.0598 -0.9322 -0.3569
vn 0.0202 -0.9343 -0.3560
vn 0.0602 -0.9324 -0.3564
vn 0.0163 -0.7757 -0.6309
vn 0.0165 -0.7762 -0.6303
vn 0.0159 -0.7757 -0.6309
vn 0.0112 -0.5783 -0.8157
vn 0.0118 -0.5775 -0.8163
vn 0.0112 -0.5780 -0.8160
vn 0.0478 -0.7742 -0.6311
vn 0.0480 -0.7735 -0.6320
vn 0.0479 -0.7737 -0.6318
vn 0.0477 -0.7744 -0.6309
vn 0.0168 -0.7761 -0.6304
vn 0.0336 -0.5773 -0.8158
vn 0.0336 -0.5784 -0.8151
vn 0.0332 -0.5777 -0.8156
vn 0.0106 -0.5789 -0.8153
vn 0.0340 -0.5781 -0.8153
vn 0.0067 -0.3809 -0.9246
vn 0.0073 -0.3814 -0.9244
vn 0.0068 -0.3820 -0.9241
vn -0.0000 -0.3818 -0.9243
vn 0.0195 -0.3804 -0.9246
vn 0.0195 -0.3810 -0.9244
vn 0.0192 -0.3806 -0.9245
vn 0.0076 -0.2118 -0.9773
vn 0.0198 -0.3807 -0.9245
vn -0.0015 -0.2101 -0.9777
vn -0.0015 -0.2100 -0.9777
vn -0.0035 -0.3821 -0.9241
vn -0.0031 -0.3819 -0.9242
vn -0.0000 -0.7759 -0.6308
vn -0.0000 -0.7760 -0.6307
vn -0.0000 -0.5775 -0.8164
vn -0.0000 -0.5773 -0.8165
vn -0.0000 -0.5774 -0.8164
vn -0.0000 -0.5777 -0.8162
vn -0.0000 -0.9991 -0.0429
vn -0.0000 -0.9337 -0.3580
vn -0.0000 -0.9338 -0.3579
vn -0.0000 -0.9338 -0.3578
vn -0.0232 -0.9988 -0.0429
vn -0.0228 -0.9987 -0.0453
vn -0.0226 -0.9989 -0.0421
vn -0.1080 -0.0965 -0.9895
vn -0.1072 -0.0945 -0.9897
vn -0.1075 -0.0944 -0.9897
vn -0.1080 -0.1008 -0.9890
vn -0.2613 -0.0972 -0.9603
vn -0.2613 -0.0905 -0.9610
vn -0.2616 -0.0970 -0.9603
vn -0.2616 -0.0967 -0.9603
vn -0.6445 -0.0889 -0.7594
vn -0.6464 -0.0892 -0.7578
vn -0.6461 -0.0885 -0.7581
vn -0.4471 -0.0959 -0.8893
vn -0.4455 -0.0965 -0.8900
vn -0.4460 -0.0961 -0.8898
vn -0.4476 -0.0955 -0.8891
vn -0.6449 -0.0897 -0.7589
vn -0.9694 -0.0498 -0.2405
vn -0.9686 -0.0499 -0.2435
vn -0.9688 -0.0504 -0.2428
vn -0.8425 -0.0730 -0.5338
vn -0.8416 -0.0731 -0.5352
vn -0.8416 -0.0732 -0.5352
vn -0.9692 -0.0493 -0.2412
vn -0.1079 -0.1045 -0.9887
vn -0.1078 -0.1044 -0.9887
vn -0.1060 -0.1099 -0.9883
vn -0.2614 -0.1113 -0.9588
vn -0.2613 -0.1114 -0.9588
vn -0.2612 -0.1114 -0.9588
vn -0.4469 -0.1195 -0.8866
vn -0.4473 -0.1194 -0.8864
vn -0.4468 -0.1195 -0.8866
vn -0.6462 -0.1233 -0.7531
vn -0.6449 -0.1235 -0.7542
vn -0.6462 -0.1237 -0.7531
vn -0.6450 -0.1233 -0.7542
vn -0.9678 -0.1004 -0.2308
vn -0.9676 -0.1004 -0.2315
vn -0.9676 -0.1004 -0.2317
vn -0.8408 -0.1182 -0.5283
vn -0.8420 -0.1181 -0.5263
vn -0.8420 -0.1180 -0.5263
vn -0.8409 -0.1181 -0.5281
vn -0.9678 -0.1004 -0.2309
vn -0.1061 -0.1101 -0.9882
vn -0.4444 -0.1435 -0.8843
vn -0.4454 -0.1438 -0.8837
vn -0.4454 -0.1436 -0.8838
vn -0.2616 -0.1253 -0.9570
vn -0.2605 -0.1253 -0.9573
vn -0.2618 -0.1253 -0.9570
vn -0.2604 -0.1253 -0.9573
vn -0.4444 -0.1436 -0.8842
vn -0.6451 -0.1579 -0.7476
vn -0.6444 -0.1579 -0.7482
vn -0.6453 -0.1578 -0.7474
vn -0.8380 -0.1632 -0.5207
vn -0.8384 -0.1633 -0.5200
vn -0.8382 -0.1629 -0.5205
vn -0.9630 -0.1518 -0.2228
vn -0.9630 -0.1522 -0.2224
vn -0.9635 -0.1518 -0.2205
vn -0.8382 -0.1636 -0.5203
vn -0.9634 -0.1514 -0.2212
vn -0.1055 -0.1138 -0.9879
vn -0.1048 -0.1180 -0.9875
vn -0.2608 -0.1395 -0.9553
vn -0.2600 -0.1396 -0.9555
vn -0.2606 -0.1398 -0.9553
vn -0.2602 -0.1394 -0.9554
vn -0.4418 -0.1676 -0.8814
vn -0.4419 -0.1675 -0.8813
vn -0.4417 -0.1676 -0.8814
vn -0.6414 -0.1926 -0.7426
vn -0.6418 -0.1928 -0.7423
vn -0.6418 -0.1926 -0.7423
vn -0.6416 -0.1925 -0.7425
vn -0.8330 -0.2076 -0.5128
vn -0.8331 -0.2076 -0.5127
vn -0.9561 -0.2030 -0.2113
vn -0.9558 -0.2030 -0.2126
vn -0.9558 -0.2031 -0.2127
vn -0.9561 -0.2028 -0.2116
vn -0.1051 -0.1194 -0.9873
vn -0.1042 -0.1237 -0.9868
vn -0.2563 -0.1533 -0.9544
vn -0.2584 -0.1538 -0.9537
vn -0.2587 -0.1533 -0.9537
vn -0.2567 -0.1527 -0.9543
vn -0.4400 -0.1912 -0.8774
vn -0.4382 -0.1911 -0.8783
vn -0.4384 -0.1911 -0.8782
vn -0.4402 -0.1912 -0.8773
vn -0.8265 -0.2519 -0.5035
vn -0.8255 -0.2516 -0.5052
vn -0.8256 -0.2520 -0.5049
vn -0.6344 -0.2268 -0.7390
vn -0.6362 -0.2271 -0.7374
vn -0.6345 -0.2266 -0.7390
vn -0.6359 -0.2273 -0.7375
vn -0.8264 -0.2516 -0.5038
vn -0.9461 -0.2536 -0.2013
vn -0.9459 -0.2537 -0.2024
vn -0.9459 -0.2540 -0.2017
vn -0.9461 -0.2532 -0.2019
vn -0.1032 -0.1271 -0.9865
vn -0.1031 -0.1271 -0.9865
vn -0.1016 -0.1325 -0.9860
vn -0.2547 -0.1675 -0.9524
vn -0.2538 -0.1669 -0.9527
vn -0.2536 -0.1672 -0.9528
vn -0.2546 -0.1676 -0.9524
vn -0.6289 -0.2608 -0.7325
vn -0.6274 -0.2601 -0.7339
vn -0.6276 -0.2607 -0.7336
vn -0.4340 -0.2148 -0.8749
vn -0.4352 -0.2149 -0.8743
vn -0.4340 -0.2147 -0.8749
vn -0.4354 -0.2149 -0.8742
vn -0.6288 -0.2602 -0.7328
vn -0.8171 -0.2963 -0.4945
vn -0.8166 -0.2960 -0.4956
vn -0.8163 -0.2965 -0.4958
vn -0.8168 -0.2967 -0.4948
vn -0.9331 -0.3031 -0.1934
vn -0.9333 -0.3034 -0.1921
vn -0.9333 -0.3034 -0.1920
vn -0.9331 -0.3032 -0.1932
vn -0.1016 -0.1326 -0.9860
vn -0.2516 -0.1810 -0.9508
vn -0.2512 -0.1809 -0.9509
vn -0.2511 -0.1807 -0.9510
vn -0.2516 -0.1811 -0.9507
vn -0.4276 -0.2379 -0.8721
vn -0.4280 -0.2379 -0.8719
vn -0.4278 -0.2378 -0.8721
vn -0.4279 -0.2381 -0.8719
vn -0.6206 -0.2947 -0.7267
vn -0.6202 -0.2948 -0.7269
vn -0.6209 -0.2944 -0.7265
vn -0.6200 -0.2947 -0.7272
vn -0.9182 -0.3519 -0.1820
vn -0.9179 -0.3516 -0.1841
vn -0.9178 -0.3517 -0.1843
vn -0.8037 -0.3390 -0.4891
vn -0.8052 -0.3390 -0.4866
vn -0.8042 -0.3385 -0.4885
vn -0.9182 -0.3518 -0.1820
vn -0.8048 -0.3394 -0.4869
vn -0.0994 -0.1379 -0.9854
vn -0.0995 -0.1381 -0.9854
vn -0.0974 -0.1434 -0.9849
vn -0.2470 -0.1941 -0.9494
vn -0.2474 -0.1942 -0.9492
vn -0.2473 -0.1942 -0.9493
vn -0.2470 -0.1940 -0.9494
vn -0.4222 -0.2612 -0.8680
vn -0.4206 -0.2610 -0.8689
vn -0.4221 -0.2614 -0.8680
vn -0.4207 -0.2608 -0.8689
vn -0.6091 -0.3276 -0.7222
vn -0.6105 -0.3281 -0.7209
vn -0.6106 -0.3277 -0.7210
vn -0.6094 -0.3273 -0.7222
vn -0.7896 -0.3812 -0.4808
vn -0.7898 -0.3815 -0.4803
vn -0.7900 -0.3813 -0.4801
vn -0.9005 -0.3996 -0.1718
vn -0.9003 -0.3995 -0.1725
vn -0.9003 -0.3996 -0.1724
vn -0.7896 -0.3809 -0.4810
vn -0.9005 -0.3995 -0.1718
vn -0.0974 -0.1432 -0.9849
vn -0.2429 -0.2078 -0.9475
vn -0.2419 -0.2076 -0.9478
vn -0.2427 -0.2080 -0.9475
vn -0.2422 -0.2075 -0.9478
vn -0.4128 -0.2832 -0.8657
vn -0.4141 -0.2835 -0.8650
vn -0.4127 -0.2832 -0.8657
vn -0.4142 -0.2835 -0.8649
vn -0.5990 -0.3602 -0.7151
vn -0.5974 -0.3592 -0.7170
vn -0.5975 -0.3600 -0.7165
vn -0.5989 -0.3595 -0.7156
vn -0.7737 -0.4235 -0.4712
vn -0.7731 -0.4233 -0.4725
vn -0.7728 -0.4234 -0.4727
vn -0.8795 -0.4459 -0.1665
vn -0.8802 -0.4462 -0.1616
vn -0.8804 -0.4456 -0.1624
vn -0.8793 -0.4464 -0.1658
vn -0.7736 -0.4237 -0.4713
vn -0.0971 -0.1471 -0.9843
vn -0.0954 -0.1511 -0.9839
vn -0.2356 -0.2200 -0.9466
vn -0.2374 -0.2210 -0.9459
vn -0.2376 -0.2206 -0.9460
vn -0.2358 -0.2197 -0.9467
vn -0.4049 -0.3059 -0.8616
vn -0.4038 -0.3051 -0.8625
vn -0.4037 -0.3049 -0.8626
vn -0.4051 -0.3061 -0.8615
vn -0.5839 -0.3916 -0.7111
vn -0.5852 -0.3921 -0.7098
vn -0.5853 -0.3919 -0.7099
vn -0.5841 -0.3913 -0.7112
vn -0.8573 -0.4910 -0.1545
vn -0.8574 -0.4906 -0.1552
vn -0.8569 -0.4910 -0.1572
vn -0.8567 -0.4914 -0.1566
vn -0.7559 -0.4629 -0.4629
vn -0.7556 -0.4627 -0.4638
vn -0.7554 -0.4629 -0.4638
vn -0.7557 -0.4631 -0.4630
vn -0.0920 -0.1532 -0.9839
vn -0.0923 -0.1533 -0.9839
vn -0.0900 -0.1587 -0.9832
vn -0.2311 -0.2331 -0.9446
vn -0.2299 -0.2324 -0.9451
vn -0.2310 -0.2331 -0.9446
vn -0.2299 -0.2323 -0.9451
vn -0.3943 -0.3273 -0.8587
vn -0.3947 -0.3275 -0.8584
vn -0.3942 -0.3273 -0.8587
vn -0.3949 -0.3275 -0.8583
vn -0.5695 -0.4223 -0.7052
vn -0.5692 -0.4222 -0.7055
vn -0.5696 -0.4224 -0.7051
vn -0.7349 -0.5026 -0.4553
vn -0.7353 -0.5027 -0.4547
vn -0.7351 -0.5024 -0.4551
vn -0.8324 -0.5343 -0.1467
vn -0.8324 -0.5345 -0.1464
vn -0.8326 -0.5343 -0.1459
vn -0.8326 -0.5341 -0.1463
vn -0.7350 -0.5028 -0.4549
vn -0.0901 -0.1586 -0.9832
vn -0.3836 -0.3487 -0.8551
vn -0.3831 -0.3482 -0.8556
vn -0.3831 -0.3483 -0.8555
vn -0.2243 -0.2454 -0.9431
vn -0.2241 -0.2455 -0.9431
vn -0.2245 -0.2454 -0.9431
vn -0.3837 -0.3486 -0.8551
vn -0.5525 -0.4524 -0.7001
vn -0.5529 -0.4528 -0.6995
vn -0.5534 -0.4527 -0.6992
vn -0.7121 -0.5395 -0.4492
vn -0.7129 -0.5402 -0.4471
vn -0.7129 -0.5398 -0.4477
vn -0.5529 -0.4522 -0.6998
vn -0.8060 -0.5762 -0.1354
vn -0.8057 -0.5760 -0.1380
vn -0.8056 -0.5762 -0.1380
vn -0.7121 -0.5399 -0.4488
vn -0.8061 -0.5760 -0.1355
vn -0.0881 -0.1617 -0.9829
vn -0.0859 -0.1652 -0.9825
vn -0.2172 -0.2572 -0.9416
vn -0.2171 -0.2572 -0.9417
vn -0.2170 -0.2571 -0.9417
vn -0.3716 -0.3689 -0.8519
vn -0.3716 -0.3690 -0.8519
vn -0.5348 -0.4809 -0.6948
vn -0.5351 -0.4811 -0.6944
vn -0.5351 -0.4810 -0.6945
vn -0.5347 -0.4809 -0.6948
vn -0.6886 -0.5766 -0.4397
vn -0.6880 -0.5763 -0.4411
vn -0.6879 -0.5764 -0.4411
vn -0.7769 -0.6162 -0.1293
vn -0.7771 -0.6164 -0.1272
vn -0.7771 -0.6163 -0.1273
vn -0.6883 -0.5767 -0.4400
vn -0.7768 -0.6164 -0.1290
vn -0.0848 -0.1660 -0.9825
vn -0.0821 -0.1694 -0.9821
vn -0.2094 -0.2685 -0.9402
vn -0.2098 -0.2689 -0.9401
vn -0.2097 -0.2684 -0.9402
vn -0.2094 -0.2690 -0.9401
vn -0.3583 -0.3883 -0.8491
vn -0.3586 -0.3886 -0.8488
vn -0.3588 -0.3885 -0.8487
vn -0.5158 -0.5091 -0.6890
vn -0.5155 -0.5088 -0.6895
vn -0.5154 -0.5088 -0.6895
vn -0.3585 -0.3882 -0.8490
vn -0.6626 -0.6116 -0.4323
vn -0.6628 -0.6117 -0.4319
vn -0.6628 -0.6116 -0.4319
vn -0.7464 -0.6545 -0.1207
vn -0.7464 -0.6545 -0.1208
vn -0.7464 -0.6544 -0.1210
vn -0.6627 -0.6116 -0.4321
vn -0.7463 -0.6546 -0.1205
vn -0.0818 -0.1708 -0.9819
vn -0.0789 -0.1741 -0.9816
vn -0.2018 -0.2808 -0.9383
vn -0.2011 -0.2798 -0.9388
vn -0.2010 -0.2802 -0.9387
vn -0.2019 -0.2803 -0.9384
vn -0.3432 -0.4064 -0.8468
vn -0.3445 -0.4070 -0.8460
vn -0.3442 -0.4069 -0.8462
vn -0.3430 -0.4063 -0.8469
vn -0.4969 -0.5367 -0.6819
vn -0.4957 -0.5354 -0.6838
vn -0.4951 -0.5358 -0.6840
vn -0.4963 -0.5371 -0.6820
vn -0.6351 -0.6452 -0.4247
vn -0.6353 -0.6449 -0.4248
vn -0.6347 -0.6452 -0.4253
vn -0.7142 -0.6907 -0.1134
vn -0.7143 -0.6907 -0.1127
vn -0.7144 -0.6906 -0.1128
vn -0.7141 -0.6908 -0.1135
vn -0.6346 -0.6450 -0.4257
vn -0.0783 -0.1758 -0.9813
vn -0.0758 -0.1789 -0.9809
vn -0.1927 -0.2907 -0.9372
vn -0.1931 -0.2909 -0.9371
vn -0.1925 -0.2905 -0.9373
vn -0.1933 -0.2910 -0.9370
vn -0.3290 -0.4251 -0.8432
vn -0.3282 -0.4245 -0.8438
vn -0.3292 -0.4253 -0.8431
vn -0.4738 -0.5619 -0.6781
vn -0.4744 -0.5628 -0.6769
vn -0.4749 -0.5626 -0.6767
vn -0.4745 -0.5618 -0.6777
vn -0.6062 -0.6763 -0.4185
vn -0.6065 -0.6762 -0.4182
vn -0.6065 -0.6762 -0.4183
vn -0.6806 -0.7252 -0.1041
vn -0.6808 -0.7250 -0.1046
vn -0.6804 -0.7250 -0.1064
vn -0.6803 -0.7253 -0.1060
vn -0.6065 -0.6763 -0.4181
vn -0.0736 -0.1783 -0.9812
vn -0.0707 -0.1813 -0.9809
vn -0.1838 -0.3003 -0.9360
vn -0.1839 -0.3005 -0.9359
vn -0.1842 -0.3005 -0.9358
vn -0.1835 -0.3006 -0.9359
vn -0.3142 -0.4428 -0.8397
vn -0.3139 -0.4421 -0.8402
vn -0.3134 -0.4422 -0.8404
vn -0.3137 -0.4429 -0.8399
vn -0.4510 -0.5863 -0.6730
vn -0.4506 -0.5861 -0.6734
vn -0.4504 -0.5863 -0.6733
vn -0.4512 -0.5860 -0.6730
vn -0.6451 -0.7574 -0.1013
vn -0.6447 -0.7578 -0.1006
vn -0.6453 -0.7577 -0.0968
vn -0.5759 -0.7070 -0.4105
vn -0.5757 -0.7067 -0.4113
vn -0.5758 -0.7067 -0.4112
vn -0.6457 -0.7573 -0.0975
vn -0.5761 -0.7070 -0.4103
vn -0.0708 -0.1837 -0.9804
vn -0.0675 -0.1866 -0.9801
vn -0.1733 -0.3100 -0.9348
vn -0.1740 -0.3107 -0.9344
vn -0.1732 -0.3100 -0.9348
vn -0.1741 -0.3107 -0.9344
vn -0.2977 -0.4596 -0.8367
vn -0.2975 -0.4594 -0.8369
vn -0.2979 -0.4596 -0.8367
vn -0.2972 -0.4594 -0.8370
vn -0.5448 -0.7347 -0.4043
vn -0.5449 -0.7347 -0.4040
vn -0.5448 -0.7348 -0.4041
vn -0.4263 -0.6086 -0.6693
vn -0.4270 -0.6092 -0.6683
vn -0.4267 -0.6085 -0.6691
vn -0.4268 -0.6094 -0.6682
vn -0.5449 -0.7346 -0.4042
vn -0.6088 -0.7880 -0.0914
vn -0.6090 -0.7878 -0.0920
vn -0.6087 -0.7878 -0.0943
vn -0.6084 -0.7880 -0.0938
vn -0.0645 -0.1879 -0.9801
vn -0.0647 -0.1880 -0.9800
vn -0.0606 -0.1919 -0.9795
vn -0.1634 -0.3189 -0.9336
vn -0.1633 -0.3190 -0.9336
vn -0.1636 -0.3190 -0.9335
vn -0.1637 -0.3189 -0.9336
vn -0.2804 -0.4748 -0.8342
vn -0.2806 -0.4751 -0.8340
vn -0.2807 -0.4751 -0.8340
vn -0.2805 -0.4748 -0.8342
vn -0.4019 -0.6307 -0.6639
vn -0.4016 -0.6303 -0.6645
vn -0.4015 -0.6303 -0.6645
vn -0.4017 -0.6307 -0.6640
vn -0.5714 -0.8162 -0.0857
vn -0.5713 -0.8163 -0.0855
vn -0.5714 -0.8162 -0.0854
vn -0.5117 -0.7614 -0.3980
vn -0.5116 -0.7613 -0.3983
vn -0.5117 -0.7612 -0.3985
vn -0.0603 -0.1918 -0.9796
vn -0.1532 -0.3277 -0.9323
vn -0.1531 -0.3275 -0.9324
vn -0.1530 -0.3275 -0.9324
vn -0.1530 -0.3277 -0.9323
vn -0.2622 -0.4893 -0.8317
vn -0.2624 -0.4896 -0.8315
vn -0.2625 -0.4896 -0.8315
vn -0.2624 -0.4894 -0.8317
vn -0.4777 -0.7857 -0.3932
vn -0.4778 -0.7860 -0.3923
vn -0.4779 -0.7859 -0.3924
vn -0.3757 -0.6510 -0.6596
vn -0.3758 -0.6510 -0.6595
vn -0.3759 -0.6510 -0.6595
vn -0.3756 -0.6510 -0.6596
vn -0.4775 -0.7858 -0.3931
vn -0.5327 -0.8425 -0.0798
vn -0.5328 -0.8425 -0.0798
vn -0.5328 -0.8424 -0.0800
vn -0.5327 -0.8426 -0.0796
vn -0.0571 -0.1927 -0.9796
vn -0.0537 -0.1949 -0.9793
vn -0.1429 -0.3360 -0.9310
vn -0.1425 -0.3356 -0.9312
vn -0.1427 -0.3356 -0.9311
vn -0.1431 -0.3360 -0.9309
vn -0.2439 -0.5027 -0.8293
vn -0.2441 -0.5026 -0.8294
vn -0.2437 -0.5025 -0.8295
vn -0.2435 -0.5027 -0.8294
vn -0.4427 -0.8082 -0.3884
vn -0.4428 -0.8086 -0.3875
vn -0.4430 -0.8088 -0.3868
vn -0.3494 -0.6706 -0.6544
vn -0.3487 -0.6699 -0.6554
vn -0.3490 -0.6706 -0.6546
vn -0.3491 -0.6698 -0.6553
vn -0.4427 -0.8081 -0.3886
vn -0.4932 -0.8668 -0.0728
vn -0.4932 -0.8668 -0.0738
vn -0.4931 -0.8668 -0.0742
vn -0.4933 -0.8668 -0.0729
vn -0.0532 -0.1969 -0.9790
vn -0.0494 -0.1990 -0.9787
vn -0.1310 -0.3436 -0.9299
vn -0.1312 -0.3438 -0.9298
vn -0.1311 -0.3436 -0.9299
vn -0.1312 -0.3439 -0.9298
vn -0.2237 -0.5140 -0.8281
vn -0.2242 -0.5153 -0.8271
vn -0.2249 -0.5153 -0.8270
vn -0.2244 -0.5140 -0.8279
vn -0.3221 -0.6883 -0.6500
vn -0.3216 -0.6878 -0.6507
vn -0.3218 -0.6879 -0.6506
vn -0.3224 -0.6884 -0.6498
vn -0.4067 -0.8289 -0.3841
vn -0.4068 -0.8291 -0.3837
vn -0.4069 -0.8291 -0.3836
vn -0.4530 -0.8889 -0.0680
vn -0.4529 -0.8890 -0.0679
vn -0.4530 -0.8890 -0.0676
vn -0.4530 -0.8889 -0.0677
vn -0.0485 -0.1994 -0.9787
vn -0.0447 -0.2013 -0.9785
vn -0.1200 -0.3499 -0.9291
vn -0.1202 -0.3500 -0.9290
vn -0.1198 -0.3499 -0.9291
vn -0.2049 -0.5268 -0.8249
vn -0.2040 -0.5256 -0.8259
vn -0.2045 -0.5269 -0.8250
vn -0.2044 -0.5256 -0.8258
vn -0.2928 -0.7037 -0.6474
vn -0.2934 -0.7046 -0.6461
vn -0.2935 -0.7045 -0.6462
vn -0.3705 -0.8481 -0.3787
vn -0.3705 -0.8478 -0.3795
vn -0.3704 -0.8477 -0.3796
vn -0.2927 -0.7037 -0.6474
vn -0.4117 -0.9091 -0.0634
vn -0.4118 -0.9091 -0.0634
vn -0.4117 -0.9091 -0.0632
vn -0.3706 -0.8481 -0.3787
vn -0.0432 -0.2017 -0.9785
vn -0.0396 -0.2033 -0.9783
vn -0.1083 -0.3575 -0.9276
vn -0.1079 -0.3558 -0.9283
vn -0.1076 -0.3562 -0.9282
vn -0.1086 -0.3571 -0.9277
vn -0.1839 -0.5361 -0.8239
vn -0.1845 -0.5372 -0.8231
vn -0.1845 -0.5370 -0.8231
vn -0.2641 -0.7178 -0.6442
vn -0.2640 -0.7176 -0.6445
vn -0.1839 -0.5360 -0.8240
vn -0.3332 -0.8658 -0.3734
vn -0.3332 -0.8654 -0.3743
vn -0.3331 -0.8654 -0.3744
vn -0.2642 -0.7180 -0.6439
vn -0.3699 -0.9270 -0.0615
vn -0.3697 -0.9271 -0.0612
vn -0.3699 -0.9272 -0.0590
vn -0.3702 -0.9271 -0.0594
vn -0.3333 -0.8658 -0.3731
vn -0.0381 -0.2034 -0.9784
vn -0.0345 -0.2050 -0.9782
vn -0.0960 -0.3619 -0.9273
vn -0.0967 -0.3626 -0.9269
vn -0.0965 -0.3617 -0.9273
vn -0.0965 -0.3627 -0.9269
vn -0.2340 -0.7301 -0.6420
vn -0.2342 -0.7310 -0.6409
vn -0.2342 -0.7310 -0.6410
vn -0.1643 -0.5467 -0.8210
vn -0.1634 -0.5454 -0.8221
vn -0.1640 -0.5467 -0.8211
vn -0.1637 -0.5451 -0.8222
vn -0.2339 -0.7302 -0.6420
vn -0.2958 -0.8809 -0.3696
vn -0.2956 -0.8811 -0.3691
vn -0.2957 -0.8811 -0.3691
vn -0.3277 -0.9431 -0.0560
vn -0.3279 -0.9430 -0.0564
vn -0.3277 -0.9430 -0.0579
vn -0.2958 -0.8808 -0.3698
vn -0.3275 -0.9431 -0.0578
vn -0.0333 -0.2049 -0.9782
vn -0.0293 -0.2062 -0.9781
vn -0.0838 -0.3668 -0.9265
vn -0.0839 -0.3671 -0.9264
vn -0.0841 -0.3668 -0.9265
vn -0.0836 -0.3671 -0.9264
vn -0.1429 -0.5544 -0.8199
vn -0.1430 -0.5548 -0.8196
vn -0.1432 -0.5549 -0.8195
vn -0.1431 -0.5544 -0.8198
vn -0.2041 -0.7416 -0.6390
vn -0.2040 -0.7414 -0.6393
vn -0.2039 -0.7416 -0.6391
vn -0.2041 -0.7414 -0.6393
vn -0.2574 -0.8944 -0.3659
vn -0.2572 -0.8942 -0.3664
vn -0.2572 -0.8943 -0.3661
vn -0.2849 -0.9571 -0.0531
vn -0.2849 -0.9571 -0.0534
vn -0.2850 -0.9570 -0.0538
vn -0.2848 -0.9571 -0.0530
vn -0.2573 -0.8942 -0.3663
vn -0.0283 -0.2073 -0.9779
vn -0.0711 -0.3718 -0.9256
vn -0.0711 -0.3710 -0.9259
vn -0.0709 -0.3713 -0.9258
vn -0.0243 -0.2082 -0.9778
vn -0.0713 -0.3717 -0.9256
vn -0.1210 -0.5603 -0.8194
vn -0.1216 -0.5617 -0.8184
vn -0.1213 -0.5603 -0.8194
vn -0.1213 -0.5616 -0.8185
vn -0.1737 -0.7514 -0.6366
vn -0.1734 -0.7512 -0.6369
vn -0.1736 -0.7514 -0.6366
vn -0.2186 -0.9062 -0.3620
vn -0.2185 -0.9056 -0.3635
vn -0.2183 -0.9056 -0.3636
vn -0.2416 -0.9690 -0.0520
vn -0.2416 -0.9691 -0.0504
vn -0.2417 -0.9691 -0.0501
vn -0.2183 -0.9062 -0.3620
vn -0.2415 -0.9690 -0.0521
vn -0.0230 -0.2079 -0.9779
vn -0.0190 -0.2088 -0.9778
vn -0.0589 -0.3756 -0.9249
vn -0.0588 -0.3748 -0.9252
vn -0.0587 -0.3751 -0.9251
vn -0.0591 -0.3754 -0.9250
vn -0.0998 -0.5670 -0.8177
vn -0.0997 -0.5662 -0.8182
vn -0.0993 -0.5661 -0.8183
vn -0.1421 -0.7595 -0.6347
vn -0.1422 -0.7596 -0.6346
vn -0.1422 -0.7595 -0.6347
vn -0.0994 -0.5667 -0.8179
vn -0.1423 -0.7594 -0.6349
vn -0.1795 -0.9151 -0.3612
vn -0.1794 -0.9158 -0.3594
vn -0.1797 -0.9156 -0.3597
vn -0.1982 -0.9790 -0.0473
vn -0.1983 -0.9789 -0.0498
vn -0.1981 -0.9789 -0.0497
vn -0.1984 -0.9790 -0.0475
vn -0.1792 -0.9150 -0.3615
vn -0.0179 -0.2093 -0.9777
vn -0.0138 -0.2100 -0.9776
vn -0.0457 -0.3778 -0.9248
vn -0.0457 -0.3784 -0.9245
vn -0.0459 -0.3783 -0.9246
vn -0.0456 -0.3779 -0.9247
vn -0.0778 -0.5714 -0.8170
vn -0.0777 -0.5713 -0.8170
vn -0.1112 -0.7665 -0.6325
vn -0.1113 -0.7661 -0.6330
vn -0.1109 -0.7656 -0.6337
vn -0.1109 -0.7664 -0.6327
vn -0.1396 -0.9229 -0.3589
vn -0.1395 -0.9226 -0.3597
vn -0.1396 -0.9228 -0.3590
vn -0.1544 -0.9869 -0.0468
vn -0.1544 -0.9870 -0.0455
vn -0.1545 -0.9869 -0.0456
vn -0.1543 -0.9869 -0.0468
vn -0.1396 -0.9226 -0.3597
vn -0.0128 -0.2109 -0.9774
vn -0.0087 -0.2114 -0.9774
vn -0.0327 -0.3794 -0.9247
vn -0.0327 -0.3798 -0.9245
vn -0.0326 -0.3801 -0.9244
vn -0.0556 -0.5758 -0.8157
vn -0.0557 -0.5747 -0.8164
vn -0.0555 -0.5749 -0.8163
vn -0.0328 -0.3793 -0.9247
vn -0.0794 -0.7704 -0.6326
vn -0.0794 -0.7713 -0.6315
vn -0.0795 -0.7713 -0.6315
vn -0.0557 -0.5758 -0.8157
vn -0.0793 -0.7703 -0.6327
vn -0.1105 -0.9928 -0.0458
vn -0.1104 -0.9928 -0.0457
vn -0.1104 -0.9928 -0.0455
vn -0.1001 -0.9287 -0.3570
vn -0.1000 -0.9285 -0.3575
vn -0.1000 -0.9286 -0.3574
vn -0.1105 -0.9929 -0.0451
vn -0.1002 -0.9288 -0.3568
vn -0.0054 -0.2118 -0.9773
vn -0.0055 -0.2119 -0.9773
vn -0.0067 -0.3810 -0.9246
vn -0.0196 -0.3805 -0.9246
vn -0.0195 -0.3810 -0.9244
vn -0.0198 -0.3807 -0.9245
vn -0.0074 -0.3815 -0.9244
vn -0.0193 -0.3807 -0.9245
vn -0.0163 -0.7756 -0.6310
vn -0.0159 -0.7757 -0.6309
vn -0.0165 -0.7761 -0.6304
vn -0.0112 -0.5783 -0.8157
vn -0.0112 -0.5781 -0.8159
vn -0.0118 -0.5775 -0.8163
vn -0.0335 -0.5773 -0.8158
vn -0.0334 -0.5781 -0.8153
vn -0.0338 -0.5784 -0.8151
vn -0.0105 -0.5789 -0.8153
vn -0.0340 -0.5777 -0.8156
vn -0.0478 -0.7741 -0.6312
vn -0.0477 -0.7738 -0.6316
vn -0.0480 -0.7744 -0.6309
vn -0.0476 -0.7735 -0.6320
vn -0.0601 -0.9322 -0.3570
vn -0.0599 -0.9326 -0.3559
vn -0.0602 -0.9324 -0.3564
vn -0.0168 -0.7760 -0.6306
vn -0.0208 -0.9339 -0.3568
vn -0.0202 -0.9342 -0.3561
vn -0.0208 -0.9338 -0.3573
vn -0.0598 -0.9323 -0.3567
vn -0.0223 -0.9988 -0.0447
vn -0.0213 -0.9335 -0.3580
vn -0.0664 -0.9968 -0.0455
vn -0.0662 -0.9968 -0.0452
vn -0.0664 -0.9968 -0.0448
vn -0.0666 -0.9968 -0.0451
vn -0.9685 -0.0230 -0.2480
vn -0.9685 -0.0230 -0.2479
vn -0.9688 -0.0230 -0.2469
vn -0.8411 -0.0504 -0.5385
vn -0.8424 -0.0501 -0.5365
vn -0.8424 -0.0501 -0.5366
vn -0.6454 -0.0713 -0.7605
vn -0.6475 -0.0711 -0.7587
vn -0.6474 -0.0711 -0.7588
vn -0.8411 -0.0505 -0.5386
vn -0.4454 -0.0835 -0.8914
vn -0.4474 -0.0836 -0.8904
vn -0.4476 -0.0836 -0.8903
vn -0.2638 -0.0900 -0.9604
vn -0.2637 -0.0900 -0.9604
vn -0.4452 -0.0835 -0.8915
vn 0.0001 0.9170 -0.3988
vn -0.0025 0.9188 -0.3947
vn -0.0005 0.7708 -0.6371
vn -0.0012 0.7713 -0.6364
vn -0.0010 0.5785 -0.8157
vn -0.0006 0.5780 -0.8160
vn -0.0014 0.5789 -0.8154
vn 0.0001 0.3797 -0.9251
vn -0.0011 0.3807 -0.9247
vn -0.0001 0.1894 -0.9819
vn -0.0004 0.1897 -0.9818
vn 0.0006 0.1888 -0.9820
vn -0.0010 0.1902 -0.9817
vn -0.0005 0.0253 -0.9997
vn -0.0008 0.0257 -0.9997
vn 0.1061 -0.0926 -0.9900
vn 0.2598 -0.0903 -0.9614
vn 0.2650 -0.0902 -0.9600
vn 0.1060 -0.0902 -0.9903
vn 0.2593 -0.0827 -0.9622
vn 0.4440 -0.0838 -0.8921
vn 0.4485 -0.0833 -0.8899
vn 0.4486 -0.0833 -0.8898
vn 0.6447 -0.0712 -0.7611
vn 0.6490 -0.0711 -0.7575
vn 0.6488 -0.0711 -0.7576
vn 0.4438 -0.0838 -0.8922
vn 0.8390 -0.0506 -0.5418
vn 0.8411 -0.0504 -0.5386
vn 0.6446 -0.0712 -0.7612
vn 0.8389 -0.0506 -0.5419
vn 0.9720 -0.0216 -0.2338
vn 0.9910 -0.0091 -0.1334
vn 0.9916 -0.0085 -0.1294
vn 0.9711 -0.0220 -0.2376
vn 0.1054 -0.0867 -0.9906
vn 0.0001 0.0207 -0.9998
vn -0.0007 0.0274 -0.9996
vn 0.0005 0.0221 -0.9998
vn 0.9697 0.0060 -0.2443
vn 0.9697 0.0032 -0.2444
vn 0.9673 0.0065 -0.2536
vn 0.9674 0.0086 -0.2531
vn 0.8378 -0.0285 -0.5452
vn 0.8373 -0.0281 -0.5460
vn 0.8374 -0.0277 -0.5458
vn 0.8377 -0.0289 -0.5454
vn 0.6433 -0.0543 -0.7637
vn 0.6437 -0.0548 -0.7633
vn 0.6430 -0.0538 -0.7639
vn 0.6427 -0.0532 -0.7643
vn 0.4437 -0.0717 -0.8933
vn 0.4433 -0.0722 -0.8935
vn 0.4426 -0.0711 -0.8939
vn 0.4429 -0.0705 -0.8938
vn 0.2586 -0.0829 -0.9624
vn 0.2582 -0.0823 -0.9626
vn 0.1053 -0.0866 -0.9907
vn 0.9584 0.0652 -0.2779
vn 0.9584 0.0657 -0.2777
vn 0.9585 0.0641 -0.2777
vn 0.8379 0.0082 -0.5458
vn 0.8390 0.0133 -0.5440
vn 0.8350 0.0012 -0.5503
vn 0.9639 0.0553 -0.2606
vn 0.9639 0.0552 -0.2605
vn 0.9638 0.0553 -0.2607
vn 0.8422 0.0212 -0.5387
vn 0.4397 -0.0463 -0.8970
vn 0.4408 -0.0459 -0.8965
vn 0.4408 -0.0460 -0.8964
vn 0.6392 -0.0161 -0.7689
vn 0.6385 -0.0157 -0.7695
vn 0.6387 -0.0153 -0.7693
vn 0.6390 -0.0164 -0.7690
vn 0.4395 -0.0462 -0.8970
vn 0.1043 -0.0832 -0.9911
vn 0.1039 -0.0785 -0.9915
vn 0.2587 -0.0683 -0.9635
vn 0.2570 -0.0679 -0.9640
vn 0.2586 -0.0677 -0.9636
vn 0.2572 -0.0684 -0.9639
vn -0.3725 0.6541 -0.6583
vn -0.3727 0.6531 -0.6592
vn -0.3725 0.6536 -0.6588
vn 0.5696 -0.8167 0.0923
vn 0.5694 -0.8169 0.0924
vn 0.5692 -0.8170 0.0925
vn 0.9393 -0.3340 -0.0790
vn 0.8364 0.1078 -0.5374
vn 0.8351 -0.5182 0.1848
vn 0.5656 -0.6652 0.4875
vn -0.4099 0.8721 -0.2671
vn -0.4101 0.8714 -0.2693
vn 0.6415 0.0086 -0.7671
vn 0.6331 0.0212 -0.7738
vn 0.6530 -0.0048 -0.7573
vn 0.6594 -0.0157 -0.7517
vn 0.4375 -0.0216 -0.8990
vn 0.4367 -0.0216 -0.8993
vn 0.4363 -0.0225 -0.8995
vn 0.4381 -0.0207 -0.8987
vn 0.1038 -0.0750 -0.9918
vn 0.1020 -0.0693 -0.9924
vn 0.1035 -0.0749 -0.9918
vn 0.2563 -0.0531 -0.9651
vn 0.2569 -0.0532 -0.9650
vn 0.2563 -0.0532 -0.9651
vn 0.2568 -0.0530 -0.9650
vn 0.0850 -0.2373 -0.9677
vn 0.0851 -0.2375 -0.9676
vn 0.0849 -0.2372 -0.9678
vn 0.6199 -0.5084 0.5977
vn 0.6202 -0.5083 0.5975
vn 0.6204 -0.5082 0.5973
vn 0.9060 0.1644 -0.3900
vn 0.9057 0.1653 -0.3905
vn 0.9059 0.1648 -0.3901
vn -0.2726 0.9560 -0.1081
vn -0.2723 0.9561 -0.1080
vn 0.6472 0.0626 -0.7598
vn 0.6483 0.0619 -0.7589
vn 0.6479 0.0614 -0.7592
vn 0.6475 0.0631 -0.7595
vn 0.4333 0.0038 -0.9013
vn 0.4333 0.0044 -0.9012
vn 0.4340 0.0035 -0.9009
vn 0.4343 0.0030 -0.9008
vn 0.2537 -0.0387 -0.9665
vn 0.2538 -0.0388 -0.9665
vn 0.2540 -0.0390 -0.9664
vn 0.2536 -0.0385 -0.9665
vn 0.1022 -0.0690 -0.9924
vn 0.0600 -0.0997 -0.9932
vn 0.5638 -0.6602 0.4962
vn 0.5642 -0.6594 0.4968
vn 0.5642 -0.6595 0.4968
vn 0.8711 0.1866 -0.4543
vn 0.8710 0.1874 -0.4541
vn 0.8711 0.1868 -0.4542
vn -0.2562 0.9586 -0.1246
vn -0.2550 0.9592 -0.1220
vn -0.2543 0.9595 -0.1215
vn 0.4277 0.0285 -0.9035
vn 0.4282 0.0288 -0.9032
vn 0.4282 0.0287 -0.9032
vn 0.6386 0.0994 -0.7631
vn 0.6366 0.1015 -0.7645
vn 0.6359 0.1030 -0.7649
vn 0.6393 0.0980 -0.7627
vn 0.4276 0.0286 -0.9035
vn 0.2510 -0.0245 -0.9677
vn 0.2506 -0.0247 -0.9678
vn 0.2507 -0.0242 -0.9678
vn 0.1016 -0.0631 -0.9928
vn 0.0997 -0.0575 -0.9934
vn 0.1015 -0.0633 -0.9928
vn 0.2507 -0.0250 -0.9677
vn 0.1094 -0.1340 -0.9849
vn 0.1095 -0.1345 -0.9848
vn 0.1094 -0.1339 -0.9849
vn 0.5507 -0.6662 0.5029
vn 0.5507 -0.6663 0.5027
vn 0.5507 -0.6665 0.5025
vn 0.8533 0.2327 -0.4666
vn 0.8532 0.2336 -0.4662
vn 0.8534 0.2329 -0.4664
vn -0.2088 0.9628 -0.1716
vn -0.2089 0.9625 -0.1728
vn -0.2089 0.9626 -0.1727
vn 0.6266 0.1343 -0.7677
vn 0.6234 0.1369 -0.7698
vn 0.6228 0.1387 -0.7700
vn 0.6271 0.1327 -0.7675
vn 0.4203 0.0526 -0.9059
vn 0.4205 0.0526 -0.9058
vn 0.4204 0.0527 -0.9058
vn 0.4202 0.0527 -0.9059
vn 0.0998 -0.0577 -0.9933
vn 0.2466 -0.0101 -0.9691
vn 0.2466 -0.0102 -0.9691
vn 0.2468 -0.0103 -0.9690
vn 0.2468 -0.0100 -0.9690
vn 0.8320 0.2891 -0.4735
vn 0.8319 0.2892 -0.4736
vn 0.8245 0.2982 -0.4809
vn 0.8243 0.2985 -0.4810
vn 0.8244 0.2984 -0.4809
vn 0.6152 0.1655 -0.7708
vn 0.6186 0.1614 -0.7689
vn 0.6215 0.1593 -0.7671
vn 0.6124 0.1676 -0.7726
vn 0.4138 0.0762 -0.9072
vn 0.4122 0.0759 -0.9079
vn 0.4125 0.0758 -0.9078
vn 0.4140 0.0761 -0.9071
vn 0.2410 0.0031 -0.9705
vn 0.2421 0.0041 -0.9702
vn 0.2422 0.0036 -0.9702
vn 0.0978 -0.0518 -0.9939
vn 0.0972 -0.0442 -0.9943
vn 0.0981 -0.0516 -0.9938
vn 0.2410 0.0036 -0.9705
vn 0.8560 0.2140 -0.4706
vn 0.6836 0.1007 -0.7228
vn 0.6937 0.1699 -0.7000
vn 0.6684 0.0290 -0.7432
vn 0.7891 0.2599 -0.5565
vn 0.7891 0.2601 -0.5564
vn 0.7894 0.2594 -0.5563
vn 0.3226 -0.7402 0.5899
vn 0.3226 -0.7406 0.5894
vn 0.3224 -0.7412 0.5888
vn 0.7025 0.2591 -0.6629
vn -0.1666 -0.8347 -0.5248
vn -0.1665 -0.8344 -0.5254
vn -0.1666 -0.8338 -0.5263
vn -0.6907 0.3857 0.6116
vn 0.5516 0.3003 -0.7782
vn -0.6909 0.3570 0.6287
vn 0.4022 0.0997 -0.9101
vn 0.4041 0.1005 -0.9092
vn 0.4044 0.1000 -0.9091
vn 0.4025 0.0991 -0.9100
vn 0.5892 0.2097 -0.7803
vn 0.2360 0.0226 -0.9715
vn 0.2362 0.0168 -0.9715
vn 0.2360 0.0223 -0.9715
vn 0.0966 -0.0482 -0.9942
vn 0.2360 0.0167 -0.9716
vn 0.3962 0.1130 -0.9112
vn 0.3964 0.1123 -0.9112
vn 0.3914 0.1203 -0.9123
vn 0.3911 0.1211 -0.9124
vn 0.2334 0.0307 -0.9719
vn -0.2229 0.6638 -0.7139
vn -0.2230 0.6640 -0.7137
vn -0.2229 0.6636 -0.7141
vn 0.8406 0.4061 -0.3584
vn 0.8404 0.4069 -0.3580
vn 0.8414 0.4050 -0.3578
vn 0.0934 -0.0459 -0.9946
vn 0.0963 -0.0394 -0.9946
vn 0.2338 0.0309 -0.9718
vn 0.4556 0.8092 0.3709
vn 0.6811 0.2519 0.6875
vn 0.0858 0.9951 -0.0485
vn 0.5622 0.2550 -0.7867
vn 0.5648 0.2370 -0.7905
vn 0.5605 0.2626 -0.7854
vn -0.2311 0.8991 -0.3717
vn 0.8007 0.4977 -0.3334
vn 0.8005 0.4975 -0.3341
vn 0.5665 0.2291 -0.7916
vn 0.7278 0.3408 -0.5951
vn 0.7272 0.3414 -0.5955
vn 0.7302 0.3376 -0.5940
vn 0.7304 0.3370 -0.5941
vn 0.3900 0.1235 -0.9125
vn 0.3899 0.1234 -0.9125
vn 0.3897 0.1236 -0.9126
vn 0.3897 0.1237 -0.9126
vn 0.5529 0.2488 -0.7952
vn 0.5559 0.2472 -0.7937
vn 0.5441 0.2604 -0.7976
vn 0.5412 0.2622 -0.7990
vn 0.2295 0.0379 -0.9726
vn 0.0940 -0.0423 -0.9947
vn 0.2301 0.0359 -0.9725
vn 0.2259 0.0422 -0.9732
vn 0.3843 0.1354 -0.9132
vn 0.3835 0.1356 -0.9135
vn 0.3850 0.1341 -0.9131
vn 0.3860 0.1339 -0.9127
vn 0.7009 0.3848 -0.6006
vn 0.7028 0.3752 -0.6043
vn 0.6993 0.3884 -0.6001
vn 0.8094 0.4730 -0.3481
vn 0.8089 0.4739 -0.3480
vn 0.8100 0.4725 -0.3473
vn 0.8263 0.4575 -0.3287
vn 0.8263 0.4576 -0.3282
vn 0.8262 0.4574 -0.3288
vn 0.0919 -0.0400 -0.9950
vn 0.0937 -0.0337 -0.9950
vn 0.2257 0.0438 -0.9732
vn 0.7045 0.3714 -0.6048
vn 0.7823 0.5231 -0.3380
vn 0.7820 0.5231 -0.3388
vn 0.7821 0.5231 -0.3388
vn 0.5449 0.2577 -0.7979
vn 0.5445 0.2564 -0.7986
vn 0.5425 0.2581 -0.7994
vn 0.3791 0.1468 -0.9136
vn 0.3789 0.1454 -0.9140
vn 0.3787 0.1468 -0.9138
vn 0.5430 0.2592 -0.7987
vn 0.6895 0.3934 -0.6081
vn 0.7141 0.3659 -0.5968
vn 0.7153 0.3624 -0.5975
vn 0.6879 0.3969 -0.6076
vn 0.3793 0.1449 -0.9139
vn 0.5345 0.2720 -0.8002
vn 0.5348 0.2724 -0.7998
vn 0.5373 0.2694 -0.7992
vn 0.5370 0.2688 -0.7996
vn 0.2226 0.0502 -0.9736
vn 0.2226 0.0491 -0.9737
vn 0.0912 -0.0364 -0.9952
vn 0.3732 0.1573 -0.9143
vn 0.3721 0.1578 -0.9147
vn 0.3731 0.1580 -0.9142
vn 0.3724 0.1572 -0.9147
vn 0.2186 0.0547 -0.9743
vn 0.7988 0.4995 -0.3353
vn 0.7987 0.5000 -0.3348
vn 0.6741 0.4244 -0.6046
vn 0.6767 0.4129 -0.6096
vn 0.6716 0.4272 -0.6053
vn 0.7789 0.5172 -0.3547
vn 0.0892 -0.0344 -0.9954
vn 0.2183 0.0559 -0.9743
vn 0.0908 -0.0283 -0.9955
vn 0.6792 0.4097 -0.6090
vn 0.5239 0.2874 -0.8018
vn 0.5248 0.2876 -0.8012
vn 0.5242 0.2878 -0.8015
vn 0.5234 0.2876 -0.8021
vn 0.7553 0.5578 -0.3440
vn 0.7543 0.5584 -0.3453
vn 0.7545 0.5583 -0.3450
vn 0.3672 0.1673 -0.9150
vn 0.3671 0.1674 -0.9150
vn 0.3674 0.1672 -0.9149
vn 0.3675 0.1672 -0.9149
vn 0.6651 0.4296 -0.6108
vn 0.6627 0.4325 -0.6114
vn 0.6835 0.4118 -0.6027
vn 0.6857 0.4090 -0.6021
vn 0.2165 0.0583 -0.9745
vn 0.0882 -0.0308 -0.9956
vn 0.2127 0.0645 -0.9750
vn 0.5127 0.3025 -0.8035
vn 0.5127 0.3031 -0.8033
vn 0.5161 0.2996 -0.8024
vn 0.5161 0.2990 -0.8026
vn 0.3599 0.1779 -0.9159
vn 0.3602 0.1782 -0.9157
vn 0.3615 0.1767 -0.9155
vn 0.3613 0.1764 -0.9156
vn 0.7675 0.5417 -0.3428
vn 0.7670 0.5429 -0.3420
vn 0.7674 0.5419 -0.3426
vn 0.7469 0.5577 -0.3620
vn 0.7469 0.5580 -0.3616
vn 0.7475 0.5568 -0.3622
vn 0.0857 -0.0290 -0.9959
vn 0.0875 -0.0232 -0.9959
vn 0.2112 0.0675 -0.9751
vn 0.2116 0.0676 -0.9750
vn 0.6526 0.4508 -0.6091
vn 0.6443 0.4568 -0.6134
vn 0.6403 0.4594 -0.6156
vn 0.6563 0.4483 -0.6068
vn 0.5071 0.3159 -0.8019
vn 0.5052 0.3139 -0.8039
vn 0.5023 0.3166 -0.8046
vn 0.5041 0.3186 -0.8027
vn 0.7214 0.5962 -0.3523
vn 0.7216 0.5960 -0.3523
vn 0.3518 0.1877 -0.9171
vn 0.3524 0.1879 -0.9168
vn 0.3513 0.1878 -0.9173
vn 0.3530 0.1881 -0.9165
vn 0.2095 0.0710 -0.9752
vn 0.6386 0.4639 -0.6139
vn 0.6556 0.4488 -0.6073
vn 0.6592 0.4466 -0.6050
vn 0.6346 0.4664 -0.6162
vn 0.0851 -0.0258 -0.9960
vn 0.2054 0.0770 -0.9756
vn 0.4918 0.3310 -0.8053
vn 0.4935 0.3324 -0.8038
vn 0.4971 0.3284 -0.8032
vn 0.4952 0.3270 -0.8048
vn 0.3459 0.1961 -0.9175
vn 0.3457 0.1958 -0.9177
vn 0.3464 0.1960 -0.9174
vn 0.3452 0.1959 -0.9178
vn 0.2054 0.0775 -0.9756
vn 0.7127 0.5984 -0.3660
vn 0.7128 0.5982 -0.3661
vn 0.7343 0.5816 -0.3501
vn 0.7344 0.5814 -0.3502
vn 0.7344 0.5813 -0.3502
vn 0.6157 0.4923 -0.6153
vn 0.6211 0.4857 -0.6151
vn 0.6156 0.4981 -0.6107
vn 0.0820 -0.0246 -0.9963
vn 0.0844 -0.0182 -0.9963
vn 0.2013 0.0830 -0.9760
vn 0.6213 0.4795 -0.6197
vn 0.4855 0.3432 -0.8040
vn 0.4833 0.3416 -0.8060
vn 0.4819 0.3432 -0.8062
vn 0.4841 0.3448 -0.8042
vn 0.6888 0.6313 -0.3565
vn 0.6888 0.6313 -0.3563
vn 0.6887 0.6313 -0.3565
vn 0.3369 0.2067 -0.9186
vn 0.3379 0.2073 -0.9181
vn 0.3375 0.2070 -0.9183
vn 0.1995 0.0853 -0.9762
vn 0.3367 0.2066 -0.9187
vn 0.6101 0.4954 -0.6184
vn 0.6057 0.4970 -0.6214
vn 0.6234 0.4845 -0.6136
vn 0.6276 0.4829 -0.6107
vn 0.0820 -0.0211 -0.9964
vn 0.1985 0.0859 -0.9763
vn 0.4717 0.3571 -0.8062
vn 0.4737 0.3567 -0.8052
vn 0.4726 0.3561 -0.8061
vn 0.4728 0.3578 -0.8052
vn 0.3302 0.2163 -0.9188
vn 0.3296 0.2159 -0.9191
vn 0.3306 0.2164 -0.9186
vn 0.3292 0.2159 -0.9193
vn 0.6763 0.6346 -0.3740
vn 0.6758 0.6352 -0.3738
vn 0.6768 0.6343 -0.3736
vn 0.7023 0.6174 -0.3545
vn 0.7024 0.6173 -0.3545
vn 0.7023 0.6173 -0.3545
vn 0.5840 0.5289 -0.6158
vn 0.5910 0.5155 -0.6205
vn 0.5813 0.5316 -0.6161
vn 0.1958 0.0882 -0.9767
vn 0.1919 0.0930 -0.9770
vn 0.0791 -0.0196 -0.9967
vn 0.0809 -0.0129 -0.9966
vn 0.5937 0.5123 -0.6205
vn 0.4606 0.3692 -0.8072
vn 0.4597 0.3697 -0.8075
vn 0.4594 0.3698 -0.8075
vn 0.3228 0.2250 -0.9193
vn 0.3230 0.2252 -0.9192
vn 0.3229 0.2254 -0.9192
vn 0.4608 0.3691 -0.8071
vn 0.6538 0.6642 -0.3625
vn 0.6539 0.6641 -0.3624
vn 0.6537 0.6642 -0.3625
vn 0.3228 0.2248 -0.9194
vn 0.5780 0.5292 -0.6212
vn 0.5929 0.5204 -0.6146
vn 0.5959 0.5181 -0.6136
vn 0.5748 0.5315 -0.6222
vn 0.1893 0.0965 -0.9772
vn 0.0786 -0.0159 -0.9968
vn 0.1888 0.0965 -0.9773
vn 0.4483 0.3810 -0.8087
vn 0.4484 0.3813 -0.8084
vn 0.4501 0.3801 -0.8080
vn 0.3148 0.2350 -0.9196
vn 0.3149 0.2333 -0.9200
vn 0.3142 0.2344 -0.9200
vn 0.4500 0.3798 -0.8082
vn 0.6674 0.6519 -0.3601
vn 0.6674 0.6518 -0.3602
vn 0.6391 0.6696 -0.3784
vn 0.6391 0.6697 -0.3783
vn 0.6394 0.6692 -0.3786
vn 0.1845 0.1017 -0.9776
vn 0.3156 0.2341 -0.9196
vn 0.5613 0.5495 -0.6189
vn 0.5648 0.5478 -0.6172
vn 0.5488 0.5568 -0.6235
vn 0.5446 0.5589 -0.6254
vn 0.0746 -0.0157 -0.9971
vn 0.0765 -0.0092 -0.9970
vn 0.1850 0.1022 -0.9774
vn 0.4360 0.3940 -0.8091
vn 0.4358 0.3940 -0.8092
vn 0.4365 0.3937 -0.8090
vn 0.4368 0.3938 -0.8088
vn 0.6156 0.6965 -0.3686
vn 0.6161 0.6963 -0.3682
vn 0.6154 0.6966 -0.3687
vn 0.3054 0.2427 -0.9208
vn 0.3078 0.2425 -0.9200
vn 0.3068 0.2415 -0.9206
vn 0.3063 0.2437 -0.9202
vn 0.5490 0.5571 -0.6231
vn 0.5449 0.5586 -0.6254
vn 0.5604 0.5507 -0.6186
vn 0.5643 0.5494 -0.6162
vn 0.0738 -0.0121 -0.9972
vn 0.1828 0.1050 -0.9775
vn 0.1782 0.1098 -0.9778
vn 0.2969 0.2529 -0.9208
vn 0.2971 0.2511 -0.9212
vn 0.2963 0.2519 -0.9213
vn 0.4259 0.4049 -0.8091
vn 0.4255 0.4042 -0.8097
vn 0.4236 0.4053 -0.8101
vn 0.4239 0.4061 -0.8095
vn 0.6313 0.6835 -0.3663
vn 0.6318 0.6830 -0.3666
vn 0.6320 0.6828 -0.3666
vn 0.5992 0.7021 -0.3846
vn 0.5984 0.7030 -0.3844
vn 0.6000 0.7018 -0.3840
vn 0.2977 0.2520 -0.9208
vn 0.5286 0.5790 -0.6208
vn 0.5133 0.5868 -0.6262
vn 0.5088 0.5891 -0.6278
vn 0.5324 0.5771 -0.6193
vn 0.4119 0.4165 -0.8105
vn 0.4123 0.4161 -0.8105
vn 0.4118 0.4170 -0.8103
vn 0.0709 -0.0109 -0.9974
vn 0.0728 -0.0044 -0.9973
vn 0.1772 0.1091 -0.9781
vn 0.1724 0.1139 -0.9784
vn 0.4122 0.4156 -0.8108
vn 0.2901 0.2595 -0.9211
vn 0.2901 0.2592 -0.9212
vn 0.2891 0.2598 -0.9214
vn 0.2889 0.2600 -0.9214
vn 0.5787 0.7265 -0.3705
vn 0.0702 -0.0071 -0.9975
vn 0.1722 0.1142 -0.9784
vn 0.1667 0.1194 -0.9788
vn 0.5136 0.5856 -0.6271
vn 0.5103 0.5879 -0.6277
vn 0.5268 0.5807 -0.6207
vn 0.5297 0.5784 -0.6204
vn 0.3980 0.4271 -0.8119
vn 0.3999 0.4270 -0.8110
vn 0.3999 0.4262 -0.8114
vn 0.3982 0.4278 -0.8114
vn 0.2811 0.2675 -0.9216
vn 0.2808 0.2678 -0.9216
vn 0.2811 0.2670 -0.9218
vn 0.5598 0.7327 -0.3871
vn 0.5948 0.7145 -0.3685
vn 0.4798 0.6165 -0.6243
vn 0.4925 0.6020 -0.6285
vn 0.4770 0.6190 -0.6239
vn 0.2808 0.2681 -0.9216
vn 0.4954 0.5991 -0.6290
vn 0.1674 0.1189 -0.9787
vn 0.1618 0.1239 -0.9790
vn 0.0666 -0.0071 -0.9978
vn 0.0680 -0.0010 -0.9977
vn 0.3848 0.4376 -0.8127
vn 0.3857 0.4377 -0.8122
vn 0.3851 0.4371 -0.8128
vn 0.3854 0.4380 -0.8122
vn 0.2728 0.2749 -0.9220
vn 0.2725 0.2751 -0.9220
vn 0.2724 0.2751 -0.9220
vn 0.5403 0.7537 -0.3743
vn 0.5399 0.7537 -0.3747
vn 0.5400 0.7537 -0.3747
vn 0.0653 -0.0037 -0.9979
vn 0.1601 0.1265 -0.9790
vn 0.1593 0.1265 -0.9791
vn 0.4799 0.6109 -0.6296
vn 0.4905 0.6080 -0.6243
vn 0.4932 0.6062 -0.6240
vn 0.4768 0.6127 -0.6303
vn 0.3741 0.4478 -0.8121
vn 0.3731 0.4465 -0.8133
vn 0.3721 0.4471 -0.8134
vn 0.2619 0.2837 -0.9225
vn 0.2621 0.2833 -0.9225
vn 0.2618 0.2836 -0.9225
vn 0.3728 0.4482 -0.8125
vn 0.5577 0.7416 -0.3728
vn 0.5576 0.7419 -0.3723
vn 0.5577 0.7417 -0.3727
vn 0.5186 0.7605 -0.3908
vn 0.5187 0.7604 -0.3908
vn 0.1571 0.1278 -0.9793
vn 0.2622 0.2833 -0.9225
vn 0.4591 0.6297 -0.6267
vn 0.4623 0.6279 -0.6261
vn 0.4390 0.6382 -0.6325
vn 0.4347 0.6401 -0.6334
vn 0.0624 -0.0031 -0.9980
vn 0.0641 0.0036 -0.9979
vn 0.1510 0.1327 -0.9796
vn 0.3588 0.4582 -0.8132
vn 0.3588 0.4584 -0.8131
vn 0.3599 0.4580 -0.8129
vn 0.3598 0.4577 -0.8131
vn 0.2529 0.2907 -0.9228
vn 0.2525 0.2907 -0.9229
vn 0.2541 0.2901 -0.9226
vn 0.2545 0.2901 -0.9226
vn 0.1482 0.1336 -0.9799
vn 0.4993 0.7792 -0.3788
vn 0.4994 0.7793 -0.3787
vn 0.4993 0.7792 -0.3787
vn 0.0618 0.0009 -0.9981
vn 0.1475 0.1334 -0.9800
vn 0.4458 0.6352 -0.6308
vn 0.4543 0.6330 -0.6269
vn 0.4579 0.6322 -0.6251
vn 0.4422 0.6361 -0.6324
vn 0.3459 0.4672 -0.8137
vn 0.3455 0.4671 -0.8139
vn 0.3454 0.4672 -0.8139
vn 0.3459 0.4671 -0.8138
vn 0.5202 0.7667 -0.3763
vn 0.5202 0.7666 -0.3763
vn 0.4766 0.7857 -0.3943
vn 0.2442 0.2974 -0.9230
vn 0.2441 0.2975 -0.9230
vn 0.2439 0.2974 -0.9231
vn 0.2444 0.2974 -0.9229
vn 0.4235 0.6528 -0.6281
vn 0.4270 0.6514 -0.6272
vn 0.4002 0.6619 -0.6338
vn 0.3955 0.6639 -0.6346
vn 0.0581 0.0005 -0.9983
vn 0.0582 0.0057 -0.9983
vn 0.1456 0.1363 -0.9799
vn 0.1393 0.1409 -0.9802
vn 0.3316 0.4763 -0.8143
vn 0.3316 0.4764 -0.8143
vn 0.3321 0.4763 -0.8142
vn 0.3321 0.4760 -0.8143
vn 0.2352 0.3030 -0.9235
vn 0.2355 0.3032 -0.9234
vn 0.2351 0.3032 -0.9235
vn 0.2348 0.3031 -0.9236
vn 0.4582 0.8021 -0.3831
vn 0.4584 0.8020 -0.3830
vn 0.4581 0.8021 -0.3831
vn 0.4168 0.6540 -0.6313
vn 0.4116 0.6589 -0.6297
vn 0.4191 0.6502 -0.6337
vn 0.1408 0.1409 -0.9800
vn 0.1340 0.1455 -0.9802
vn 0.0559 0.0032 -0.9984
vn 0.4094 0.6623 -0.6275
vn 0.4333 0.8090 -0.3972
vn 0.4330 0.8093 -0.3970
vn 0.4337 0.8089 -0.3970
vn 0.4792 0.7909 -0.3806
vn 0.4794 0.7907 -0.3807
vn 0.4795 0.7906 -0.3808
vn 0.3184 0.4856 -0.8142
vn 0.3172 0.4851 -0.8149
vn 0.3176 0.4859 -0.8143
vn 0.3179 0.4848 -0.8148
vn 0.2242 0.3089 -0.9243
vn 0.2242 0.3101 -0.9239
vn 0.2246 0.3098 -0.9239
vn 0.3856 0.6740 -0.6302
vn 0.3895 0.6734 -0.6283
vn 0.3629 0.6824 -0.6346
vn 0.3578 0.6834 -0.6364
vn 0.2239 0.3092 -0.9243
vn 0.3054 0.4929 -0.8147
vn 0.0523 0.0036 -0.9986
vn 0.0543 0.0093 -0.9985
vn 0.1358 0.1449 -0.9801
vn 0.1291 0.1490 -0.9804
vn 0.2152 0.3153 -0.9243
vn 0.2147 0.3148 -0.9246
vn 0.2132 0.3159 -0.9245
vn 0.2135 0.3161 -0.9244
vn 0.4161 0.8234 -0.3857
vn 0.4164 0.8234 -0.3856
vn 0.4160 0.8235 -0.3858
vn 0.3791 0.6744 -0.6337
vn 0.3740 0.6795 -0.6312
vn 0.3821 0.6710 -0.6355
vn 0.1288 0.1485 -0.9805
vn 0.0513 0.0070 -0.9987
vn 0.1224 0.1523 -0.9807
vn 0.3713 0.6824 -0.6296
vn 0.2900 0.5017 -0.8150
vn 0.2900 0.5014 -0.8152
vn 0.2899 0.5014 -0.8152
vn 0.3898 0.8300 -0.3988
vn 0.4460 0.8095 -0.3818
vn 0.4462 0.8092 -0.3823
vn 0.4463 0.8090 -0.3824
vn 0.2044 0.3219 -0.9244
vn 0.2044 0.3216 -0.9245
vn 0.2044 0.3214 -0.9246
vn 0.2901 0.5016 -0.8150
vn 0.3493 0.6926 -0.6311
vn 0.3164 0.7033 -0.6366
vn 0.3113 0.7049 -0.6374
vn 0.3527 0.6916 -0.6303
vn 0.2044 0.3221 -0.9244
vn 0.2733 0.5095 -0.8159
vn 0.2770 0.5086 -0.8152
vn 0.2767 0.5081 -0.8157
vn 0.2736 0.5102 -0.8154
vn 0.0483 0.0076 -0.9988
vn 0.1230 0.1506 -0.9809
vn 0.0486 0.0130 -0.9987
vn 0.1156 0.1548 -0.9812
vn 0.1963 0.3259 -0.9248
vn 0.1966 0.3262 -0.9246
vn 0.1970 0.3259 -0.9246
vn 0.1967 0.3257 -0.9248
vn 0.3417 0.6927 -0.6351
vn 0.3368 0.6977 -0.6323
vn 0.3446 0.6901 -0.6364
vn 0.3730 0.8427 -0.3882
vn 0.3733 0.8426 -0.3881
vn 0.3729 0.8427 -0.3883
vn 0.1176 0.1551 -0.9809
vn 0.1097 0.1594 -0.9811
vn 0.0461 0.0099 -0.9989
vn 0.3338 0.7006 -0.6307
vn 0.3467 0.8479 -0.4011
vn 0.3457 0.8484 -0.4009
vn 0.3473 0.8479 -0.4006
vn 0.4090 0.8277 -0.3842
vn 0.4093 0.8275 -0.3844
vn 0.4097 0.8273 -0.3844
vn 0.2608 0.5160 -0.8159
vn 0.2608 0.5158 -0.8160
vn 0.2606 0.5161 -0.8159
vn 0.2609 0.5161 -0.8158
vn 0.3134 0.7090 -0.6318
vn 0.3165 0.7076 -0.6317
vn 0.2712 0.7208 -0.6379
vn 0.2659 0.7222 -0.6386
vn 0.1839 0.3319 -0.9252
vn 0.1838 0.3323 -0.9251
vn 0.1843 0.3322 -0.9250
vn 0.1844 0.3317 -0.9252
vn 0.2495 0.5207 -0.8165
vn 0.2462 0.5218 -0.8168
vn 0.2454 0.5216 -0.8171
vn 0.2503 0.5209 -0.8161
vn 0.0466 0.0095 -0.9989
vn 0.2515 0.1832 -0.9504
vn 0.1151 0.1569 -0.9809
vn 0.1018 0.1615 -0.9816
vn 0.1852 0.3327 -0.9247
vn 0.1856 0.3314 -0.9251
vn 0.1705 0.3360 -0.9263
vn 0.1698 0.3375 -0.9259
vn 0.4652 -0.2330 -0.8540
vn 0.5596 -0.0442 -0.8276
vn 0.1094 -0.0800 -0.9908
vn 0.3337 0.8580 -0.3905
vn 0.3339 0.8580 -0.3904
vn 0.2313 0.5268 -0.8179
vn 0.2319 0.5266 -0.8179
vn 0.2311 0.5276 -0.8175
vn 0.2986 0.7114 -0.6362
vn 0.2960 0.7112 -0.6376
vn 0.3028 0.7113 -0.6344
vn 0.3052 0.7116 -0.6328
vn 0.2322 0.5259 -0.8183
vn 0.2019 0.3145 -0.9275
vn 0.2244 0.3143 -0.9224
vn 0.1691 0.3157 -0.9337
vn 0.1528 0.3155 -0.9365
vn 0.6839 0.2906 -0.6692
vn 0.0111 0.7847 -0.6197
vn 0.6287 -0.4653 -0.6231
vn -0.3619 -0.3113 -0.8787
vn -0.7439 0.2649 -0.6135
vn -0.7439 0.2649 -0.6136
vn -0.7442 0.2647 -0.6133
vn 0.3032 0.8701 -0.3886
vn 0.3032 0.8688 -0.3915
vn 0.3018 0.8689 -0.3924
vn 0.3019 0.8702 -0.3894
vn 0.2618 0.7267 -0.6351
vn 0.2615 0.7270 -0.6349
vn 0.2607 0.7264 -0.6359
vn 0.2625 0.7274 -0.6340
vn 0.1319 0.3249 -0.9365
vn 0.1277 0.3320 -0.9346
vn 0.1363 0.3223 -0.9368
vn 0.2050 0.5373 -0.8181
vn 0.2046 0.5364 -0.8188
vn 0.2041 0.5364 -0.8189
vn 0.2043 0.5376 -0.8181
vn 0.1235 0.3343 -0.9343
vn 0.0655 0.1066 -0.9921
vn 0.0656 0.1066 -0.9921
vn 0.0656 0.1065 -0.9921
vn 0.2840 0.8655 -0.4126
vn -0.8181 0.2465 -0.5195
vn -0.8182 0.2460 -0.5197
vn -0.8181 0.2467 -0.5195
vn 0.6882 -0.6576 -0.3066
vn 0.6880 -0.6577 -0.3068
vn 0.2557 0.8833 -0.3930
vn 0.2563 0.8840 -0.3910
vn 0.2562 0.8833 -0.3926
vn 0.2557 0.8840 -0.3914
vn 0.2223 0.7388 -0.6362
vn 0.2221 0.7385 -0.6366
vn 0.2222 0.7384 -0.6367
vn 0.2224 0.7386 -0.6365
vn 0.1741 0.5477 -0.8183
vn 0.1734 0.5470 -0.8190
vn 0.1732 0.5476 -0.8186
vn 0.1743 0.5474 -0.8185
vn 0.1202 0.3350 -0.9345
vn 0.1181 0.3341 -0.9351
vn 0.1166 0.3341 -0.9353
vn 0.0534 0.1101 -0.9925
vn 0.0535 0.1101 -0.9925
vn 0.1216 0.3349 -0.9344
vn -0.9571 0.2158 -0.1934
vn -0.9572 0.2154 -0.1935
vn -0.9571 0.2159 -0.1933
vn 0.6757 -0.5632 -0.4757
vn 0.1636 0.9244 -0.3445
vn 0.2097 0.8952 -0.3932
vn 0.2096 0.8949 -0.3939
vn 0.2099 0.8953 -0.3929
vn 0.2094 0.8947 -0.3945
vn 0.1813 0.7475 -0.6390
vn 0.1814 0.7492 -0.6370
vn 0.1828 0.7495 -0.6363
vn 0.1827 0.7477 -0.6384
vn 0.1431 0.5556 -0.8190
vn 0.1432 0.5556 -0.8190
vn 0.0430 0.1093 -0.9931
vn 0.0429 0.1094 -0.9931
vn 0.0429 0.1095 -0.9931
vn 0.0982 0.3400 -0.9353
vn 0.0962 0.3383 -0.9361
vn 0.0955 0.3393 -0.9358
vn 0.0987 0.3387 -0.9357
vn 0.1737 0.9427 -0.2849
vn 0.1745 0.9425 -0.2850
vn 0.1733 0.9427 -0.2852
vn 0.6324 -0.5222 -0.5722
vn 0.6323 -0.5222 -0.5723
vn 0.6330 -0.5219 -0.5717
vn -0.9859 0.1656 0.0235
vn -0.9854 0.1689 0.0237
vn -0.9863 0.1634 0.0213
vn 0.1635 0.9039 -0.3953
vn 0.1636 0.9044 -0.3941
vn 0.1638 0.9044 -0.3941
vn 0.1636 0.9040 -0.3951
vn 0.1419 0.7569 -0.6380
vn 0.1416 0.7560 -0.6391
vn 0.1416 0.7561 -0.6390
vn 0.1419 0.7570 -0.6378
vn 0.1104 0.5612 -0.8203
vn 0.1105 0.5626 -0.8193
vn 0.1114 0.5628 -0.8191
vn 0.1113 0.5614 -0.8200
vn 0.0758 0.3428 -0.9363
vn 0.0757 0.3430 -0.9363
vn 0.0754 0.3426 -0.9365
vn 0.0326 0.1078 -0.9936
vn 0.0761 0.3432 -0.9362
vn 0.0582 0.9847 -0.1640
vn 0.0584 0.9847 -0.1642
vn 0.0581 0.9848 -0.1640
vn 0.6118 -0.4827 -0.6267
vn 0.6117 -0.4828 -0.6267
vn 0.6118 -0.4826 -0.6267
vn -0.9957 0.0451 0.0804
vn 0.1170 0.9103 -0.3972
vn 0.1170 0.9107 -0.3962
vn 0.1171 0.9107 -0.3962
vn 0.0704 0.9148 -0.3977
vn 0.0705 0.9148 -0.3976
vn 0.0705 0.9146 -0.3982
vn 0.1014 0.7637 -0.6375
vn 0.1019 0.7629 -0.6384
vn 0.1013 0.7632 -0.6382
vn 0.1022 0.7637 -0.6374
vn 0.0792 0.5668 -0.8201
vn 0.0793 0.5664 -0.8203
vn 0.0789 0.5662 -0.8204
vn 0.0789 0.5667 -0.8201
vn 0.0204 0.0952 -0.9952
vn 0.0544 0.3441 -0.9374
vn 0.0552 0.3454 -0.9368
vn 0.0542 0.3448 -0.9371
vn 0.0533 0.3433 -0.9377
vn 0.4255 0.8447 -0.3248
vn -0.9518 0.2172 -0.2168
vn -0.9519 0.2158 -0.2174
vn -0.9517 0.2177 -0.2163
vn 0.6678 -0.4762 -0.5721
vn 0.6671 -0.4765 -0.5726
vn 0.6670 -0.4766 -0.5727
vn 0.0221 0.9169 -0.3985
vn 0.0217 0.9180 -0.3960
vn 0.0220 0.9180 -0.3960
vn 0.0194 0.7707 -0.6369
vn 0.0196 0.7691 -0.6388
vn 0.0186 0.7688 -0.6392
vn 0.0704 0.9146 -0.3983
vn 0.0611 0.7684 -0.6371
vn 0.0613 0.7676 -0.6380
vn 0.0609 0.7678 -0.6378
vn 0.0218 0.9169 -0.3985
vn 0.0184 0.7702 -0.6375
vn 0.0615 0.7682 -0.6372
vn 0.0145 0.5733 -0.8192
vn 0.0152 0.5733 -0.8192
vn 0.0135 0.5749 -0.8181
vn 0.0104 0.3746 -0.9271
vn 0.0128 0.3743 -0.9272
vn 0.0082 0.3713 -0.9285
vn 0.0469 0.5701 -0.8203
vn 0.0466 0.5700 -0.8203
vn 0.0472 0.5701 -0.8202
vn 0.0217 0.3546 -0.9348
vn 0.0085 0.3622 -0.9321
vn 0.0334 0.3456 -0.9378
vn 0.0161 0.5721 -0.8200
vn 0.0475 0.5704 -0.8200
vn 0.0060 0.3718 -0.9283
vn -0.0063 0.3728 -0.9279
vn 0.0547 0.0966 -0.9938
vn 0.0550 0.0968 -0.9938
vn 0.0548 0.0967 -0.9938
vn 0.0111 0.1847 -0.9827
vn 0.0088 0.1863 -0.9824
vn 0.0018 0.1869 -0.9824
vn -0.0021 0.0270 -0.9996
vn 0.0043 0.0288 -0.9996
vn 0.0115 0.1840 -0.9829
vn -0.0960 0.1987 -0.9753
vn -0.0959 0.1988 -0.9753
vn -0.0963 0.1987 -0.9753
vn -0.0000 0.9182 -0.3961
vn -0.0000 0.9182 -0.3962
vn -0.0000 0.7693 -0.6389
vn -0.0000 0.7692 -0.6390
vn -0.0000 0.5749 -0.8182
vn -0.0000 0.5745 -0.8185
vn -0.0000 0.3744 -0.9273
vn -0.0054 0.1863 -0.9825
vn -0.0052 0.1866 -0.9824
vn 0.0005 0.0212 -0.9998
vn -0.0011 0.0207 -0.9998
vn -0.1054 -0.0867 -0.9906
vn -0.1059 -0.0903 -0.9903
vn -0.1061 -0.0925 -0.9900
vn 0.0007 0.0274 -0.9996
vn -0.0218 0.9179 -0.3961
vn -0.0217 0.9169 -0.3986
vn -0.0221 0.9179 -0.3962
vn -0.1053 -0.0866 -0.9907
vn -0.4435 -0.0717 -0.8934
vn -0.4426 -0.0711 -0.8939
vn -0.4432 -0.0722 -0.8935
vn -0.2587 -0.0828 -0.9624
vn -0.2597 -0.0862 -0.9618
vn -0.2595 -0.0865 -0.9619
vn -0.2583 -0.0834 -0.9625
vn -0.4430 -0.0706 -0.8938
vn -0.6432 -0.0538 -0.7638
vn -0.6436 -0.0532 -0.7636
vn -0.6430 -0.0543 -0.7639
vn -0.6426 -0.0549 -0.7642
vn -0.9691 0.0040 -0.2468
vn -0.9669 0.0039 -0.2552
vn -0.9684 0.0029 -0.2494
vn -0.8378 -0.0281 -0.5453
vn -0.8376 -0.0279 -0.5456
vn -0.8373 -0.0287 -0.5459
vn -0.8376 -0.0289 -0.5455
vn -0.9676 0.0041 -0.2523
vn -0.1040 -0.0809 -0.9913
vn -0.1035 -0.0750 -0.9918
vn -0.2587 -0.0677 -0.9636
vn -0.2570 -0.0684 -0.9640
vn -0.2586 -0.0683 -0.9636
vn -0.2571 -0.0679 -0.9640
vn -0.4396 -0.0461 -0.8970
vn -0.4408 -0.0462 -0.8964
vn -0.4408 -0.0461 -0.8964
vn -0.4395 -0.0463 -0.8970
vn -0.6427 -0.0247 -0.7657
vn -0.6440 -0.0202 -0.7647
vn -0.6464 -0.0152 -0.7628
vn -0.6403 -0.0298 -0.7675
vn -0.8398 0.0136 -0.5427
vn -0.8412 0.0194 -0.5403
vn -0.8467 0.0331 -0.5310
vn -0.9653 0.0391 -0.2582
vn -0.9653 0.0392 -0.2582
vn -0.9653 0.0391 -0.2580
vn -0.9517 0.0642 -0.3002
vn -0.9519 0.0631 -0.2999
vn -0.9517 0.0647 -0.3000
vn -0.8349 0.0025 -0.5505
vn -0.1034 -0.0752 -0.9918
vn -0.2562 -0.0532 -0.9652
vn -0.2568 -0.0532 -0.9650
vn -0.2568 -0.0530 -0.9650
vn -0.2563 -0.0531 -0.9652
vn -0.6741 -0.0277 -0.7381
vn -0.7425 -0.1522 -0.6524
vn -0.6427 0.0236 -0.7657
vn -0.4375 -0.0217 -0.8989
vn -0.4364 -0.0226 -0.8995
vn -0.4368 -0.0216 -0.8993
vn -0.4381 -0.0208 -0.8987
vn -0.7630 -0.2032 -0.6137
vn -0.5416 -0.8230 0.1712
vn -0.5411 -0.8233 0.1714
vn -0.5413 -0.8232 0.1713
vn 0.3785 0.9251 0.0310
vn 0.3783 0.9251 0.0329
vn 0.3787 0.9250 0.0304
vn 0.3131 0.6387 -0.7029
vn 0.3130 0.6382 -0.7033
vn 0.3132 0.6377 -0.7037
vn -0.7493 -0.6403 0.1691
vn -0.8100 -0.2990 0.5045
vn -0.0302 0.7606 0.6486
vn -0.4655 -0.8459 -0.2602
vn -0.1025 -0.0712 -0.9922
vn -0.1016 -0.0668 -0.9926
vn -0.2538 -0.0389 -0.9665
vn -0.2538 -0.0387 -0.9665
vn -0.2539 -0.0385 -0.9665
vn -0.2537 -0.0391 -0.9665
vn -0.4334 0.0034 -0.9012
vn -0.4336 0.0030 -0.9011
vn -0.4339 0.0041 -0.9009
vn -0.4337 0.0045 -0.9010
vn -0.6622 0.1688 -0.7300
vn -0.6553 0.1084 -0.7475
vn -0.6476 0.0629 -0.7594
vn -0.8935 0.1752 -0.4135
vn -0.8934 0.1756 -0.4136
vn -0.8932 0.1760 -0.4138
vn -0.6657 0.2019 -0.7184
vn -0.6171 -0.5208 0.5899
vn -0.6169 -0.5209 0.5900
vn -0.6167 -0.5210 0.5902
vn -0.0826 -0.2288 -0.9700
vn -0.0825 -0.2286 -0.9700
vn -0.0827 -0.2290 -0.9699
vn 0.2723 0.9563 -0.1069
vn 0.2726 0.9562 -0.1071
vn -0.1022 -0.0654 -0.9926
vn -0.1009 -0.0611 -0.9930
vn -0.2506 -0.0245 -0.9678
vn -0.2506 -0.0247 -0.9678
vn -0.2508 -0.0250 -0.9677
vn -0.2507 -0.0242 -0.9678
vn -0.4276 0.0286 -0.9035
vn -0.4281 0.0288 -0.9033
vn -0.4275 0.0285 -0.9036
vn -0.4282 0.0288 -0.9032
vn -0.6380 0.1015 -0.7633
vn -0.6379 0.1031 -0.7632
vn -0.6374 0.0986 -0.7642
vn -0.6375 0.0971 -0.7643
vn -0.8710 0.1869 -0.4544
vn -0.8710 0.1871 -0.4542
vn -0.8709 0.1877 -0.4542
vn -0.5641 -0.6593 0.4971
vn -0.5641 -0.6592 0.4972
vn -0.5637 -0.6600 0.4965
vn -0.0597 -0.0994 -0.9933
vn 0.2546 0.9594 -0.1212
vn 0.2558 0.9588 -0.1239
vn 0.2539 0.9597 -0.1207
vn -0.1005 -0.0598 -0.9931
vn -0.0991 -0.0552 -0.9935
vn -0.2465 -0.0102 -0.9691
vn -0.2469 -0.0102 -0.9690
vn -0.2468 -0.0101 -0.9690
vn -0.2467 -0.0103 -0.9690
vn -0.4203 0.0525 -0.9059
vn -0.4204 0.0526 -0.9058
vn -0.6261 0.1367 -0.7677
vn -0.6252 0.1336 -0.7689
vn -0.6257 0.1323 -0.7687
vn -0.6254 0.1380 -0.7680
vn -0.8529 0.2343 -0.4666
vn -0.8529 0.2346 -0.4664
vn -0.8528 0.2353 -0.4662
vn 0.1959 0.9677 -0.1584
vn 0.1958 0.9680 -0.1572
vn 0.1959 0.9678 -0.1583
vn -0.5502 -0.6641 0.5062
vn -0.5502 -0.6640 0.5064
vn -0.5502 -0.6638 0.5066
vn -0.0928 -0.1149 -0.9890
vn -0.0928 -0.1147 -0.9891
vn -0.0929 -0.1153 -0.9890
vn -0.0988 -0.0540 -0.9936
vn -0.0972 -0.0493 -0.9940
vn -0.2408 0.0035 -0.9706
vn -0.2423 0.0036 -0.9702
vn -0.2421 0.0040 -0.9703
vn -0.2412 0.0030 -0.9705
vn -0.4129 0.0773 -0.9075
vn -0.4118 0.0770 -0.9080
vn -0.4118 0.0761 -0.9081
vn -0.4129 0.0763 -0.9076
vn -0.6119 0.1703 -0.7724
vn -0.6116 0.1723 -0.7722
vn -0.6114 0.1667 -0.7736
vn -0.8323 0.2793 -0.4788
vn -0.8323 0.2794 -0.4788
vn -0.8322 0.2795 -0.4789
vn -0.6117 0.1648 -0.7738
vn 0.0660 0.9684 -0.2407
vn 0.0658 0.9687 -0.2394
vn 0.0659 0.9684 -0.2406
vn -0.4542 -0.7016 0.5490
vn -0.4543 -0.7012 0.5494
vn -0.4543 -0.7010 0.5497
vn -0.1377 -0.1470 -0.9795
vn -0.1374 -0.1465 -0.9796
vn -0.1377 -0.1472 -0.9795
vn -0.0971 -0.0494 -0.9940
vn -0.0962 -0.0437 -0.9944
vn -0.2357 0.0231 -0.9715
vn -0.2361 0.0164 -0.9716
vn -0.2363 0.0166 -0.9715
vn -0.2355 0.0232 -0.9716
vn -0.0933 -0.0460 -0.9946
vn -0.0963 -0.0394 -0.9946
vn -0.2334 0.0306 -0.9719
vn -0.4015 0.0986 -0.9105
vn -0.4034 0.0996 -0.9096
vn -0.4032 0.1001 -0.9096
vn -0.4013 0.0991 -0.9106
vn -0.2337 0.0310 -0.9718
vn -0.8258 0.2894 -0.4840
vn -0.5866 0.2172 -0.7802
vn -0.5858 0.2260 -0.7783
vn -0.5860 0.2036 -0.7843
vn -0.5866 0.1948 -0.7861
vn -0.3954 0.1125 -0.9116
vn -0.3952 0.1124 -0.9117
vn -0.3958 0.1111 -0.9116
vn -0.3960 0.1112 -0.9115
vn -0.3430 0.6645 -0.6639
vn -0.3430 0.6656 -0.6629
vn -0.3429 0.6651 -0.6634
vn -0.8658 0.3352 -0.3716
vn -0.8656 0.3353 -0.3719
vn -0.8657 0.3353 -0.3717
vn -0.5541 0.2520 -0.7934
vn -0.5681 0.2172 -0.7938
vn -0.5689 0.2122 -0.7945
vn -0.5539 0.2558 -0.7923
vn -0.0940 -0.0422 -0.9947
vn -0.7555 0.2949 -0.5851
vn -0.7539 0.2982 -0.5854
vn -0.7630 0.2739 -0.5855
vn -0.8172 0.4747 -0.3268
vn -0.8171 0.4748 -0.3270
vn -0.8170 0.4748 -0.3272
vn -0.7650 0.2700 -0.5848
vn -0.2322 0.0324 -0.9721
vn -0.2280 0.0408 -0.9728
vn -0.0920 -0.0399 -0.9950
vn -0.0937 -0.0337 -0.9950
vn -0.3898 0.1238 -0.9125
vn -0.3898 0.1236 -0.9126
vn -0.3899 0.1236 -0.9125
vn -0.3897 0.1238 -0.9126
vn -0.5625 0.2261 -0.7953
vn -0.5624 0.2258 -0.7954
vn -0.5620 0.2262 -0.7956
vn -0.2278 0.0391 -0.9729
vn -0.3843 0.1357 -0.9132
vn -0.3848 0.1346 -0.9131
vn -0.3834 0.1359 -0.9135
vn -0.2236 0.0468 -0.9736
vn -0.7269 0.3403 -0.5965
vn -0.7217 0.3444 -0.6005
vn -0.7293 0.3376 -0.5951
vn -0.5631 0.2258 -0.7949
vn -0.3858 0.1346 -0.9127
vn -0.8375 0.4271 -0.3409
vn -0.8383 0.4261 -0.3402
vn -0.8371 0.4281 -0.3405
vn -0.8538 0.4109 -0.3197
vn -0.8538 0.4112 -0.3193
vn -0.7190 0.3470 -0.6022
vn -0.5552 0.2380 -0.7969
vn -0.5563 0.2387 -0.7960
vn -0.5532 0.2447 -0.7963
vn -0.5523 0.2439 -0.7972
vn -0.0912 -0.0364 -0.9952
vn -0.8096 0.4834 -0.3328
vn -0.8095 0.4831 -0.3337
vn -0.8095 0.4832 -0.3336
vn -0.7350 0.3188 -0.5985
vn -0.7375 0.3136 -0.5982
vn -0.7184 0.3571 -0.5970
vn -0.7165 0.3608 -0.5970
vn -0.2248 0.0460 -0.9733
vn -0.2206 0.0531 -0.9739
vn -0.0891 -0.0345 -0.9954
vn -0.0908 -0.0283 -0.9955
vn -0.3792 0.1467 -0.9136
vn -0.3792 0.1455 -0.9138
vn -0.3793 0.1449 -0.9138
vn -0.3787 0.1469 -0.9138
vn -0.3734 0.1572 -0.9143
vn -0.3725 0.1574 -0.9146
vn -0.3725 0.1571 -0.9147
vn -0.2204 0.0518 -0.9740
vn -0.2161 0.0590 -0.9746
vn -0.7055 0.3775 -0.5998
vn -0.6980 0.3829 -0.6051
vn -0.7082 0.3743 -0.5986
vn -0.5444 0.2593 -0.7977
vn -0.5440 0.2566 -0.7989
vn -0.5449 0.2565 -0.7983
vn -0.5433 0.2592 -0.7985
vn -0.3735 0.1576 -0.9142
vn -0.8093 0.4725 -0.3490
vn -0.8099 0.4719 -0.3483
vn -0.8088 0.4734 -0.3489
vn -0.8262 0.4569 -0.3296
vn -0.8261 0.4569 -0.3298
vn -0.8262 0.4571 -0.3292
vn -0.6949 0.3862 -0.6066
vn -0.5368 0.2691 -0.7996
vn -0.5373 0.2692 -0.7993
vn -0.5353 0.2733 -0.7992
vn -0.5348 0.2732 -0.7996
vn -0.0882 -0.0308 -0.9956
vn -0.7097 0.3621 -0.6043
vn -0.6937 0.3966 -0.6012
vn -0.6910 0.3995 -0.6024
vn -0.7817 0.5236 -0.3390
vn -0.7814 0.5235 -0.3397
vn -0.7129 0.3576 -0.6033
vn -0.3672 0.1675 -0.9149
vn -0.3674 0.1674 -0.9149
vn -0.3671 0.1676 -0.9149
vn -0.2167 0.0580 -0.9745
vn -0.2129 0.0642 -0.9750
vn -0.3675 0.1673 -0.9149
vn -0.0857 -0.0290 -0.9959
vn -0.0875 -0.0232 -0.9959
vn -0.6801 0.4157 -0.6039
vn -0.6705 0.4215 -0.6106
vn -0.6823 0.4121 -0.6038
vn -0.5242 0.2879 -0.8015
vn -0.5246 0.2879 -0.8012
vn -0.5242 0.2870 -0.8017
vn -0.5246 0.2888 -0.8009
vn -0.2131 0.0648 -0.9749
vn -0.2092 0.0707 -0.9753
vn -0.7986 0.4992 -0.3361
vn -0.7986 0.4996 -0.3356
vn -0.6679 0.4252 -0.6108
vn -0.7787 0.5169 -0.3555
vn -0.3607 0.1768 -0.9158
vn -0.3610 0.1771 -0.9156
vn -0.3604 0.1782 -0.9156
vn -0.3598 0.1779 -0.9159
vn -0.5155 0.2992 -0.8030
vn -0.5160 0.2991 -0.8027
vn -0.5141 0.3027 -0.8025
vn -0.5137 0.3027 -0.8028
vn -0.0851 -0.0258 -0.9960
vn -0.6815 0.4072 -0.6081
vn -0.6840 0.4026 -0.6083
vn -0.6686 0.4319 -0.6053
vn -0.7538 0.5595 -0.3445
vn -0.7530 0.5600 -0.3455
vn -0.7528 0.5600 -0.3458
vn -0.6665 0.4355 -0.6051
vn -0.2094 0.0710 -0.9753
vn -0.2054 0.0770 -0.9756
vn -0.3519 0.1875 -0.9171
vn -0.3526 0.1876 -0.9168
vn -0.3530 0.1879 -0.9166
vn -0.3515 0.1874 -0.9172
vn -0.0820 -0.0247 -0.9963
vn -0.0844 -0.0182 -0.9963
vn -0.5048 0.3193 -0.8020
vn -0.5026 0.3177 -0.8040
vn -0.5044 0.3141 -0.8043
vn -0.6528 0.4507 -0.6088
vn -0.6443 0.4566 -0.6134
vn -0.6566 0.4482 -0.6066
vn -0.5066 0.3157 -0.8023
vn -0.2053 0.0776 -0.9756
vn -0.2012 0.0831 -0.9760
vn -0.7469 0.5576 -0.3624
vn -0.7474 0.5567 -0.3626
vn -0.7468 0.5579 -0.3620
vn -0.7674 0.5416 -0.3431
vn -0.7674 0.5417 -0.3429
vn -0.7670 0.5427 -0.3423
vn -0.6404 0.4593 -0.6156
vn -0.3460 0.1960 -0.9175
vn -0.3457 0.1960 -0.9177
vn -0.3460 0.1967 -0.9174
vn -0.3457 0.1953 -0.9178
vn -0.4955 0.3266 -0.8049
vn -0.4970 0.3281 -0.8033
vn -0.4937 0.3330 -0.8033
vn -0.4922 0.3313 -0.8050
vn -0.0820 -0.0210 -0.9964
vn -0.7210 0.5964 -0.3528
vn -0.7212 0.5962 -0.3527
vn -0.6530 0.4459 -0.6121
vn -0.6556 0.4401 -0.6135
vn -0.6409 0.4667 -0.6095
vn -0.6389 0.4714 -0.6080
vn -0.2016 0.0822 -0.9760
vn -0.1966 0.0889 -0.9764
vn -0.3370 0.2066 -0.9186
vn -0.3375 0.2071 -0.9183
vn -0.3381 0.2071 -0.9180
vn -0.3365 0.2067 -0.9187
vn -0.0790 -0.0195 -0.9967
vn -0.0809 -0.0129 -0.9966
vn -0.4843 0.3451 -0.8040
vn -0.4839 0.3413 -0.8058
vn -0.4856 0.3433 -0.8039
vn -0.4825 0.3431 -0.8059
vn -0.6212 0.4860 -0.6147
vn -0.6155 0.4919 -0.6158
vn -0.6269 0.4854 -0.6095
vn -0.1962 0.0878 -0.9766
vn -0.1913 0.0937 -0.9770
vn -0.6095 0.4929 -0.6210
vn -0.7126 0.5983 -0.3664
vn -0.7127 0.5981 -0.3665
vn -0.7342 0.5814 -0.3505
vn -0.7344 0.5812 -0.3506
vn -0.3302 0.2160 -0.9189
vn -0.3297 0.2159 -0.9191
vn -0.3300 0.2169 -0.9187
vn -0.3298 0.2149 -0.9193
vn -0.4724 0.3565 -0.8061
vn -0.4723 0.3586 -0.8052
vn -0.4717 0.3574 -0.8061
vn -0.4732 0.3577 -0.8051
vn -0.0785 -0.0159 -0.9968
vn -0.6222 0.4819 -0.6169
vn -0.6242 0.4763 -0.6193
vn -0.6123 0.4965 -0.6153
vn -0.6881 0.6318 -0.3568
vn -0.6882 0.6318 -0.3566
vn -0.6107 0.5013 -0.6130
vn -0.1892 0.0966 -0.9772
vn -0.1890 0.0961 -0.9773
vn -0.3228 0.2255 -0.9192
vn -0.3226 0.2252 -0.9193
vn -0.1846 0.1016 -0.9775
vn -0.0747 -0.0157 -0.9971
vn -0.0765 -0.0092 -0.9970
vn -0.4603 0.3697 -0.8071
vn -0.4602 0.3700 -0.8071
vn -0.4607 0.3690 -0.8072
vn -0.4608 0.3687 -0.8073
vn -0.1848 0.1022 -0.9774
vn -0.7024 0.6171 -0.3547
vn -0.7024 0.6170 -0.3547
vn -0.7025 0.6170 -0.3547
vn -0.5838 0.5290 -0.6159
vn -0.5812 0.5317 -0.6161
vn -0.5906 0.5157 -0.6206
vn -0.5933 0.5128 -0.6205
vn -0.6762 0.6345 -0.3744
vn -0.6767 0.6342 -0.3740
vn -0.6757 0.6351 -0.3742
vn -0.3147 0.2353 -0.9196
vn -0.3148 0.2335 -0.9200
vn -0.3154 0.2343 -0.9196
vn -0.3141 0.2346 -0.9199
vn -0.0739 -0.0122 -0.9972
vn -0.4492 0.3801 -0.8085
vn -0.4496 0.3804 -0.8082
vn -0.4488 0.3814 -0.8081
vn -0.4485 0.3812 -0.8084
vn -0.1832 0.1047 -0.9775
vn -0.1780 0.1103 -0.9778
vn -0.5912 0.5160 -0.6199
vn -0.5942 0.5120 -0.6203
vn -0.5812 0.5316 -0.6162
vn -0.6528 0.6651 -0.3627
vn -0.6527 0.6651 -0.3627
vn -0.6529 0.6650 -0.3626
vn -0.5785 0.5349 -0.6158
vn -0.3067 0.2415 -0.9207
vn -0.3075 0.2426 -0.9201
vn -0.3065 0.2437 -0.9202
vn -0.4361 0.3938 -0.8091
vn -0.4361 0.3937 -0.8092
vn -0.4360 0.3937 -0.8093
vn -0.3057 0.2425 -0.9207
vn -0.0709 -0.0109 -0.9974
vn -0.0728 -0.0043 -0.9973
vn -0.4363 0.3938 -0.8091
vn -0.1745 0.1113 -0.9783
vn -0.1750 0.1119 -0.9782
vn -0.6664 0.6528 -0.3603
vn -0.6664 0.6527 -0.3604
vn -0.5519 0.5582 -0.6195
vn -0.5498 0.5617 -0.6183
vn -0.5597 0.5467 -0.6227
vn -0.5620 0.5431 -0.6238
vn -0.6392 0.6697 -0.3781
vn -0.6395 0.6693 -0.3782
vn -0.6392 0.6698 -0.3779
vn -0.2971 0.2526 -0.9208
vn -0.2965 0.2516 -0.9213
vn -0.2973 0.2507 -0.9213
vn -0.2979 0.2516 -0.9208
vn -0.0702 -0.0070 -0.9975
vn -0.1700 0.1166 -0.9785
vn -0.4246 0.4058 -0.8093
vn -0.4241 0.4053 -0.8098
vn -0.4250 0.4040 -0.8100
vn -0.4254 0.4046 -0.8095
vn -0.5484 0.5577 -0.6231
vn -0.5601 0.5512 -0.6184
vn -0.5443 0.5591 -0.6254
vn -0.1694 0.1164 -0.9787
vn -0.6161 0.6961 -0.3686
vn -0.6159 0.6962 -0.3687
vn -0.6166 0.6959 -0.3681
vn -0.5638 0.5499 -0.6162
vn -0.2895 0.2599 -0.9212
vn -0.2892 0.2598 -0.9213
vn -0.2897 0.2592 -0.9214
vn -0.4121 0.4161 -0.8106
vn -0.4122 0.4165 -0.8104
vn -0.4123 0.4164 -0.8103
vn -0.2900 0.2594 -0.9212
vn -0.5281 0.5795 -0.6207
vn -0.5126 0.5873 -0.6263
vn -0.5319 0.5776 -0.6193
vn -0.4117 0.4165 -0.8106
vn -0.0664 -0.0071 -0.9978
vn -0.0680 -0.0011 -0.9977
vn -0.5991 0.7020 -0.3851
vn -0.6000 0.7016 -0.3844
vn -0.5983 0.7029 -0.3848
vn -0.6320 0.6830 -0.3662
vn -0.6327 0.6822 -0.3665
vn -0.6324 0.6825 -0.3665
vn -0.5080 0.5896 -0.6279
vn -0.1667 0.1195 -0.9787
vn -0.1621 0.1235 -0.9790
vn -0.2807 0.2679 -0.9216
vn -0.2812 0.2676 -0.9216
vn -0.2804 0.2679 -0.9218
vn -0.2816 0.2676 -0.9215
vn -0.0651 -0.0038 -0.9979
vn -0.3994 0.4263 -0.8116
vn -0.4000 0.4267 -0.8111
vn -0.3987 0.4284 -0.8109
vn -0.3981 0.4280 -0.8114
vn -0.1597 0.1269 -0.9790
vn -0.1598 0.1260 -0.9791
vn -0.5249 0.5766 -0.6261
vn -0.5161 0.5890 -0.6219
vn -0.5132 0.5920 -0.6214
vn -0.5782 0.7267 -0.3709
vn -0.5281 0.5733 -0.6265
vn -0.2723 0.2755 -0.9219
vn -0.2726 0.2752 -0.9219
vn -0.2726 0.2751 -0.9219
vn -0.2723 0.2756 -0.9219
vn -0.3858 0.4370 -0.8125
vn -0.3857 0.4379 -0.8121
vn -0.3854 0.4372 -0.8126
vn -0.3861 0.4377 -0.8120
vn -0.0624 -0.0032 -0.9980
vn -0.0641 0.0036 -0.9979
vn -0.1535 0.1305 -0.9795
vn -0.4801 0.6162 -0.6243
vn -0.4774 0.6186 -0.6240
vn -0.4923 0.6022 -0.6285
vn -0.5944 0.7145 -0.3690
vn -0.5597 0.7326 -0.3874
vn -0.4949 0.5995 -0.6290
vn -0.1546 0.1302 -0.9794
vn -0.2619 0.2838 -0.9224
vn -0.2618 0.2838 -0.9225
vn -0.2622 0.2833 -0.9225
vn -0.2623 0.2832 -0.9225
vn -0.0619 0.0009 -0.9981
vn -0.3732 0.4487 -0.8120
vn -0.3720 0.4475 -0.8133
vn -0.3733 0.4463 -0.8133
vn -0.3741 0.4476 -0.8122
vn -0.1510 0.1311 -0.9798
vn -0.1450 0.1357 -0.9801
vn -0.4893 0.6042 -0.6289
vn -0.4927 0.6012 -0.6292
vn -0.4824 0.6137 -0.6251
vn -0.5395 0.7542 -0.3743
vn -0.5392 0.7542 -0.3747
vn -0.5391 0.7542 -0.3748
vn -0.4796 0.6160 -0.6249
vn -0.2541 0.2897 -0.9228
vn -0.2543 0.2893 -0.9228
vn -0.2532 0.2907 -0.9227
vn -0.3585 0.4583 -0.8133
vn -0.3594 0.4582 -0.8130
vn -0.3586 0.4586 -0.8131
vn -0.2530 0.2911 -0.9226
vn -0.3592 0.4579 -0.8132
vn -0.0581 0.0005 -0.9983
vn -0.0582 0.0056 -0.9983
vn -0.5566 0.7424 -0.3730
vn -0.5566 0.7424 -0.3729
vn -0.5565 0.7427 -0.3725
vn -0.4423 0.6410 -0.6273
vn -0.4397 0.6431 -0.6270
vn -0.4576 0.6260 -0.6315
vn -0.4604 0.6235 -0.6319
vn -0.5186 0.7606 -0.3906
vn -0.5187 0.7605 -0.3907
vn -0.1446 0.1369 -0.9800
vn -0.1400 0.1404 -0.9801
vn -0.2440 0.2975 -0.9230
vn -0.2440 0.2976 -0.9230
vn -0.2441 0.2975 -0.9230
vn -0.2441 0.2974 -0.9230
vn -0.0559 0.0031 -0.9984
vn -0.3457 0.4673 -0.8137
vn -0.3456 0.4672 -0.8138
vn -0.3458 0.4670 -0.8138
vn -0.3459 0.4670 -0.8138
vn -0.1398 0.1415 -0.9800
vn -0.1351 0.1449 -0.9802
vn -0.4532 0.6304 -0.6302
vn -0.4560 0.6267 -0.6319
vn -0.4470 0.6374 -0.6276
vn -0.4993 0.7793 -0.3787
vn -0.4993 0.7793 -0.3786
vn -0.4445 0.6405 -0.6263
vn -0.2352 0.3032 -0.9234
vn -0.2351 0.3035 -0.9234
vn -0.2354 0.3031 -0.9234
vn -0.2354 0.3028 -0.9235
vn -0.3311 0.4765 -0.8144
vn -0.3311 0.4767 -0.8143
vn -0.3315 0.4763 -0.8144
vn -0.3315 0.4761 -0.8145
vn -0.0523 0.0035 -0.9986
vn -0.0543 0.0093 -0.9985
vn -0.5180 0.7680 -0.3766
vn -0.4767 0.7860 -0.3937
vn -0.4043 0.6643 -0.6287
vn -0.4018 0.6668 -0.6277
vn -0.4231 0.6486 -0.6327
vn -0.4259 0.6462 -0.6333
vn -0.1343 0.1459 -0.9801
vn -0.1294 0.1488 -0.9804
vn -0.2241 0.3092 -0.9242
vn -0.2249 0.3097 -0.9239
vn -0.2246 0.3100 -0.9238
vn -0.0514 0.0070 -0.9987
vn -0.2243 0.3089 -0.9243
vn -0.1289 0.1485 -0.9805
vn -0.1232 0.1519 -0.9807
vn -0.3177 0.4857 -0.8143
vn -0.3174 0.4850 -0.8149
vn -0.3181 0.4847 -0.8148
vn -0.4106 0.6575 -0.6317
vn -0.4173 0.6558 -0.6291
vn -0.4068 0.6574 -0.6343
vn -0.3181 0.4854 -0.8143
vn -0.2133 0.3162 -0.9244
vn -0.2133 0.3157 -0.9246
vn -0.2150 0.3145 -0.9246
vn -0.2151 0.3151 -0.9244
vn -0.4208 0.6557 -0.6268
vn -0.4586 0.8020 -0.3826
vn -0.4586 0.8021 -0.3827
vn -0.4588 0.8020 -0.3825
vn -0.3050 0.4930 -0.8148
vn -0.3054 0.4928 -0.8148
vn -0.3054 0.4927 -0.8148
vn -0.3049 0.4930 -0.8148
vn -0.0482 0.0076 -0.9988
vn -0.0486 0.0130 -0.9987
vn -0.3645 0.6851 -0.6307
vn -0.3622 0.6878 -0.6290
vn -0.3848 0.6711 -0.6337
vn -0.4787 0.7913 -0.3803
vn -0.4791 0.7911 -0.3805
vn -0.4789 0.7912 -0.3804
vn -0.3876 0.6680 -0.6353
vn -0.4334 0.8092 -0.3967
vn -0.4338 0.8091 -0.3965
vn -0.4331 0.8095 -0.3965
vn -0.1215 0.1515 -0.9810
vn -0.1172 0.1540 -0.9811
vn -0.0461 0.0098 -0.9989
vn -0.2044 0.3218 -0.9245
vn -0.2044 0.3213 -0.9246
vn -0.2042 0.3218 -0.9245
vn -0.2042 0.3223 -0.9244
vn -0.1162 0.1559 -0.9809
vn -0.1119 0.1585 -0.9810
vn -0.1961 0.3262 -0.9247
vn -0.1969 0.3261 -0.9246
vn -0.1964 0.3265 -0.9246
vn -0.2897 0.5016 -0.8152
vn -0.2895 0.5014 -0.8154
vn -0.2898 0.5012 -0.8154
vn -0.3732 0.6774 -0.6340
vn -0.3801 0.6762 -0.6311
vn -0.3696 0.6774 -0.6361
vn -0.2899 0.5013 -0.8153
vn -0.1967 0.3258 -0.9247
vn -0.3838 0.6762 -0.6289
vn -0.4163 0.8236 -0.3853
vn -0.4162 0.8236 -0.3853
vn -0.4165 0.8235 -0.3851
vn -0.2773 0.5071 -0.8160
vn -0.2777 0.5077 -0.8156
vn -0.2737 0.5100 -0.8154
vn -0.2735 0.5096 -0.8158
vn -0.0466 0.0095 -0.9989
vn -0.2514 0.1830 -0.9504
vn -0.3177 0.7074 -0.6314
vn -0.3466 0.6896 -0.6359
vn -0.3497 0.6875 -0.6364
vn -0.3148 0.7091 -0.6310
vn -0.4459 0.8098 -0.3813
vn -0.4463 0.8093 -0.3820
vn -0.4461 0.8095 -0.3818
vn -0.3899 0.8302 -0.3985
vn -0.1063 0.1609 -0.9812
vn -0.1071 0.1592 -0.9814
vn -0.4651 -0.2331 -0.8540
vn -0.1843 0.3318 -0.9252
vn -0.1843 0.3321 -0.9251
vn -0.1841 0.3324 -0.9250
vn -0.1840 0.3321 -0.9251
vn -0.1865 0.3321 -0.9246
vn -0.1722 0.3353 -0.9262
vn -0.1868 0.3308 -0.9250
vn -0.1158 -0.0788 -0.9901
vn -0.5562 -0.0450 -0.8299
vn -0.2611 0.5158 -0.8160
vn -0.2609 0.5157 -0.8161
vn -0.2607 0.5159 -0.8160
vn -0.2607 0.5160 -0.8160
vn -0.1716 0.3368 -0.9258
vn -0.3413 0.6929 -0.6351
vn -0.3443 0.6902 -0.6365
vn -0.3363 0.6979 -0.6324
vn -0.3734 0.8425 -0.3882
vn -0.3733 0.8426 -0.3882
vn -0.3737 0.8425 -0.3880
vn -0.3334 0.7005 -0.6309
vn -0.2467 0.5220 -0.8165
vn -0.2465 0.5224 -0.8163
vn -0.2479 0.5216 -0.8164
vn -0.2481 0.5208 -0.8168
vn -0.3125 0.7091 -0.6321
vn -0.2707 0.7208 -0.6381
vn -0.3157 0.7080 -0.6317
vn -0.3467 0.8478 -0.4013
vn -0.3473 0.8478 -0.4008
vn -0.3457 0.8483 -0.4011
vn -0.4096 0.8275 -0.3841
vn -0.4102 0.8270 -0.3843
vn -0.4099 0.8272 -0.3843
vn -0.2654 0.7223 -0.6386
vn -0.6837 0.2906 -0.6695
vn -0.0110 0.7847 -0.6198
vn -0.6270 -0.4647 -0.6253
vn 0.7436 0.2657 -0.6136
vn 0.7439 0.2655 -0.6133
vn 0.3611 -0.3134 -0.8783
vn -0.1733 0.3279 -0.9287
vn -0.1623 0.3407 -0.9261
vn -0.1955 0.3040 -0.9324
vn -0.2042 0.2934 -0.9339
vn -0.2315 0.5271 -0.8177
vn -0.2313 0.5279 -0.8172
vn -0.2321 0.5269 -0.8176
vn -0.2324 0.5262 -0.8180
vn -0.3336 0.8580 -0.3906
vn -0.3338 0.8579 -0.3906
vn -0.3024 0.7097 -0.6363
vn -0.3043 0.7077 -0.6376
vn -0.2989 0.7127 -0.6346
vn -0.2971 0.7148 -0.6331
vn -0.2841 0.8655 -0.4125
vn -0.0656 0.1065 -0.9921
vn -0.0658 0.1064 -0.9921
vn -0.0657 0.1064 -0.9921
vn -0.6879 -0.6577 -0.3069
vn -0.6881 -0.6576 -0.3066
vn 0.8182 0.2460 -0.5197
vn 0.8181 0.2465 -0.5195
vn 0.8181 0.2467 -0.5195
vn -0.1314 0.3250 -0.9366
vn -0.1358 0.3225 -0.9368
vn -0.1272 0.3322 -0.9346
vn -0.1230 0.3344 -0.9343
vn -0.2047 0.5377 -0.8179
vn -0.2041 0.5369 -0.8186
vn -0.2048 0.5363 -0.8188
vn -0.2619 0.7267 -0.6351
vn -0.2616 0.7270 -0.6348
vn -0.2626 0.7274 -0.6340
vn -0.2053 0.5372 -0.8181
vn -0.3031 0.8701 -0.3887
vn -0.3019 0.8702 -0.3894
vn -0.3018 0.8689 -0.3925
vn -0.3030 0.8688 -0.3916
vn -0.2608 0.7264 -0.6359
vn -0.1636 0.9244 -0.3445
vn -0.6756 -0.5635 -0.4754
vn -0.6755 -0.5635 -0.4755
vn -0.6755 -0.5635 -0.4756
vn -0.0534 0.1101 -0.9925
vn -0.0535 0.1101 -0.9925
vn -0.1202 0.3350 -0.9345
vn -0.1181 0.3341 -0.9351
vn -0.1216 0.3349 -0.9344
vn 0.9572 0.2154 -0.1935
vn 0.9571 0.2158 -0.1934
vn 0.9571 0.2159 -0.1933
vn -0.1166 0.3341 -0.9353
vn -0.2224 0.7387 -0.6363
vn -0.2220 0.7385 -0.6366
vn -0.2223 0.7386 -0.6364
vn -0.1735 0.5479 -0.8183
vn -0.1739 0.5470 -0.8189
vn -0.1742 0.5474 -0.8186
vn -0.1732 0.5476 -0.8186
vn -0.2222 0.7387 -0.6364
vn -0.2557 0.8833 -0.3930
vn -0.2562 0.8833 -0.3926
vn -0.2563 0.8840 -0.3910
vn -0.2557 0.8840 -0.3914
vn -0.1736 0.9427 -0.2849
vn -0.1733 0.9427 -0.2852
vn -0.1745 0.9425 -0.2850
vn -0.0981 0.3400 -0.9353
vn -0.0962 0.3383 -0.9361
vn -0.0987 0.3387 -0.9357
vn -0.0431 0.1093 -0.9931
vn -0.0429 0.1095 -0.9931
vn -0.0430 0.1094 -0.9931
vn 0.9853 0.1690 0.0237
vn 0.9859 0.1657 0.0235
vn 0.9863 0.1635 0.0212
vn -0.6330 -0.5220 -0.5717
vn -0.6323 -0.5222 -0.5722
vn -0.6324 -0.5222 -0.5722
vn -0.0955 0.3393 -0.9358
vn -0.1431 0.5556 -0.8190
vn -0.1431 0.5557 -0.8190
vn -0.1814 0.7475 -0.6390
vn -0.1829 0.7494 -0.6363
vn -0.1815 0.7492 -0.6370
vn -0.2097 0.8952 -0.3932
vn -0.2096 0.8949 -0.3939
vn -0.2094 0.8947 -0.3945
vn -0.1827 0.7477 -0.6384
vn -0.1636 0.9045 -0.3939
vn -0.1638 0.9039 -0.3952
vn -0.1638 0.9044 -0.3940
vn -0.2099 0.8953 -0.3929
vn -0.0582 0.9847 -0.1640
vn -0.0580 0.9848 -0.1640
vn -0.0583 0.9847 -0.1641
vn -0.0326 0.1078 -0.9936
vn 0.9958 0.0450 0.0803
vn -0.6116 -0.4825 -0.6270
vn -0.1105 0.5612 -0.8203
vn -0.1114 0.5627 -0.8191
vn -0.1106 0.5626 -0.8193
vn -0.0756 0.3429 -0.9363
vn -0.0755 0.3432 -0.9362
vn -0.0758 0.3429 -0.9363
vn -0.0760 0.3426 -0.9364
vn -0.1113 0.5613 -0.8201
vn -0.1417 0.7569 -0.6379
vn -0.1418 0.7561 -0.6389
vn -0.1417 0.7571 -0.6377
vn -0.1418 0.7560 -0.6391
vn -0.1636 0.9039 -0.3952
vn -0.4256 0.8446 -0.3248
vn -0.0204 0.0952 -0.9952
vn -0.6671 -0.4766 -0.5726
vn -0.6672 -0.4764 -0.5725
vn -0.6679 -0.4761 -0.5721
vn 0.9519 0.2157 -0.2176
vn 0.9517 0.2171 -0.2169
vn 0.9517 0.2176 -0.2165
vn -0.0541 0.3440 -0.9374
vn -0.0546 0.3448 -0.9371
vn -0.0549 0.3433 -0.9376
vn -0.0536 0.3457 -0.9368
vn -0.0792 0.5669 -0.8200
vn -0.0790 0.5662 -0.8205
vn -0.0793 0.5663 -0.8204
vn -0.0789 0.5667 -0.8201
vn -0.1013 0.7637 -0.6375
vn -0.1012 0.7632 -0.6382
vn -0.1018 0.7629 -0.6384
vn -0.1021 0.7637 -0.6374
vn -0.0703 0.9148 -0.3978
vn -0.0704 0.9146 -0.3982
vn -0.0704 0.9148 -0.3976
vn -0.1170 0.9102 -0.3972
vn -0.1171 0.9107 -0.3962
vn 0.0021 0.0270 -0.9996
vn -0.0043 0.0288 -0.9996
vn -0.0111 0.1847 -0.9827
vn -0.0115 0.1840 -0.9829
vn -0.0546 0.0966 -0.9938
vn -0.0548 0.0968 -0.9938
vn -0.0550 0.0968 -0.9938
vn 0.0963 0.1987 -0.9753
vn 0.0959 0.1988 -0.9753
vn 0.0960 0.1987 -0.9753
vn -0.0217 0.3546 -0.9348
vn -0.0085 0.3622 -0.9321
vn 0.0063 0.3728 -0.9279
vn -0.0145 0.5734 -0.8191
vn -0.0135 0.5749 -0.8181
vn -0.0152 0.5733 -0.8192
vn -0.0104 0.3746 -0.9271
vn -0.0082 0.3713 -0.9285
vn -0.0128 0.3743 -0.9272
vn -0.0334 0.3456 -0.9378
vn -0.0060 0.3718 -0.9283
vn -0.0614 0.7683 -0.6371
vn -0.0611 0.7675 -0.6381
vn -0.0615 0.7677 -0.6379
vn -0.0161 0.5724 -0.8198
vn -0.0472 0.5700 -0.8203
vn -0.0475 0.5701 -0.8202
vn -0.0469 0.5703 -0.8201
vn -0.0466 0.5704 -0.8200
vn -0.0610 0.7683 -0.6372
vn -0.0220 0.9169 -0.3986
vn -0.0195 0.7707 -0.6369
vn -0.0186 0.7688 -0.6392
vn -0.0197 0.7691 -0.6388
vn -0.0703 0.9146 -0.3983
vn -0.0184 0.7703 -0.6374
vn -0.9694 -0.0226 -0.2443
vn -0.9705 -0.0224 -0.2402
vn -0.9705 -0.0224 -0.2400
vn -0.8389 -0.0508 -0.5418
vn -0.8409 -0.0504 -0.5389
vn -0.8408 -0.0504 -0.5390
vn -0.8389 -0.0508 -0.5419
vn -0.6447 -0.0713 -0.7611
vn -0.6479 -0.0712 -0.7584
vn -0.6480 -0.0712 -0.7583
vn -0.4439 -0.0838 -0.8921
vn -0.4475 -0.0834 -0.8904
vn -0.4474 -0.0834 -0.8904
vn -0.6445 -0.0713 -0.7612
vn -0.4438 -0.0838 -0.8922
vn -0.2636 -0.0902 -0.9604
vn -0.2638 -0.0902 -0.9604
vn -0.1048 0.0931 0.9901
vn -0.1082 0.0928 0.9898
vn -0.1081 0.0928 0.9898
vn -0.2613 0.0898 0.9611
vn -0.2659 0.0900 0.9598
vn -0.2658 0.0900 0.9598
vn -0.1046 0.0957 0.9899
vn -0.2612 0.0977 0.9603
vn -0.4434 0.0837 0.8924
vn -0.4486 0.0837 0.8898
vn -0.4488 0.0837 0.8897
vn -0.6448 0.0717 0.7609
vn -0.6482 0.0712 0.7581
vn -0.6480 0.0712 0.7583
vn -0.4433 0.0837 0.8925
vn -0.8389 0.0510 0.5418
vn -0.8405 0.0507 0.5394
vn -0.8404 0.0507 0.5395
vn -0.6446 0.0718 0.7612
vn -0.9692 0.0233 0.2450
vn -0.9691 0.0233 0.2457
vn -0.9692 0.0233 0.2452
vn -0.1047 0.0988 0.9896
vn -0.0003 0.2100 0.9777
vn 0.0007 0.2154 0.9765
vn -0.0005 0.2116 0.9773
vn -0.9702 0.0491 0.2371
vn -0.9694 0.0488 0.2407
vn -0.9680 0.0509 0.2457
vn -0.9688 0.0511 0.2424
vn -0.8402 0.0731 0.5373
vn -0.8393 0.0740 0.5387
vn -0.8399 0.0743 0.5377
vn -0.8396 0.0728 0.5382
vn -0.6444 0.0889 0.7595
vn -0.6452 0.0884 0.7589
vn -0.6448 0.0892 0.7592
vn -0.6440 0.0897 0.7597
vn -0.4436 0.0958 0.8911
vn -0.4436 0.0954 0.8911
vn -0.4432 0.0962 0.8913
vn -0.4433 0.0967 0.8911
vn -0.2609 0.0973 0.9605
vn -0.2603 0.0982 0.9605
vn -0.1046 0.0991 0.9896
vn -0.9626 0.1149 0.2454
vn -0.9626 0.1153 0.2450
vn -0.9627 0.1135 0.2456
vn -0.8429 0.1089 0.5269
vn -0.8446 0.1138 0.5231
vn -0.8397 0.1030 0.5332
vn -0.9673 0.1021 0.2320
vn -0.9674 0.1020 0.2320
vn -0.9673 0.1021 0.2321
vn -0.8485 0.1203 0.5154
vn -0.4425 0.1221 0.8884
vn -0.4429 0.1225 0.8882
vn -0.4426 0.1219 0.8884
vn -0.6441 0.1272 0.7543
vn -0.6436 0.1277 0.7546
vn -0.6436 0.1281 0.7546
vn -0.6438 0.1266 0.7547
vn -0.4427 0.1227 0.8882
vn -0.1047 0.1026 0.9892
vn -0.1043 0.1072 0.9887
vn -0.2587 0.1126 0.9594
vn -0.2603 0.1122 0.9590
vn -0.2591 0.1118 0.9593
vn -0.2599 0.1130 0.9590
vn 0.4036 0.8114 0.4227
vn 0.4038 0.8109 0.4235
vn 0.4036 0.8112 0.4231
vn -0.5650 -0.7969 0.2138
vn -0.5647 -0.7971 0.2138
vn -0.5645 -0.7973 0.2137
vn -0.9312 -0.3057 0.1986
vn -0.8496 0.2061 0.4855
vn -0.8427 -0.5381 0.0153
vn -0.5951 -0.7689 -0.2338
vn 0.4215 0.9042 -0.0684
vn 0.4213 0.9044 -0.0681
vn 0.4213 0.9043 -0.0683
vn -0.6493 0.1514 0.7453
vn -0.6415 0.1653 0.7491
vn -0.6588 0.1364 0.7398
vn -0.6651 0.1245 0.7363
vn -0.4422 0.1464 0.8849
vn -0.4417 0.1466 0.8851
vn -0.4412 0.1458 0.8855
vn -0.4426 0.1471 0.8846
vn -0.1043 0.1110 0.9883
vn -0.1037 0.1172 0.9877
vn -0.1043 0.1109 0.9883
vn -0.2573 0.1274 0.9579
vn -0.2579 0.1274 0.9577
vn -0.2572 0.1274 0.9579
vn -0.2582 0.1275 0.9576
vn -0.0819 -0.0487 0.9954
vn -0.0820 -0.0488 0.9954
vn -0.0819 -0.0487 0.9955
vn -0.6552 -0.6364 -0.4071
vn -0.6553 -0.6362 -0.4072
vn -0.6553 -0.6362 -0.4071
vn -0.9180 0.2331 0.3207
vn -0.9179 0.2334 0.3208
vn -0.9180 0.2333 0.3207
vn 0.2668 0.9314 -0.2476
vn 0.2667 0.9316 -0.2469
vn 0.2667 0.9315 -0.2472
vn -0.6606 0.2044 0.7224
vn -0.6609 0.2039 0.7223
vn -0.6613 0.2039 0.7219
vn -0.6603 0.2050 0.7225
vn -0.4392 0.1725 0.8817
vn -0.4400 0.1729 0.8812
vn -0.4405 0.1720 0.8811
vn -0.4398 0.1714 0.8816
vn -0.2557 0.1419 0.9563
vn -0.2555 0.1418 0.9563
vn -0.2558 0.1418 0.9563
vn -0.2555 0.1419 0.9563
vn -0.1035 0.1169 0.9877
vn -0.0606 0.0855 0.9945
vn -0.5937 -0.7663 -0.2454
vn -0.5941 -0.7658 -0.2460
vn -0.5941 -0.7659 -0.2460
vn -0.8864 0.2694 0.3765
vn -0.8863 0.2698 0.3764
vn -0.8864 0.2695 0.3764
vn 0.2529 0.9392 -0.2324
vn 0.2520 0.9389 -0.2345
vn 0.2514 0.9389 -0.2350
vn -0.4356 0.1979 0.8781
vn -0.4355 0.1978 0.8782
vn -0.4355 0.1979 0.8782
vn -0.6547 0.2422 0.7160
vn -0.6534 0.2444 0.7165
vn -0.6524 0.2459 0.7169
vn -0.6556 0.2408 0.7157
vn -0.4356 0.1978 0.8781
vn -0.2536 0.1570 0.9545
vn -0.2533 0.1569 0.9546
vn -0.2532 0.1568 0.9546
vn -0.1014 0.1226 0.9873
vn -0.1001 0.1285 0.9866
vn -0.1015 0.1227 0.9872
vn -0.2537 0.1572 0.9544
vn -0.1086 0.0518 0.9927
vn -0.1087 0.0513 0.9927
vn -0.1086 0.0519 0.9927
vn -0.5775 -0.7765 -0.2519
vn -0.5775 -0.7766 -0.2518
vn -0.5775 -0.7767 -0.2516
vn -0.8718 0.3183 0.3724
vn -0.8718 0.3188 0.3720
vn -0.8718 0.3184 0.3723
vn 0.2037 0.9605 -0.1894
vn 0.2039 0.9608 -0.1880
vn 0.2039 0.9608 -0.1881
vn -0.6446 0.2792 0.7117
vn -0.6428 0.2821 0.7122
vn -0.6412 0.2837 0.7130
vn -0.6459 0.2777 0.7111
vn -0.4309 0.2229 0.8744
vn -0.4301 0.2225 0.8749
vn -0.4299 0.2230 0.8749
vn -0.4308 0.2234 0.8744
vn -0.1001 0.1286 0.9866
vn -0.2501 0.1714 0.9529
vn -0.2508 0.1715 0.9527
vn -0.2500 0.1714 0.9529
vn -0.2505 0.1713 0.9528
vn -0.8544 0.3762 0.3584
vn -0.8544 0.3761 0.3584
vn -0.8543 0.3764 0.3584
vn -0.8477 0.3869 0.3629
vn -0.8474 0.3876 0.3628
vn -0.8477 0.3872 0.3627
vn -0.6356 0.3125 0.7060
vn -0.6391 0.3077 0.7049
vn -0.6416 0.3047 0.7040
vn -0.6332 0.3154 0.7068
vn -0.4246 0.2470 0.8711
vn -0.4243 0.2473 0.8711
vn -0.4249 0.2468 0.8710
vn -0.4251 0.2466 0.8709
vn -0.2466 0.1856 0.9512
vn -0.2459 0.1852 0.9514
vn -0.2460 0.1858 0.9513
vn -0.0987 0.1343 0.9860
vn -0.0985 0.1418 0.9850
vn -0.0983 0.1342 0.9861
vn -0.2465 0.1853 0.9513
vn -0.8752 0.2957 0.3828
vn -0.8751 0.2963 0.3826
vn -0.8752 0.2959 0.3827
vn -0.6996 0.2330 0.6755
vn -0.7158 0.3000 0.6306
vn -0.6778 0.1643 0.7167
vn -0.8118 0.3629 0.4575
vn -0.3358 -0.8830 -0.3280
vn -0.3358 -0.8831 -0.3278
vn -0.3358 -0.8832 -0.3275
vn -0.7306 0.3851 0.5638
vn 0.1618 -0.6426 0.7489
vn 0.1620 -0.6424 0.7490
vn 0.6647 0.2491 -0.7044
vn -0.5811 0.4545 0.6750
vn 0.6678 0.2206 -0.7109
vn -0.4161 0.2730 0.8674
vn -0.4166 0.2731 0.8671
vn -0.4164 0.2730 0.8672
vn -0.4162 0.2729 0.8674
vn -0.6140 0.3586 0.7031
vn -0.2399 0.2059 0.9487
vn -0.2420 0.1998 0.9495
vn -0.2405 0.2038 0.9490
vn -0.0977 0.1377 0.9856
vn -0.2414 0.2003 0.9495
vn -0.4102 0.2885 0.8652
vn -0.4102 0.2878 0.8654
vn -0.4055 0.2965 0.8647
vn -0.4055 0.2973 0.8644
vn -0.2374 0.2120 0.9480
vn 0.2424 0.8430 0.4802
vn 0.2425 0.8431 0.4799
vn 0.2425 0.8429 0.4804
vn -0.8603 0.4688 0.2004
vn -0.8600 0.4696 0.1997
vn -0.8610 0.4675 0.2002
vn -0.0952 0.1409 0.9854
vn -0.0971 0.1472 0.9843
vn -0.2373 0.2134 0.9477
vn -0.4263 0.6644 -0.6139
vn -0.6649 0.1109 -0.7387
vn -0.0864 0.9454 -0.3141
vn -0.5881 0.4101 0.6971
vn -0.5902 0.3927 0.7053
vn -0.5876 0.4179 0.6928
vn 0.2372 0.9711 0.0264
vn -0.8197 0.5553 0.1406
vn -0.8196 0.5552 0.1412
vn -0.8196 0.5552 0.1413
vn -0.5904 0.3844 0.7097
vn -0.7581 0.4563 0.4659
vn -0.7580 0.4569 0.4655
vn -0.7602 0.4533 0.4653
vn -0.7599 0.4529 0.4663
vn -0.4049 0.2982 0.8644
vn -0.4051 0.2984 0.8642
vn -0.4053 0.2978 0.8643
vn -0.4052 0.2974 0.8645
vn -0.5806 0.4030 0.7075
vn -0.5826 0.4006 0.7072
vn -0.5696 0.4192 0.7070
vn -0.5676 0.4216 0.7072
vn -0.2350 0.2197 0.9469
vn -0.0949 0.1447 0.9849
vn -0.2343 0.2198 0.9470
vn -0.2318 0.2269 0.9459
vn -0.4000 0.3094 0.8627
vn -0.4000 0.3092 0.8628
vn -0.3992 0.3103 0.8627
vn -0.3993 0.3104 0.8627
vn -0.7326 0.5039 0.4575
vn -0.7344 0.4961 0.4631
vn -0.7317 0.5077 0.4548
vn -0.8297 0.5339 0.1630
vn -0.8296 0.5340 0.1629
vn -0.8299 0.5336 0.1630
vn -0.8449 0.5133 0.1505
vn -0.8449 0.5134 0.1503
vn -0.0920 0.1461 0.9850
vn -0.0947 0.1526 0.9837
vn -0.2323 0.2270 0.9458
vn -0.7353 0.4922 0.4659
vn -0.8018 0.5821 0.1351
vn -0.8015 0.5823 0.1360
vn -0.8015 0.5823 0.1359
vn -0.5709 0.4150 0.7084
vn -0.5709 0.4148 0.7085
vn -0.5703 0.4155 0.7086
vn -0.3944 0.3221 0.8607
vn -0.3943 0.3211 0.8611
vn -0.3942 0.3220 0.8608
vn -0.5701 0.4157 0.7086
vn -0.7236 0.5130 0.4618
vn -0.7450 0.4831 0.4601
vn -0.7463 0.4798 0.4612
vn -0.7219 0.5165 0.4606
vn -0.3945 0.3212 0.8609
vn -0.5619 0.4321 0.7053
vn -0.5615 0.4324 0.7056
vn -0.5633 0.4303 0.7054
vn -0.5637 0.4301 0.7052
vn -0.2284 0.2339 0.9450
vn -0.2285 0.2323 0.9454
vn -0.0922 0.1498 0.9844
vn -0.3875 0.3344 0.8591
vn -0.3885 0.3331 0.8591
vn -0.3887 0.3329 0.8591
vn -0.3877 0.3347 0.8589
vn -0.2250 0.2389 0.9446
vn -0.8184 0.5570 0.1417
vn -0.8183 0.5573 0.1409
vn -0.7080 0.5475 0.4460
vn -0.7102 0.5358 0.4567
vn -0.7051 0.5504 0.4470
vn -0.8004 0.5791 0.1547
vn -0.8002 0.5794 0.1548
vn -0.8005 0.5790 0.1546
vn -0.0898 0.1517 0.9843
vn -0.2250 0.2402 0.9443
vn -0.0916 0.1580 0.9832
vn -0.7130 0.5327 0.4559
vn -0.5517 0.4483 0.7033
vn -0.5533 0.4487 0.7017
vn -0.5528 0.4487 0.7022
vn -0.5513 0.4484 0.7036
vn -0.7731 0.6211 0.1288
vn -0.7731 0.6210 0.1288
vn -0.3826 0.3443 0.8574
vn -0.3825 0.3444 0.8574
vn -0.3827 0.3443 0.8574
vn -0.3827 0.3442 0.8574
vn -0.6994 0.5535 0.4522
vn -0.6978 0.5568 0.4506
vn -0.7192 0.5304 0.4488
vn -0.7206 0.5268 0.4508
vn -0.2233 0.2439 0.9438
vn -0.0892 0.1550 0.9839
vn -0.2197 0.2497 0.9431
vn -0.5452 0.4611 0.7001
vn -0.5439 0.4608 0.7013
vn -0.5432 0.4623 0.7009
vn -0.5444 0.4626 0.6998
vn -0.3773 0.3560 0.8549
vn -0.3763 0.3555 0.8556
vn -0.3745 0.3580 0.8553
vn -0.3754 0.3586 0.8547
vn -0.7878 0.6012 0.1337
vn -0.7879 0.6011 0.1338
vn -0.7685 0.6231 0.1456
vn -0.7685 0.6231 0.1455
vn -0.7686 0.6228 0.1460
vn -0.0859 0.1567 0.9839
vn -0.0893 0.1638 0.9824
vn -0.2170 0.2526 0.9429
vn -0.2179 0.2521 0.9428
vn -0.6865 0.5771 0.4424
vn -0.6781 0.5848 0.4452
vn -0.6743 0.5882 0.4464
vn -0.6898 0.5740 0.4412
vn -0.5346 0.4807 0.6951
vn -0.5334 0.4803 0.6963
vn -0.5334 0.4805 0.6961
vn -0.5346 0.4809 0.6949
vn -0.7415 0.6601 0.1199
vn -0.7415 0.6601 0.1203
vn -0.3671 0.3666 0.8549
vn -0.3714 0.3661 0.8533
vn -0.3689 0.3645 0.8550
vn -0.3696 0.3682 0.8531
vn -0.2161 0.2552 0.9424
vn -0.6731 0.5903 0.4454
vn -0.6912 0.5717 0.4421
vn -0.6934 0.5685 0.4427
vn -0.6703 0.5937 0.4452
vn -0.0866 0.1611 0.9831
vn -0.2119 0.2621 0.9415
vn -0.5247 0.4950 0.6926
vn -0.5251 0.4951 0.6921
vn -0.5256 0.4945 0.6923
vn -0.5252 0.4943 0.6927
vn -0.3618 0.3766 0.8528
vn -0.3607 0.3771 0.8531
vn -0.3613 0.3774 0.8527
vn -0.3612 0.3763 0.8532
vn -0.2116 0.2624 0.9415
vn -0.7347 0.6643 0.1376
vn -0.7344 0.6648 0.1369
vn -0.7354 0.6635 0.1375
vn -0.7559 0.6428 0.1242
vn -0.6507 0.6249 0.4314
vn -0.6560 0.6132 0.4401
vn -0.6487 0.6279 0.4301
vn -0.0836 0.1620 0.9832
vn -0.0855 0.1687 0.9820
vn -0.2072 0.2689 0.9406
vn -0.6581 0.6097 0.4417
vn -0.5149 0.5098 0.6892
vn -0.5146 0.5093 0.6898
vn -0.5130 0.5107 0.6900
vn -0.5132 0.5113 0.6894
vn -0.7090 0.6957 0.1152
vn -0.7095 0.6953 0.1149
vn -0.7088 0.6959 0.1153
vn -0.3549 0.3872 0.8509
vn -0.3548 0.3869 0.8511
vn -0.3541 0.3875 0.8512
vn -0.2051 0.2714 0.9404
vn -0.3543 0.3878 0.8510
vn -0.6455 0.6277 0.4351
vn -0.6414 0.6304 0.4372
vn -0.6599 0.6139 0.4332
vn -0.6636 0.6114 0.4311
vn -0.0831 0.1660 0.9826
vn -0.2047 0.2709 0.9406
vn -0.5010 0.5258 0.6874
vn -0.5041 0.5241 0.6864
vn -0.5036 0.5231 0.6876
vn -0.5017 0.5265 0.6863
vn -0.3471 0.3971 0.8496
vn -0.3482 0.3965 0.8494
vn -0.3481 0.3962 0.8496
vn -0.3473 0.3974 0.8494
vn -0.6980 0.7047 0.1274
vn -0.6980 0.7046 0.1279
vn -0.6980 0.7046 0.1275
vn -0.7221 0.6817 0.1180
vn -0.7224 0.6812 0.1185
vn -0.7225 0.6811 0.1186
vn -0.6193 0.6605 0.4244
vn -0.6256 0.6515 0.4291
vn -0.6183 0.6647 0.4194
vn -0.2034 0.2745 0.9398
vn -0.1988 0.2803 0.9391
vn -0.0799 0.1670 0.9827
vn -0.0817 0.1733 0.9815
vn -0.6268 0.6470 0.4342
vn -0.4919 0.5379 0.6847
vn -0.4914 0.5382 0.6847
vn -0.4913 0.5383 0.6848
vn -0.3398 0.4090 0.8469
vn -0.3398 0.4064 0.8482
vn -0.3387 0.4084 0.8476
vn -0.4922 0.5376 0.6847
vn -0.6756 0.7297 0.1049
vn -0.6750 0.7302 0.1055
vn -0.6752 0.7301 0.1053
vn -0.3407 0.4071 0.8474
vn -0.6137 0.6625 0.4295
vn -0.6267 0.6522 0.4265
vn -0.6297 0.6498 0.4257
vn -0.6105 0.6650 0.4301
vn -0.1963 0.2834 0.9387
vn -0.0792 0.1704 0.9822
vn -0.1962 0.2825 0.9390
vn -0.4791 0.5529 0.6818
vn -0.4788 0.5530 0.6818
vn -0.4800 0.5522 0.6817
vn -0.3317 0.4171 0.8462
vn -0.3312 0.4192 0.8453
vn -0.3324 0.4176 0.8456
vn -0.4805 0.5522 0.6813
vn -0.6898 0.7159 0.1081
vn -0.6892 0.7166 0.1076
vn -0.6896 0.7161 0.1079
vn -0.6612 0.7405 0.1200
vn -0.6614 0.7404 0.1201
vn -0.6610 0.7408 0.1200
vn -0.1915 0.2882 0.9382
vn -0.3307 0.4188 0.8457
vn -0.5971 0.6847 0.4179
vn -0.5997 0.6820 0.4186
vn -0.5821 0.6949 0.4222
vn -0.5787 0.6982 0.4214
vn -0.0764 0.1719 0.9821
vn -0.0776 0.1778 0.9810
vn -0.1916 0.2892 0.9379
vn -0.4658 0.5665 0.6798
vn -0.4673 0.5672 0.6782
vn -0.4679 0.5664 0.6785
vn -0.4663 0.5657 0.6801
vn -0.6349 0.7664 0.0975
vn -0.6350 0.7664 0.0973
vn -0.6349 0.7664 0.0974
vn -0.3248 0.4268 0.8440
vn -0.3243 0.4267 0.8443
vn -0.3249 0.4270 0.8438
vn -0.3241 0.4265 0.8444
vn -0.5828 0.6938 0.4229
vn -0.5801 0.6968 0.4217
vn -0.5976 0.6847 0.4171
vn -0.5998 0.6818 0.4187
vn -0.0754 0.1749 0.9817
vn -0.1889 0.2916 0.9377
vn -0.1840 0.2971 0.9369
vn -0.3147 0.4379 0.8422
vn -0.3151 0.4374 0.8423
vn -0.3146 0.4385 0.8419
vn -0.4574 0.5788 0.6751
vn -0.4554 0.5773 0.6778
vn -0.4530 0.5795 0.6775
vn -0.4550 0.5811 0.6748
vn -0.6536 0.7501 0.1008
vn -0.6536 0.7501 0.1010
vn -0.6210 0.7758 0.1121
vn -0.6212 0.7756 0.1123
vn -0.6209 0.7758 0.1121
vn -0.3151 0.4369 0.8425
vn -0.5617 0.7178 0.4115
vn -0.5460 0.7277 0.4150
vn -0.5418 0.7307 0.4152
vn -0.5650 0.7152 0.4114
vn -0.4432 0.5913 0.6737
vn -0.4426 0.5937 0.6720
vn -0.4440 0.5922 0.6725
vn -0.0715 0.1762 0.9818
vn -0.0740 0.1824 0.9804
vn -0.1846 0.2962 0.9371
vn -0.1792 0.3019 0.9364
vn -0.4419 0.5929 0.6732
vn -0.3072 0.4449 0.8412
vn -0.3070 0.4454 0.8411
vn -0.3073 0.4450 0.8411
vn -0.3072 0.4450 0.8412
vn -0.5995 0.7953 0.0902
vn -0.5985 0.7959 0.0909
vn -0.5987 0.7958 0.0907
vn -0.0711 0.1796 0.9812
vn -0.1793 0.3025 0.9361
vn -0.1741 0.3076 0.9354
vn -0.5496 0.7259 0.4135
vn -0.5454 0.7277 0.4160
vn -0.5595 0.7196 0.4113
vn -0.5633 0.7178 0.4092
vn -0.4285 0.6042 0.6718
vn -0.4294 0.6045 0.6709
vn -0.4286 0.6038 0.6721
vn -0.4290 0.6047 0.6710
vn -0.2981 0.4561 0.8385
vn -0.2976 0.4552 0.8392
vn -0.2975 0.4548 0.8394
vn -0.5811 0.8073 0.1034
vn -0.5813 0.8070 0.1035
vn -0.5806 0.8076 0.1034
vn -0.6147 0.7833 0.0930
vn -0.6137 0.7842 0.0923
vn -0.6144 0.7835 0.0926
vn -0.5139 0.7580 0.4017
vn -0.5263 0.7454 0.4092
vn -0.5117 0.7609 0.3990
vn -0.2981 0.4566 0.8382
vn -0.5285 0.7418 0.4127
vn -0.1726 0.3061 0.9362
vn -0.1673 0.3112 0.9355
vn -0.0687 0.1809 0.9811
vn -0.0691 0.1863 0.9801
vn -0.4147 0.6169 0.6689
vn -0.4152 0.6164 0.6691
vn -0.4156 0.6165 0.6688
vn -0.4142 0.6168 0.6694
vn -0.2898 0.4622 0.8381
vn -0.2912 0.4631 0.8371
vn -0.2911 0.4627 0.8374
vn -0.2896 0.4618 0.8384
vn -0.5589 0.8249 0.0846
vn -0.5585 0.8252 0.0844
vn -0.5587 0.8251 0.0845
vn -0.0663 0.1835 0.9808
vn -0.1671 0.3152 0.9342
vn -0.1662 0.3154 0.9343
vn -0.5148 0.7543 0.4074
vn -0.5238 0.7495 0.4049
vn -0.5273 0.7481 0.4028
vn -0.5109 0.7558 0.4095
vn -0.4040 0.6281 0.6650
vn -0.4034 0.6270 0.6664
vn -0.4014 0.6282 0.6665
vn -0.2780 0.4727 0.8362
vn -0.2779 0.4722 0.8365
vn -0.2778 0.4722 0.8366
vn -0.4017 0.6294 0.6652
vn -0.5763 0.8127 0.0864
vn -0.5757 0.8130 0.0867
vn -0.5760 0.8129 0.0865
vn -0.5390 0.8367 0.0966
vn -0.5392 0.8366 0.0967
vn -0.5386 0.8370 0.0966
vn -0.1627 0.3163 0.9346
vn -0.2782 0.4727 0.8362
vn -0.4890 0.7754 0.3996
vn -0.4932 0.7740 0.3970
vn -0.4729 0.7848 0.4006
vn -0.4678 0.7865 0.4032
vn -0.0638 0.1850 0.9807
vn -0.0648 0.1906 0.9795
vn -0.1574 0.3209 0.9340
vn -0.3895 0.6394 0.6629
vn -0.3893 0.6394 0.6631
vn -0.3905 0.6388 0.6629
vn -0.3907 0.6388 0.6628
vn -0.2709 0.4791 0.8349
vn -0.2709 0.4787 0.8352
vn -0.2696 0.4796 0.8351
vn -0.2697 0.4797 0.8350
vn -0.1539 0.3242 0.9334
vn -0.5182 0.8515 0.0797
vn -0.5183 0.8515 0.0795
vn -0.5182 0.8515 0.0796
vn -0.0622 0.1880 0.9802
vn -0.1548 0.3229 0.9337
vn -0.4783 0.7821 0.3993
vn -0.4852 0.7781 0.3990
vn -0.4900 0.7777 0.3938
vn -0.4735 0.7826 0.4042
vn -0.3721 0.6506 0.6620
vn -0.3748 0.6510 0.6601
vn -0.3737 0.6496 0.6621
vn -0.3732 0.6520 0.6600
vn -0.5376 0.8392 0.0816
vn -0.5377 0.8391 0.0818
vn -0.5377 0.8391 0.0819
vn -0.4947 0.8642 0.0916
vn -0.4948 0.8641 0.0917
vn -0.2607 0.4866 0.8339
vn -0.2613 0.4867 0.8336
vn -0.2612 0.4863 0.8338
vn -0.2608 0.4869 0.8336
vn -0.4534 0.8010 0.3910
vn -0.4577 0.7996 0.3889
vn -0.4320 0.8119 0.3926
vn -0.4265 0.8138 0.3948
vn -0.0584 0.1879 0.9804
vn -0.0602 0.1939 0.9792
vn -0.1531 0.3263 0.9328
vn -0.1467 0.3311 0.9321
vn -0.3605 0.6599 0.6592
vn -0.3599 0.6595 0.6599
vn -0.3597 0.6599 0.6597
vn -0.3603 0.6602 0.6591
vn -0.2496 0.4950 0.8323
vn -0.2495 0.4950 0.8323
vn -0.2499 0.4948 0.8323
vn -0.2500 0.4948 0.8323
vn -0.4761 0.8764 0.0724
vn -0.4754 0.8768 0.0728
vn -0.4755 0.8767 0.0726
vn -0.4469 0.8026 0.3952
vn -0.4413 0.8077 0.3909
vn -0.4496 0.7995 0.3983
vn -0.1466 0.3307 0.9323
vn -0.1406 0.3350 0.9317
vn -0.0574 0.1913 0.9799
vn -0.4388 0.8105 0.3880
vn -0.4509 0.8885 0.0849
vn -0.4511 0.8884 0.0849
vn -0.4506 0.8887 0.0848
vn -0.4985 0.8636 0.0752
vn -0.4978 0.8641 0.0745
vn -0.4984 0.8637 0.0749
vn -0.3455 0.6711 0.6559
vn -0.3448 0.6707 0.6567
vn -0.3449 0.6713 0.6560
vn -0.3451 0.6705 0.6568
vn -0.2397 0.5015 0.8313
vn -0.2397 0.5019 0.8310
vn -0.2398 0.5017 0.8312
vn -0.4168 0.8226 0.3868
vn -0.4208 0.8211 0.3855
vn -0.3894 0.8348 0.3891
vn -0.3842 0.8368 0.3901
vn -0.2394 0.5016 0.8313
vn -0.3317 0.6804 0.6535
vn -0.3315 0.6800 0.6540
vn -0.3292 0.6812 0.6539
vn -0.3293 0.6816 0.6534
vn -0.0541 0.1917 0.9800
vn -0.0551 0.1972 0.9788
vn -0.1409 0.3344 0.9318
vn -0.1341 0.3389 0.9312
vn -0.2304 0.5076 0.8302
vn -0.2307 0.5075 0.8302
vn -0.2288 0.5082 0.8303
vn -0.2286 0.5083 0.8303
vn -0.4329 0.8989 0.0675
vn -0.4323 0.8992 0.0677
vn -0.4324 0.8991 0.0675
vn -0.4071 0.8265 0.3888
vn -0.4016 0.8306 0.3859
vn -0.4100 0.8227 0.3938
vn -0.1348 0.3390 0.9311
vn -0.0525 0.1946 0.9795
vn -0.1276 0.3436 0.9304
vn -0.3989 0.8340 0.3811
vn -0.3153 0.6875 0.6542
vn -0.3148 0.6907 0.6510
vn -0.3164 0.6894 0.6517
vn -0.4055 0.9105 0.0814
vn -0.4052 0.9106 0.0811
vn -0.4058 0.9103 0.0814
vn -0.4601 0.8850 0.0707
vn -0.4598 0.8853 0.0696
vn -0.4601 0.8851 0.0705
vn -0.2198 0.5155 0.8282
vn -0.2195 0.5142 0.8291
vn -0.2194 0.5139 0.8293
vn -0.3137 0.6889 0.6535
vn -0.3791 0.8442 0.3790
vn -0.3437 0.8579 0.3820
vn -0.3383 0.8599 0.3823
vn -0.3827 0.8427 0.3788
vn -0.2199 0.5158 0.8280
vn -0.3000 0.6973 0.6510
vn -0.2969 0.6981 0.6516
vn -0.2972 0.6986 0.6508
vn -0.2996 0.6967 0.6518
vn -0.0484 0.1945 0.9797
vn -0.1292 0.3417 0.9309
vn -0.0500 0.2009 0.9783
vn -0.1221 0.3460 0.9303
vn -0.2079 0.5218 0.8273
vn -0.2087 0.5223 0.8268
vn -0.2093 0.5218 0.8270
vn -0.2086 0.5211 0.8276
vn -0.3676 0.8472 0.3836
vn -0.3626 0.8516 0.3786
vn -0.3709 0.8447 0.3859
vn -0.3885 0.9193 0.0625
vn -0.3880 0.9195 0.0632
vn -0.1229 0.3459 0.9302
vn -0.1157 0.3499 0.9296
vn -0.0471 0.1981 0.9790
vn -0.3595 0.8538 0.3764
vn -0.3612 0.9295 0.0742
vn -0.3613 0.9295 0.0742
vn -0.3610 0.9296 0.0742
vn -0.4263 0.9022 0.0652
vn -0.4258 0.9025 0.0645
vn -0.4262 0.9023 0.0649
vn -0.2839 0.7054 0.6494
vn -0.2839 0.7056 0.6492
vn -0.2844 0.7056 0.6491
vn -0.2843 0.7054 0.6493
vn -0.3398 0.8628 0.3743
vn -0.3433 0.8614 0.3744
vn -0.2928 0.8789 0.3766
vn -0.2870 0.8808 0.3765
vn -0.1978 0.5275 0.8262
vn -0.1978 0.5272 0.8264
vn -0.1975 0.5274 0.8263
vn -0.1980 0.5277 0.8260
vn -0.2706 0.7119 0.6481
vn -0.2662 0.7135 0.6481
vn -0.2655 0.7134 0.6485
vn -0.2712 0.7118 0.6479
vn -0.0474 0.1978 0.9791
vn -0.2614 0.3704 0.8913
vn -0.1206 0.3468 0.9301
vn -0.1070 0.3517 0.9300
vn -0.1971 0.5287 0.8256
vn -0.1978 0.5278 0.8260
vn -0.1846 0.5322 0.8263
vn -0.1837 0.5332 0.8258
vn -0.4526 -0.0599 0.8897
vn -0.5602 0.1089 0.8211
vn -0.1093 0.1045 0.9885
vn -0.3459 0.9365 0.0581
vn -0.3451 0.9367 0.0585
vn -0.3452 0.9367 0.0584
vn -0.2530 0.7199 0.6464
vn -0.2539 0.7181 0.6480
vn -0.2524 0.7194 0.6472
vn -0.3212 0.8670 0.3809
vn -0.3186 0.8684 0.3800
vn -0.3277 0.8669 0.3756
vn -0.3301 0.8655 0.3768
vn -0.2546 0.7186 0.6471
vn -0.2172 0.5077 0.8337
vn -0.2423 0.5058 0.8279
vn -0.1806 0.5106 0.8407
vn -0.1623 0.5113 0.8439
vn -0.7044 0.4299 0.5648
vn -0.0029 0.9455 0.3257
vn -0.5947 -0.3144 0.7399
vn 0.3551 -0.1335 0.9252
vn 0.7784 0.3800 0.4996
vn 0.7781 0.3815 0.4990
vn 0.7783 0.3789 0.5007
vn -0.3148 0.9475 0.0571
vn -0.3148 0.9476 0.0550
vn -0.3150 0.9475 0.0552
vn -0.3148 0.9474 0.0575
vn -0.2837 0.8846 0.3702
vn -0.2823 0.8838 0.3731
vn -0.2820 0.8846 0.3713
vn -0.2838 0.8836 0.3724
vn -0.1411 0.5218 0.8413
vn -0.1365 0.5294 0.8373
vn -0.1459 0.5185 0.8426
vn -0.2239 0.7321 0.6433
vn -0.2241 0.7312 0.6443
vn -0.2229 0.7312 0.6447
vn -0.2228 0.7321 0.6437
vn -0.1319 0.5325 0.8361
vn -0.0680 0.2966 0.9526
vn -0.0681 0.2966 0.9526
vn -0.2994 0.9510 0.0772
vn -0.2995 0.9509 0.0775
vn -0.2991 0.9511 0.0771
vn 0.8497 0.3385 0.4044
vn 0.8500 0.3393 0.4030
vn 0.8495 0.3384 0.4047
vn -0.6513 -0.5483 0.5246
vn -0.6518 -0.5482 0.5241
vn -0.2663 0.9624 0.0528
vn -0.2660 0.9624 0.0541
vn -0.2661 0.9625 0.0527
vn -0.2662 0.9624 0.0543
vn -0.2401 0.8982 0.3684
vn -0.2399 0.8986 0.3673
vn -0.2405 0.8982 0.3679
vn -0.2394 0.8985 0.3680
vn -0.1896 0.7424 0.6425
vn -0.1907 0.7436 0.6408
vn -0.1905 0.7426 0.6421
vn -0.1899 0.7436 0.6411
vn -0.1296 0.5330 0.8361
vn -0.1277 0.5321 0.8370
vn -0.1262 0.5323 0.8371
vn -0.0552 0.3002 0.9523
vn -0.0551 0.3002 0.9523
vn -0.0547 0.3002 0.9523
vn -0.1310 0.5328 0.8360
vn 0.9631 0.2456 0.1097
vn 0.9632 0.2451 0.1101
vn 0.9631 0.2457 0.1096
vn -0.6397 -0.4325 0.6354
vn -0.1744 0.9846 -0.0103
vn -0.2183 0.9745 0.0525
vn -0.2186 0.9745 0.0503
vn -0.2189 0.9744 0.0522
vn -0.2180 0.9746 0.0509
vn -0.1979 0.9104 0.3634
vn -0.1978 0.9099 0.3645
vn -0.1974 0.9099 0.3649
vn -0.1975 0.9104 0.3636
vn -0.1562 0.7519 0.6404
vn -0.1558 0.7522 0.6403
vn -0.1554 0.7521 0.6405
vn -0.1567 0.7524 0.6398
vn -0.0446 0.2996 0.9530
vn -0.0445 0.2998 0.9530
vn -0.0444 0.2999 0.9529
vn -0.1057 0.5391 0.8356
vn -0.1035 0.5372 0.8371
vn -0.1027 0.5384 0.8364
vn -0.1063 0.5378 0.8364
vn -0.1742 0.9816 -0.0776
vn -0.1750 0.9815 -0.0779
vn -0.1741 0.9817 -0.0774
vn -0.5995 -0.3766 0.7062
vn -0.5998 -0.3767 0.7059
vn 0.9843 0.1571 -0.0808
vn 0.9839 0.1591 -0.0817
vn 0.9846 0.1561 -0.0789
vn -0.1704 0.9842 0.0483
vn -0.1704 0.9841 0.0499
vn -0.1698 0.9842 0.0503
vn -0.1695 0.9843 0.0487
vn -0.1537 0.9196 0.3617
vn -0.1539 0.9199 0.3608
vn -0.1538 0.9198 0.3609
vn -0.1536 0.9195 0.3619
vn -0.1216 0.7598 0.6387
vn -0.1216 0.7595 0.6391
vn -0.0813 0.5422 0.8363
vn -0.0810 0.5425 0.8361
vn -0.0805 0.5418 0.8366
vn -0.0343 0.2981 0.9539
vn -0.0342 0.2980 0.9540
vn -0.0819 0.5429 0.8358
vn -0.0577 0.9770 -0.2051
vn -0.0580 0.9770 -0.2051
vn -0.0583 0.9770 -0.2053
vn -0.5800 -0.3326 0.7436
vn 0.9953 0.0321 -0.0917
vn 0.9954 0.0306 -0.0913
vn 0.9953 0.0319 -0.0916
vn -0.1219 0.9915 0.0445
vn -0.1219 0.9914 0.0469
vn -0.1215 0.9915 0.0472
vn -0.1216 0.9916 0.0447
vn -0.0732 0.9964 0.0435
vn -0.0733 0.9964 0.0435
vn -0.0733 0.9963 0.0441
vn -0.1102 0.9253 0.3629
vn -0.1097 0.9265 0.3600
vn -0.1105 0.9262 0.3605
vn -0.1096 0.9254 0.3628
vn -0.0877 0.7668 0.6359
vn -0.0874 0.7658 0.6371
vn -0.0873 0.7658 0.6371
vn -0.0875 0.7668 0.6359
vn -0.0222 0.2852 0.9582
vn -0.0221 0.2852 0.9582
vn -0.0218 0.2852 0.9582
vn -0.0583 0.5440 0.8371
vn -0.0589 0.5451 0.8363
vn -0.0578 0.5446 0.8367
vn -0.0572 0.5436 0.8374
vn -0.4341 0.9009 0.0051
vn -0.4344 0.9007 0.0051
vn -0.4340 0.9009 0.0052
vn 0.9623 0.2446 0.1185
vn 0.9618 0.2476 0.1167
vn 0.9624 0.2431 0.1213
vn -0.6330 -0.3378 0.6966
vn -0.6331 -0.3378 0.6965
vn -0.6336 -0.3378 0.6960
vn -0.0229 0.9988 0.0432
vn -0.0235 0.9986 0.0469
vn -0.0226 0.9987 0.0462
vn -0.0210 0.9333 0.3586
vn -0.0213 0.9343 0.3558
vn -0.0213 0.9342 0.3561
vn -0.0658 0.9306 0.3600
vn -0.0658 0.9302 0.3611
vn -0.0660 0.9301 0.3614
vn -0.0237 0.9988 0.0437
vn -0.0209 0.9332 0.3587
vn -0.0656 0.9308 0.3595
vn -0.0156 0.7726 0.6347
vn -0.0161 0.7719 0.6355
vn -0.0150 0.7726 0.6347
vn -0.0110 0.5763 0.8172
vn -0.0137 0.5776 0.8162
vn -0.0091 0.5747 0.8183
vn -0.0508 0.7691 0.6371
vn -0.0503 0.7709 0.6349
vn -0.0526 0.7716 0.6339
vn -0.0241 0.5556 0.8311
vn -0.0097 0.5636 0.8260
vn -0.0367 0.5459 0.8370
vn -0.0168 0.7720 0.6354
vn -0.0531 0.7698 0.6360
vn -0.0068 0.5737 0.8191
vn 0.0062 0.5747 0.8183
vn -0.0565 0.2864 0.9564
vn -0.0563 0.2864 0.9565
vn -0.0560 0.2864 0.9565
vn -0.0116 0.3776 0.9259
vn -0.0093 0.3783 0.9256
vn -0.0020 0.3788 0.9255
vn 0.0020 0.2152 0.9766
vn -0.0046 0.2171 0.9761
vn -0.0118 0.3773 0.9260
vn 0.1014 0.3917 0.9145
vn 0.1011 0.3919 0.9144
vn 0.1020 0.3916 0.9145
vn -0.0005 0.2109 0.9775
vn 0.0014 0.2101 0.9777
vn 0.0057 0.3783 0.9257
vn 0.0055 0.3785 0.9256
vn -0.0000 0.7727 0.6348
vn -0.0000 0.7728 0.6347
vn -0.0000 0.7727 0.6347
vn -0.0000 0.5778 0.8162
vn -0.0000 0.5777 0.8162
vn -0.0000 0.9989 0.0462
vn -0.0000 0.9345 0.3559
vn -0.0000 0.9346 0.3556
vn -0.0000 0.9346 0.3557
vn -0.0000 0.9346 0.3558
vn 0.1047 0.0988 0.9896
vn 0.1046 0.0956 0.9899
vn 0.1048 0.0933 0.9901
vn -0.0007 0.2154 0.9765
vn 0.0237 0.9986 0.0464
vn 0.0235 0.9988 0.0431
vn 0.0228 0.9986 0.0469
vn 0.1046 0.0991 0.9896
vn 0.4435 0.0957 0.8912
vn 0.4431 0.0962 0.8913
vn 0.4436 0.0953 0.8911
vn 0.2609 0.0977 0.9604
vn 0.2613 0.0943 0.9606
vn 0.2611 0.0939 0.9607
vn 0.2603 0.0968 0.9607
vn 0.4430 0.0967 0.8913
vn 0.6444 0.0893 0.7595
vn 0.6452 0.0897 0.7587
vn 0.6446 0.0889 0.7593
vn 0.6440 0.0885 0.7599
vn 0.9710 0.0506 0.2338
vn 0.9685 0.0531 0.2431
vn 0.9706 0.0482 0.2357
vn 0.8403 0.0740 0.5370
vn 0.8397 0.0745 0.5379
vn 0.8393 0.0733 0.5387
vn 0.8398 0.0728 0.5380
vn 0.9688 0.0556 0.2415
vn 0.1045 0.1049 0.9890
vn 0.1046 0.1049 0.9890
vn 0.1044 0.1110 0.9883
vn 0.2587 0.1121 0.9594
vn 0.2603 0.1128 0.9589
vn 0.2590 0.1129 0.9593
vn 0.2599 0.1119 0.9591
vn 0.4424 0.1224 0.8884
vn 0.4428 0.1221 0.8883
vn 0.4426 0.1226 0.8883
vn 0.4427 0.1218 0.8883
vn 0.6467 0.1180 0.7535
vn 0.6484 0.1222 0.7514
vn 0.6512 0.1268 0.7482
vn 0.6442 0.1133 0.7564
vn 0.8452 0.1139 0.5222
vn 0.8475 0.1193 0.5173
vn 0.8537 0.1308 0.5040
vn 0.9681 0.0857 0.2355
vn 0.9681 0.0858 0.2355
vn 0.9681 0.0857 0.2354
vn 0.9563 0.1179 0.2675
vn 0.9565 0.1165 0.2676
vn 0.9564 0.1184 0.2670
vn 0.8397 0.1044 0.5329
vn 0.1044 0.1111 0.9883
vn 0.2573 0.1272 0.9579
vn 0.2579 0.1273 0.9578
vn 0.2580 0.1274 0.9577
vn 0.2573 0.1273 0.9579
vn 0.6785 0.1097 0.7263
vn 0.7340 -0.0269 0.6786
vn 0.6514 0.1661 0.7403
vn 0.4422 0.1464 0.8849
vn 0.4412 0.1458 0.8855
vn 0.4417 0.1468 0.8851
vn 0.4426 0.1473 0.8845
vn 0.7507 -0.0821 0.6555
vn 0.5438 -0.8271 0.1422
vn 0.5432 -0.8275 0.1421
vn 0.5435 -0.8273 0.1422
vn -0.3698 0.8550 -0.3637
vn -0.3410 0.8088 0.4792
vn -0.3409 0.8085 0.4797
vn -0.3411 0.8082 0.4801
vn 0.7535 -0.6531 0.0755
vn 0.8341 -0.3939 -0.3861
vn 0.0254 0.5600 -0.8281
vn 0.4396 -0.7234 0.5324
vn 0.1040 0.1146 0.9880
vn 0.1032 0.1194 0.9875
vn 0.2558 0.1419 0.9563
vn 0.2556 0.1418 0.9563
vn 0.2558 0.1420 0.9562
vn 0.2555 0.1417 0.9564
vn 0.4392 0.1718 0.8818
vn 0.4400 0.1714 0.8815
vn 0.4403 0.1730 0.8810
vn 0.4396 0.1730 0.8814
vn 0.6847 0.3078 0.6607
vn 0.6721 0.2486 0.6975
vn 0.6608 0.2045 0.7221
vn 0.9067 0.2489 0.3406
vn 0.9066 0.2491 0.3406
vn 0.6900 0.3396 0.6393
vn 0.6516 -0.6476 -0.3949
vn 0.6516 -0.6477 -0.3949
vn 0.6514 -0.6479 -0.3949
vn 0.0796 -0.0400 0.9960
vn 0.0795 -0.0399 0.9960
vn 0.0796 -0.0401 0.9960
vn -0.2666 0.9315 -0.2475
vn -0.2667 0.9312 -0.2483
vn -0.2666 0.9314 -0.2479
vn 0.1019 0.1202 0.9875
vn 0.1009 0.1249 0.9870
vn 0.2536 0.1571 0.9545
vn 0.2533 0.1570 0.9546
vn 0.2538 0.1572 0.9544
vn 0.2532 0.1569 0.9546
vn 0.4356 0.1979 0.8781
vn 0.4354 0.1977 0.8782
vn 0.4356 0.1977 0.8782
vn 0.4355 0.1979 0.8782
vn 0.6544 0.2443 0.7156
vn 0.6547 0.2459 0.7148
vn 0.6538 0.2419 0.7169
vn 0.6535 0.2403 0.7178
vn 0.8864 0.2696 0.3765
vn 0.8863 0.2697 0.3764
vn 0.8863 0.2700 0.3764
vn 0.5940 -0.7658 -0.2464
vn 0.5937 -0.7662 -0.2458
vn 0.0603 0.0859 0.9945
vn -0.2515 0.9389 -0.2350
vn -0.2524 0.9392 -0.2330
vn -0.2509 0.9389 -0.2355
vn 0.1009 0.1264 0.9868
vn 0.0995 0.1308 0.9864
vn 0.2501 0.1714 0.9529
vn 0.2504 0.1715 0.9528
vn 0.2505 0.1714 0.9528
vn 0.2499 0.1715 0.9530
vn 0.4308 0.2231 0.8744
vn 0.4299 0.2224 0.8750
vn 0.4306 0.2224 0.8747
vn 0.4299 0.2231 0.8749
vn 0.6443 0.2809 0.7113
vn 0.6442 0.2789 0.7122
vn 0.6437 0.2771 0.7133
vn 0.6449 0.2829 0.7100
vn 0.8714 0.3200 0.3719
vn 0.8714 0.3200 0.3718
vn 0.8714 0.3204 0.3715
vn -0.1906 0.9604 -0.2033
vn -0.1903 0.9601 -0.2048
vn -0.1906 0.9604 -0.2034
vn 0.5774 -0.7752 -0.2561
vn 0.5775 -0.7752 -0.2562
vn 0.5775 -0.7751 -0.2564
vn 0.0925 0.0714 0.9932
vn 0.0926 0.0708 0.9932
vn 0.0992 0.1319 0.9863
vn 0.0976 0.1365 0.9858
vn 0.2466 0.1854 0.9512
vn 0.2458 0.1855 0.9514
vn 0.2462 0.1852 0.9514
vn 0.2462 0.1858 0.9512
vn 0.4241 0.2478 0.8711
vn 0.4241 0.2482 0.8710
vn 0.4239 0.2474 0.8713
vn 0.4239 0.2471 0.8713
vn 0.6328 0.3173 0.7063
vn 0.6325 0.3194 0.7056
vn 0.6322 0.3145 0.7081
vn 0.8545 0.3669 0.3676
vn 0.8545 0.3673 0.3674
vn 0.8543 0.3677 0.3675
vn 0.6319 0.3127 0.7092
vn -0.0703 0.9890 -0.1305
vn -0.0703 0.9888 -0.1313
vn -0.0702 0.9889 -0.1308
vn 0.4823 -0.8275 -0.2875
vn 0.1359 0.0404 0.9899
vn 0.1358 0.0408 0.9899
vn 0.1360 0.0402 0.9899
vn 0.0980 0.1365 0.9858
vn 0.0975 0.1425 0.9850
vn 0.2406 0.2040 0.9489
vn 0.2418 0.1991 0.9497
vn 0.2421 0.1998 0.9495
vn 0.2398 0.2059 0.9487
vn 0.0950 0.1408 0.9855
vn 0.0971 0.1472 0.9843
vn 0.2371 0.2131 0.9478
vn 0.4151 0.2725 0.8680
vn 0.4155 0.2726 0.8678
vn 0.4154 0.2727 0.8678
vn 0.4151 0.2726 0.8680
vn 0.2379 0.2119 0.9479
vn 0.8488 0.3784 0.3692
vn 0.8489 0.3786 0.3689
vn 0.8487 0.3793 0.3687
vn 0.6107 0.3678 0.7012
vn 0.6107 0.3770 0.6964
vn 0.6094 0.3545 0.7092
vn 0.6090 0.3451 0.7142
vn 0.4088 0.2894 0.8655
vn 0.4086 0.2890 0.8657
vn 0.4092 0.2878 0.8659
vn 0.4094 0.2881 0.8656
vn 0.3706 0.8261 0.4246
vn 0.3707 0.8264 0.4237
vn 0.3706 0.8263 0.4241
vn 0.8848 0.4003 0.2388
vn 0.8844 0.4009 0.2390
vn 0.8847 0.4004 0.2388
vn 0.5798 0.4097 0.7043
vn 0.5927 0.3681 0.7164
vn 0.5938 0.3633 0.7179
vn 0.5790 0.4130 0.7030
vn 0.0949 0.1446 0.9849
vn 0.7832 0.4055 0.4713
vn 0.7821 0.4093 0.4698
vn 0.7894 0.3844 0.4787
vn 0.8352 0.5314 0.1416
vn 0.8351 0.5315 0.1415
vn 0.8350 0.5317 0.1415
vn 0.7907 0.3798 0.4801
vn 0.2362 0.2163 0.9473
vn 0.2332 0.2230 0.9465
vn 0.0920 0.1462 0.9850
vn 0.0947 0.1526 0.9837
vn 0.4049 0.2977 0.8646
vn 0.4055 0.2985 0.8640
vn 0.4048 0.2983 0.8644
vn 0.4055 0.2978 0.8642
vn 0.5862 0.3815 0.7147
vn 0.5875 0.3806 0.7141
vn 0.5858 0.3819 0.7149
vn 0.2335 0.2241 0.9462
vn 0.4002 0.3090 0.8628
vn 0.3994 0.3100 0.8628
vn 0.4002 0.3089 0.8628
vn 0.2303 0.2305 0.9454
vn 0.7573 0.4567 0.4668
vn 0.7517 0.4623 0.4703
vn 0.7591 0.4535 0.4671
vn 0.5876 0.3800 0.7144
vn 0.3995 0.3102 0.8626
vn 0.8564 0.4859 0.1747
vn 0.8571 0.4847 0.1744
vn 0.8560 0.4868 0.1739
vn 0.8712 0.4644 0.1593
vn 0.8711 0.4644 0.1594
vn 0.8712 0.4645 0.1590
vn 0.7497 0.4656 0.4702
vn 0.5798 0.3967 0.7117
vn 0.5801 0.3967 0.7114
vn 0.5791 0.3992 0.7108
vn 0.5788 0.3992 0.7110
vn 0.0922 0.1498 0.9844
vn 0.8283 0.5412 0.1452
vn 0.8282 0.5411 0.1461
vn 0.8282 0.5411 0.1459
vn 0.7645 0.4340 0.4766
vn 0.7667 0.4289 0.4777
vn 0.7503 0.4728 0.4620
vn 0.7487 0.4758 0.4615
vn 0.2308 0.2288 0.9457
vn 0.2267 0.2369 0.9447
vn 0.0897 0.1516 0.9844
vn 0.0916 0.1580 0.9832
vn 0.3944 0.3221 0.8606
vn 0.3941 0.3212 0.8611
vn 0.3945 0.3213 0.8609
vn 0.3942 0.3220 0.8607
vn 0.3875 0.3346 0.8590
vn 0.3890 0.3330 0.8590
vn 0.3876 0.3350 0.8588
vn 0.2268 0.2360 0.9449
vn 0.2227 0.2435 0.9440
vn 0.7364 0.4970 0.4590
vn 0.7306 0.5032 0.4615
vn 0.7393 0.4938 0.4578
vn 0.5709 0.4158 0.7079
vn 0.5709 0.4150 0.7084
vn 0.5710 0.4148 0.7084
vn 0.5708 0.4160 0.7079
vn 0.3890 0.3326 0.8591
vn 0.8297 0.5336 0.1640
vn 0.8299 0.5333 0.1640
vn 0.8296 0.5337 0.1639
vn 0.8448 0.5132 0.1516
vn 0.8447 0.5133 0.1514
vn 0.7274 0.5066 0.4628
vn 0.5635 0.4301 0.7053
vn 0.5635 0.4295 0.7057
vn 0.5624 0.4328 0.7045
vn 0.5623 0.4333 0.7043
vn 0.0893 0.1549 0.9839
vn 0.7408 0.4816 0.4682
vn 0.7268 0.5151 0.4543
vn 0.7247 0.5184 0.4540
vn 0.8016 0.5822 0.1360
vn 0.8013 0.5824 0.1368
vn 0.8013 0.5824 0.1369
vn 0.7435 0.4767 0.4690
vn 0.3828 0.3441 0.8574
vn 0.3827 0.3442 0.8574
vn 0.3828 0.3441 0.8573
vn 0.2235 0.2432 0.9439
vn 0.2195 0.2501 0.9430
vn 0.0860 0.1566 0.9839
vn 0.0893 0.1638 0.9824
vn 0.7139 0.5380 0.4482
vn 0.7038 0.5460 0.4544
vn 0.7153 0.5341 0.4506
vn 0.5525 0.4481 0.7028
vn 0.5532 0.4490 0.7016
vn 0.5522 0.4479 0.7031
vn 0.5536 0.4492 0.7012
vn 0.2194 0.2489 0.9434
vn 0.2151 0.2558 0.9425
vn 0.8185 0.5566 0.1427
vn 0.8184 0.5569 0.1419
vn 0.7021 0.5501 0.4523
vn 0.8002 0.5791 0.1558
vn 0.8003 0.5790 0.1557
vn 0.8001 0.5793 0.1559
vn 0.3754 0.3589 0.8545
vn 0.3744 0.3585 0.8551
vn 0.3761 0.3551 0.8558
vn 0.3769 0.3556 0.8553
vn 0.5442 0.4638 0.6991
vn 0.5433 0.4630 0.7003
vn 0.5447 0.4605 0.7009
vn 0.5459 0.4616 0.6992
vn 0.0866 0.1612 0.9831
vn 0.7169 0.5260 0.4576
vn 0.7197 0.5216 0.4582
vn 0.7039 0.5542 0.4443
vn 0.7713 0.6233 0.1286
vn 0.7713 0.6233 0.1287
vn 0.7014 0.5574 0.4443
vn 0.2160 0.2551 0.9425
vn 0.2118 0.2620 0.9415
vn 0.3669 0.3667 0.8550
vn 0.3713 0.3660 0.8533
vn 0.3693 0.3684 0.8532
vn 0.3690 0.3643 0.8551
vn 0.0836 0.1620 0.9832
vn 0.0855 0.1687 0.9820
vn 0.5343 0.4816 0.6947
vn 0.5338 0.4808 0.6956
vn 0.5339 0.4803 0.6959
vn 0.6867 0.5769 0.4423
vn 0.6783 0.5846 0.4452
vn 0.6902 0.5737 0.4411
vn 0.5346 0.4814 0.6946
vn 0.2116 0.2624 0.9415
vn 0.2072 0.2689 0.9406
vn 0.7684 0.6231 0.1461
vn 0.7685 0.6228 0.1465
vn 0.7684 0.6231 0.1460
vn 0.7878 0.6012 0.1341
vn 0.7878 0.6011 0.1342
vn 0.6744 0.5881 0.4465
vn 0.3612 0.3775 0.8526
vn 0.3613 0.3762 0.8532
vn 0.3617 0.3767 0.8528
vn 0.3608 0.3770 0.8531
vn 0.5261 0.4934 0.6926
vn 0.5265 0.4936 0.6922
vn 0.5256 0.4953 0.6917
vn 0.5252 0.4951 0.6921
vn 0.0831 0.1660 0.9826
vn 0.7416 0.6599 0.1208
vn 0.7415 0.6599 0.1212
vn 0.7415 0.6599 0.1211
vn 0.6875 0.5703 0.4496
vn 0.6902 0.5655 0.4514
vn 0.6756 0.5932 0.4378
vn 0.6728 0.5970 0.4369
vn 0.2073 0.2679 0.9409
vn 0.2030 0.2741 0.9400
vn 0.3548 0.3873 0.8509
vn 0.3540 0.3876 0.8512
vn 0.3547 0.3871 0.8511
vn 0.3542 0.3878 0.8510
vn 0.0798 0.1671 0.9827
vn 0.0816 0.1733 0.9815
vn 0.5140 0.5118 0.6884
vn 0.5143 0.5094 0.6900
vn 0.5150 0.5094 0.6894
vn 0.5134 0.5118 0.6888
vn 0.6587 0.6145 0.4341
vn 0.6484 0.6229 0.4377
vn 0.6620 0.6113 0.4338
vn 0.2029 0.2751 0.9398
vn 0.1987 0.2806 0.9390
vn 0.6446 0.6265 0.4382
vn 0.7346 0.6642 0.1384
vn 0.7353 0.6635 0.1383
vn 0.7342 0.6648 0.1377
vn 0.7559 0.6426 0.1250
vn 0.3480 0.3960 0.8497
vn 0.3476 0.3975 0.8492
vn 0.3473 0.3975 0.8493
vn 0.3482 0.3960 0.8496
vn 0.5027 0.5242 0.6874
vn 0.5020 0.5271 0.6857
vn 0.5010 0.5267 0.6867
vn 0.5035 0.5248 0.6864
vn 0.0792 0.1704 0.9822
vn 0.6587 0.6113 0.4387
vn 0.6611 0.6059 0.4425
vn 0.6483 0.6279 0.4306
vn 0.7080 0.6968 0.1152
vn 0.7077 0.6970 0.1153
vn 0.7084 0.6964 0.1149
vn 0.6464 0.6324 0.4270
vn 0.1967 0.2830 0.9387
vn 0.1959 0.2829 0.9390
vn 0.3398 0.4092 0.8468
vn 0.3387 0.4086 0.8475
vn 0.3398 0.4065 0.8481
vn 0.3408 0.4072 0.8474
vn 0.1911 0.2886 0.9382
vn 0.0764 0.1718 0.9822
vn 0.0776 0.1778 0.9810
vn 0.4919 0.5380 0.6845
vn 0.4922 0.5379 0.6844
vn 0.4920 0.5377 0.6847
vn 0.4921 0.5376 0.6847
vn 0.1920 0.2887 0.9380
vn 0.7222 0.6815 0.1183
vn 0.7226 0.6810 0.1189
vn 0.7225 0.6811 0.1188
vn 0.6192 0.6605 0.4246
vn 0.6183 0.6647 0.4194
vn 0.6254 0.6519 0.4289
vn 0.6265 0.6473 0.4342
vn 0.6980 0.7046 0.1278
vn 0.6980 0.7046 0.1279
vn 0.6979 0.7046 0.1283
vn 0.3319 0.4171 0.8461
vn 0.3313 0.4192 0.8453
vn 0.3309 0.4188 0.8457
vn 0.3325 0.4175 0.8456
vn 0.0755 0.1748 0.9817
vn 0.4793 0.5529 0.6816
vn 0.4793 0.5527 0.6817
vn 0.4791 0.5533 0.6814
vn 0.4794 0.5537 0.6809
vn 0.1892 0.2914 0.9377
vn 0.1841 0.2970 0.9370
vn 0.6258 0.6492 0.4323
vn 0.6284 0.6451 0.4347
vn 0.6166 0.6631 0.4243
vn 0.6745 0.7309 0.1045
vn 0.6740 0.7313 0.1049
vn 0.6739 0.7313 0.1050
vn 0.6144 0.6666 0.4221
vn 0.3246 0.4272 0.8439
vn 0.3240 0.4267 0.8444
vn 0.3245 0.4263 0.8444
vn 0.4660 0.5662 0.6799
vn 0.4677 0.5663 0.6787
vn 0.4675 0.5668 0.6783
vn 0.3249 0.4269 0.8439
vn 0.0716 0.1761 0.9818
vn 0.0740 0.1825 0.9804
vn 0.4660 0.5657 0.6803
vn 0.1811 0.2993 0.9368
vn 0.1821 0.2993 0.9366
vn 0.6888 0.7169 0.1079
vn 0.6887 0.7171 0.1076
vn 0.6882 0.7175 0.1073
vn 0.5860 0.6962 0.4146
vn 0.5832 0.6985 0.4147
vn 0.5946 0.6825 0.4250
vn 0.5975 0.6798 0.4253
vn 0.6613 0.7406 0.1195
vn 0.6610 0.7408 0.1195
vn 0.6614 0.7404 0.1195
vn 0.3144 0.4380 0.8422
vn 0.3143 0.4386 0.8419
vn 0.3149 0.4374 0.8424
vn 0.3149 0.4367 0.8427
vn 0.0712 0.1797 0.9811
vn 0.1770 0.3054 0.9356
vn 0.4556 0.5806 0.6747
vn 0.4540 0.5784 0.6777
vn 0.4559 0.5765 0.6781
vn 0.4574 0.5787 0.6751
vn 0.5819 0.6948 0.4226
vn 0.5971 0.6855 0.4166
vn 0.5792 0.6979 0.4213
vn 0.1767 0.3045 0.9360
vn 0.6356 0.7658 0.0976
vn 0.6357 0.7658 0.0975
vn 0.5993 0.6826 0.4182
vn 0.3074 0.4445 0.8414
vn 0.3075 0.4446 0.8413
vn 0.3074 0.4447 0.8413
vn 0.4413 0.5932 0.6733
vn 0.4440 0.5926 0.6721
vn 0.4421 0.5940 0.6721
vn 0.3073 0.4448 0.8413
vn 0.5618 0.7179 0.4112
vn 0.5458 0.7281 0.4148
vn 0.5651 0.7152 0.4111
vn 0.4432 0.5917 0.6734
vn 0.0683 0.1809 0.9811
vn 0.0690 0.1862 0.9801
vn 0.6209 0.7758 0.1124
vn 0.6211 0.7756 0.1126
vn 0.6540 0.7497 0.1009
vn 0.6540 0.7497 0.1011
vn 0.6540 0.7497 0.1010
vn 0.5414 0.7312 0.4150
vn 0.1727 0.3059 0.9363
vn 0.1679 0.3107 0.9356
vn 0.2978 0.4562 0.8386
vn 0.2974 0.4552 0.8393
vn 0.2964 0.4555 0.8395
vn 0.2988 0.4561 0.8383
vn 0.0660 0.1834 0.9808
vn 0.4288 0.6040 0.6718
vn 0.4293 0.6050 0.6706
vn 0.4291 0.6049 0.6708
vn 0.4286 0.6040 0.6719
vn 0.1666 0.3159 0.9341
vn 0.1668 0.3149 0.9344
vn 0.5584 0.7179 0.4157
vn 0.5509 0.7270 0.4098
vn 0.5486 0.7306 0.4066
vn 0.5992 0.7955 0.0904
vn 0.5984 0.7960 0.0909
vn 0.5982 0.7961 0.0912
vn 0.5609 0.7139 0.4192
vn 0.2902 0.4620 0.8381
vn 0.2901 0.4638 0.8371
vn 0.2895 0.4623 0.8382
vn 0.2908 0.4636 0.8370
vn 0.4157 0.6161 0.6690
vn 0.4151 0.6166 0.6689
vn 0.4151 0.6172 0.6685
vn 0.4158 0.6155 0.6695
vn 0.0639 0.1848 0.9807
vn 0.0648 0.1905 0.9795
vn 0.1597 0.3185 0.9344
vn 0.5140 0.7578 0.4018
vn 0.5119 0.7607 0.3991
vn 0.5259 0.7457 0.4090
vn 0.6145 0.7834 0.0933
vn 0.6142 0.7836 0.0929
vn 0.6135 0.7842 0.0926
vn 0.5811 0.8072 0.1037
vn 0.5805 0.8076 0.1037
vn 0.5813 0.8070 0.1038
vn 0.5281 0.7423 0.4125
vn 0.1600 0.3190 0.9342
vn 0.2784 0.4726 0.8361
vn 0.2781 0.4722 0.8365
vn 0.2785 0.4719 0.8365
vn 0.2787 0.4723 0.8362
vn 0.0622 0.1880 0.9802
vn 0.4020 0.6299 0.6645
vn 0.4011 0.6292 0.6658
vn 0.4029 0.6272 0.6666
vn 0.4038 0.6279 0.6654
vn 0.1568 0.3217 0.9338
vn 0.1521 0.3253 0.9333
vn 0.5232 0.7479 0.4086
vn 0.5258 0.7441 0.4121
vn 0.5163 0.7554 0.4035
vn 0.5584 0.8253 0.0846
vn 0.5582 0.8254 0.0844
vn 0.5580 0.8255 0.0844
vn 0.5140 0.7586 0.4004
vn 0.2703 0.4796 0.8348
vn 0.2700 0.4794 0.8350
vn 0.2707 0.4785 0.8353
vn 0.3889 0.6400 0.6627
vn 0.3895 0.6395 0.6628
vn 0.3887 0.6399 0.6629
vn 0.2710 0.4789 0.8350
vn 0.3896 0.6395 0.6627
vn 0.0585 0.1878 0.9805
vn 0.0602 0.1939 0.9792
vn 0.5756 0.8132 0.0864
vn 0.5752 0.8134 0.0865
vn 0.5750 0.8135 0.0867
vn 0.4751 0.7854 0.3968
vn 0.4728 0.7888 0.3928
vn 0.4889 0.7735 0.4034
vn 0.4913 0.7698 0.4075
vn 0.5390 0.8367 0.0965
vn 0.5386 0.8370 0.0966
vn 0.5392 0.8366 0.0966
vn 0.1520 0.3274 0.9326
vn 0.1470 0.3309 0.9321
vn 0.2610 0.4865 0.8338
vn 0.2611 0.4867 0.8336
vn 0.2608 0.4871 0.8335
vn 0.2606 0.4870 0.8336
vn 0.0575 0.1913 0.9798
vn 0.3737 0.6493 0.6623
vn 0.3747 0.6508 0.6603
vn 0.3734 0.6520 0.6599
vn 0.3724 0.6505 0.6620
vn 0.1468 0.3306 0.9323
vn 0.1410 0.3349 0.9317
vn 0.4852 0.7774 0.4004
vn 0.4874 0.7727 0.4067
vn 0.4788 0.7824 0.3982
vn 0.5181 0.8516 0.0796
vn 0.5181 0.8516 0.0795
vn 0.5182 0.8516 0.0794
vn 0.4768 0.7868 0.3919
vn 0.2497 0.4950 0.8323
vn 0.2499 0.4947 0.8324
vn 0.2500 0.4946 0.8324
vn 0.3597 0.6604 0.6592
vn 0.3594 0.6598 0.6599
vn 0.3604 0.6591 0.6601
vn 0.3606 0.6596 0.6594
vn 0.0541 0.1917 0.9800
vn 0.0551 0.1972 0.9788
vn 0.5360 0.8403 0.0814
vn 0.5361 0.8402 0.0816
vn 0.5360 0.8402 0.0816
vn 0.4948 0.8643 0.0910
vn 0.4947 0.8643 0.0910
vn 0.4949 0.8642 0.0911
vn 0.4349 0.8127 0.3877
vn 0.4324 0.8155 0.3846
vn 0.4529 0.7990 0.3957
vn 0.4556 0.7957 0.3991
vn 0.1397 0.3352 0.9317
vn 0.1348 0.3385 0.9313
vn 0.2393 0.5015 0.8314
vn 0.2398 0.5016 0.8312
vn 0.2393 0.5018 0.8312
vn 0.0525 0.1945 0.9795
vn 0.2397 0.5014 0.8314
vn 0.1341 0.3395 0.9310
vn 0.1290 0.3429 0.9305
vn 0.3447 0.6712 0.6562
vn 0.3444 0.6706 0.6570
vn 0.3450 0.6703 0.6571
vn 0.4405 0.8066 0.3942
vn 0.4477 0.8038 0.3916
vn 0.4368 0.8075 0.3964
vn 0.3452 0.6709 0.6563
vn 0.2291 0.5084 0.8301
vn 0.2289 0.5086 0.8300
vn 0.2302 0.5073 0.8304
vn 0.2304 0.5072 0.8305
vn 0.4512 0.8029 0.3896
vn 0.4763 0.8763 0.0718
vn 0.4757 0.8766 0.0721
vn 0.4756 0.8767 0.0723
vn 0.3293 0.6816 0.6534
vn 0.3312 0.6797 0.6544
vn 0.3313 0.6801 0.6540
vn 0.3291 0.6813 0.6539
vn 0.0484 0.1944 0.9797
vn 0.0501 0.2009 0.9783
vn 0.3913 0.8370 0.3825
vn 0.3883 0.8393 0.3804
vn 0.4155 0.8205 0.3926
vn 0.4981 0.8639 0.0746
vn 0.4980 0.8640 0.0743
vn 0.4974 0.8643 0.0739
vn 0.4186 0.8179 0.3947
vn 0.4510 0.8886 0.0843
vn 0.4507 0.8887 0.0843
vn 0.4511 0.8885 0.0844
vn 0.1279 0.3427 0.9307
vn 0.1229 0.3455 0.9303
vn 0.0472 0.1981 0.9790
vn 0.2197 0.5155 0.8282
vn 0.2193 0.5140 0.8293
vn 0.2194 0.5142 0.8291
vn 0.2198 0.5158 0.8280
vn 0.1224 0.3461 0.9302
vn 0.1170 0.3494 0.9296
vn 0.2081 0.5217 0.8273
vn 0.2094 0.5217 0.8270
vn 0.2088 0.5223 0.8268
vn 0.3152 0.6873 0.6545
vn 0.3163 0.6892 0.6519
vn 0.3147 0.6904 0.6514
vn 0.4011 0.8298 0.3881
vn 0.4076 0.8273 0.3865
vn 0.3965 0.8301 0.3920
vn 0.3136 0.6886 0.6539
vn 0.2086 0.5213 0.8275
vn 0.4119 0.8270 0.3827
vn 0.4330 0.8989 0.0669
vn 0.4326 0.8991 0.0670
vn 0.4324 0.8992 0.0671
vn 0.2978 0.6982 0.6510
vn 0.2976 0.6975 0.6518
vn 0.2996 0.6965 0.6521
vn 0.2998 0.6972 0.6512
vn 0.0474 0.1978 0.9791
vn 0.2614 0.3704 0.8913
vn 0.3455 0.8605 0.3743
vn 0.3768 0.8422 0.3856
vn 0.3800 0.8403 0.3867
vn 0.3425 0.8621 0.3736
vn 0.4596 0.8853 0.0701
vn 0.4596 0.8854 0.0699
vn 0.4593 0.8856 0.0691
vn 0.4055 0.9105 0.0810
vn 0.4058 0.9104 0.0810
vn 0.4052 0.9106 0.0807
vn 0.1116 0.3511 0.9297
vn 0.1122 0.3494 0.9302
vn 0.4522 -0.0595 0.8899
vn 0.1979 0.5275 0.8262
vn 0.1980 0.5271 0.8264
vn 0.1979 0.5272 0.8264
vn 0.1978 0.5276 0.8262
vn 0.1983 0.5280 0.8257
vn 0.1864 0.5314 0.8264
vn 0.1989 0.5271 0.8262
vn 0.1160 0.1052 0.9877
vn 0.5568 0.1083 0.8235
vn 0.2842 0.7051 0.6497
vn 0.2844 0.7051 0.6495
vn 0.2840 0.7056 0.6492
vn 0.2837 0.7056 0.6494
vn 0.1856 0.5324 0.8259
vn 0.3673 0.8473 0.3835
vn 0.3705 0.8449 0.3858
vn 0.3622 0.8518 0.3785
vn 0.3889 0.9191 0.0625
vn 0.3885 0.9193 0.0632
vn 0.3593 0.8539 0.3765
vn 0.2678 0.7131 0.6478
vn 0.2677 0.7136 0.6474
vn 0.2690 0.7126 0.6480
vn 0.2691 0.7121 0.6484
vn 0.3376 0.8637 0.3743
vn 0.2915 0.8794 0.3764
vn 0.3412 0.8623 0.3742
vn 0.3612 0.9295 0.0745
vn 0.3610 0.9296 0.0745
vn 0.3613 0.9294 0.0746
vn 0.4275 0.9017 0.0653
vn 0.4274 0.9017 0.0649
vn 0.4270 0.9020 0.0645
vn 0.2855 0.8813 0.3765
vn 0.7042 0.4300 0.5650
vn 0.0029 0.9455 0.3257
vn 0.5922 -0.3134 0.7423
vn -0.7776 0.3825 0.4989
vn -0.7780 0.3810 0.4996
vn -0.7778 0.3800 0.5006
vn -0.3531 -0.1360 0.9256
vn 0.1856 0.5237 0.8314
vn 0.1736 0.5377 0.8251
vn 0.2094 0.4966 0.8423
vn 0.2187 0.4849 0.8468
vn 0.2533 0.7202 0.6458
vn 0.2526 0.7197 0.6466
vn 0.2541 0.7185 0.6475
vn 0.2547 0.7188 0.6468
vn 0.3458 0.9365 0.0584
vn 0.3451 0.9367 0.0587
vn 0.3449 0.9368 0.0589
vn 0.3270 0.8646 0.3815
vn 0.3300 0.8638 0.3808
vn 0.3222 0.8692 0.3751
vn 0.3194 0.8699 0.3758
vn 0.2995 0.9510 0.0772
vn 0.2992 0.9511 0.0771
vn 0.2996 0.9509 0.0774
vn 0.0682 0.2964 0.9526
vn 0.0683 0.2964 0.9526
vn 0.6517 -0.5482 0.5242
vn 0.6513 -0.5483 0.5246
vn -0.8500 0.3393 0.4031
vn -0.8496 0.3385 0.4044
vn -0.8495 0.3384 0.4047
vn 0.1406 0.5220 0.8413
vn 0.1455 0.5187 0.8425
vn 0.1360 0.5296 0.8373
vn 0.1314 0.5326 0.8361
vn 0.2233 0.7326 0.6430
vn 0.2225 0.7323 0.6436
vn 0.2237 0.7311 0.6445
vn 0.2841 0.8844 0.3702
vn 0.2827 0.8837 0.3731
vn 0.2843 0.8835 0.3723
vn 0.2244 0.7315 0.6438
vn 0.3146 0.9475 0.0572
vn 0.3149 0.9474 0.0574
vn 0.3149 0.9475 0.0552
vn 0.3146 0.9476 0.0552
vn 0.2824 0.8845 0.3713
vn 0.1744 0.9846 -0.0103
vn 0.6397 -0.4325 0.6354
vn 0.0552 0.3002 0.9523
vn 0.0547 0.3002 0.9523
vn 0.0551 0.3002 0.9523
vn 0.1296 0.5329 0.8362
vn 0.1277 0.5322 0.8370
vn 0.1310 0.5328 0.8360
vn -0.9632 0.2451 0.1101
vn -0.9631 0.2456 0.1097
vn -0.9631 0.2457 0.1096
vn 0.1263 0.5323 0.8371
vn 0.2396 0.8983 0.3683
vn 0.2402 0.8985 0.3673
vn 0.2395 0.8985 0.3678
vn 0.1903 0.7424 0.6424
vn 0.1900 0.7438 0.6408
vn 0.1893 0.7429 0.6420
vn 0.1907 0.7433 0.6411
vn 0.2403 0.8983 0.3680
vn 0.2663 0.9624 0.0528
vn 0.2661 0.9625 0.0526
vn 0.2660 0.9625 0.0540
vn 0.2662 0.9624 0.0542
vn 0.1742 0.9816 -0.0776
vn 0.1740 0.9817 -0.0774
vn 0.1750 0.9815 -0.0779
vn 0.1057 0.5391 0.8356
vn 0.1036 0.5374 0.8370
vn 0.1063 0.5378 0.8363
vn 0.0447 0.2996 0.9530
vn 0.0445 0.2999 0.9529
vn 0.0445 0.2998 0.9530
vn -0.9839 0.1591 -0.0817
vn -0.9843 0.1572 -0.0808
vn -0.9846 0.1562 -0.0789
vn 0.5998 -0.3766 0.7060
vn 0.5995 -0.3766 0.7062
vn 0.5995 -0.3766 0.7063
vn 0.1027 0.5385 0.8364
vn 0.1560 0.7520 0.6404
vn 0.1563 0.7521 0.6403
vn 0.1566 0.7515 0.6408
vn 0.1556 0.7527 0.6398
vn 0.1978 0.9104 0.3634
vn 0.1972 0.9099 0.3649
vn 0.1977 0.9100 0.3646
vn 0.2184 0.9745 0.0525
vn 0.2187 0.9745 0.0503
vn 0.2181 0.9746 0.0509
vn 0.1974 0.9104 0.3635
vn 0.1703 0.9841 0.0504
vn 0.1698 0.9843 0.0485
vn 0.1697 0.9842 0.0499
vn 0.2189 0.9743 0.0523
vn 0.0577 0.9770 -0.2051
vn 0.0582 0.9770 -0.2052
vn 0.0579 0.9770 -0.2051
vn 0.0343 0.2981 0.9539
vn 0.0342 0.2980 0.9540
vn -0.9954 0.0307 -0.0912
vn -0.9953 0.0322 -0.0916
vn -0.9953 0.0320 -0.0915
vn 0.5800 -0.3325 0.7436
vn 0.1216 0.7598 0.6387
vn 0.1216 0.7595 0.6391
vn 0.0810 0.5423 0.8363
vn 0.0807 0.5431 0.8358
vn 0.0814 0.5424 0.8362
vn 0.0817 0.5417 0.8366
vn 0.1216 0.7600 0.6385
vn 0.1538 0.9195 0.3617
vn 0.1538 0.9197 0.3612
vn 0.1539 0.9195 0.3618
vn 0.1537 0.9198 0.3610
vn 0.1706 0.9841 0.0487
vn 0.4342 0.9008 0.0052
vn 0.4341 0.9009 0.0052
vn 0.4344 0.9007 0.0052
vn 0.0222 0.2852 0.9582
vn 0.0218 0.2853 0.9582
vn 0.0221 0.2852 0.9582
vn 0.6337 -0.3378 0.6959
vn 0.6332 -0.3378 0.6964
vn 0.6331 -0.3377 0.6965
vn -0.9618 0.2476 0.1169
vn -0.9623 0.2446 0.1186
vn -0.9624 0.2430 0.1215
vn 0.0578 0.5441 0.8370
vn 0.0583 0.5446 0.8367
vn 0.0586 0.5435 0.8374
vn 0.0575 0.5453 0.8363
vn 0.0875 0.7668 0.6359
vn 0.0872 0.7658 0.6372
vn 0.0873 0.7658 0.6371
vn 0.0874 0.7668 0.6359
vn 0.1102 0.9253 0.3629
vn 0.1106 0.9262 0.3606
vn 0.1100 0.9264 0.3601
vn 0.1097 0.9254 0.3628
vn 0.0734 0.9964 0.0435
vn 0.0734 0.9963 0.0441
vn 0.1218 0.9916 0.0445
vn 0.1215 0.9916 0.0447
vn 0.1215 0.9915 0.0472
vn 0.1218 0.9914 0.0469
vn -0.0020 0.2152 0.9766
vn 0.0046 0.2171 0.9761
vn 0.0116 0.3776 0.9259
vn 0.0118 0.3773 0.9260
vn 0.0565 0.2865 0.9564
vn 0.0560 0.2865 0.9565
vn 0.0563 0.2864 0.9565
vn -0.1020 0.3916 0.9145
vn -0.1011 0.3919 0.9144
vn -0.1014 0.3917 0.9145
vn 0.0241 0.5557 0.8311
vn 0.0096 0.5636 0.8260
vn -0.0062 0.5748 0.8183
vn 0.0157 0.7726 0.6347
vn 0.0151 0.7726 0.6347
vn 0.0163 0.7719 0.6355
vn 0.0110 0.5764 0.8171
vn 0.0091 0.5748 0.8183
vn 0.0136 0.5776 0.8162
vn 0.0368 0.5460 0.8370
vn 0.0068 0.5737 0.8190
vn 0.0658 0.9306 0.3602
vn 0.0657 0.9301 0.3613
vn 0.0655 0.9300 0.3616
vn 0.0169 0.7719 0.6355
vn 0.0523 0.7689 0.6372
vn 0.0532 0.7707 0.6350
vn 0.0510 0.7718 0.6338
vn 0.0502 0.7700 0.6361
vn 0.0660 0.9307 0.3598
vn 0.0226 0.9988 0.0436
vn 0.0210 0.9333 0.3586
vn 0.0213 0.9341 0.3563
vn 0.0214 0.9343 0.3559
vn 0.0208 0.9331 0.3590
vn 0.9720 0.0267 0.2334
vn 0.9709 0.0273 0.2378
vn 0.9919 0.0118 0.1267
vn 0.9922 0.0115 0.1244
vn 0.8392 0.0509 0.5414
vn 0.8445 0.0504 0.5332
vn 0.8442 0.0505 0.5336
vn 0.8390 0.0509 0.5417
vn 0.6448 0.0717 0.7610
vn 0.6470 0.0712 0.7591
vn 0.6472 0.0712 0.7590
vn 0.4434 0.0837 0.8924
vn 0.4477 0.0837 0.8903
vn 0.4476 0.0837 0.8903
vn 0.6446 0.0717 0.7612
vn 0.4433 0.0837 0.8925
vn 0.2647 0.0900 0.9601
vn 0.2648 0.0900 0.9601
vn 1.0000 0.0002 -0.0000
vn 0.9997 0.0241 -0.0046
vn 0.9997 0.0242 -0.0046
vn 0.9971 0.0748 -0.0142
vn 0.9971 0.0750 -0.0142
vn 0.9195 -0.3870 0.0697
vn 0.9295 -0.3625 0.0684
vn 0.9190 -0.3880 0.0700
vn 0.9307 -0.3592 0.0683
vn 0.9323 0.3554 -0.0673
vn 0.9361 0.3453 -0.0672
vn 0.9317 0.3568 -0.0676
vn 0.9364 0.3445 -0.0673
vn 0.9603 0.2741 -0.0518
vn 0.9602 0.2744 -0.0518
vn 0.9339 0.3516 -0.0653
vn 0.9366 0.3443 -0.0650
vn 0.9336 0.3522 -0.0653
vn 0.9369 0.3435 -0.0648
vn 0.9028 0.4233 -0.0763
vn 0.9084 0.4112 -0.0760
vn 0.9023 0.4243 -0.0763
vn 0.9088 0.4103 -0.0759
vn 0.8922 0.4430 -0.0873
vn 0.8738 0.4783 -0.0877
vn 0.8941 0.4393 -0.0870
vn 0.8727 0.4802 -0.0877
vn 0.8686 0.4868 -0.0922
vn 0.8769 0.4717 -0.0924
vn 0.8678 0.4882 -0.0922
vn 0.8776 0.4703 -0.0924
vn 0.8486 0.5198 -0.0982
vn 0.8485 0.5199 -0.0982
vn 0.8171 0.5665 -0.1070
vn 0.7838 0.6103 -0.1153
vn 0.7838 0.6102 -0.1153
vn 0.7835 0.6105 -0.1153
vn 0.7479 0.6523 -0.1232
vn 0.7106 0.6914 -0.1306
vn 0.7107 0.6913 -0.1306
vn 0.7109 0.6910 -0.1305
vn 0.6713 0.7283 -0.1376
vn 0.6711 0.7285 -0.1374
vn 0.6310 0.7623 -0.1439
vn 0.6310 0.7624 -0.1438
vn 0.6307 0.7625 -0.1440
vn 0.5887 0.7943 -0.1501
vn 0.5885 0.7945 -0.1501
vn 0.5448 0.8240 -0.1556
vn 0.5451 0.8238 -0.1557
vn 0.5452 0.8238 -0.1557
vn 0.5010 0.8504 -0.1606
vn 0.5009 0.8504 -0.1606
vn 0.5011 0.8504 -0.1606
vn 0.5012 0.8503 -0.1606
vn 0.4554 0.8748 -0.1652
vn 0.4555 0.8748 -0.1653
vn 0.4097 0.8964 -0.1693
vn 0.3620 0.9160 -0.1730
vn 0.3619 0.9160 -0.1730
vn 0.3156 0.9324 -0.1762
vn 0.3154 0.9324 -0.1762
vn 0.3154 0.9325 -0.1762
vn 0.2677 0.9468 -0.1788
vn 0.2680 0.9467 -0.1789
vn 0.2199 0.9586 -0.1811
vn 0.2197 0.9586 -0.1811
vn 0.2200 0.9586 -0.1811
vn 0.2196 0.9586 -0.1811
vn 0.1714 0.9681 -0.1829
vn 0.1713 0.9681 -0.1829
vn 0.1710 0.9682 -0.1828
vn 0.1712 0.9681 -0.1829
vn 0.1223 0.9752 -0.1842
vn 0.1226 0.9752 -0.1843
vn 0.1227 0.9752 -0.1843
vn 0.0736 0.9800 -0.1851
vn 0.0735 0.9800 -0.1851
vn 0.0236 0.9823 -0.1856
vn 0.0227 0.9824 -0.1854
vn 0.0233 0.9824 -0.1856
vn -0.0000 0.9826 -0.1856
vn -0.9996 0.0269 -0.0051
vn -0.9996 0.0264 -0.0051
vn -0.9996 0.0268 -0.0051
vn -0.9971 0.0748 -0.0141
vn -0.9971 0.0749 -0.0142
vn -0.9971 0.0747 -0.0141
vn -0.9190 -0.3867 0.0763
vn -0.9294 -0.3627 0.0687
vn -0.9187 -0.3876 0.0763
vn -0.9305 -0.3600 0.0673
vn -0.9323 0.3554 -0.0669
vn -0.9361 0.3459 -0.0634
vn -0.9318 0.3567 -0.0673
vn -0.9364 0.3452 -0.0631
vn -0.9602 0.2745 -0.0519
vn -0.9604 0.2739 -0.0517
vn -0.9602 0.2746 -0.0519
vn -0.9336 0.3518 -0.0678
vn -0.9367 0.3440 -0.0651
vn -0.9334 0.3523 -0.0680
vn -0.9369 0.3435 -0.0650
vn -0.9028 0.4220 -0.0833
vn -0.9079 0.4115 -0.0796
vn -0.9023 0.4228 -0.0837
vn -0.9083 0.4107 -0.0793
vn -0.8927 0.4435 -0.0803
vn -0.8735 0.4778 -0.0933
vn -0.8944 0.4402 -0.0791
vn -0.8725 0.4795 -0.0937
vn -0.8686 0.4870 -0.0918
vn -0.8772 0.4724 -0.0860
vn -0.8678 0.4883 -0.0923
vn -0.8780 0.4711 -0.0855
vn -0.8484 0.5202 -0.0983
vn -0.8484 0.5201 -0.0983
vn -0.8488 0.5196 -0.0981
vn -0.8486 0.5198 -0.0984
vn -0.8171 0.5665 -0.1070
vn -0.8173 0.5662 -0.1070
vn -0.8169 0.5668 -0.1071
vn -0.7834 0.6106 -0.1154
vn -0.7835 0.6105 -0.1154
vn -0.7838 0.6102 -0.1153
vn -0.7479 0.6523 -0.1232
vn -0.7479 0.6523 -0.1233
vn -0.7106 0.6914 -0.1306
vn -0.7107 0.6913 -0.1306
vn -0.6713 0.7283 -0.1376
vn -0.6711 0.7285 -0.1374
vn -0.6307 0.7625 -0.1440
vn -0.6311 0.7623 -0.1438
vn -0.6310 0.7624 -0.1439
vn -0.5887 0.7943 -0.1500
vn -0.5885 0.7944 -0.1501
vn -0.5885 0.7945 -0.1501
vn -0.5448 0.8240 -0.1557
vn -0.5451 0.8238 -0.1556
vn -0.5452 0.8238 -0.1556
vn -0.5008 0.8505 -0.1607
vn -0.5010 0.8504 -0.1606
vn -0.5009 0.8504 -0.1606
vn -0.5009 0.8505 -0.1606
vn -0.4554 0.8748 -0.1653
vn -0.4555 0.8748 -0.1652
vn -0.4097 0.8964 -0.1693
vn -0.4094 0.8965 -0.1691
vn -0.3619 0.9160 -0.1730
vn -0.3620 0.9160 -0.1730
vn -0.3156 0.9324 -0.1761
vn -0.3155 0.9324 -0.1762
vn -0.3154 0.9324 -0.1762
vn -0.2680 0.9467 -0.1788
vn -0.2677 0.9468 -0.1789
vn -0.2676 0.9468 -0.1789
vn -0.2197 0.9586 -0.1811
vn -0.2199 0.9586 -0.1810
vn -0.2196 0.9586 -0.1811
vn -0.2197 0.9586 -0.1812
vn -0.1713 0.9681 -0.1829
vn -0.1714 0.9681 -0.1829
vn -0.1712 0.9681 -0.1829
vn -0.1711 0.9681 -0.1829
vn -0.1226 0.9752 -0.1842
vn -0.1223 0.9752 -0.1843
vn -0.1227 0.9752 -0.1842
vn -0.0736 0.9800 -0.1851
vn -0.0231 0.9824 -0.1856
vn -0.0233 0.9824 -0.1856
vn -0.0227 0.9824 -0.1856
vn -0.0000 0.9826 -0.1857
vn 0.0007 0.0950 0.9955
vn -0.8577 -0.4904 -0.1546
vn -0.0026 0.0915 0.9958
vn 0.0025 0.0967 0.9953
vn 0.0041 0.1011 0.9949
vn 0.0061 0.1057 0.9944
vn 0.0008 0.0943 0.9955
vn 0.0006 0.0941 0.9956
vn -0.0002 0.0933 0.9956
vn -0.0007 0.0936 0.9956
vn 0.0005 0.0876 0.9962
vn -0.0070 0.1019 0.9948
vn -0.0044 0.0983 0.9951
vn 0.0087 0.0853 0.9963
vn -0.0012 0.0946 0.9955
vn -0.0007 0.0942 0.9956
vn 0.0001 0.0934 0.9956
vn 0.0001 0.0935 0.9956
vn 0.0002 0.0934 0.9956
vn 0.0002 0.0936 0.9956
vn 0.0003 0.0935 0.9956
vn 0.0003 0.0934 0.9956
vn 0.0002 0.0933 0.9956
vn 0.0001 0.0933 0.9956
vn 0.0001 0.0932 0.9956
vn -0.0000 0.0933 0.9956
vn -0.0008 0.0930 0.9957
vn -0.0001 0.0935 0.9956
vn -0.0207 0.0876 0.9959
vn -0.0049 0.0978 0.9952
vn -0.0169 0.0961 0.9952
vn -0.0035 0.1044 0.9945
vn -0.0137 0.1020 0.9947
vn -0.0053 0.1067 0.9943
vn -0.0185 0.1047 0.9943
vn -0.0051 0.1116 0.9937
vn -0.0265 0.1087 0.9937
vn -0.0074 0.1176 0.9930
vn 0.0146 0.1216 0.9925
vn 0.0010 0.1176 0.9931
vn 0.0563 0.1233 0.9908
vn 0.0035 0.1023 0.9948
vn 0.0194 0.1008 0.9947
vn -0.0001 0.0932 0.9956
vn 0.0013 0.0946 0.9955
vn -0.0005 0.0931 0.9957
vn 0.0107 0.1084 0.9941
vn 0.0035 0.0947 0.9955
vn 0.0034 0.0945 0.9955
vn 0.0330 0.1021 0.9942
vn -0.0001 0.0928 0.9957
vn -0.0077 0.0514 0.9986
vn 0.0001 0.0925 0.9957
vn -0.0010 0.0936 0.9956
vn 0.0152 0.0120 0.9998
vn -0.0014 0.0955 0.9954
vn -0.0011 0.0947 0.9955
vn -0.0037 0.0950 0.9955
vn -0.0034 0.0945 0.9955
vn -0.0329 0.1020 0.9942
vn -0.0001 0.0934 0.9956
vn -0.0000 0.0932 0.9956
vn -0.0194 0.1008 0.9947
vn -0.0002 0.0934 0.9956
vn -0.0002 0.0936 0.9956
vn -0.0035 0.1023 0.9948
vn -0.0563 0.1233 0.9908
vn -0.0003 0.0935 0.9956
vn -0.0010 0.1176 0.9931
vn -0.0146 0.1216 0.9925
vn 0.0074 0.1176 0.9930
vn 0.0265 0.1087 0.9937
vn 0.0051 0.1116 0.9937
vn 0.0185 0.1047 0.9943
vn 0.0053 0.1067 0.9943
vn 0.0136 0.1021 0.9947
vn -0.0001 0.0933 0.9956
vn 0.0035 0.1044 0.9945
vn 0.0169 0.0961 0.9952
vn 0.0049 0.0978 0.9952
vn 0.0208 0.0876 0.9959
vn 0.0001 0.0936 0.9956
vn 0.0008 0.0930 0.9957
vn -0.0001 0.9826 -0.1856
vn 0.0004 -0.0933 -0.9956
vn 0.0062 -0.0948 -0.9955
vn 0.0002 -0.0933 -0.9956
vn 0.0134 -0.0966 -0.9952
vn -0.0348 0.1091 -0.9934
vn -0.0387 0.1330 -0.9904
vn -0.1127 0.5819 -0.8054
vn 0.0024 -0.0984 -0.9951
vn 0.0381 0.1040 -0.9938
vn 0.0413 0.1185 -0.9921
vn 0.1261 0.5725 -0.8102
vn 0.0020 -0.0911 -0.9958
vn -0.0148 -0.1093 -0.9939
vn 0.0263 -0.0712 -0.9971
vn -0.0010 -0.0935 -0.9956
vn -0.0570 -0.1066 -0.9927
vn -0.0001 -0.0936 -0.9956
vn -0.0002 -0.0934 -0.9956
vn -0.0002 -0.0935 -0.9956
vn -0.0002 -0.0936 -0.9956
vn -0.0001 -0.0937 -0.9956
vn -0.0001 -0.0935 -0.9956
vn -0.0000 -0.0936 -0.9956
vn 0.0008 -0.0938 -0.9956
vn 0.0201 -0.0990 -0.9949
vn 0.0048 -0.0893 -0.9960
vn 0.0167 -0.0909 -0.9957
vn 0.0035 -0.0828 -0.9966
vn 0.0144 -0.0853 -0.9963
vn 0.0053 -0.0802 -0.9968
vn 0.0185 -0.0822 -0.9964
vn 0.0051 -0.0753 -0.9971
vn 0.0264 -0.0782 -0.9966
vn 0.0074 -0.0693 -0.9976
vn -0.0146 -0.0653 -0.9978
vn -0.0011 -0.0693 -0.9976
vn -0.0563 -0.0633 -0.9964
vn -0.0035 -0.0846 -0.9964
vn -0.0193 -0.0860 -0.9961
vn 0.0001 -0.0936 -0.9956
vn -0.0039 -0.0867 -0.9962
vn 0.0071 -0.1066 -0.9943
vn -0.0137 -0.0610 -0.9980
vn -0.0025 -0.0902 -0.9959
vn -0.0003 -0.0921 -0.9957
vn 0.0008 -0.0934 -0.9956
vn -0.0004 -0.0929 -0.9957
vn 0.0375 -0.1014 -0.9941
vn 0.1642 0.3469 -0.9234
vn 0.0381 0.1045 -0.9938
vn 0.1250 0.5731 -0.8099
vn 0.1834 0.1680 -0.9686
vn 0.2507 0.4328 0.8659
vn -0.0002 -0.0926 -0.9957
vn -0.0012 -0.0936 -0.9956
vn -0.0797 -0.1119 -0.9905
vn 0.0002 -0.0934 -0.9956
vn 0.0193 -0.0860 -0.9961
vn 0.0002 -0.0935 -0.9956
vn 0.0035 -0.0846 -0.9964
vn 0.0563 -0.0633 -0.9964
vn 0.0002 -0.0936 -0.9956
vn 0.0011 -0.0693 -0.9976
vn 0.0146 -0.0653 -0.9978
vn -0.0074 -0.0693 -0.9976
vn -0.0264 -0.0782 -0.9966
vn -0.0051 -0.0753 -0.9971
vn -0.0185 -0.0822 -0.9964
vn -0.0053 -0.0802 -0.9968
vn -0.0144 -0.0852 -0.9963
vn -0.0035 -0.0828 -0.9966
vn -0.0167 -0.0909 -0.9957
vn -0.0048 -0.0893 -0.9960
vn -0.0201 -0.0990 -0.9949
vn 0.0001 -0.0937 -0.9956
vn -0.0002 -0.0933 -0.9956
vn -0.0008 -0.0938 -0.9956
vn 0.0001 -0.0935 -0.9956
vn 0.0001 -0.0934 -0.9956
vn -0.9996 -0.0274 0.0052
vn -0.9996 -0.0277 0.0052
vn -0.9967 -0.0799 0.0151
vn -0.9967 -0.0798 0.0151
vn -0.9909 -0.1321 0.0251
vn -0.9909 -0.1323 0.0251
vn -0.9821 -0.1849 0.0349
vn -0.9706 -0.2365 0.0447
vn -0.9705 -0.2369 0.0447
vn -0.9564 -0.2869 0.0542
vn -0.9394 -0.3368 0.0636
vn -0.9201 -0.3849 0.0727
vn -0.9201 -0.3850 0.0727
vn -0.9200 -0.3850 0.0727
vn -0.8983 -0.4318 0.0816
vn -0.8984 -0.4315 0.0815
vn -0.8982 -0.4319 0.0816
vn -0.8741 -0.4773 0.0901
vn -0.8739 -0.4777 0.0901
vn -0.8739 -0.4776 0.0902
vn -0.8478 -0.5210 0.0984
vn -0.8478 -0.5211 0.0984
vn -0.8195 -0.5631 0.1064
vn -0.8194 -0.5632 0.1064
vn -0.7897 -0.6029 0.1139
vn -0.7895 -0.6030 0.1139
vn -0.7576 -0.6414 0.1212
vn -0.7575 -0.6414 0.1211
vn -0.7578 -0.6411 0.1212
vn -0.7242 -0.6776 0.1280
vn -0.7243 -0.6775 0.1280
vn -0.6894 -0.7118 0.1345
vn -0.6892 -0.7120 0.1345
vn -0.6533 -0.7439 0.1406
vn -0.6534 -0.7439 0.1406
vn -0.6534 -0.7438 0.1406
vn -0.6530 -0.7442 0.1405
vn -0.6155 -0.7744 0.1463
vn -0.6156 -0.7744 0.1463
vn -0.6152 -0.7747 0.1463
vn -0.5773 -0.8023 0.1515
vn -0.5774 -0.8023 0.1515
vn -0.5381 -0.8282 0.1565
vn -0.5378 -0.8284 0.1565
vn -0.4976 -0.8523 0.1610
vn -0.4564 -0.8743 0.1652
vn -0.4567 -0.8742 0.1650
vn -0.4146 -0.8942 0.1688
vn -0.4150 -0.8940 0.1689
vn -0.4147 -0.8941 0.1688
vn -0.3726 -0.9119 0.1723
vn -0.3727 -0.9118 0.1723
vn -0.3299 -0.9276 0.1753
vn -0.3298 -0.9276 0.1752
vn -0.3295 -0.9278 0.1752
vn -0.2868 -0.9414 0.1778
vn -0.2869 -0.9413 0.1778
vn -0.2867 -0.9414 0.1778
vn -0.2429 -0.9532 0.1800
vn -0.2434 -0.9531 0.1801
vn -0.2433 -0.9531 0.1801
vn -0.1991 -0.9630 0.1819
vn -0.1991 -0.9629 0.1819
vn -0.1990 -0.9630 0.1819
vn -0.1553 -0.9707 0.1834
vn -0.1110 -0.9765 0.1845
vn -0.0666 -0.9804 0.1853
vn -0.0665 -0.9804 0.1852
vn -0.0664 -0.9805 0.1851
vn -0.0230 -0.9824 0.1856
vn -0.0229 -0.9824 0.1856
vn -1.0000 0.0002 -0.0001
vn -0.0000 -0.9826 0.1856
vn 0.9996 -0.0279 0.0052
vn 0.9996 -0.0273 0.0052
vn 0.9996 -0.0274 0.0052
vn 0.9967 -0.0795 0.0150
vn 0.9967 -0.0798 0.0151
vn 0.9967 -0.0799 0.0151
vn 0.9909 -0.1321 0.0251
vn 0.9909 -0.1322 0.0251
vn 0.9909 -0.1323 0.0251
vn 0.9909 -0.1320 0.0251
vn 0.9821 -0.1849 0.0349
vn 0.9705 -0.2368 0.0447
vn 0.9706 -0.2365 0.0447
vn 0.9564 -0.2869 0.0542
vn 0.9394 -0.3368 0.0636
vn 0.9200 -0.3850 0.0727
vn 0.9201 -0.3849 0.0727
vn 0.8982 -0.4319 0.0816
vn 0.8739 -0.4777 0.0902
vn 0.8740 -0.4775 0.0902
vn 0.8741 -0.4773 0.0902
vn 0.8739 -0.4776 0.0901
vn 0.8478 -0.5211 0.0985
vn 0.8479 -0.5210 0.0984
vn 0.8194 -0.5632 0.1064
vn 0.8195 -0.5631 0.1063
vn 0.7895 -0.6030 0.1139
vn 0.7897 -0.6029 0.1138
vn 0.7575 -0.6414 0.1212
vn 0.7579 -0.6411 0.1210
vn 0.7576 -0.6414 0.1211
vn 0.7243 -0.6775 0.1280
vn 0.7242 -0.6776 0.1280
vn 0.6892 -0.7120 0.1345
vn 0.6894 -0.7118 0.1344
vn 0.6534 -0.7439 0.1406
vn 0.6532 -0.7441 0.1405
vn 0.6530 -0.7442 0.1406
vn 0.6532 -0.7440 0.1407
vn 0.6152 -0.7746 0.1463
vn 0.6156 -0.7744 0.1463
vn 0.6157 -0.7743 0.1462
vn 0.6155 -0.7744 0.1462
vn 0.5774 -0.8023 0.1515
vn 0.5378 -0.8284 0.1565
vn 0.5381 -0.8282 0.1564
vn 0.5377 -0.8285 0.1565
vn 0.4976 -0.8523 0.1610
vn 0.4976 -0.8524 0.1610
vn 0.4564 -0.8743 0.1652
vn 0.4566 -0.8742 0.1650
vn 0.4567 -0.8742 0.1650
vn 0.4150 -0.8940 0.1689
vn 0.4146 -0.8942 0.1688
vn 0.4147 -0.8941 0.1688
vn 0.3727 -0.9118 0.1723
vn 0.3726 -0.9119 0.1723
vn 0.3298 -0.9277 0.1751
vn 0.3299 -0.9276 0.1752
vn 0.3295 -0.9278 0.1752
vn 0.3298 -0.9277 0.1752
vn 0.2869 -0.9413 0.1778
vn 0.2868 -0.9413 0.1778
vn 0.2868 -0.9414 0.1778
vn 0.2870 -0.9413 0.1778
vn 0.2434 -0.9531 0.1800
vn 0.2432 -0.9531 0.1800
vn 0.2430 -0.9532 0.1801
vn 0.1994 -0.9629 0.1819
vn 0.1991 -0.9629 0.1820
vn 0.1990 -0.9630 0.1820
vn 0.1553 -0.9707 0.1834
vn 0.1110 -0.9765 0.1845
vn 0.0666 -0.9804 0.1853
vn 0.0667 -0.9804 0.1852
vn 0.0664 -0.9804 0.1853
vn 0.0668 -0.9804 0.1852
vn 0.0229 -0.9824 0.1856
vn 0.0230 -0.9824 0.1856
s 1
f 33//1 34//2 35//3
f 36//4 24//5 37//6
f 25//7 24//8 36//9
f 38//10 39//11 40//12
f 38//13 40//14 33//15
f 38//16 33//17 35//18
f 38//19 35//20 41//21
f 42//22 39//23 38//24
f 42//25 37//26 39//27
f 43//28 26//29 25//28
f 43//30 25//31 36//32
f 43//33 36//34 37//35
f 43//33 37//35 42//36
f 44//37 41//38 45//39
f 44//40 38//41 41//42
f 46//43 38//44 44//45
f 46//43 42//46 38//44
f 47//47 26//48 43//48
f 47//49 27//50 26//51
f 47//52 43//53 42//54
f 47//52 42//54 46//55
f 48//56 44//57 45//58
f 48//59 45//60 49//61
f 50//62 48//63 49//64
f 50//65 44//66 48//67
f 50//65 46//68 44//66
f 51//69 46//70 50//71
f 51//72 28//72 27//73
f 51//74 27//75 47//75
f 51//69 47//76 46//70
f 52//77 49//78 53//79
f 54//80 52//81 53//82
f 55//83 50//84 49//83
f 55//85 49//86 52//87
f 56//88 29//89 28//90
f 56//91 50//92 55//93
f 56//94 28//95 51//96
f 56//91 51//97 50//92
f 57//98 55//99 52//100
f 57//98 52//100 54//101
f 58//102 30//103 29//104
f 58//105 29//106 56//107
f 58//108 56//109 55//110
f 58//108 55//110 57//111
f 59//112 53//113 60//114
f 59//115 54//116 53//117
f 61//118 54//119 59//120
f 61//118 57//121 54//119
f 61//122 58//123 57//124
f 62//125 59//126 60//127
f 63//128 58//123 61//122
f 63//129 30//130 58//131
f 64//132 61//133 59//134
f 64//132 59//134 62//135
f 65//136 31//137 30//138
f 65//139 63//140 61//141
f 65//142 30//143 63//144
f 65//139 61//141 64//145
f 66//146 60//147 67//146
f 66//148 62//149 60//150
f 68//151 64//152 62//153
f 68//151 62//153 66//154
f 69//155 66//156 67//157
f 69//158 68//159 66//160
f 70//161 65//162 64//163
f 70//161 64//163 68//164
f 70//165 31//166 65//167
f 71//168 68//159 69//158
f 72//169 32//170 31//171
f 72//172 31//173 70//174
f 72//175 70//176 68//177
f 72//175 68//177 71//178
f 73//179 67//180 74//181
f 73//182 69//183 67//184
f 75//185 69//186 73//187
f 75//185 71//188 69//186
f 76//189 72//190 71//191
f 76//189 71//191 75//192
f 76//193 32//194 72//195
f 77//196 73//197 74//198
f 78//199 75//200 73//201
f 78//199 73//201 77//202
f 79//203 1//204 32//205
f 79//206 32//207 76//208
f 79//209 76//210 75//211
f 79//209 75//211 78//212
f 80//213 74//214 81//215
f 80//216 77//217 74//218
f 82//219 78//220 77//221
f 82//222 79//223 78//224
f 82//219 77//221 80//225
f 83//226 79//223 82//222
f 83//227 1//228 79//229
f 84//230 80//231 81//232
f 84//233 82//234 80//235
f 85//236 83//237 82//238
f 85//239 82//234 84//233
f 86//240 1//241 83//242
f 86//243 83//237 85//236
f 86//244 2//245 1//246
f 87//247 81//248 88//249
f 87//250 84//251 81//252
f 89//253 85//254 84//255
f 89//256 86//257 85//258
f 89//253 84//255 87//259
f 90//260 2//261 86//262
f 90//263 86//257 89//256
f 91//264 87//265 88//266
f 92//267 87//268 91//269
f 92//267 89//270 87//268
f 93//271 88//272 94//273
f 93//274 91//275 88//276
f 93//277 92//278 91//279
f 95//280 2//281 90//282
f 95//283 90//284 89//285
f 95//283 89//285 92//286
f 95//287 3//288 2//287
f 96//289 92//278 93//277
f 97//290 95//291 92//292
f 97//293 3//294 95//295
f 97//290 92//292 96//296
f 98//297 93//298 94//299
f 99//300 96//301 93//302
f 99//300 93//302 98//303
f 100//304 94//305 101//306
f 100//307 98//308 94//309
f 102//310 4//311 3//312
f 102//313 3//314 97//315
f 102//316 97//317 96//318
f 102//316 96//318 99//319
f 103//320 99//321 98//322
f 103//320 98//322 100//323
f 104//324 99//325 103//326
f 104//327 4//328 102//329
f 104//324 102//330 99//325
f 105//331 100//332 101//333
f 106//334 100//335 105//336
f 106//334 103//337 100//335
f 106//338 105//339 5//340
f 107//341 4//342 104//343
f 107//344 103//345 106//346
f 107//347 106//348 5//349
f 107//350 5//351 4//352
f 107//344 104//353 103//345
f 108//354 101//355 109//356
f 108//354 105//357 101//355
f 108//358 5//359 105//360
f 110//361 108//362 6//363
f 110//364 5//365 108//366
f 111//367 110//368 6//369
f 111//370 5//371 110//372
f 111//373 6//374 5//375
f 112//376 108//377 109//378
f 112//379 6//380 108//381
f 112//376 109//378 113//382
f 114//383 6//384 112//385
f 115//386 6//387 114//388
f 115//389 114//390 7//391
f 115//392 7//393 6//394
f 116//395 112//396 113//397
f 116//398 114//399 112//400
f 116//395 113//397 117//401
f 118//402 114//399 116//398
f 118//403 7//404 114//405
f 119//406 7//407 118//408
f 119//409 118//410 8//411
f 119//412 8//413 7//414
f 120//415 117//416 121//417
f 120//415 116//418 117//416
f 122//419 8//420 118//421
f 122//422 116//423 120//424
f 122//422 118//425 116//423
f 123//426 8//426 122//427
f 123//428 9//429 8//430
f 124//431 121//432 125//433
f 124//431 120//434 121//432
f 126//435 122//436 120//437
f 126//435 120//437 124//438
f 127//439 123//440 122//441
f 127//442 9//443 123//444
f 127//439 122//441 126//445
f 127//446 10//447 9//448
f 128//449 125//450 129//451
f 128//452 124//453 125//454
f 128//455 126//456 124//457
f 130//458 126//456 128//455
f 131//459 126//460 130//461
f 131//459 127//462 126//460
f 131//463 10//464 127//464
f 131//465 11//466 10//467
f 132//468 129//469 133//470
f 132//471 128//472 129//473
f 134//474 132//475 133//476
f 134//477 128//478 132//479
f 134//477 130//480 128//478
f 135//481 131//482 130//483
f 135//484 12//485 11//486
f 135//487 11//488 131//489
f 135//481 130//483 134//490
f 136//491 133//492 137//493
f 138//494 136//495 137//496
f 139//497 134//498 133//499
f 139//500 133//500 136//500
f 139//501 135//502 134//503
f 140//504 13//505 12//506
f 140//507 12//508 135//509
f 140//510 135//502 139//501
f 141//511 136//512 138//513
f 141//511 139//514 136//512
f 142//515 14//516 13//517
f 142//518 13//519 140//520
f 142//521 140//522 139//523
f 142//521 139//523 141//524
f 143//525 137//526 144//527
f 143//528 138//529 137//530
f 145//531 141//532 138//533
f 145//534 142//535 141//536
f 145//531 138//533 143//537
f 146//538 143//539 144//540
f 147//541 14//542 142//543
f 147//544 142//535 145//534
f 148//545 143//546 146//547
f 148//545 145//548 143//546
f 149//549 147//550 145//551
f 149//552 14//553 147//554
f 149//555 15//556 14//557
f 149//549 145//551 148//558
f 150//559 144//560 151//561
f 150//562 146//563 144//564
f 152//565 148//566 146//567
f 152//568 149//569 148//570
f 152//565 146//567 150//571
f 153//572 150//573 151//574
f 154//575 149//569 152//568
f 154//576 15//577 149//578
f 155//579 152//580 150//581
f 155//579 150//581 153//582
f 156//583 152//584 155//585
f 156//583 154//586 152//584
f 156//587 15//588 154//589
f 156//590 16//591 15//592
f 157//593 153//594 151//595
f 157//596 151//597 158//598
f 159//599 153//600 157//601
f 159//599 155//602 153//600
f 160//603 156//604 155//605
f 160//606 16//607 156//608
f 160//603 155//605 159//609
f 161//610 157//611 158//612
f 162//613 159//614 157//615
f 162//616 160//617 159//618
f 162//613 157//615 161//619
f 163//620 16//621 160//622
f 163//623 160//617 162//616
f 163//624 17//624 16//625
f 164//626 161//627 158//626
f 164//628 158//629 165//630
f 166//631 161//632 164//633
f 166//631 162//634 161//632
f 166//635 163//636 162//637
f 167//638 17//639 163//640
f 167//641 163//636 166//635
f 168//642 164//643 165//644
f 169//645 166//646 164//647
f 169//645 164//647 168//648
f 170//649 17//650 167//651
f 170//652 167//653 166//654
f 170//652 166//654 169//655
f 170//656 18//657 17//658
f 171//659 165//660 172//661
f 171//662 168//663 165//664
f 173//665 169//666 168//667
f 173//668 170//669 169//670
f 173//665 168//667 171//671
f 174//672 18//673 170//674
f 174//675 170//669 173//668
f 175//676 171//677 172//678
f 175//679 173//680 171//681
f 176//682 173//680 175//679
f 177//683 172//684 178//685
f 177//686 175//687 172//688
f 179//689 19//690 18//689
f 179//691 18//692 174//693
f 179//694 174//695 173//696
f 179//694 173//696 176//697
f 180//698 176//699 175//700
f 180//698 175//700 177//701
f 180//702 179//703 176//704
f 181//705 19//706 179//707
f 181//708 179//703 180//702
f 182//709 177//710 178//711
f 183//712 180//713 177//714
f 183//712 177//714 182//715
f 184//716 178//717 185//718
f 184//719 182//720 178//721
f 186//722 20//722 19//722
f 186//723 180//724 183//725
f 186//726 19//727 181//728
f 186//723 181//729 180//724
f 187//730 183//731 182//732
f 187//730 182//732 184//733
f 188//734 183//735 187//736
f 188//734 186//737 183//735
f 188//738 20//739 186//740
f 189//741 184//742 185//743
f 190//744 187//745 184//746
f 190//744 184//746 189//747
f 190//748 188//749 187//750
f 190//751 189//752 21//753
f 191//754 20//755 188//756
f 191//757 188//749 190//748
f 191//758 190//759 21//760
f 191//761 21//762 20//763
f 192//764 189//765 185//766
f 192//764 185//766 193//767
f 192//768 21//769 189//770
f 194//771 192//772 22//773
f 194//774 21//775 192//776
f 195//777 194//778 22//779
f 195//780 21//781 194//782
f 195//783 22//784 21//785
f 196//786 22//786 192//787
f 196//788 192//789 193//790
f 196//788 193//790 197//791
f 198//792 22//793 196//794
f 199//795 198//796 23//797
f 199//798 23//799 22//800
f 199//801 22//802 198//803
f 200//804 34//805 33//806
f 200//807 196//808 197//809
f 200//807 197//809 34//810
f 200//811 40//812 39//813
f 200//814 33//815 40//816
f 201//817 196//818 200//819
f 201//820 37//821 24//822
f 201//817 198//823 196//818
f 201//824 23//825 198//826
f 201//827 200//828 39//829
f 201//830 39//831 37//832
f 202//833 201//834 24//835
f 202//836 23//837 201//838
f 202//839 24//840 23//841
f 203//842 109//843 101//844
f 101//844 94//845 203//842
f 203//842 113//846 109//843
f 94//845 88//847 203//842
f 203//842 117//848 113//846
f 88//847 81//849 203//842
f 203//842 121//850 117//848
f 81//849 74//851 203//842
f 74//851 204//852 203//842
f 203//842 125//853 121//850
f 74//851 67//854 204//852
f 67//854 60//855 204//852
f 60//855 53//856 204//852
f 53//856 49//857 204//852
f 49//857 45//858 204//852
f 45//858 41//859 204//852
f 41//859 35//860 204//852
f 35//860 34//861 204//852
f 129//862 205//863 133//864
f 133//864 205//863 137//865
f 137//865 205//863 144//866
f 144//866 205//863 151//867
f 151//867 205//863 158//868
f 158//868 206//869 165//870
f 165//870 206//869 172//871
f 172//871 206//869 178//872
f 178//872 206//869 185//873
f 185//873 206//869 193//874
f 193//874 206//869 197//875
f 205//863 206//869 158//868
f 206//869 204//852 34//861
f 206//869 34//861 197//875
f 203//842 205//863 125//853
f 125//853 205//863 129//862
f 239//876 240//876 241//877
f 231//878 232//879 242//880
f 243//881 239//882 241//883
f 230//884 231//885 242//886
f 244//887 245//888 246//889
f 246//890 245//891 239//892
f 239//893 245//894 240//895
f 244//896 247//897 245//898
f 242//899 247//899 248//900
f 248//901 247//902 244//903
f 232//904 247//905 242//906
f 245//907 249//908 240//909
f 240//909 249//908 250//910
f 233//911 251//912 232//913
f 247//914 251//915 245//916
f 232//917 251//918 247//919
f 245//916 251//915 249//920
f 250//921 252//922 253//923
f 249//924 252//922 250//921
f 234//925 254//925 233//925
f 249//926 254//927 252//928
f 251//929 254//927 249//926
f 233//930 254//930 251//931
f 254//932 255//933 252//934
f 252//935 255//936 253//937
f 253//937 255//936 256//938
f 235//939 257//939 234//940
f 234//941 257//942 254//942
f 254//932 257//943 255//933
f 255//944 258//945 256//946
f 256//946 258//945 259//947
f 236//948 260//949 235//950
f 235//951 260//952 257//953
f 257//954 260//955 255//956
f 255//956 260//955 258//957
f 261//958 262//959 263//960
f 259//961 262//962 261//963
f 258//964 262//962 259//961
f 260//965 262//966 258//967
f 237//968 264//969 236//970
f 260//965 264//971 262//966
f 236//972 264//973 260//974
f 262//975 264//976 237//977
f 237//978 265//978 262//978
f 262//959 265//979 263//960
f 238//980 266//981 237//982
f 265//983 266//984 238//985
f 237//986 266//987 265//988
f 263//989 267//990 268//991
f 238//992 267//993 265//994
f 265//995 267//990 263//989
f 208//996 269//997 238//998
f 267//999 269//999 208//1000
f 238//1001 269//1002 267//1003
f 267//1004 270//1005 268//1006
f 268//1006 270//1005 271//1007
f 208//1008 270//1009 267//1010
f 207//1011 272//1012 208//1013
f 208//1014 272//1015 270//1016
f 270//1017 273//1018 271//1019
f 271//1020 273//1021 274//1022
f 272//1023 273//1024 270//1025
f 272//1023 275//1026 273//1024
f 207//1027 275//1028 272//1029
f 273//1030 276//1031 274//1032
f 273//1033 277//1034 276//1035
f 207//1036 277//1037 275//1038
f 275//1039 277//1034 273//1033
f 209//1040 277//1040 207//1041
f 276//1042 278//1043 274//1044
f 274//1045 278//1046 279//1047
f 277//1048 278//1049 276//1050
f 277//1048 280//1051 278//1049
f 209//1052 280//1053 277//1054
f 278//1055 281//1056 279//1057
f 280//1058 282//1059 278//1060
f 278//1060 282//1059 281//1061
f 210//1062 282//1062 209//1062
f 209//1063 282//1064 280//1065
f 281//1066 283//1067 279//1068
f 279//1069 283//1070 284//1071
f 282//1072 285//1073 281//1074
f 210//1075 285//1076 282//1077
f 281//1074 285//1073 283//1078
f 283//1079 286//1080 284//1081
f 285//1082 287//1083 283//1084
f 210//1085 287//1085 285//1086
f 283//1084 287//1083 286//1087
f 211//1088 287//1088 210//1089
f 284//1090 288//1091 289//1092
f 287//1093 288//1094 286//1095
f 286//1096 288//1097 284//1098
f 211//1099 290//1100 287//1101
f 287//1093 290//1102 288//1094
f 288//1103 291//1104 289//1105
f 288//1106 292//1107 291//1108
f 290//1109 292//1107 288//1106
f 211//1110 292//1110 290//1110
f 212//1111 292//1112 211//1113
f 289//1114 293//1115 294//1116
f 291//1117 293//1118 289//1119
f 292//1120 293//1121 291//1122
f 212//1123 295//1123 292//1124
f 292//1120 295//1125 293//1121
f 293//1126 296//1127 294//1128
f 293//1129 297//1130 296//1131
f 295//1132 297//1130 293//1129
f 212//1133 297//1133 295//1133
f 213//1134 297//1135 212//1136
f 294//1137 298//1138 299//1139
f 296//1140 298//1141 294//1142
f 297//1143 300//1144 296//1145
f 213//1146 300//1147 297//1148
f 296//1145 300//1144 298//1149
f 298//1150 301//1151 299//1152
f 298//1153 302//1154 301//1155
f 214//1156 302//1157 213//1158
f 300//1159 302//1154 298//1153
f 213//1160 302//1161 300//1161
f 299//1162 303//1163 304//1164
f 301//1165 303//1166 299//1167
f 302//1168 303//1169 301//1170
f 214//1171 305//1171 302//1172
f 302//1168 305//1173 303//1169
f 303//1174 306//1175 304//1176
f 305//1177 306//1178 303//1179
f 215//1180 307//1180 214//1180
f 214//1181 307//1182 305//1183
f 305//1177 307//1184 306//1178
f 304//1185 308//1186 309//1187
f 306//1188 308//1189 304//1190
f 307//1191 310//1192 306//1193
f 215//1194 310//1194 307//1194
f 306//1193 310//1192 308//1195
f 308//1196 311//1197 309//1198
f 308//1199 312//1200 311//1201
f 216//1202 312//1203 215//1202
f 310//1204 312//1200 308//1199
f 215//1205 312//1206 310//1206
f 309//1207 313//1208 314//1209
f 311//1210 313//1211 309//1212
f 312//1213 315//1214 311//1215
f 216//1216 315//1217 312//1217
f 311//1215 315//1214 313//1218
f 313//1219 316//1220 314//1221
f 216//1222 317//1223 315//1224
f 315//1225 317//1226 313//1227
f 217//1228 317//1228 216//1228
f 313//1227 317//1226 316//1229
f 316//1230 318//1231 314//1232
f 314//1233 318//1234 319//1235
f 316//1236 320//1237 318//1238
f 317//1239 320//1237 316//1236
f 217//1240 320//1241 317//1242
f 318//1243 321//1244 319//1245
f 320//1246 322//1247 318//1248
f 217//1249 322//1250 320//1251
f 318//1248 322//1247 321//1252
f 218//1253 322//1254 217//1254
f 319//1255 323//1256 324//1257
f 321//1258 323//1259 319//1260
f 321//1261 325//1262 323//1263
f 322//1264 325//1262 321//1261
f 218//1265 325//1265 322//1265
f 323//1266 326//1267 324//1268
f 325//1269 327//1270 323//1271
f 218//1272 327//1272 325//1273
f 323//1271 327//1270 326//1274
f 219//1275 327//1276 218//1276
f 324//1277 328//1278 329//1279
f 326//1280 328//1281 324//1282
f 327//1283 330//1284 326//1285
f 219//1286 330//1286 327//1287
f 326//1285 330//1284 328//1288
f 328//1289 331//1290 329//1291
f 330//1292 332//1293 328//1294
f 219//1295 332//1296 330//1297
f 220//1298 332//1299 219//1299
f 328//1294 332//1293 331//1300
f 329//1301 333//1302 334//1303
f 331//1304 333//1305 329//1306
f 332//1307 335//1308 331//1309
f 220//1310 335//1311 332//1312
f 331//1309 335//1308 333//1313
f 333//1314 336//1315 334//1316
f 335//1317 337//1318 333//1319
f 220//1320 337//1321 335//1322
f 221//1323 337//1324 220//1325
f 333//1319 337//1318 336//1326
f 334//1327 338//1328 339//1329
f 336//1330 338//1331 334//1332
f 337//1333 340//1334 336//1335
f 221//1336 340//1337 337//1338
f 336//1335 340//1334 338//1339
f 338//1340 341//1341 339//1342
f 340//1343 342//1344 338//1345
f 221//1346 342//1347 340//1348
f 222//1349 342//1350 221//1351
f 338//1345 342//1344 341//1352
f 339//1353 343//1354 344//1355
f 341//1356 343//1357 339//1358
f 342//1359 345//1360 341//1361
f 222//1362 345//1362 342//1362
f 341//1361 345//1360 343//1363
f 343//1364 346//1365 344//1366
f 223//1367 347//1368 222//1369
f 345//1370 347//1371 343//1372
f 222//1373 347//1374 345//1375
f 343//1372 347//1371 346//1376
f 344//1377 348//1378 349//1379
f 346//1380 348//1381 344//1382
f 348//1383 350//1384 349//1384
f 223//1385 350//1386 347//1387
f 347//1388 350//1389 346//1390
f 346//1390 350//1389 348//1391
f 349//1392 351//1393 352//1394
f 224//1395 353//1396 223//1397
f 223//1397 353//1396 350//1398
f 350//1399 353//1400 349//1401
f 349//1402 353//1403 351//1404
f 351//1405 353//1406 352//1407
f 352//1408 354//1409 355//1410
f 225//1411 356//1412 224//1413
f 224//1413 356//1412 353//1414
f 353//1415 356//1416 352//1415
f 352//1417 356//1418 354//1419
f 354//1420 356//1421 355//1422
f 355//1423 357//1424 358//1425
f 355//1426 359//1427 357//1428
f 226//1429 359//1430 225//1431
f 356//1432 359//1433 355//1434
f 225//1431 359//1430 356//1435
f 357//1436 360//1437 358//1436
f 358//1438 360//1439 361//1440
f 359//1441 362//1442 357//1443
f 226//1444 362//1445 359//1446
f 357//1443 362//1442 360//1447
f 227//1448 362//1445 226//1444
f 360//1449 363//1450 361//1451
f 361//1452 363//1453 364//1454
f 360//1455 365//1456 363//1457
f 362//1458 365//1456 360//1455
f 227//1459 365//1460 362//1461
f 228//1462 365//1460 227//1459
f 363//1463 366//1464 364//1465
f 364//1466 366//1467 367//1468
f 365//1469 368//1470 363//1471
f 363//1471 368//1470 366//1472
f 228//1473 368//1474 365//1475
f 229//1476 368//1474 228//1473
f 367//1477 369//1478 243//1479
f 366//1480 369//1478 367//1477
f 243//1481 369//1482 239//1483
f 246//1484 369//1485 244//1486
f 239//1487 369//1488 246//1489
f 368//1490 370//1491 366//1492
f 366//1492 370//1491 369//1493
f 229//1494 370//1495 368//1496
f 369//1497 370//1498 244//1499
f 242//1500 370//1501 230//1502
f 248//1503 370//1504 242//1505
f 244//1506 370//1507 248//1508
f 230//1509 370//1495 229//1494
f 289//1510 371//1511 284//1512
f 279//1513 284//1512 371//1511
f 294//1514 371//1511 289//1510
f 274//1515 279//1513 371//1511
f 299//1516 371//1511 294//1514
f 271//1517 274//1515 371//1511
f 304//1518 371//1511 299//1516
f 268//1519 271//1517 371//1511
f 309//1520 371//1511 304//1518
f 314//1521 371//1511 309//1520
f 372//1522 263//1523 268//1519
f 372//1522 268//1519 371//1511
f 261//1524 263//1523 372//1522
f 259//1525 261//1524 372//1522
f 256//1526 259//1525 372//1522
f 253//1527 256//1526 372//1522
f 250//1528 253//1527 372//1522
f 240//1529 250//1528 372//1522
f 241//1530 240//1529 372//1522
f 243//1531 241//1530 372//1522
f 373//1532 344//1533 349//1534
f 373//1532 339//1535 344//1533
f 373//1532 334//1536 339//1535
f 373//1532 329//1537 334//1536
f 373//1532 324//1538 329//1537
f 373//1532 319//1539 324//1538
f 374//1540 373//1532 349//1534
f 374//1540 364//1541 367//1542
f 374//1540 361//1543 364//1541
f 374//1540 358//1544 361//1543
f 374//1540 355//1545 358//1544
f 374//1540 352//1546 355//1545
f 374//1540 349//1534 352//1546
f 373//1532 371//1511 314//1521
f 373//1532 314//1521 319//1539
f 372//1522 374//1540 243//1531
f 243//1531 374//1540 367//1542
f 375//1547 376//1547 377//1548
f 378//1549 379//1550 380//1551
f 381//1552 382//1553 203//1554
f 381//1552 203//1554 383//1555
f 384//1556 385//1557 382//1558
f 384//1556 382//1558 381//1559
f 386//1560 383//1561 387//1562
f 386//1560 381//1563 383//1561
f 388//1564 389//1565 385//1566
f 388//1564 385//1566 384//1567
f 390//1568 387//1569 391//1570
f 390//1571 386//1571 387//1572
f 392//1573 381//1574 386//1575
f 392//1573 384//1576 381//1574
f 393//1577 390//1577 391//1578
f 394//1579 395//1580 389//1581
f 394//1579 389//1581 388//1582
f 396//1583 386//1584 390//1585
f 396//1583 392//1586 386//1584
f 397//1587 388//1588 384//1589
f 397//1587 384//1589 392//1590
f 398//1591 390//1592 393//1593
f 398//1591 396//1594 390//1592
f 399//1595 391//1596 400//1597
f 399//1598 393//1599 391//1600
f 401//1601 402//1602 395//1603
f 401//1604 403//1605 402//1606
f 401//1604 404//1607 403//1605
f 401//1601 395//1603 394//1608
f 405//1609 396//1610 398//1611
f 405//1612 392//1613 396//1614
f 405//1612 397//1615 392//1613
f 406//1616 394//1617 388//1618
f 406//1616 388//1618 397//1619
f 407//1620 405//1609 398//1611
f 408//1621 393//1622 399//1623
f 408//1621 398//1624 393//1622
f 409//1625 397//1626 405//1627
f 409//1625 406//1628 397//1626
f 410//1629 408//1630 399//1631
f 410//1632 400//1632 411//1633
f 410//1634 399//1635 400//1636
f 412//1637 413//1638 404//1639
f 412//1640 394//1641 406//1642
f 412//1637 404//1639 401//1643
f 412//1640 401//1644 394//1641
f 414//1645 409//1646 405//1647
f 414//1645 405//1647 407//1648
f 415//1649 407//1650 398//1651
f 415//1649 398//1651 408//1652
f 416//1653 412//1654 406//1655
f 416//1656 413//1657 412//1658
f 416//1653 406//1655 409//1659
f 417//1660 408//1630 410//1629
f 418//1661 411//1662 419//1663
f 418//1661 410//1664 411//1662
f 420//1665 409//1666 414//1667
f 420//1665 416//1668 409//1666
f 420//1669 413//1657 416//1656
f 420//1669 421//1670 413//1657
f 422//1671 420//1672 414//1673
f 422//1674 407//1675 415//1676
f 422//1674 414//1677 407//1675
f 423//1678 419//1679 424//1680
f 423//1681 418//1681 419//1682
f 425//1683 415//1684 408//1685
f 425//1683 408//1685 417//1686
f 426//1687 417//1688 410//1689
f 426//1687 410//1689 418//1690
f 427//1691 421//1670 420//1669
f 427//1692 420//1672 422//1671
f 428//1693 423//1694 424//1694
f 429//1695 418//1696 423//1697
f 429//1695 426//1698 418//1696
f 430//1699 415//1700 425//1701
f 430//1699 422//1702 415//1700
f 431//1703 425//1704 417//1705
f 431//1703 417//1705 426//1706
f 431//1707 430//1708 425//1709
f 432//1710 424//1710 376//1711
f 432//1712 376//1712 375//1712
f 432//1713 428//1714 424//1714
f 433//1715 423//1716 428//1717
f 433//1715 429//1718 423//1716
f 434//1719 426//1720 429//1721
f 434//1719 431//1722 426//1720
f 435//1723 436//1724 421//1725
f 435//1726 427//1727 422//1728
f 435//1726 422//1728 430//1729
f 435//1723 421//1725 427//1730
f 437//1731 430//1708 431//1707
f 438//1732 375//1733 439//1734
f 438//1735 433//1736 428//1737
f 438//1732 432//1738 375//1733
f 438//1735 428//1737 432//1739
f 440//1740 429//1741 433//1742
f 440//1740 434//1743 429//1741
f 441//1744 437//1745 431//1746
f 441//1744 431//1746 434//1747
f 442//1748 436//1749 435//1750
f 442//1748 443//1751 436//1749
f 442//1752 435//1753 430//1754
f 442//1752 430//1754 437//1755
f 444//1756 445//1757 446//1758
f 444//1759 439//1760 445//1761
f 444//1762 433//1763 438//1764
f 444//1759 438//1765 439//1760
f 444//1762 440//1766 433//1763
f 447//1767 434//1768 440//1769
f 447//1767 441//1770 434//1768
f 447//1771 440//1772 444//1773
f 448//1774 437//1775 441//1776
f 448//1777 443//1751 442//1748
f 448//1774 442//1778 437//1775
f 449//1779 444//1756 446//1758
f 449//1780 447//1771 444//1773
f 450//1781 379//1782 443//1751
f 450//1781 443//1751 448//1777
f 450//1783 441//1784 447//1785
f 450//1783 448//1786 441//1784
f 451//1787 446//1788 380//1789
f 451//1790 379//1782 450//1781
f 451//1787 449//1791 446//1788
f 451//1551 380//1551 379//1550
f 451//1792 447//1793 449//1794
f 451//1792 450//1795 447//1793
f 452//1796 453//1797 454//1798
f 455//1799 456//1800 457//1800
f 458//1801 459//1802 460//1803
f 458//1801 461//1804 459//1802
f 462//1805 463//1806 461//1807
f 462//1805 461//1807 458//1808
f 464//1809 460//1810 465//1811
f 464//1812 458//1813 460//1812
f 464//1814 462//1815 458//1816
f 466//1817 467//1818 463//1819
f 466//1817 463//1819 462//1820
f 468//1821 464//1809 465//1811
f 469//1822 464//1823 468//1824
f 469//1825 462//1815 464//1814
f 470//1826 465//1827 471//1828
f 470//1829 468//1821 465//1811
f 472//1830 473//1831 467//1832
f 472//1830 467//1832 466//1833
f 474//1834 469//1822 468//1824
f 475//1835 466//1836 462//1837
f 475//1835 462//1837 469//1838
f 476//1839 474//1840 468//1841
f 476//1839 468//1841 470//1842
f 477//1843 470//1826 471//1828
f 478//1844 479//1845 452//1846
f 478//1847 454//1848 473//1849
f 478//1847 473//1849 472//1850
f 478//1851 452//1796 454//1798
f 480//1852 469//1853 474//1854
f 480//1855 474//1856 476//1857
f 480//1852 475//1858 469//1853
f 481//1859 472//1860 466//1861
f 481//1859 466//1861 475//1862
f 482//1863 480//1855 476//1857
f 483//1864 476//1865 470//1866
f 483//1864 470//1866 477//1867
f 483//1868 482//1869 476//1870
f 484//1871 475//1872 480//1873
f 484//1871 481//1874 475//1872
f 485//1875 471//1876 486//1877
f 485//1875 477//1878 471//1876
f 485//1879 483//1879 477//1880
f 487//1881 479//1845 478//1844
f 487//1882 478//1883 472//1884
f 487//1882 472//1884 481//1885
f 488//1886 480//1887 482//1888
f 488//1886 484//1889 480//1887
f 489//1890 482//1869 483//1868
f 490//1891 487//1892 481//1893
f 490//1891 481//1893 484//1894
f 490//1895 479//1896 487//1897
f 490//1898 491//1899 479//1900
f 492//1901 483//1879 485//1879
f 493//1902 486//1903 494//1904
f 493//1902 485//1905 486//1903
f 495//1906 484//1907 488//1908
f 495//1909 491//1910 490//1909
f 495//1906 490//1911 484//1907
f 496//1912 495//1913 488//1914
f 496//1915 488//1916 482//1917
f 496//1915 482//1917 489//1918
f 497//1919 493//1902 494//1904
f 498//1920 489//1921 483//1922
f 498//1920 483//1922 492//1923
f 499//1924 485//1925 493//1926
f 499//1927 493//1928 497//1929
f 499//1930 498//1931 492//1932
f 499//1924 492//1933 485//1925
f 500//1934 495//1913 496//1912
f 500//1935 501//1936 491//1937
f 500//1938 491//1939 495//1940
f 502//1941 494//1942 503//1943
f 502//1944 497//1919 494//1904
f 504//1945 497//1946 502//1947
f 504//1948 499//1927 497//1929
f 505//1949 496//1950 489//1951
f 505//1949 489//1951 498//1952
f 506//1953 498//1931 499//1930
f 507//1954 503//1955 508//1956
f 507//1954 508//1956 509//1957
f 507//1958 502//1941 503//1943
f 510//1959 504//1945 502//1947
f 511//1960 499//1961 504//1962
f 511//1960 506//1963 499//1961
f 511//1964 504//1965 510//1966
f 512//1967 513//1968 501//1967
f 512//1969 500//1970 496//1971
f 512//1972 501//1973 500//1972
f 512//1969 496//1971 505//1974
f 514//1975 512//1976 505//1977
f 514//1978 498//1979 506//1980
f 514//1978 505//1981 498//1979
f 515//1982 509//1983 516//1984
f 515//1982 507//1985 509//1983
f 515//1986 502//1987 507//1988
f 515//1986 510//1989 502//1987
f 517//1990 511//1964 510//1966
f 518//1991 514//1992 506//1993
f 518//1994 511//1995 517//1996
f 518//1991 506//1993 511//1997
f 519//1998 513//1999 512//2000
f 519//1998 520//2001 513//1999
f 519//2002 512//1976 514//1975
f 521//2003 522//2004 523//2005
f 521//2006 516//2007 522//2008
f 521//2006 515//2009 516//2007
f 521//2010 510//2011 515//2012
f 521//2010 517//2013 510//2011
f 524//2014 518//1994 517//1996
f 524//2015 517//2016 521//2017
f 525//2018 526//2018 520//2019
f 525//2020 514//2021 518//2022
f 525//2023 520//2024 519//2023
f 525//2020 519//2025 514//2021
f 525//2026 518//2027 524//2028
f 527//2029 521//2003 523//2005
f 527//2030 524//2015 521//2017
f 528//2031 526//2032 525//2032
f 528//2033 525//2026 524//2028
f 529//2034 523//2035 457//2036
f 529//2037 456//2037 526//2037
f 529//2034 527//2038 523//2035
f 529//2039 526//2039 528//2040
f 529//2041 457//2041 456//2041
f 529//2042 524//2043 527//2044
f 529//2042 528//2045 524//2043
f 509//2046 508//2047 378//2046
f 509//2046 378//2046 380//2047
f 516//2048 380//2049 446//2050
f 516//2048 509//2049 380//2049
f 522//2051 446//2052 445//2053
f 522//2051 516//2052 446//2052
f 523//2054 445//2054 439//2054
f 523//2054 522//2055 445//2054
f 457//2056 439//2057 375//2056
f 457//2056 523//2056 439//2057
f 455//2058 375//2059 377//2059
f 455//2058 457//2060 375//2059
f 530//2061 531//2061 371//2061
f 532//2062 533//2063 534//2064
f 532//2062 534//2064 535//2065
f 536//2066 537//2067 533//2068
f 536//2066 533//2068 532//2069
f 538//2070 535//2071 539//2072
f 538//2070 532//2073 535//2071
f 540//2074 541//2075 537//2076
f 540//2074 537//2076 536//2077
f 542//2078 539//2079 543//2080
f 542//2081 538//2081 539//2081
f 544//2082 532//2083 538//2084
f 544//2082 536//2085 532//2083
f 545//2086 542//2086 543//2087
f 546//2088 547//2089 541//2090
f 546//2088 541//2090 540//2091
f 548//2092 538//2093 542//2094
f 548//2092 544//2095 538//2093
f 549//2096 540//2097 536//2098
f 549//2096 536//2098 544//2099
f 550//2100 542//2101 545//2102
f 550//2100 548//2103 542//2101
f 551//2104 543//2104 552//2104
f 551//2105 545//2106 543//2106
f 551//2107 550//2108 545//2109
f 553//2110 554//2111 547//2112
f 553//2113 555//2114 554//2115
f 553//2113 556//2116 555//2114
f 553//2110 547//2112 546//2117
f 557//2118 544//2119 548//2120
f 557//2118 549//2121 544//2119
f 558//2122 546//2123 540//2124
f 558//2122 540//2124 549//2125
f 558//2126 553//2127 546//2128
f 559//2129 557//2130 548//2131
f 559//2129 548//2131 550//2132
f 560//2133 550//2108 551//2107
f 561//2134 549//2135 557//2136
f 561//2134 558//2137 549//2135
f 562//2138 552//2139 563//2140
f 562//2141 551//2141 552//2141
f 564//2142 565//2143 556//2144
f 564//2142 556//2144 553//2145
f 564//2146 553//2127 558//2126
f 566//2147 561//2148 557//2149
f 566//2147 557//2149 559//2150
f 567//2151 550//2152 560//2153
f 567//2154 566//2155 559//2156
f 567//2151 559//2157 550//2152
f 568//2158 564//2159 558//2160
f 568//2161 565//2162 564//2163
f 568//2158 558//2160 561//2164
f 569//2165 560//2166 551//2167
f 569//2165 551//2167 562//2168
f 570//2169 563//2170 571//2171
f 570//2169 562//2172 563//2170
f 572//2173 565//2162 568//2161
f 572//2174 568//2175 561//2176
f 572//2173 573//2177 565//2162
f 572//2174 561//2176 566//2178
f 574//2179 572//2180 566//2181
f 574//2182 566//2155 567//2154
f 575//2183 571//2184 576//2185
f 575//2186 570//2187 571//2186
f 577//2188 560//2189 569//2190
f 577//2188 567//2191 560//2189
f 578//2192 569//2193 562//2194
f 578//2192 562//2194 570//2195
f 579//2196 572//2180 574//2179
f 579//2197 573//2177 572//2173
f 580//2198 575//2199 576//2200
f 581//2201 570//2202 575//2203
f 581//2201 578//2204 570//2202
f 582//2205 579//2206 574//2207
f 582//2208 574//2209 567//2210
f 582//2208 567//2210 577//2211
f 583//2212 569//2213 578//2214
f 583//2212 577//2215 569//2213
f 584//2216 576//2217 531//2218
f 584//2219 531//2220 530//2221
f 584//2222 580//2223 576//2224
f 585//2225 575//2226 580//2227
f 585//2225 581//2228 575//2226
f 585//2229 580//2230 584//2231
f 586//2232 583//2233 578//2234
f 586//2232 578//2234 581//2235
f 587//2236 588//2237 573//2238
f 587//2236 573//2238 579//2239
f 587//2240 579//2206 582//2205
f 589//2241 583//2242 586//2243
f 589//2244 582//2245 577//2246
f 589//2244 577//2246 583//2247
f 590//2248 530//2249 591//2250
f 590//2248 584//2251 530//2249
f 590//2252 585//2229 584//2231
f 592//2253 581//2254 585//2255
f 592//2253 586//2256 581//2254
f 593//2257 589//2241 586//2243
f 594//2258 595//2259 588//2260
f 594//2258 588//2260 587//2261
f 594//2262 587//2263 582//2264
f 594//2262 582//2264 589//2265
f 594//2266 589//2267 593//2268
f 596//2269 591//2270 597//2271
f 596//2269 590//2272 591//2270
f 596//2273 585//2274 590//2275
f 596//2273 592//2276 585//2274
f 598//2277 586//2278 592//2279
f 598//2277 593//2280 586//2278
f 598//2281 592//2282 596//2283
f 599//2284 595//2285 594//2286
f 599//2287 594//2266 593//2268
f 600//2288 597//2289 601//2290
f 600//2288 596//2291 597//2289
f 600//2292 598//2281 596//2283
f 602//2293 603//2294 595//2285
f 602//2293 595//2285 599//2284
f 602//2295 593//2296 598//2297
f 602//2295 599//2298 593//2296
f 604//2299 605//2300 606//2301
f 604//2302 601//2303 605//2304
f 604//2299 606//2301 603//2305
f 604//2302 600//2306 601//2303
f 604//2307 603//2294 602//2293
f 604//2308 598//2309 600//2310
f 604//2308 602//2311 598//2309
f 607//2312 608//2313 204//2314
f 609//2315 610//2316 611//2317
f 612//2318 613//2319 614//2320
f 612//2318 614//2320 615//2321
f 616//2322 617//2323 613//2324
f 616//2322 613//2324 612//2325
f 618//2326 615//2327 619//2328
f 618//2326 612//2329 615//2327
f 620//2330 621//2331 617//2332
f 620//2330 617//2332 616//2333
f 622//2334 619//2335 623//2334
f 622//2336 618//2337 619//2336
f 624//2338 612//2339 618//2340
f 624//2338 616//2341 612//2339
f 625//2342 622//2343 623//2343
f 626//2344 627//2345 621//2346
f 626//2344 621//2346 620//2347
f 628//2348 618//2349 622//2350
f 628//2348 624//2351 618//2349
f 629//2352 626//2353 620//2354
f 629//2355 620//2356 616//2357
f 629//2355 616//2357 624//2358
f 630//2359 622//2360 625//2361
f 630//2359 628//2362 622//2360
f 631//2363 623//2363 632//2363
f 631//2364 625//2365 623//2364
f 631//2366 630//2367 625//2368
f 633//2369 634//2370 627//2371
f 633//2372 635//2373 634//2374
f 633//2372 636//2375 635//2373
f 633//2369 627//2371 626//2376
f 637//2377 624//2378 628//2379
f 637//2377 629//2380 624//2378
f 638//2381 626//2353 629//2352
f 639//2382 637//2383 628//2384
f 639//2382 628//2384 630//2385
f 640//2386 630//2367 631//2366
f 641//2387 629//2388 637//2389
f 641//2387 638//2390 629//2388
f 642//2391 632//2391 643//2392
f 642//2393 631//2394 632//2395
f 644//2396 645//2397 636//2398
f 644//2399 638//2400 641//2401
f 644//2396 636//2398 633//2402
f 644//2403 633//2404 626//2405
f 644//2403 626//2405 638//2406
f 646//2407 641//2408 637//2409
f 646//2407 637//2409 639//2410
f 647//2411 630//2412 640//2413
f 647//2414 646//2415 639//2416
f 647//2411 639//2417 630//2412
f 648//2418 644//2399 641//2401
f 648//2419 645//2420 644//2421
f 649//2422 640//2423 631//2424
f 649//2422 631//2424 642//2425
f 649//2426 647//2427 640//2428
f 650//2429 643//2430 651//2431
f 650//2429 642//2432 643//2430
f 652//2433 645//2420 648//2419
f 652//2433 653//2434 645//2420
f 652//2435 648//2436 641//2437
f 652//2435 641//2437 646//2438
f 654//2439 652//2440 646//2441
f 654//2442 646//2415 647//2414
f 655//2443 651//2444 656//2445
f 655//2446 650//2446 651//2447
f 657//2448 654//2449 647//2450
f 657//2451 647//2427 649//2426
f 658//2452 649//2453 642//2454
f 658//2452 642//2454 650//2455
f 659//2456 652//2440 654//2439
f 659//2457 653//2434 652//2433
f 660//2458 655//2459 656//2460
f 661//2461 650//2462 655//2463
f 661//2461 658//2464 650//2462
f 662//2465 659//2466 654//2467
f 662//2468 654//2449 657//2448
f 663//2469 657//2470 649//2471
f 663//2469 649//2471 658//2472
f 664//2473 660//2474 656//2474
f 664//2475 656//2476 608//2477
f 664//2478 608//2479 607//2480
f 665//2481 655//2482 660//2483
f 665//2481 661//2484 655//2482
f 666//2485 658//2486 661//2487
f 666//2485 663//2488 658//2486
f 667//2489 668//2490 653//2491
f 667//2489 653//2491 659//2492
f 667//2493 659//2466 662//2465
f 669//2494 662//2495 657//2496
f 669//2497 663//2498 666//2499
f 669//2494 657//2496 663//2500
f 670//2501 607//2502 671//2503
f 670//2504 660//2505 664//2506
f 670//2504 665//2507 660//2505
f 670//2501 664//2508 607//2502
f 672//2509 661//2510 665//2511
f 672//2509 666//2512 661//2510
f 672//2513 665//2514 670//2515
f 673//2516 669//2497 666//2499
f 674//2517 668//2518 667//2519
f 674//2517 675//2520 668//2518
f 674//2521 662//2522 669//2523
f 674//2521 667//2524 662//2522
f 676//2525 671//2526 677//2527
f 676//2525 670//2528 671//2526
f 676//2529 672//2513 670//2515
f 678//2530 666//2531 672//2532
f 678//2530 673//2533 666//2531
f 679//2534 675//2520 674//2517
f 679//2535 669//2536 673//2537
f 679//2535 674//2538 669//2536
f 679//2539 673//2540 678//2541
f 680//2542 677//2543 681//2544
f 680//2542 676//2545 677//2543
f 680//2546 672//2547 676//2548
f 680//2546 678//2549 672//2547
f 682//2550 610//2551 675//2552
f 682//2550 675//2552 679//2553
f 682//2554 679//2539 678//2541
f 683//2555 681//2556 611//2557
f 683//2555 680//2558 681//2556
f 683//2559 610//2551 682//2550
f 683//2560 611//2317 610//2316
f 683//2561 678//2562 680//2563
f 683//2561 682//2564 678//2562
f 383//2565 203//2566 204//2567
f 383//2565 204//2567 608//2568
f 387//2569 608//2570 656//2571
f 387//2569 383//2569 608//2570
f 391//2572 656//2573 651//2574
f 391//2572 387//2575 656//2573
f 400//2576 651//2577 643//2578
f 400//2576 391//2579 651//2577
f 411//2580 643//2581 632//2582
f 411//2580 400//2583 643//2581
f 419//2584 632//2585 623//2586
f 419//2584 411//2587 632//2585
f 424//2588 623//2589 619//2590
f 424//2588 419//2591 623//2589
f 376//2592 619//2593 615//2594
f 376//2592 424//2595 619//2593
f 377//2596 615//2597 614//2598
f 377//2596 376//2596 615//2597
f 684//2599 685//2599 686//2600
f 687//2601 688//2602 689//2603
f 690//2604 691//2605 692//2606
f 690//2604 693//2607 691//2605
f 694//2608 695//2609 693//2610
f 694//2608 693//2610 690//2611
f 696//2612 692//2613 697//2614
f 696//2612 690//2615 692//2613
f 698//2616 699//2617 695//2618
f 698//2616 695//2618 694//2619
f 700//2620 697//2621 701//2622
f 700//2623 696//2624 697//2625
f 702//2626 690//2627 696//2628
f 702//2626 694//2629 690//2627
f 703//2630 700//2630 701//2631
f 704//2632 705//2633 699//1581
f 704//2632 699//1581 698//2634
f 706//2635 702//2636 696//2637
f 706//2638 700//2639 703//2640
f 706//2635 696//2637 700//2641
f 707//2642 694//2643 702//2644
f 707//2642 698//2645 694//2643
f 708//2646 706//2638 703//2640
f 709//2647 701//2648 710//2649
f 709//2650 703//2651 701//2652
f 711//2653 712//2654 713//2655
f 711//2656 714//2657 705//2658
f 711//2653 713//2655 714//2659
f 711//2656 705//2658 704//2660
f 715//2661 702//2662 706//2663
f 715//2661 707//2664 702//2662
f 716//2665 704//2666 698//2667
f 716//2665 698//2667 707//2668
f 717//2669 706//2670 708//2671
f 717//2669 715//2672 706//2670
f 718//2673 708//2674 703//2675
f 718//2673 703//2675 709//2676
f 718//2677 717//2678 708//2679
f 719//2680 715//2681 717//2682
f 719//2683 707//2684 715//2685
f 719//2683 716//2686 707//2684
f 720//2687 710//2688 721//2689
f 720//2690 709//2691 710//2692
f 722//2693 716//2694 719//2695
f 722//2696 723//2697 712//2698
f 722//2696 712//2698 711//2699
f 722//2700 704//2701 716//2702
f 722//2700 711//2703 704//2701
f 724//2704 719//2680 717//2682
f 725//2705 717//2678 718//2677
f 726//2706 719//2707 724//2708
f 726//2709 722//2693 719//2695
f 726//2710 723//2711 722//2712
f 727//2713 709//2714 720//2715
f 727//2713 718//2716 709//2714
f 728//2717 721//2718 729//2719
f 728//2720 727//2721 720//2722
f 728//2717 720//2723 721//2718
f 730//2724 726//2706 724//2708
f 730//2725 723//2711 726//2710
f 730//2725 731//2726 723//2711
f 732//2727 724//2728 717//2729
f 732//2727 717//2729 725//2730
f 733//2731 729//2732 734//2733
f 733//2734 728//2734 729//2735
f 735//2736 718//2737 727//2738
f 735//2736 725//2739 718//2737
f 736//2740 727//2721 728//2720
f 737//2741 730//2742 724//2743
f 737//2741 724//2743 732//2744
f 737//2745 731//2726 730//2725
f 738//2746 733//2747 734//2747
f 739//2748 728//2749 733//2750
f 739//2748 736//2751 728//2749
f 739//2752 733//2753 738//2754
f 740//1699 732//2755 725//2756
f 740//1699 725//2756 735//2757
f 741//2758 735//2759 727//2760
f 741//2758 727//2760 736//2761
f 742//2762 734//2762 685//2762
f 742//2763 684//2764 743//2765
f 742//2766 685//2766 684//2766
f 742//2767 738//2768 734//2767
f 744//2769 739//2752 738//2754
f 745//2770 736//2771 739//2772
f 745//2773 739//2774 744//2775
f 745//2770 741//2776 736//2771
f 746//2777 747//2778 731//2779
f 746//2780 732//2781 740//2782
f 746//2777 731//2779 737//2783
f 746//2780 737//2784 732//2781
f 748//2785 735//2786 741//2787
f 748//2785 740//2788 735//2786
f 749//2789 744//2790 738//2791
f 749//2789 738//2791 742//2792
f 749//2793 742//2763 743//2765
f 750//2794 745//2773 744//2775
f 751//2795 748//2796 741//2797
f 751//2795 741//2797 745//2798
f 752//2799 753//2800 747//2801
f 752//2799 747//2801 746//2802
f 752//2803 746//2804 740//2805
f 752//2803 740//2805 748//2806
f 754//2807 743//2808 755//2809
f 754//2807 749//2810 743//2808
f 754//2811 744//2812 749//2813
f 754//2811 750//2814 744//2812
f 756//2815 745//2816 750//2817
f 756//2815 751//2818 745//2816
f 757//2819 748//2820 751//2821
f 757//2822 753//2823 752//2824
f 757//2819 752//2825 748//2820
f 757//2826 751//2827 756//2828
f 758//2829 759//2830 689//2831
f 758//2832 755//2833 759//2834
f 758//2832 754//2835 755//2833
f 758//2836 756//2837 750//2838
f 758//2836 750//2838 754//2839
f 760//2840 688//2841 753//2823
f 760//2840 753//2823 757//2822
f 760//2842 757//2826 756//2828
f 761//2843 688//2841 760//2840
f 761//2844 689//2603 688//2602
f 761//2845 758//2829 689//2831
f 761//2846 756//2847 758//2848
f 761//2846 760//2849 756//2847
f 684//2850 686//2851 534//2852
f 684//2850 534//2852 533//2853
f 743//2854 533//2855 537//2856
f 743//2854 684//2857 533//2855
f 755//2858 537//2859 541//2860
f 755//2858 743//2861 537//2859
f 759//2862 541//2863 547//2864
f 759//2862 755//2865 541//2863
f 689//2866 547//2867 554//2868
f 689//2866 759//2869 547//2867
f 687//2870 554//2115 555//2114
f 687//2870 689//2871 554//2115
f 762//2872 459//1802 461//1804
f 763//2873 461//2874 463//2875
f 763//2876 762//2872 461//1804
f 764//2877 463//2878 467//2879
f 764//2880 763//2873 463//2875
f 765//2881 764//2877 467//2879
f 766//2882 467//2883 473//2883
f 766//2884 473//2885 454//2886
f 766//2882 765//2887 467//2883
f 767//2888 454//2889 453//2890
f 767//2884 766//2884 454//2886
f 768//2891 767//2888 453//2890
f 769//2892 767//2893 768//2894
f 770//2895 771//2896 772//2897
f 773//2898 766//2899 767//2900
f 773//2901 767//2893 769//2892
f 774//2902 766//2899 773//2898
f 775//2903 765//2904 766//2905
f 775//2906 764//2907 765//2908
f 775//2903 766//2905 774//2909
f 776//2910 764//2907 775//2906
f 777//2911 764//2880 776//2912
f 777//2913 778//2914 762//2872
f 777//2911 763//2873 764//2880
f 777//2913 762//2872 763//2876
f 779//2915 773//2916 769//2917
f 779//2915 769//2917 780//2918
f 781//2919 773//2920 779//2921
f 781//2919 774//2922 773//2920
f 782//2923 774//2924 781//2925
f 782//2923 775//2926 774//2924
f 783//2927 776//2928 775//2929
f 783//2927 775//2929 782//2930
f 784//2931 778//2914 777//2913
f 784//2932 777//2933 776//2932
f 784//2931 785//2934 778//2914
f 784//2932 776//2932 783//2935
f 786//2936 780//2937 787//2938
f 786//2939 787//2940 788//2941
f 786//2936 779//2942 780//2937
f 789//2943 782//2944 781//2945
f 789//2946 779//2947 786//2948
f 789//2946 781//2949 779//2947
f 790//2950 782//2944 789//2943
f 791//2951 782//2952 790//2953
f 791//2951 783//2954 782//2952
f 792//2955 785//2934 784//2931
f 792//2956 784//2957 783//2958
f 792//2955 793//2959 785//2934
f 792//2956 783//2958 791//2960
f 794//2961 786//2939 788//2941
f 795//2962 786//2963 794//2964
f 795//2962 789//2965 786//2963
f 796//2966 789//2967 795//2968
f 796//2966 790//2969 789//2967
f 797//2970 791//2971 790//2972
f 797//2970 790//2972 796//2973
f 798//2974 793//2959 792//2955
f 798//2974 799//2975 793//2959
f 798//2976 791//2977 797//2976
f 798//2976 792//2978 791//2977
f 800//2979 788//2980 801//2981
f 800//2979 794//2982 788//2980
f 802//2983 795//2984 794//2985
f 802//2983 794//2985 800//2986
f 803//2987 796//2988 795//2989
f 803//2987 795//2989 802//2990
f 804//2991 796//2992 803//2993
f 804//2991 797//2994 796//2992
f 804//2995 798//2996 797//2997
f 805//2998 798//2996 804//2995
f 805//2999 806//3000 799//2975
f 805//2999 799//2975 798//2974
f 807//3001 800//3002 801//3003
f 807//3001 801//3003 808//3004
f 809//3005 800//3006 807//3007
f 809//3005 802//3008 800//3006
f 810//3009 802//3010 809//3011
f 810//3009 803//3012 802//3010
f 810//3013 804//3014 803//3015
f 811//3016 804//3014 810//3013
f 812//3017 813//3018 806//3000
f 812//3019 804//3020 811//3021
f 812//3017 806//3000 805//2999
f 812//3019 805//3022 804//3020
f 814//3023 807//3024 808//3025
f 814//3023 808//3025 815//3026
f 814//3027 815//3028 816//3029
f 817//3030 809//3031 807//3032
f 817//3030 807//3032 814//3033
f 818//3034 810//3035 809//3036
f 818//3034 809//3036 817//3037
f 819//3038 810//3039 818//3040
f 819//3038 811//3041 810//3039
f 820//3042 821//3043 813//3018
f 820//3044 812//3045 811//3046
f 820//3044 811//3046 819//3047
f 820//3042 813//3018 812//3017
f 822//3048 814//3027 816//3029
f 823//3049 814//3050 822//3051
f 823//3049 817//3052 814//3050
f 823//3053 818//3054 817//3055
f 824//3056 818//3054 823//3053
f 825//3057 819//3058 818//3059
f 825//3057 818//3059 824//3060
f 826//3061 827//3062 821//3043
f 826//3061 821//3043 820//3042
f 826//3063 820//3064 819//3065
f 826//3063 819//3065 825//3066
f 828//3067 816//3068 829//3069
f 828//3070 829//3071 830//3072
f 828//3067 822//3073 816//3068
f 831//3074 823//3075 822//3076
f 831//3074 822//3076 828//3077
f 832//3078 824//3079 823//3080
f 832//3078 823//3080 831//3081
f 833//3082 825//3083 824//3084
f 833//3082 824//3084 832//3085
f 834//3086 835//3087 827//3062
f 834//3086 827//3062 826//3061
f 834//3088 826//3089 825//3090
f 834//3088 825//3090 833//3091
f 836//3092 828//3070 830//3072
f 836//3093 830//3094 837//3095
f 838//3096 828//3097 836//3098
f 838//3096 831//3099 828//3097
f 838//3100 832//3101 831//3102
f 839//3103 833//3104 832//3105
f 839//3106 832//3101 838//3100
f 840//3107 833//3104 839//3103
f 841//3108 842//3109 835//3087
f 841//3108 835//3087 834//3086
f 841//3110 834//3111 833//3112
f 841//3110 833//3112 840//3113
f 843//3114 836//3093 837//3095
f 844//3115 836//3116 843//3117
f 844//3115 838//3118 836//3116
f 845//3119 838//3120 844//3121
f 845//3119 839//3122 838//3120
f 846//3123 839//3124 845//3125
f 846//3123 840//3126 839//3124
f 847//3127 840//3128 846//3129
f 847//3130 848//3131 842//3109
f 847//3130 842//3109 841//3108
f 847//3127 841//3132 840//3128
f 849//3133 843//3134 837//3135
f 849//3133 837//3135 850//3136
f 851//3137 843//3138 849//3139
f 851//3140 845//3141 844//3142
f 851//3137 844//3143 843//3138
f 852//3144 845//3141 851//3140
f 853//3145 846//3146 845//3147
f 853//3148 847//3149 846//3150
f 853//3145 845//3147 852//3151
f 854//3152 848//3131 847//3130
f 854//3153 847//3149 853//3148
f 854//3152 855//3154 848//3131
f 856//3155 849//3156 850//3157
f 856//3155 850//3157 857//3158
f 858//3159 851//3160 849//3161
f 858//3159 849//3161 856//3162
f 859//3163 852//3164 851//3165
f 859//3166 853//3166 852//3167
f 859//3163 851//3165 858//3168
f 860//3169 853//3166 859//3166
f 861//3170 854//3171 853//3172
f 861//3173 855//3154 854//3152
f 861//3173 862//3174 855//3154
f 861//3170 853//3172 860//3175
f 863//3176 856//3177 857//3178
f 863//3179 858//3180 856//3181
f 863//3176 857//3178 864//3182
f 865//3183 858//3180 863//3179
f 866//3184 858//3185 865//3186
f 866//3184 859//3187 858//3185
f 867//3188 860//3189 859//3190
f 867//3188 859//3190 866//3191
f 868//3192 869//3193 862//3174
f 868//3192 862//3174 861//3173
f 868//3194 861//3195 860//3196
f 868//3194 860//3196 867//3197
f 870//3198 863//3199 864//3200
f 870//3201 865//3202 863//3203
f 870//3198 864//3200 871//3204
f 872//3205 865//3202 870//3201
f 873//3206 866//3207 865//3206
f 873//3206 865//3206 872//3208
f 873//3209 867//3210 866//3211
f 874//3212 867//3210 873//3209
f 875//3213 876//3214 869//3193
f 875//3213 869//3193 868//3192
f 875//3215 868//3216 867//3217
f 875//3215 867//3217 874//3218
f 877//3219 870//3220 871//3221
f 877//3219 871//3221 878//3222
f 879//3223 870//3223 877//3224
f 879//3223 872//3225 870//3223
f 880//3226 873//3227 872//3228
f 880//3226 872//3228 879//3229
f 881//3230 873//3231 880//3232
f 881//3230 874//3233 873//3231
f 882//3234 883//3235 876//3214
f 882//3234 876//3214 875//3213
f 882//3236 875//3237 874//3238
f 882//3236 874//3238 881//3239
f 884//3240 878//3241 885//3242
f 884//3240 877//3243 878//3241
f 886//3244 879//3245 877//3246
f 886//3244 877//3246 884//3247
f 887//3248 880//3249 879//3250
f 887//3248 879//3250 886//3251
f 888//3252 880//3253 887//3254
f 888//3252 881//3255 880//3253
f 889//3256 890//3257 883//3235
f 889//3256 883//3235 882//3234
f 889//3258 882//3259 881//3260
f 889//3258 881//3260 888//3261
f 891//3262 884//3263 885//3262
f 891//3262 885//3262 892//3264
f 893//3265 884//3266 891//3267
f 893//3265 886//3268 884//3266
f 893//3269 887//3270 886//3271
f 894//3272 887//3270 893//3269
f 895//3273 889//3274 888//3275
f 895//3276 887//3277 894//3278
f 895//3276 888//3279 887//3277
f 896//3280 889//3274 895//3273
f 896//3281 897//3282 890//3257
f 896//3281 890//3257 889//3256
f 898//3283 893//3284 891//3285
f 898//3286 892//3287 899//3288
f 898//3289 899//3290 900//3291
f 898//3286 891//3292 892//3287
f 901//3293 893//3284 898//3283
f 902//3294 893//3295 901//3296
f 902//3294 894//3297 893//3295
f 903//3298 895//3299 894//3300
f 903//3298 894//3300 902//3301
f 904//3302 897//3282 896//3281
f 904//3302 905//3303 897//3282
f 904//3304 895//3305 903//3306
f 904//3304 896//3307 895//3305
f 906//3308 898//3289 900//3291
f 907//3309 901//3310 898//3311
f 907//3309 898//3311 906//3312
f 908//3313 901//3314 907//3315
f 908//3313 902//3316 901//3314
f 909//3317 903//3318 902//3319
f 909//3320 904//3321 903//3322
f 909//3317 902//3319 908//3323
f 910//3324 911//3325 905//3303
f 910//3324 905//3303 904//3302
f 910//3320 904//3321 909//3320
f 912//3326 906//3327 900//3328
f 912//3326 900//3328 913//3329
f 912//3330 913//3331 914//3332
f 915//3333 907//3334 906//3335
f 915//3336 908//3337 907//3338
f 915//3333 906//3335 912//3339
f 916//3336 908//3337 915//3336
f 917//3340 909//3341 908//3342
f 917//3343 910//3344 909//3345
f 917//3340 908//3342 916//3346
f 918//3347 911//3325 910//3324
f 918//3347 919//3348 911//3325
f 918//3349 910//3344 917//3343
f 920//3350 912//3330 914//3332
f 921//3351 915//3352 912//3353
f 921//3351 912//3353 920//3354
f 922//3355 916//3356 915//3357
f 922//3355 915//3357 921//3358
f 923//3359 917//3360 916//3361
f 923//3359 916//3361 922//3362
f 924//3363 925//3364 919//3348
f 924//3363 919//3348 918//3347
f 924//3365 918//3366 917//3367
f 924//3365 917//3367 923//3368
f 926//3369 920//3370 914//3371
f 926//3369 914//3371 927//3372
f 928//3373 921//3374 920//3375
f 928//3373 920//3375 926//3376
f 929//3377 922//3378 921//3379
f 929//3377 921//3379 928//3380
f 930//3381 923//3382 922//3383
f 930//3384 924//3385 923//3386
f 930//3381 922//3383 929//3387
f 931//3388 932//3389 925//3364
f 931//3388 925//3364 924//3363
f 931//3384 924//3385 930//3384
f 933//3390 927//3391 934//3392
f 933//3390 926//3393 927//3391
f 933//3394 928//3395 926//3396
f 935//3397 928//3395 933//3394
f 936//3398 930//3399 929//3400
f 936//3401 929//3402 928//3401
f 936//3401 928//3401 935//3403
f 937//3404 930//3399 936//3398
f 937//3405 931//3406 930//3407
f 938//3408 939//3409 932//3389
f 938//3408 932//3389 931//3388
f 938//3410 931//3406 937//3405
f 940//3411 934//3412 941//3413
f 940//3411 933//3414 934//3412
f 940//3415 935//3416 933//3416
f 942//3417 935//3416 940//3415
f 943//3418 935//3419 942//3420
f 943//3418 936//3421 935//3419
f 944//3422 937//3423 936//3424
f 944//3422 936//3424 943//3425
f 945//3426 938//3427 937//3428
f 945//3426 937//3428 944//3429
f 945//3430 946//3431 939//3409
f 945//3430 939//3409 938//3408
f 947//3432 941//3433 948//3434
f 947//3432 940//3435 941//3433
f 949//3436 940//3437 947//3438
f 949//3436 942//3439 940//3437
f 950//3440 944//3441 943//3442
f 950//3443 942//3444 949//3445
f 950//3443 943//3446 942//3444
f 951//3447 944//3441 950//3440
f 952//3448 953//3449 946//3431
f 952//3450 944//3451 951//3452
f 952//3448 946//3431 945//3430
f 952//3450 945//3453 944//3451
f 954//3454 948//3455 955//3456
f 954//3454 947//3457 948//3455
f 956//3458 949//3459 947//3460
f 956//3458 947//3460 954//3461
f 957//3462 949//3463 956//3464
f 957//3462 950//3465 949//3463
f 958//3466 951//3467 950//3468
f 958//3466 950//3468 957//3469
f 959//3470 960//3471 953//3449
f 959//3472 951//3473 958//3474
f 959//3470 953//3449 952//3448
f 959//3472 952//3475 951//3473
f 961//3476 954//3477 955//3478
f 961//3479 956//3480 954//3481
f 961//3476 955//3478 962//3482
f 963//3483 956//3480 961//3479
f 964//3484 957//3485 956//3486
f 964//3484 956//3486 963//3487
f 965//3488 957//3489 964//3490
f 965//3488 958//3491 957//3489
f 965//3492 959//3493 958//3494
f 966//3495 967//3496 960//3471
f 966//3495 960//3471 959//3470
f 966//3497 959//3493 965//3492
f 968//3498 963//3499 961//3500
f 968//3501 961//3502 962//3503
f 968//3501 962//3503 969//3504
f 970//3505 963//3499 968//3498
f 971//3506 965//3507 964//3508
f 971//3509 964//3510 963//3511
f 971//3509 963//3511 970//3512
f 972//3513 965//3507 971//3506
f 973//3514 974//3515 967//3496
f 973//3514 967//3496 966//3495
f 973//3516 966//3517 965//3518
f 973//3516 965//3518 972//3519
f 975//3520 968//3521 969//3520
f 975//3520 969//3520 976//3522
f 977//3523 968//3524 975//3525
f 977//3523 970//3526 968//3524
f 978//3527 971//3528 970//3529
f 978//3530 972//3531 971//3532
f 978//3527 970//3529 977//3533
f 979//3534 972//3531 978//3530
f 980//3535 981//3536 974//3515
f 980//3535 974//3515 973//3514
f 980//3537 973//3538 972//3539
f 980//3537 972//3539 979//3540
f 982//3541 983//3542 984//3543
f 982//3544 984//3545 985//3546
f 982//3547 976//3548 986//3549
f 982//3541 986//3550 983//3542
f 982//3547 975//3551 976//3548
f 987//3552 975//3553 982//3554
f 987//3555 982//3544 985//3546
f 987//3552 977//3556 975//3553
f 988//3557 985//3558 989//3559
f 988//3560 989//3561 990//3562
f 988//3563 978//3564 977//3565
f 988//3563 977//3565 987//3566
f 988//3557 987//3567 985//3558
f 991//3568 978//3569 988//3570
f 991//3571 988//3560 990//3562
f 991//3568 979//3572 978//3569
f 992//3573 991//3574 990//3575
f 992//3573 990//3575 772//3576
f 992//3577 979//3578 991//3579
f 992//3580 771//2896 981//3536
f 992//3580 772//2897 771//2896
f 992//3580 981//3536 980//3535
f 992//3577 980//3581 979//3578
f 984//3582 993//3582 994//3582
f 984//3582 983//3583 993//3582
f 985//3584 994//3585 995//3585
f 985//3584 984//3586 994//3585
f 989//3587 995//3587 996//3587
f 989//3587 985//3587 995//3587
f 990//3588 996//3588 997//3588
f 990//3588 989//3588 996//3588
f 772//3576 997//3589 998//3590
f 772//2897 998//3591 999//3592
f 772//3576 990//3575 997//3589
f 770//2895 772//2897 999//3592
f 993//3593 1000//3594 994//3595
f 1001//3596 1002//3597 1003//3598
f 1001//3596 1003//3598 1004//3599
f 1005//3600 1006//3601 1002//3602
f 1005//3600 1002//3602 1001//3603
f 1007//3604 1008//3605 1009//3606
f 1007//3607 1009//3608 1006//3609
f 1007//3607 1006//3609 1005//3610
f 1010//3611 1008//3605 1007//3604
f 1011//3612 1012//3613 1013//3614
f 1011//3615 1013//3616 1008//3616
f 1011//3612 1014//3617 1012//3613
f 1011//3615 1008//3616 1010//3618
f 1015//3619 1004//3599 1016//3620
f 1015//3619 1016//3620 1017//3621
f 1015//3619 1001//3596 1004//3599
f 1018//3622 1001//3623 1015//3624
f 1018//3622 1005//3625 1001//3623
f 1019//3626 1007//3627 1005//3628
f 1019//3626 1005//3628 1018//3629
f 1020//3630 1007//3631 1019//3632
f 1020//3630 1010//3633 1007//3631
f 1021//3634 1014//3635 1011//3635
f 1021//3636 1011//3637 1010//3638
f 1021//3636 1010//3638 1020//3639
f 1021//3634 1022//3640 1014//3635
f 1023//3641 1015//3619 1017//3621
f 1024//3642 1019//3643 1018//3643
f 1024//3644 1015//3644 1023//3645
f 1024//3644 1018//3646 1015//3644
f 1025//3647 1019//3643 1024//3642
f 1026//3648 1019//3649 1025//3650
f 1026//3648 1020//3651 1019//3649
f 1026//3652 1021//3653 1020//3654
f 1027//3655 1028//3656 1022//3657
f 1027//3658 1021//3653 1026//3652
f 1027//3655 1022//3657 1021//3659
f 1029//3660 1017//3621 1030//3661
f 1029//3660 1023//3641 1017//3621
f 1031//3662 1023//3663 1029//3664
f 1031//3662 1024//3665 1023//3663
f 1032//3666 1025//3667 1024//3668
f 1032//3666 1024//3668 1031//3669
f 1033//3670 1026//3671 1025//3672
f 1033//3670 1025//3672 1032//3673
f 1034//3674 1027//3675 1026//3676
f 1034//3677 1028//3678 1027//3679
f 1034//3677 1035//3680 1028//3678
f 1034//3674 1026//3676 1033//3681
f 1036//3682 1029//3660 1030//3661
f 1036//3682 1030//3661 1037//3683
f 1038//3684 1031//3685 1029//3686
f 1038//3684 1029//3686 1036//3687
f 1039//3688 1032//3689 1031//3690
f 1039//3688 1031//3690 1038//3691
f 1040//3692 1034//3693 1033//3694
f 1040//3695 1032//3696 1039//3697
f 1040//3695 1033//3698 1032//3696
f 1041//3699 1034//3693 1040//3692
f 1041//3700 1035//3701 1034//3702
f 1041//3700 1042//3703 1035//3701
f 1043//3704 1037//3683 1044//3705
f 1043//3704 1044//3705 1045//3706
f 1043//3704 1036//3682 1037//3683
f 1046//3707 1038//3708 1036//3709
f 1046//3707 1036//3709 1043//3710
f 1047//3711 1040//3712 1039//3713
f 1047//3714 1038//3715 1046//3716
f 1047//3714 1039//3717 1038//3715
f 1048//3718 1040//3712 1047//3711
f 1049//3719 1041//3720 1040//3721
f 1049//3719 1040//3721 1048//3722
f 1049//3723 1042//3724 1041//3725
f 1049//3723 1050//3726 1042//3724
f 1051//3706 1043//3704 1045//3706
f 1052//3727 1046//3728 1043//3729
f 1052//3727 1043//3729 1051//3730
f 1053//3731 1046//3732 1052//3733
f 1053//3731 1047//3734 1046//3732
f 1054//3735 1047//3736 1053//3737
f 1054//3735 1048//3738 1047//3736
f 1055//3739 1050//3740 1049//3741
f 1055//3742 1048//3743 1054//3744
f 1055//3739 1056//3745 1050//3740
f 1055//3742 1049//3746 1048//3743
f 1057//3747 1051//3706 1045//3706
f 1057//3747 1045//3706 1058//3748
f 1057//3747 1058//3748 1059//3749
f 1060//3750 1052//3751 1051//3752
f 1060//3750 1051//3752 1057//3753
f 1061//3754 1052//3755 1060//3756
f 1061//3754 1053//3757 1052//3755
f 1062//3758 1054//3759 1053//3760
f 1062//3758 1053//3760 1061//3761
f 1063//3762 1055//3763 1054//3764
f 1063//3765 1056//3766 1055//3767
f 1063//3762 1054//3764 1062//3762
f 1063//3765 1064//3768 1056//3766
f 1065//3769 1057//3747 1059//3749
f 1066//3770 1057//3771 1065//3772
f 1066//3770 1060//3773 1057//3771
f 1067//3774 1060//3774 1066//3775
f 1067//3774 1061//3776 1060//3774
f 1067//3777 1062//3778 1061//3779
f 1068//3780 1062//3778 1067//3777
f 1069//3781 1063//3782 1062//3783
f 1069//3784 1064//3785 1063//3786
f 1069//3784 1070//3787 1064//3785
f 1069//3781 1062//3783 1068//3781
f 1071//3788 1059//3749 1072//3789
f 1071//3788 1065//3769 1059//3749
f 1073//3790 1066//3791 1065//3792
f 1073//3790 1065//3792 1071//3793
f 1073//3794 1067//3794 1066//3795
f 1074//3794 1067//3794 1073//3794
f 1075//3796 1068//3797 1067//3798
f 1075//3796 1067//3798 1074//3799
f 1076//3800 1077//3801 1070//3802
f 1076//3800 1070//3802 1069//3803
f 1076//3804 1069//3805 1068//3806
f 1076//3804 1068//3806 1075//3807
f 1078//3808 1072//3789 1079//3809
f 1078//3808 1079//3809 1080//3810
f 1078//3808 1071//3788 1072//3789
f 1081//3811 1071//3812 1078//3813
f 1081//3811 1073//3814 1071//3812
f 1082//3815 1073//3816 1081//3817
f 1082//3815 1074//3818 1073//3816
f 1083//3819 1074//3820 1082//3821
f 1083//3819 1075//3822 1074//3820
f 1084//3823 1075//3824 1083//3825
f 1084//3826 1085//3827 1077//3828
f 1084//3826 1077//3828 1076//3829
f 1084//3823 1076//3830 1075//3824
f 1086//3831 1078//3808 1080//3810
f 1087//3832 1082//3833 1081//3834
f 1087//3835 1078//3836 1086//3837
f 1087//3835 1081//3838 1078//3836
f 1088//3839 1082//3833 1087//3832
f 1089//3840 1083//3841 1082//3842
f 1089//3843 1084//3844 1083//3845
f 1089//3840 1082//3842 1088//3846
f 1090//3847 1085//3848 1084//3849
f 1090//3850 1084//3844 1089//3843
f 1090//3847 1091//3851 1085//3848
f 1092//3852 1080//3810 1093//3853
f 1092//3852 1086//3831 1080//3810
f 1094//3854 1086//3855 1092//3856
f 1094//3854 1087//3857 1086//3855
f 1095//3858 1087//3859 1094//3860
f 1095//3858 1088//3861 1087//3859
f 1096//3862 1089//3863 1088//3864
f 1096//3862 1088//3864 1095//3865
f 1097//3866 1090//3867 1089//3868
f 1097//3869 1091//3870 1090//3871
f 1097//3866 1089//3868 1096//3872
f 1097//3869 1098//3873 1091//3870
f 1099//3874 1092//3852 1093//3853
f 1099//3874 1093//3853 1100//3875
f 1099//3876 1094//3877 1092//3878
f 1101//3879 1094//3877 1099//3876
f 1102//3880 1095//3881 1094//3882
f 1102//3883 1096//3884 1095//3885
f 1102//3880 1094//3882 1101//3886
f 1103//3887 1096//3884 1102//3883
f 1104//3888 1097//3889 1096//3889
f 1104//3890 1098//3891 1097//3892
f 1104//3888 1096//3889 1103//3893
f 1104//3890 1105//3894 1098//3891
f 1106//3895 1100//3875 1107//3896
f 1106//3895 1099//3874 1100//3875
f 1106//3897 1101//3898 1099//3899
f 1108//3900 1101//3898 1106//3897
f 1109//3901 1102//3902 1101//3903
f 1109//3901 1101//3903 1108//3904
f 1110//3905 1103//3906 1102//3905
f 1110//3905 1102//3905 1109//3907
f 1111//3908 1104//3909 1103//3910
f 1111//3911 1105//3912 1104//3913
f 1111//3911 1112//3914 1105//3912
f 1111//3908 1103//3910 1110//3915
f 1113//3916 1107//3896 1114//3917
f 1113//3916 1106//3895 1107//3896
f 1115//3918 1106//3919 1113//3920
f 1115//3918 1108//3921 1106//3919
f 1116//3922 1109//3923 1108//3923
f 1116//3922 1108//3923 1115//3924
f 1117//3925 1110//3926 1109//3927
f 1117//3925 1109//3927 1116//3928
f 1118//3929 1110//3930 1117//3931
f 1118//3932 1119//3933 1112//3934
f 1118//3932 1112//3934 1111//3935
f 1118//3929 1111//3936 1110//3930
f 1120//3937 1114//3917 1121//3938
f 1120//3937 1113//3916 1114//3917
f 1122//3939 1113//3940 1120//3941
f 1122//3939 1115//3940 1113//3940
f 1123//3942 1116//3942 1115//3943
f 1123//3942 1115//3943 1122//3944
f 1124//3945 1116//3946 1123//3947
f 1124//3945 1117//3948 1116//3946
f 1125//3949 1126//3950 1119//3951
f 1125//3952 1118//3953 1117//3954
f 1125//3949 1119//3951 1118//3955
f 1125//3952 1117//3954 1124//3956
f 1127//3957 1121//3938 1128//3958
f 1127//3957 1120//3937 1121//3938
f 1129//3959 1120//3960 1127//3961
f 1129//3959 1122//3962 1120//3960
f 1130//3963 1122//3964 1129//3965
f 1130//3963 1123//3966 1122//3964
f 1131//3967 1125//3968 1124//3969
f 1131//3970 1123//3971 1130//3972
f 1131//3970 1124//3973 1123//3971
f 1132//3974 1125//3968 1131//3967
f 1132//3975 1133//3976 1126//3977
f 1132//3975 1126//3977 1125//3978
f 1134//3979 1128//3958 1135//3980
f 1134//3979 1135//3980 1136//3981
f 1134//3979 1127//3957 1128//3958
f 1137//3982 1129//3983 1127//3984
f 1137//3982 1127//3984 1134//3985
f 1138//3986 1130//3987 1129//3988
f 1138//3986 1129//3988 1137//3989
f 1139//3990 1131//3991 1130//3992
f 1139//3990 1130//3992 1138//3993
f 1140//3994 1133//3995 1132//3996
f 1140//3994 1141//3994 1133//3995
f 1140//3997 1131//3998 1139//3999
f 1140//3997 1132//4000 1131//3998
f 1142//4001 1134//3979 1136//3981
f 1143//4002 1137//4003 1134//4004
f 1143//4002 1134//4004 1142//4002
f 1144//4005 1138//4006 1137//4007
f 1144//4005 1137//4007 1143//4008
f 1145//4009 1140//4010 1139//4011
f 1145//4012 1138//4013 1144//4014
f 1145//4012 1139//4015 1138//4013
f 1146//4016 1140//4010 1145//4009
f 1146//4017 1141//4018 1140//4019
f 1146//4017 1147//4020 1141//4018
f 1148//4021 1136//3981 1149//4022
f 1148//4021 1142//4001 1136//3981
f 1150//4023 1143//4024 1142//4025
f 1150//4023 1142//4025 1148//4026
f 1151//4027 1144//4028 1143//4029
f 1151//4027 1143//4029 1150//4030
f 1152//4031 1146//4032 1145//4033
f 1152//4034 1144//4035 1151//4034
f 1152//4034 1145//4036 1144//4035
f 1153//4037 1146//4032 1152//4031
f 1153//4038 1147//4039 1146//4040
f 1153//4038 1154//4041 1147//4039
f 1155//4042 1149//4022 1156//4043
f 1155//4042 1148//4021 1149//4022
f 1157//4044 1148//4045 1155//4046
f 1157//4044 1150//4047 1148//4045
f 1158//4048 1151//4049 1150//4050
f 1158//4048 1150//4050 1157//4051
f 1159//4052 1152//4053 1151//4054
f 1159//4052 1151//4054 1158//4055
f 1160//4056 1153//4057 1152//4058
f 1160//4059 1161//4060 1154//4061
f 1160//4059 1154//4061 1153//4061
f 1160//4056 1152//4058 1159//4062
f 1162//4063 1156//4043 1163//4064
f 1162//4063 1155//4042 1156//4043
f 1164//4065 1157//4066 1155//4067
f 1164//4065 1155//4067 1162//4068
f 1165//4069 1157//4070 1164//4071
f 1165//4069 1158//4072 1157//4070
f 1166//4073 1159//4074 1158//4073
f 1166//4075 1160//4076 1159//4077
f 1166//4073 1158//4073 1165//4078
f 1167//4079 1168//4080 1161//4081
f 1167//4079 1161//4081 1160//4082
f 1167//4083 1160//4076 1166//4075
f 1169//4084 1163//4064 1170//4085
f 1169//4084 1162//4063 1163//4064
f 1169//4086 1164//4087 1162//4088
f 1171//4089 1164//4087 1169//4086
f 1172//4090 1165//4091 1164//4092
f 1172//4093 1166//4093 1165//4094
f 1172//4090 1164//4092 1171//4095
f 1173//4096 1167//4097 1166//4098
f 1173//4099 1166//4093 1172//4093
f 1174//4100 1175//4101 1168//4102
f 1174//4100 1168//4102 1167//4103
f 1174//4104 1167//4097 1173//4096
f 1176//4105 1170//4085 1177//4106
f 1176//4105 1169//4084 1170//4085
f 1178//4107 1169//4108 1176//4109
f 1178//4107 1171//4110 1169//4108
f 1179//4111 1173//4112 1172//4113
f 1179//4114 1171//4115 1178//4116
f 1179//4114 1172//4117 1171//4115
f 1180//4118 1173//4112 1179//4111
f 1181//4119 1174//4120 1173//4121
f 1181//4122 1182//4123 1175//4124
f 1181//4119 1173//4121 1180//4125
f 1181//4122 1175//4124 1174//4126
f 1183//4127 1177//4106 1184//4128
f 1183//4127 1176//4105 1177//4106
f 1183//4129 1178//4130 1176//4131
f 1185//4132 1178//4130 1183//4129
f 1186//4133 1179//4134 1178//4135
f 1186//4133 1178//4135 1185//4136
f 1187//4137 1179//4138 1186//4139
f 1187//4137 1180//4140 1179//4138
f 1188//4141 1180//4142 1187//4143
f 1188//4144 1182//4145 1181//4146
f 1188//4144 1189//4147 1182//4145
f 1188//4141 1181//4148 1180//4142
f 1190//4149 1183//4127 1184//4128
f 1190//4150 1185//4151 1183//4152
f 1190//4149 1184//4128 1191//4153
f 1192//4154 1185//4151 1190//4150
f 1193//4155 1185//4156 1192//4157
f 1193//4155 1186//4158 1185//4156
f 1194//4159 1187//4160 1186//4161
f 1194//4159 1186//4161 1193//4162
f 1195//4163 1188//4164 1187//4165
f 1195//4166 1189//4167 1188//4168
f 1195//4163 1187//4165 1194//4169
f 1195//4166 1196//4170 1189//4167
f 1197//4171 1191//4153 1198//4172
f 1197//4171 1190//4149 1191//4153
f 1197//4173 1192//4174 1190//4175
f 1199//4176 1192//4174 1197//4173
f 1200//4177 1193//4178 1192//4179
f 1200//4180 1194//4181 1193//4182
f 1200//4177 1192//4179 1199//4183
f 1201//4184 1194//4181 1200//4180
f 1201//4185 1195//4186 1194//4187
f 1202//4188 1196//4189 1195//4190
f 1202//4188 1203//4191 1196//4189
f 1202//4192 1195//4186 1201//4185
f 1204//4193 1198//4172 1205//4194
f 1204//4193 1197//4171 1198//4172
f 1204//4195 1199//4196 1197//4197
f 1206//4198 1199//4196 1204//4195
f 1207//4199 1200//4200 1199//4201
f 1207//4199 1199//4201 1206//4202
f 1208//4203 1201//4204 1200//4203
f 1208//4203 1200//4203 1207//4205
f 1209//4206 1201//4207 1208//4208
f 1209//4209 1203//4210 1202//4211
f 1209//4209 1210//4212 1203//4210
f 1209//4206 1202//4213 1201//4207
f 1211//4214 1205//4194 1212//4215
f 1211//4214 1204//4193 1205//4194
f 1211//4216 1206//4217 1204//4218
f 1213//4219 1207//4220 1206//4221
f 1213//4222 1206//4217 1211//4216
f 1214//4223 1208//4224 1207//4225
f 1214//4226 1207//4220 1213//4219
f 1215//4227 1208//4224 1214//4223
f 1216//4228 1217//4229 1210//4228
f 1216//4230 1209//4231 1208//4230
f 1216//4228 1210//4228 1209//4232
f 1216//4230 1208//4230 1215//4233
f 1218//4234 1212//4215 1219//4235
f 1218//4234 1219//4235 999//3592
f 1218//4236 998//3590 997//3589
f 1218//4234 999//3592 998//3591
f 1218//4234 1211//4214 1212//4215
f 1218//4237 1213//4238 1211//4239
f 1220//4240 1218//4236 997//3589
f 1220//4241 1213//4238 1218//4237
f 1221//4242 996//4243 995//4244
f 1221//4245 997//4246 996//4247
f 1221//4248 1214//4249 1213//4250
f 1221//4245 1220//4251 997//4246
f 1221//4248 1213//4250 1220//4252
f 1222//4253 1214//4254 1221//4255
f 1222//4253 1215//4256 1214//4254
f 1222//4257 1216//4258 1215//4259
f 1222//4260 1221//4242 995//4244
f 1223//4261 1222//4262 995//4263
f 1223//4264 1216//4258 1222//4257
f 1223//4265 994//3595 1000//3594
f 1223//4261 995//4263 994//4266
f 1223//4267 1000//4268 1217//4269
f 1223//4267 1217//4269 1216//4270
f 1013//4271 1012//4271 691//4272
f 1013//4271 691//4272 693//4272
f 1013//4273 693//4274 695//4275
f 1008//4276 695//4277 699//4277
f 1008//4278 1013//4273 695//4275
f 1009//4279 1008//4276 699//4277
f 1006//4280 699//4281 705//4282
f 1006//3601 705//4283 714//4283
f 1006//4280 1009//4284 699//4281
f 1002//3602 1006//3601 714//4283
f 1003//3598 714//2659 713//2655
f 1003//3598 1002//3597 714//2659
f 1224//4285 1225//4285 1226//4286
f 1227//4287 1228//4288 1229//4289
f 1230//4290 1231//4291 1232//4292
f 1230//4290 1232//4292 1233//4293
f 1234//4294 1235//4295 1231//4296
f 1234//4294 1231//4296 1230//4297
f 1236//4298 1233//4299 1237//4300
f 1236//4298 1230//4301 1233//4299
f 1238//4302 1239//4303 1235//4304
f 1238//4302 1235//4304 1234//4305
f 1240//4306 1237//4307 1241//4308
f 1240//4309 1236//4310 1237//4311
f 1242//4312 1236//4313 1240//4314
f 1242//4315 1230//4316 1236//4317
f 1242//4315 1234//4318 1230//4316
f 1243//4319 1240//4319 1241//4320
f 1244//4321 1245//4322 1239//4323
f 1244//4321 1239//4323 1238//4324
f 1246//4325 1240//4326 1243//4327
f 1246//4328 1242//4312 1240//4314
f 1247//4329 1238//4330 1234//4331
f 1247//4329 1234//4331 1242//4332
f 1248//4333 1246//4325 1243//4327
f 1249//4334 1241//4335 1250//4336
f 1249//4337 1243//4338 1241//4337
f 1251//4339 1252//4340 1245//4341
f 1251//4342 1253//4343 1252//4344
f 1251//4342 1254//4345 1253//4343
f 1251//4339 1245//4341 1244//4346
f 1255//4347 1247//4348 1242//4349
f 1255//4347 1242//4349 1246//4350
f 1256//4351 1244//4352 1238//4353
f 1256//4351 1238//4353 1247//4354
f 1257//4355 1246//4356 1248//4357
f 1257//4355 1255//4358 1246//4356
f 1258//4359 1248//4360 1243//4361
f 1258//4359 1243//4361 1249//4362
f 1259//4363 1247//4364 1255//4365
f 1259//4363 1256//4366 1247//4364
f 1260//4367 1258//4368 1249//4369
f 1260//4370 1250//4370 1261//4370
f 1260//4371 1249//4372 1250//4373
f 1262//4374 1263//4375 1254//4376
f 1262//4374 1254//4376 1251//4377
f 1262//4378 1251//4379 1244//4380
f 1262//4378 1244//4380 1256//4381
f 1264//4382 1259//4383 1255//4384
f 1264//4382 1255//4384 1257//4385
f 1265//4386 1248//4387 1258//4388
f 1265//4386 1257//4389 1248//4387
f 1266//4390 1256//4391 1259//4392
f 1266//4390 1262//4393 1256//4391
f 1266//4394 1263//4395 1262//4396
f 1267//4397 1258//4368 1260//4367
f 1268//4398 1261//4399 1269//4400
f 1268//4398 1260//4401 1261//4399
f 1270//4402 1263//4395 1266//4394
f 1270//4402 1271//4403 1263//4395
f 1270//4404 1266//4405 1259//4406
f 1270//4404 1259//4406 1264//4407
f 1272//4408 1264//4409 1257//4410
f 1272//4408 1257//4410 1265//4411
f 1273//4412 1269//4413 1274//4414
f 1273//4415 1268//4416 1269//4415
f 1275//4417 1272//4418 1265//4419
f 1275//4420 1258//4421 1267//4422
f 1275//4420 1265//4423 1258//4421
f 1276//4424 1267//4425 1260//4426
f 1276//4424 1260//4426 1268//4427
f 1276//4428 1268//4429 1273//4430
f 1277//4431 1271//4403 1270//4402
f 1277//4432 1270//4433 1264//4434
f 1277//4432 1264//4434 1272//4435
f 1278//4436 1273//4437 1274//4437
f 1279//4438 1276//4428 1273//4430
f 1280//4439 1272//4418 1275//4417
f 1281//4440 1275//4441 1267//4442
f 1281//4440 1267//4442 1276//4443
f 1282//4444 1274//4444 1225//4444
f 1282//4445 1225//4445 1224//4445
f 1282//4446 1278//4447 1274//4446
f 1283//4448 1273//4449 1278//4450
f 1283//4448 1279//4451 1273//4449
f 1284//4452 1276//4453 1279//4454
f 1284//4452 1281//4455 1276//4453
f 1285//4456 1271//4457 1277//4458
f 1285//4456 1286//4459 1271//4457
f 1285//4460 1277//4461 1272//4462
f 1285//4460 1272//4462 1280//4463
f 1287//4464 1275//4465 1281//4466
f 1287//4464 1280//4467 1275//4465
f 1288//4468 1289//4469 1290//4470
f 1288//4471 1224//4472 1289//4473
f 1288//4471 1282//4474 1224//4472
f 1288//4475 1278//4476 1282//4477
f 1288//4475 1283//4478 1278//4476
f 1291//4479 1279//4480 1283//4481
f 1291//4479 1284//4482 1279//4480
f 1291//4483 1283//4484 1288//4485
f 1292//4486 1287//4487 1281//4488
f 1292//4486 1281//4488 1284//4489
f 1293//4490 1294//4491 1286//4492
f 1293//4490 1286//4492 1285//4493
f 1293//4494 1287//4495 1292//4496
f 1293//4497 1285//4498 1280//4499
f 1293//4497 1280//4499 1287//4500
f 1295//4501 1290//4502 1296//4503
f 1295//4504 1288//4468 1290//4470
f 1295//4505 1291//4483 1288//4485
f 1297//4506 1284//4507 1291//4508
f 1297//4506 1292//4509 1284//4507
f 1297//4510 1291//4511 1295//4512
f 1298//4513 1294//4514 1293//4515
f 1298//4516 1293//4494 1292//4496
f 1299//4517 1295//4501 1296//4503
f 1299//4518 1297//4510 1295//4512
f 1300//4519 1228//4520 1294//4514
f 1300//4519 1294//4514 1298//4513
f 1300//4521 1292//4522 1297//4523
f 1300//4521 1298//4524 1292//4522
f 1300//4525 1297//4526 1299//4527
f 1301//4528 1296//4529 1229//4530
f 1301//4531 1228//4520 1300//4519
f 1301//4528 1299//4532 1296//4529
f 1301//4533 1229//4289 1228//4288
f 1301//4534 1300//4525 1299//4527
f 1232//4535 453//4536 452//4536
f 1233//4537 452//4538 479//4539
f 1233//4540 1232//4535 452//4536
f 1237//4541 479//4542 491//4543
f 1237//4537 1233//4537 479//4539
f 1241//4544 491//4545 501//4546
f 1241//4541 1237//4541 491//4543
f 1250//4547 501//4548 513//4548
f 1250//4549 1241//4544 501//4546
f 1261//4550 513//4551 520//4552
f 1261//4553 1250//4547 513//4548
f 1269//4552 1261//4550 520//4552
f 1274//4554 526//4555 456//4554
f 1274//4556 520//4557 526//4557
f 1274//4556 1269//4558 520//4557
f 1225//4559 456//4560 455//4560
f 1225//4554 1274//4554 456//4554
f 1226//4559 1225//4559 455//4560
f 634//2374 635//2373 1227//4561
f 634//2374 1227//4561 1229//4562
f 627//4563 1229//4564 1296//4565
f 627//4563 634//4566 1229//4564
f 621//4567 1296//4568 1290//4569
f 621//4567 627//4570 1296//4568
f 617//4571 1290//4572 1289//4573
f 617//4571 621//4574 1290//4572
f 613//4575 1289//4575 1224//4576
f 613//4575 617//4577 1289//4575
f 614//4578 1224//4579 1226//4580
f 614//4578 613//4581 1224//4579
f 1302//4582 1303//4582 1304//4583
f 1305//4584 1306//4585 1307//4586
f 1308//4587 1309//4588 372//4589
f 1308//4587 372//4589 1310//4590
f 1311//4591 1312//4592 1309//4593
f 1311//4591 1309//4593 1308//4594
f 1313//4595 1310//4596 1314//4597
f 1313//4595 1308//4598 1310//4596
f 1315//4599 1316//4600 1312//4601
f 1315//4599 1312//4601 1311//4602
f 1317//4603 1314//4604 1318//4605
f 1317//4606 1313//4607 1314//4608
f 1319//4609 1313//4610 1317//4611
f 1319//4612 1308//4613 1313//4614
f 1319//4612 1311//4615 1308//4613
f 1320//4616 1317//4616 1318//4616
f 1321//4321 1322//4617 1316//4618
f 1321//4321 1316//4618 1315//4619
f 1323//4620 1319//4609 1317//4611
f 1324//4621 1315//4622 1311//4623
f 1324//4621 1311//4623 1319//4624
f 1325//4625 1323//4626 1317//4627
f 1325//4625 1317//4627 1320//4628
f 1326//4629 1318//4630 1327//4631
f 1326//4632 1320//4633 1318//4632
f 1328//4634 1329//4635 1322//4636
f 1328//4637 1330//4638 1329//4639
f 1328//4637 1331//4640 1330//4638
f 1328//4634 1322//4636 1321//4641
f 1332//4642 1324//4643 1319//4644
f 1332//4642 1319//4644 1323//4645
f 1333//4646 1324//4647 1332//4648
f 1333//4649 1321//4650 1315//4651
f 1333//4649 1315//4651 1324//4652
f 1334//4653 1323//4356 1325//4654
f 1334//4653 1332//4655 1323//4356
f 1335//4656 1320//4657 1326//4658
f 1335//4656 1325//4659 1320//4657
f 1335//4660 1334//4661 1325//4662
f 1336//4663 1333//4646 1332//4648
f 1337//4664 1327//4664 1338//4664
f 1337//4665 1326//4666 1327//4665
f 1339//4667 1340//4668 1331//4669
f 1339//4667 1331//4669 1328//4670
f 1339//4671 1328//4672 1321//4673
f 1339//4671 1321//4673 1333//4674
f 1341//4675 1336//4676 1332//4677
f 1341//4675 1332//4677 1334//4678
f 1342//4679 1334//4661 1335//4660
f 1343//4680 1333//4681 1336//4682
f 1343//4680 1339//4683 1333//4681
f 1343//4684 1340//4685 1339//4686
f 1344//4687 1335//4688 1326//4689
f 1344//4687 1326//4689 1337//4690
f 1345//4691 1338//4692 1346//4693
f 1345//4691 1337//4694 1338//4692
f 1347//4695 1336//4696 1341//4697
f 1347//4695 1343//4698 1336//4696
f 1347//4699 1340//4685 1343//4684
f 1347//4699 1348//4700 1340//4685
f 1349//4701 1334//4702 1342//4703
f 1349//4701 1341//4704 1334//4702
f 1350//4705 1346//4705 1351//4706
f 1350//4707 1345//4708 1346//4707
f 1352//4709 1335//4710 1344//4711
f 1352//4709 1342//4712 1335//4710
f 1353//4713 1344//4714 1337//4715
f 1353//4713 1337//4715 1345//4424
f 1353//4716 1352//4717 1344//4718
f 1354//4719 1341//4720 1349//4721
f 1354//4722 1348//4700 1347//4699
f 1354//4719 1347//4723 1341//4720
f 1355//4724 1350//4725 1351//4725
f 1356//4726 1345//4727 1350//4728
f 1356//4726 1353//4729 1345//4727
f 1356//4730 1350//4731 1355//4732
f 1357//4733 1349//4734 1342//4735
f 1357//4733 1342//4735 1352//4736
f 1358//4737 1352//4717 1353//4716
f 1358//4738 1357//4739 1352//4740
f 1359//4741 1351//4742 1303//4742
f 1359//4743 1303//4743 1302//4743
f 1359//4744 1355//4745 1351//4746
f 1360//4747 1356//4730 1355//4732
f 1361//4748 1353//4749 1356//4750
f 1361//4748 1358//4751 1353//4749
f 1361//4752 1356//4753 1360//4754
f 1362//4755 1363//4756 1348//4757
f 1362//4758 1354//4759 1349//4760
f 1362//4755 1348//4757 1354//4761
f 1362//4758 1349//4760 1357//4463
f 1364//4762 1357//4739 1358//4738
f 1365//4763 1302//4764 1366//4473
f 1365//4763 1359//4765 1302//4764
f 1365//4766 1355//4767 1359//4768
f 1365//4766 1360//4769 1355//4767
f 1367//4770 1361//4752 1360//4754
f 1368//4771 1358//4772 1361//4773
f 1368//4771 1364//4486 1358//4772
f 1369//4774 1370//4775 1363//4776
f 1369//4774 1363//4776 1362//4777
f 1369//4778 1362//4779 1357//4780
f 1369//4778 1357//4780 1364//4781
f 1371//4782 1366//4783 1372//4784
f 1371//4782 1365//4785 1366//4783
f 1371//4786 1360//4787 1365//4788
f 1371//4786 1367//4789 1360//4787
f 1373//4790 1361//4791 1367//4792
f 1373//4790 1368//4793 1361//4791
f 1374//4794 1370//4795 1369//4796
f 1374//4797 1364//4798 1368//4799
f 1374//4797 1369//4800 1364//4798
f 1374//4801 1368//4802 1373//4803
f 1375//4804 1372//4805 1376//4806
f 1375//4804 1371//4807 1372//4805
f 1375//4808 1367//4809 1371//4810
f 1375//4808 1373//4811 1367//4809
f 1377//4812 1306//4813 1370//4795
f 1377//4812 1370//4795 1374//4794
f 1377//4814 1374//4801 1373//4803
f 1378//4815 1376//4816 1307//4817
f 1378//4818 1306//4813 1377//4812
f 1378//4815 1375//4819 1376//4816
f 1378//4820 1307//4586 1306//4585
f 1378//4821 1373//4822 1375//4823
f 1378//4821 1377//4824 1373//4822
f 534//4825 1304//4826 1303//4559
f 535//4827 1303//4828 1351//4829
f 535//4830 534//4825 1303//4559
f 539//4831 1351//4832 1346//4833
f 539//4834 535//4827 1351//4829
f 543//4835 1346//4836 1338//4837
f 543//4838 539//4831 1346//4833
f 552//4839 1338//4840 1327//4841
f 552//4842 543//4835 1338//4837
f 563//4843 1327//4844 1318//4844
f 563//4839 552//4839 1327//4841
f 571//4845 563//4843 1318//4844
f 576//4846 1314//4847 1310//4848
f 576//4849 1318//4850 1314//4851
f 576//4849 571//4852 1318//4850
f 531//4853 1310//4854 372//4855
f 531//4856 576//4846 1310//4848
f 371//4857 531//4853 372//4855
f 1379//4858 1380//4858 1381//4859
f 1382//4860 1383//2319 1384//2320
f 1382//4860 1384//2320 1385//4861
f 1386//4862 1387//4863 1383//4864
f 1386//4862 1383//4864 1382//4865
f 1388//4866 1385//4867 1389//4868
f 1388//4866 1382//4869 1385//4867
f 1390//4870 1391//4871 1387//4872
f 1390//4870 1387//4872 1386//4873
f 1392//4874 1389//4875 1393//4876
f 1392//4877 1388//4878 1389//4877
f 1394//4879 1382//4880 1388//4881
f 1394//4879 1386//4882 1382//4880
f 1395//4883 1392//4884 1393//4885
f 1396//4886 1397//4887 1391//4888
f 1396//4886 1391//4888 1390//4889
f 1398//4890 1388//4891 1392//4892
f 1398//4890 1394//4893 1388//4891
f 1399//4894 1390//4895 1386//4896
f 1399//4894 1386//4896 1394//4897
f 1400//4898 1392//4899 1395//4900
f 1400//4898 1398//4901 1392//4899
f 1401//4902 1393//4903 1402//4904
f 1401//4905 1395//4906 1393//4907
f 1401//4908 1400//4909 1395//4910
f 1403//4911 1404//2370 1397//4912
f 1403//4913 1405//4914 1404//4915
f 1403//4913 1406//4916 1405//4914
f 1403//4911 1397//4912 1396//4917
f 1407//4918 1394//4919 1398//4920
f 1407//4918 1399//4921 1394//4919
f 1408//4922 1396//4923 1390//4924
f 1408//4922 1390//4924 1399//4925
f 1409//4926 1407//4927 1398//4928
f 1409//4926 1398//4928 1400//4929
f 1410//4930 1400//4909 1401//4908
f 1411//4931 1399//4932 1407//4933
f 1411//4931 1408//4934 1399//4932
f 1412//4935 1402//4936 1413//4937
f 1412//4938 1401//4939 1402//4940
f 1414//4941 1415//4942 1406//4943
f 1414//4944 1408//4945 1411//4946
f 1414//4947 1396//4948 1408//4949
f 1414//4941 1406//4943 1403//4950
f 1414//4947 1403//4951 1396//4948
f 1416//4952 1411//4953 1407//4954
f 1416//4952 1407//4954 1409//4955
f 1417//4956 1400//4957 1410//4958
f 1417//4956 1409//4959 1400//4957
f 1418//4960 1414//4944 1411//4946
f 1418//4961 1415//4962 1414//4963
f 1419//4964 1410//4965 1401//4966
f 1419//4964 1401//4966 1412//4967
f 1420//4968 1413//4969 1421//4970
f 1420//4971 1419//4972 1412//4973
f 1420//4968 1412//4974 1413//4969
f 1422//4975 1415//4962 1418//4961
f 1422//4975 1423//4976 1415//4962
f 1422//4977 1418//4978 1411//4979
f 1422//4977 1411//4979 1416//4980
f 1424//4981 1416//4982 1409//4983
f 1424//4981 1409//4983 1417//4984
f 1424//4985 1422//4986 1416//4987
f 1425//4988 1421//4989 1426//4990
f 1425//4991 1420//4991 1421//4991
f 1427//4992 1410//4993 1419//4994
f 1427//4992 1417//4995 1410//4993
f 1428//4996 1419//4972 1420//4971
f 1429//4997 1423//4976 1422//4975
f 1429//4998 1422//4986 1424//4985
f 1430//4999 1425//5000 1426//5001
f 1431//5002 1420//5003 1425//5004
f 1431//5002 1428//5005 1420//5003
f 1432//5006 1424//5007 1417//5008
f 1432//5006 1417//5008 1427//5009
f 1433//5010 1428//5011 1431//5012
f 1433//5013 1419//5014 1428//5015
f 1433//5013 1427//5016 1419//5014
f 1434//5017 1426//5018 1380//5019
f 1434//5020 1380//5021 1379//5022
f 1434//5023 1430//5024 1426//5025
f 1435//5026 1425//5027 1430//5028
f 1435//5026 1431//5029 1425//5027
f 1436//5030 1433//5010 1431//5012
f 1437//5031 1438//5032 1423//5033
f 1437//5031 1423//5033 1429//5034
f 1437//5035 1429//5036 1424//5037
f 1437//5035 1424//5037 1432//5038
f 1439//5039 1432//5040 1427//5041
f 1439//5039 1427//5041 1433//5042
f 1439//5043 1433//5044 1436//5045
f 1439//5046 1437//5047 1432//5048
f 1440//5049 1379//5050 1441//5051
f 1440//5049 1434//5052 1379//5050
f 1440//5053 1430//5054 1434//5055
f 1440//5053 1435//5056 1430//5054
f 1442//5057 1431//5058 1435//5059
f 1442//5057 1436//5060 1431//5058
f 1443//5061 1439//5043 1436//5045
f 1444//5062 1445//5063 1438//5064
f 1444//5062 1438//5064 1437//5065
f 1444//5066 1437//5047 1439//5046
f 1446//5067 1441//5068 1447//5069
f 1446//5067 1440//5070 1441//5068
f 1446//5071 1442//5072 1435//5073
f 1446//5071 1435//5073 1440//5074
f 1448//5075 1436//5076 1442//5077
f 1448//5075 1443//5078 1436//5076
f 1448//5079 1442//5080 1446//5081
f 1449//5082 1445//5083 1444//5084
f 1449//5085 1439//5086 1443//5087
f 1449//5085 1444//5088 1439//5086
f 1450//5089 1447//5090 1451//5091
f 1450//5089 1446//5092 1447//5090
f 1450//5093 1448//5079 1446//5081
f 1452//5094 1453//5095 1445//5083
f 1452//5094 1445//5083 1449//5082
f 1452//5096 1443//5097 1448//5098
f 1452//5096 1449//5099 1443//5097
f 1452//5100 1448//5101 1450//5102
f 1454//5103 1455//5104 1456//5105
f 1454//5106 1451//5107 1455//5108
f 1454//5103 1456//5105 1453//5109
f 1454//5110 1453//5095 1452//5094
f 1454//5106 1450//5111 1451//5107
f 1454//5112 1452//5100 1450//5102
f 1385//5113 1384//5114 686//5115
f 1385//5113 686//5115 685//5116
f 1389//5117 685//2595 734//5118
f 1389//5117 1385//2593 685//2595
f 1393//5119 734//5120 729//5121
f 1393//5119 1389//5122 734//5120
f 1402//5123 729//5124 721//5124
f 1402//5123 1393//5125 729//5124
f 1413//2582 721//2583 710//5126
f 1413//2582 1402//5127 721//2583
f 1421//5128 710//5129 701//5129
f 1421//5128 1413//5130 710//5129
f 1426//2574 701//5131 697//2572
f 1426//2574 1421//5132 701//5131
f 1380//5133 697//5134 692//5135
f 1380//5133 1426//5136 697//5134
f 1381//5137 692//5138 691//5139
f 1381//5137 1380//5140 692//5138
f 1457//5141 1456//5142 1455//5142
f 1458//5143 1455//5144 1451//5145
f 1458//5146 1457//5141 1455//5142
f 1459//5147 1451//5148 1447//5149
f 1459//5150 1458//5143 1451//5145
f 1460//5151 1459//5147 1447//5149
f 1461//5152 1447//5153 1441//5154
f 1461//5155 1441//5156 1379//5156
f 1461//5152 1460//5157 1447//5153
f 1462//5158 1379//5159 1381//5160
f 1462//5161 1461//5155 1379//5156
f 1463//5162 1462//5158 1381//5160
f 1464//5163 1462//5164 1463//5165
f 1465//5166 1466//5167 1467//5168
f 1468//5169 1461//5170 1462//5171
f 1468//5172 1462//5164 1464//5163
f 1469//5173 1461//5170 1468//5169
f 1470//5174 1460//5175 1461//5176
f 1470//5177 1459//5178 1460//5179
f 1470//5174 1461//5176 1469//5180
f 1471//5181 1459//5178 1470//5177
f 1472//5182 1459//5150 1471//5183
f 1472//5184 1473//5185 1457//5141
f 1472//5182 1458//5143 1459//5150
f 1472//5184 1457//5141 1458//5146
f 1474//5186 1468//5187 1464//5188
f 1474//5186 1464//5188 1475//5189
f 1476//5190 1468//5191 1474//5192
f 1476//5190 1469//5193 1468//5191
f 1477//5194 1469//5195 1476//5196
f 1477//5194 1470//5197 1469//5195
f 1478//5198 1471//5199 1470//5200
f 1478//5198 1470//5200 1477//5201
f 1479//5202 1473//5185 1472//5184
f 1479//5203 1472//5204 1471//5205
f 1479//5202 1480//5206 1473//5185
f 1479//5203 1471//5205 1478//5207
f 1481//5208 1475//5209 1482//5210
f 1481//5211 1482//5212 1483//5213
f 1481//5208 1474//5214 1475//5209
f 1484//5215 1477//5216 1476//5216
f 1484//5217 1474//5218 1481//5219
f 1484//5217 1476//5220 1474//5218
f 1485//5221 1477//5216 1484//5215
f 1486//5222 1477//5223 1485//5224
f 1486//5222 1478//5225 1477//5223
f 1487//5226 1480//5206 1479//5202
f 1487//5227 1479//5228 1478//5229
f 1487//5226 1488//5230 1480//5206
f 1487//5227 1478//5229 1486//5231
f 1489//5232 1481//5211 1483//5213
f 1490//5233 1481//5234 1489//5235
f 1490//5233 1484//5235 1481//5234
f 1491//5236 1484//5237 1490//5238
f 1491//5236 1485//5239 1484//5237
f 1492//5240 1486//5241 1485//5241
f 1492//5240 1485//5241 1491//5242
f 1493//5243 1488//5230 1487//5226
f 1493//5243 1494//5244 1488//5230
f 1493//5245 1486//5246 1492//5247
f 1493//5245 1487//5248 1486//5246
f 1495//5249 1483//5250 1496//5251
f 1495//5249 1489//5252 1483//5250
f 1497//5253 1490//5254 1489//5255
f 1497//5253 1489//5255 1495//5256
f 1498//5257 1491//5258 1490//5259
f 1498//5257 1490//5259 1497//5260
f 1499//5261 1491//5262 1498//5263
f 1499//5261 1492//5264 1491//5262
f 1499//5265 1493//5266 1492//5267
f 1500//5268 1493//5266 1499//5265
f 1500//5269 1501//5270 1494//5244
f 1500//5269 1494//5244 1493//5243
f 1502//5271 1495//5272 1496//5273
f 1502//5271 1496//5273 1503//5274
f 1504//5275 1495//5276 1502//5277
f 1504//5275 1497//5278 1495//5276
f 1505//5279 1497//5280 1504//5281
f 1505//5279 1498//5282 1497//5280
f 1505//5283 1499//5284 1498//5285
f 1506//5286 1499//5284 1505//5283
f 1507//5287 1508//5288 1501//5270
f 1507//5289 1499//5290 1506//5291
f 1507//5287 1501//5270 1500//5269
f 1507//5289 1500//5292 1499//5290
f 1509//5293 1502//5294 1503//5295
f 1509//5293 1503//5295 1510//5296
f 1509//5297 1510//5298 1511//5299
f 1512//5300 1504//5301 1502//5302
f 1512//5300 1502//5302 1509//5303
f 1513//5304 1505//5305 1504//5306
f 1513//5304 1504//5306 1512//5307
f 1514//5308 1505//5309 1513//5310
f 1514//5308 1506//5311 1505//5309
f 1515//5312 1516//5313 1508//5288
f 1515//5314 1507//5315 1506//5316
f 1515//5314 1506//5316 1514//5317
f 1515//5312 1508//5288 1507//5287
f 1517//5318 1509//5297 1511//5299
f 1518//5319 1509//5320 1517//5321
f 1518//5319 1512//5322 1509//5320
f 1518//5323 1513//5324 1512//5325
f 1519//5326 1513//5324 1518//5323
f 1520//5327 1514//5328 1513//5329
f 1520//5327 1513//5329 1519//5330
f 1521//5331 1522//5332 1516//5313
f 1521//5331 1516//5313 1515//5312
f 1521//5333 1515//5334 1514//5335
f 1521//5333 1514//5335 1520//5336
f 1523//5337 1511//5338 1524//5339
f 1523//5340 1524//5341 1525//5342
f 1523//5337 1517//5343 1511//5338
f 1526//5344 1518//5345 1517//5346
f 1526//5344 1517//5346 1523//5347
f 1527//5348 1519//5349 1518//5350
f 1527//5348 1518//5350 1526//5351
f 1528//5352 1520//5353 1519//5354
f 1528//5352 1519//5354 1527//5355
f 1529//5356 1530//5357 1522//5332
f 1529//5356 1522//5332 1521//5331
f 1529//5358 1521//5359 1520//5360
f 1529//5358 1520//5360 1528//5361
f 1531//5362 1523//5340 1525//5342
f 1531//5363 1525//5364 1532//5365
f 1533//5366 1523//5367 1531//5368
f 1533//5366 1526//5369 1523//5367
f 1533//5370 1527//5371 1526//5372
f 1534//5373 1528//5374 1527//5375
f 1534//5376 1527//5371 1533//5370
f 1535//5377 1528//5374 1534//5373
f 1536//5378 1537//5379 1530//5357
f 1536//5378 1530//5357 1529//5356
f 1536//5380 1529//5381 1528//5382
f 1536//5380 1528//5382 1535//5383
f 1538//5384 1531//5363 1532//5365
f 1539//5385 1531//5386 1538//5387
f 1539//5385 1533//5388 1531//5386
f 1540//5389 1533//5390 1539//5391
f 1540//5389 1534//5392 1533//5390
f 1541//5393 1534//5394 1540//5395
f 1541//5393 1535//5396 1534//5394
f 1542//5397 1535//5398 1541//5399
f 1542//5400 1543//5401 1537//5379
f 1542//5400 1537//5379 1536//5378
f 1542//5397 1536//5402 1535//5398
f 1544//5403 1538//5404 1532//5405
f 1544//5403 1532//5405 1545//5406
f 1546//5407 1538//5408 1544//5409
f 1546//5410 1540//5411 1539//5412
f 1546//5407 1539//5413 1538//5408
f 1547//5414 1540//5411 1546//5410
f 1548//5415 1541//5416 1540//5417
f 1548//5418 1542//5418 1541//5419
f 1548//5415 1540//5417 1547//5420
f 1549//5421 1543//5401 1542//5400
f 1549//5422 1542//5418 1548//5418
f 1549//5421 1550//5423 1543//5401
f 1551//5424 1544//5425 1545//5426
f 1551//5424 1545//5426 1552//5427
f 1553//5428 1546//5429 1544//5430
f 1553//5428 1544//5430 1551//5431
f 1554//5432 1547//5433 1546//5434
f 1554//5435 1548//5436 1547//5435
f 1554//5432 1546//5434 1553//5437
f 1555//5435 1548//5436 1554//5435
f 1556//5438 1549//5439 1548//5438
f 1556//5440 1550//5423 1549//5421
f 1556//5440 1557//5441 1550//5423
f 1556//5438 1548//5438 1555//5442
f 1558//5443 1551//5444 1552//5445
f 1558//5446 1553//5447 1551//5448
f 1558//5443 1552//5445 1559//5449
f 1560//5450 1553//5447 1558//5446
f 1561//5451 1553//5452 1560//5453
f 1561//5451 1554//5454 1553//5452
f 1562//5455 1555//5456 1554//5457
f 1562//5455 1554//5457 1561//5458
f 1563//5459 1564//5460 1557//5441
f 1563//5459 1557//5441 1556//5440
f 1563//5461 1556//5462 1555//5463
f 1563//5461 1555//5463 1562//5464
f 1565//5465 1558//5466 1559//5467
f 1565//5468 1560//5469 1558//5470
f 1565//5465 1559//5467 1566//5471
f 1567//5472 1560//5469 1565//5468
f 1568//5473 1561//5474 1560//5475
f 1568//5473 1560//5475 1567//5476
f 1568//5477 1562//5478 1561//5479
f 1569//5480 1562//5478 1568//5477
f 1570//5481 1571//5482 1564//5460
f 1570//5481 1564//5460 1563//5459
f 1570//5483 1563//5484 1562//5485
f 1570//5483 1562//5485 1569//5486
f 1572//5487 1565//5488 1566//5489
f 1572//5487 1566//5489 1573//5490
f 1574//5491 1565//5492 1572//5493
f 1574//5491 1567//5494 1565//5492
f 1575//5495 1568//5496 1567//5497
f 1575//5495 1567//5497 1574//5498
f 1576//5499 1568//5500 1575//5499
f 1576//5499 1569//5501 1568//5500
f 1577//5502 1578//5503 1571//5482
f 1577//5502 1571//5482 1570//5481
f 1577//5504 1570//5505 1569//5506
f 1577//5504 1569//5506 1576//5507
f 1579//5508 1573//5509 1580//5510
f 1579//5508 1572//5511 1573//5509
f 1581//5512 1574//5513 1572//5514
f 1581//5512 1572//5514 1579//5515
f 1582//5516 1575//5517 1574//5518
f 1582//5516 1574//5518 1581//5519
f 1583//5520 1575//5521 1582//5522
f 1583//5520 1576//5523 1575//5521
f 1584//5524 1585//5525 1578//5503
f 1584//5524 1578//5503 1577//5502
f 1584//5526 1577//5527 1576//5528
f 1584//5526 1576//5528 1583//5529
f 1586//5530 1579//5531 1580//5532
f 1586//5530 1580//5532 1587//5533
f 1588//5534 1579//5535 1586//5536
f 1588//5534 1581//5537 1579//5535
f 1588//5538 1582//5539 1581//5540
f 1589//5541 1582//5539 1588//5538
f 1590//5542 1584//5543 1583//5544
f 1590//5545 1582//5546 1589//5547
f 1590//5545 1583//5548 1582//5546
f 1591//5549 1584//5543 1590//5542
f 1591//5550 1592//5551 1585//5525
f 1591//5550 1585//5525 1584//5524
f 1593//5552 1588//5552 1586//5553
f 1593//5554 1587//5554 1594//5555
f 1593//5556 1594//5557 1595//5558
f 1593//5554 1586//5559 1587//5554
f 1596//5560 1588//5552 1593//5552
f 1597//5561 1588//5562 1596//5563
f 1597//5561 1589//5564 1588//5562
f 1598//5565 1590//5566 1589//5567
f 1598//5565 1589//5567 1597//5568
f 1599//5569 1592//5551 1591//5550
f 1599//5569 1600//5570 1592//5551
f 1599//5571 1590//5572 1598//5573
f 1599//5571 1591//5574 1590//5572
f 1601//5575 1593//5556 1595//5558
f 1602//5576 1596//5577 1593//5578
f 1602//5576 1593//5578 1601//5579
f 1603//5580 1596//5581 1602//5582
f 1603//5580 1597//5583 1596//5581
f 1604//5584 1598//5585 1597//5586
f 1604//5587 1599//5588 1598//5589
f 1604//5584 1597//5586 1603//5590
f 1605//5591 1606//5592 1600//5570
f 1605//5591 1600//5570 1599//5569
f 1605//5593 1599//5588 1604//5587
f 1607//5594 1601//5595 1595//5596
f 1607//5594 1595//5596 1608//5597
f 1607//5598 1608//5599 1609//5600
f 1610//5601 1602//5602 1601//5603
f 1610//5604 1603//5605 1602//5606
f 1610//5601 1601//5603 1607//5607
f 1611//5608 1603//5605 1610//5604
f 1612//5609 1604//5610 1603//5611
f 1612//5612 1605//5613 1604//5614
f 1612//5609 1603//5611 1611//5615
f 1613//5616 1606//5592 1605//5591
f 1613//5616 1614//5617 1606//5592
f 1613//5618 1605//5613 1612//5612
f 1615//5619 1607//5598 1609//5600
f 1616//5620 1610//5621 1607//5622
f 1616//5620 1607//5622 1615//5623
f 1617//5624 1611//5625 1610//5626
f 1617//5624 1610//5626 1616//5627
f 1618//5628 1612//5629 1611//5630
f 1618//5628 1611//5630 1617//5631
f 1619//5632 1620//5633 1614//5617
f 1619//5632 1614//5617 1613//5616
f 1619//5634 1613//5635 1612//5636
f 1619//5634 1612//5636 1618//5637
f 1621//5638 1615//5639 1609//5640
f 1621//5638 1609//5640 1622//5641
f 1623//5642 1616//5643 1615//5644
f 1623//5642 1615//5644 1621//5645
f 1624//5646 1617//5647 1616//5648
f 1624//5646 1616//5648 1623//5649
f 1625//5650 1618//5651 1617//5652
f 1625//5653 1619//5653 1618//5654
f 1625//5650 1617//5652 1624//5655
f 1626//5656 1627//5657 1620//5633
f 1626//5656 1620//5633 1619//5632
f 1626//5658 1619//5653 1625//5653
f 1628//5659 1622//5660 1629//5661
f 1628//5659 1621//5662 1622//5660
f 1628//5663 1623//5664 1621//5665
f 1630//5666 1623//5664 1628//5663
f 1631//5667 1625//5668 1624//5669
f 1631//5670 1624//5671 1623//5672
f 1631//5670 1623//5672 1630//5673
f 1632//5674 1625//5668 1631//5667
f 1632//5675 1626//5676 1625//5677
f 1633//5678 1634//5679 1627//5657
f 1633//5678 1627//5657 1626//5656
f 1633//5680 1626//5676 1632//5675
f 1635//5681 1629//5682 1636//5683
f 1635//5681 1628//5684 1629//5682
f 1635//5685 1630//5686 1628//5687
f 1637//5688 1630//5686 1635//5685
f 1638//5689 1630//5690 1637//5691
f 1638//5689 1631//5692 1630//5690
f 1639//5693 1632//5694 1631//5695
f 1639//5693 1631//5695 1638//5696
f 1640//5697 1633//5698 1632//5699
f 1640//5697 1632//5699 1639//5700
f 1640//5701 1641//5702 1634//5679
f 1640//5701 1634//5679 1633//5678
f 1642//5703 1636//5704 1643//5705
f 1642//5703 1635//5706 1636//5704
f 1644//5707 1635//5708 1642//5709
f 1644//5707 1637//5710 1635//5708
f 1645//5711 1639//5712 1638//5713
f 1645//5714 1637//5715 1644//5716
f 1645//5714 1638//5717 1637//5715
f 1646//5718 1639//5712 1645//5711
f 1647//5719 1648//5720 1641//5702
f 1647//5721 1639//5722 1646//5723
f 1647//5719 1641//5702 1640//5701
f 1647//5721 1640//5724 1639//5722
f 1649//5725 1643//5726 1650//5727
f 1649//5725 1642//5728 1643//5726
f 1651//5729 1644//5730 1642//5731
f 1651//5729 1642//5731 1649//5732
f 1652//5733 1644//5734 1651//5735
f 1652//5733 1645//5736 1644//5734
f 1653//5737 1646//5738 1645//5739
f 1653//5737 1645//5739 1652//5740
f 1654//5741 1655//5742 1648//5720
f 1654//5743 1646//5744 1653//5745
f 1654//5741 1648//5720 1647//5719
f 1654//5743 1647//5746 1646//5744
f 1656//5747 1649//5748 1650//5749
f 1656//5750 1651//5751 1649//5752
f 1656//5747 1650//5749 1657//5753
f 1658//5754 1651//5751 1656//5750
f 1659//5755 1652//5756 1651//5757
f 1659//5755 1651//5757 1658//5758
f 1660//5759 1652//5760 1659//5761
f 1660//5759 1653//5762 1652//5760
f 1660//5763 1654//5764 1653//5765
f 1661//5766 1662//5767 1655//5742
f 1661//5766 1655//5742 1654//5741
f 1661//5768 1654//5764 1660//5763
f 1663//5769 1658//5770 1656//5771
f 1663//5772 1656//5773 1657//5774
f 1663//5772 1657//5774 1664//5775
f 1665//5776 1658//5770 1663//5769
f 1666//5777 1660//5777 1659//5778
f 1666//5779 1659//5780 1658//5781
f 1666//5779 1658//5781 1665//5782
f 1667//5783 1660//5777 1666//5777
f 1668//5784 1669//5785 1662//5767
f 1668//5784 1662//5767 1661//5766
f 1668//5786 1661//5787 1660//5788
f 1668//5786 1660//5788 1667//5789
f 1670//5790 1663//5791 1664//5792
f 1670//5790 1664//5792 1671//5793
f 1672//5794 1663//5794 1670//5795
f 1672//5794 1665//5796 1663//5794
f 1673//5797 1666//5798 1665//5799
f 1673//5800 1667//5801 1666//5802
f 1673//5797 1665//5799 1672//5803
f 1674//5804 1667//5801 1673//5800
f 1675//5805 1676//5806 1669//5785
f 1675//5805 1669//5785 1668//5784
f 1675//5807 1668//5808 1667//5809
f 1675//5807 1667//5809 1674//5810
f 1677//5811 1678//5812 1679//5813
f 1677//5814 1679//5815 1680//5816
f 1677//5817 1671//5818 1681//5819
f 1677//5811 1681//5820 1678//5812
f 1677//5817 1670//5821 1671//5818
f 1682//5822 1670//5823 1677//5824
f 1682//5825 1677//5814 1680//5816
f 1682//5822 1672//5826 1670//5823
f 1683//5827 1680//5828 1684//5829
f 1683//5830 1684//5831 1685//5832
f 1683//5833 1673//5834 1672//5835
f 1683//5833 1672//5835 1682//5836
f 1683//5827 1682//5837 1680//5828
f 1686//5838 1673//5839 1683//5840
f 1686//5841 1683//5830 1685//5832
f 1686//5838 1674//5842 1673//5839
f 1687//5843 1686//5844 1685//5845
f 1687//5843 1685//5845 1467//5846
f 1687//5847 1674//5848 1686//5849
f 1687//5850 1466//5167 1676//5806
f 1687//5850 1467//5168 1466//5167
f 1687//5850 1676//5806 1675//5805
f 1687//5847 1675//5851 1674//5848
f 1688//5852 1465//5166 1467//5168
f 1689//5853 1688//5852 1467//5168
f 1690//5854 1467//5846 1685//5845
f 1690//5854 1689//5855 1467//5846
f 1691//5856 1684//5857 1680//5857
f 1691//5858 1685//5859 1684//5860
f 1691//5858 1690//5861 1685//5859
f 1692//5856 1691//5856 1680//5857
f 1693//5862 1679//5862 1678//5862
f 1693//5863 1680//5864 1679//5865
f 1693//5863 1692//5863 1680//5864
f 1694//5862 1693//5862 1678//5862
f 1694//5866 1695//5867 1693//5868
f 1696//5869 1697//5870 1698//5871
f 1696//5869 1698//5871 1699//5872
f 1700//5873 1701//5874 1697//5875
f 1700//5873 1697//5875 1696//5876
f 1702//5877 1703//5878 1704//5879
f 1702//5880 1704//5881 1701//5882
f 1702//5880 1701//5882 1700//5883
f 1705//5884 1703//5878 1702//5877
f 1706//5885 1707//5886 1708//5887
f 1706//5888 1708//5889 1703//5890
f 1706//5885 1709//5891 1707//5886
f 1706//5888 1703//5890 1705//5888
f 1710//5892 1699//5872 1711//5893
f 1710//5892 1711//5893 1712//5894
f 1710//5892 1696//5869 1699//5872
f 1713//5895 1696//5896 1710//5895
f 1713//5895 1700//5897 1696//5896
f 1714//5898 1702//5899 1700//5899
f 1714//5898 1700//5899 1713//5900
f 1715//5901 1702//5902 1714//5903
f 1715//5901 1705//5904 1702//5902
f 1716//5905 1709//5906 1706//5907
f 1716//5908 1706//5909 1705//5910
f 1716//5908 1705//5910 1715//5911
f 1716//5905 1717//5912 1709//5906
f 1718//5913 1710//5892 1712//5894
f 1719//5914 1714//5915 1713//5916
f 1719//5917 1710//5918 1718//5919
f 1719//5917 1713//5920 1710//5918
f 1720//5921 1714//5915 1719//5914
f 1721//5922 1714//5923 1720//5924
f 1721//5922 1715//5923 1714//5923
f 1721//5925 1716//5926 1715//5927
f 1722//5928 1723//5929 1717//5930
f 1722//5931 1716//5926 1721//5925
f 1722//5928 1717//5930 1716//5932
f 1724//5933 1712//5894 1725//5934
f 1724//5933 1718//5913 1712//5894
f 1726//5935 1718//5936 1724//5937
f 1726//5935 1719//5938 1718//5936
f 1727//5939 1720//5940 1719//5940
f 1727//5939 1719//5940 1726//5941
f 1728//5942 1721//5943 1720//5944
f 1728//5942 1720//5944 1727//5945
f 1729//5946 1722//5947 1721//5946
f 1729//5948 1723//5949 1722//5950
f 1729//5948 1730//5951 1723//5949
f 1729//5946 1721//5946 1728//5946
f 1731//5952 1724//5933 1725//5934
f 1731//5952 1725//5934 1732//5953
f 1733//5954 1726//5955 1724//5956
f 1733//5954 1724//5956 1731//5957
f 1734//5958 1727//5959 1726//5960
f 1734//5958 1726//5960 1733//5961
f 1735//5962 1729//5963 1728//5964
f 1735//5965 1727//5966 1734//5967
f 1735//5965 1728//5968 1727//5966
f 1736//5969 1729//5963 1735//5962
f 1736//5970 1730//5971 1729//5972
f 1736//5970 1737//5973 1730//5971
f 1738//5974 1732//5953 1739//5975
f 1738//5974 1739//5975 1740//5976
f 1738//5974 1731//5952 1732//5953
f 1741//5977 1733//5978 1731//5979
f 1741//5977 1731//5979 1738//5980
f 1742//5981 1735//5982 1734//5983
f 1742//5984 1733//5985 1741//5986
f 1742//5984 1734//5987 1733//5985
f 1743//5988 1735//5982 1742//5981
f 1744//5989 1736//5990 1735//5991
f 1744//5989 1735//5991 1743//5992
f 1744//5993 1737//5994 1736//5995
f 1744//5993 1745//5996 1737//5994
f 1746//5997 1738//5974 1740//5976
f 1747//5998 1741//5999 1738//6000
f 1747//5998 1738//6000 1746//6001
f 1748//6002 1741//6003 1747//6004
f 1748//6002 1742//6005 1741//6003
f 1749//6006 1742//6007 1748//6008
f 1749//6006 1743//6009 1742//6007
f 1750//6010 1745//6011 1744//6012
f 1750//6013 1743//6014 1749//6015
f 1750//6010 1751//6016 1745//6011
f 1750//6013 1744//6017 1743//6014
f 1752//6018 1746//5997 1740//5976
f 1752//6018 1740//5976 1753//6019
f 1752//6018 1753//6019 1754//6020
f 1755//6021 1747//6022 1746//6023
f 1755//6021 1746//6023 1752//6024
f 1756//6025 1747//6026 1755//6027
f 1756//6025 1748//6028 1747//6026
f 1757//6029 1749//6030 1748//6031
f 1757//6029 1748//6031 1756//6032
f 1758//6033 1750//6034 1749//6035
f 1758//6036 1751//6037 1750//6038
f 1758//6033 1749//6035 1757//6039
f 1758//6036 1759//6040 1751//6037
f 1760//6041 1752//6018 1754//6020
f 1761//6042 1752//6043 1760//6044
f 1761//6042 1755//6045 1752//6043
f 1762//6046 1755//6047 1761//6048
f 1762//6046 1756//6049 1755//6047
f 1762//6050 1757//6051 1756//6052
f 1763//6053 1757//6051 1762//6050
f 1764//6054 1758//6055 1757//6056
f 1764//6057 1759//6058 1758//6059
f 1764//6057 1765//6060 1759//6058
f 1764//6054 1757//6056 1763//6061
f 1766//6062 1754//6020 1767//6063
f 1766//6062 1760//6041 1754//6020
f 1768//6064 1761//6065 1760//6066
f 1768//6064 1760//6066 1766//6067
f 1768//6068 1762//6069 1761//6070
f 1769//6071 1762//6069 1768//6068
f 1770//6072 1763//6073 1762//6074
f 1770//6072 1762//6074 1769//6075
f 1771//6076 1772//6077 1765//6078
f 1771//6076 1765//6078 1764//6079
f 1771//6080 1764//6081 1763//6082
f 1771//6080 1763//6082 1770//6083
f 1773//6084 1767//6063 1774//6085
f 1773//6084 1774//6085 1775//6086
f 1773//6084 1766//6062 1767//6063
f 1776//6087 1766//6088 1773//6089
f 1776//6087 1768//6090 1766//6088
f 1777//6091 1768//6092 1776//6093
f 1777//6091 1769//6094 1768//6092
f 1778//6095 1769//6096 1777//6097
f 1778//6095 1770//6096 1769//6096
f 1779//6098 1770//6099 1778//6100
f 1779//6101 1780//6102 1772//6103
f 1779//6101 1772//6103 1771//6104
f 1779//6098 1771//6105 1770//6099
f 1781//6106 1773//6084 1775//6086
f 1782//6107 1777//6108 1776//6109
f 1782//6110 1773//6110 1781//6111
f 1782//6110 1776//6112 1773//6110
f 1783//6113 1777//6108 1782//6107
f 1784//6114 1778//6115 1777//6116
f 1784//6117 1779//6118 1778//6119
f 1784//6114 1777//6116 1783//6120
f 1785//6121 1780//6122 1779//6123
f 1785//6124 1779//6118 1784//6117
f 1785//6121 1786//6125 1780//6122
f 1787//6126 1775//6086 1788//6127
f 1787//6126 1781//6106 1775//6086
f 1789//6128 1781//6128 1787//6129
f 1789//6128 1782//6130 1781//6128
f 1790//6131 1782//6131 1789//6131
f 1790//6131 1783//6132 1782//6131
f 1791//6133 1784//6134 1783//6135
f 1791//6133 1783//6135 1790//6136
f 1792//6137 1785//6138 1784//6139
f 1792//6140 1786//6141 1785//6142
f 1792//6137 1784//6139 1791//6143
f 1792//6140 1793//6144 1786//6141
f 1794//6145 1787//6126 1788//6127
f 1794//6145 1788//6127 1795//6146
f 1794//6147 1789//6148 1787//6149
f 1796//6150 1789//6148 1794//6147
f 1797//6151 1790//6152 1789//6153
f 1797//6154 1791//6155 1790//6156
f 1797//6151 1789//6153 1796//6157
f 1798//6154 1791//6155 1797//6154
f 1799//6158 1792//6159 1791//6160
f 1799//6161 1793//6162 1792//6163
f 1799//6158 1791//6160 1798//6164
f 1799//6161 1800//6165 1793//6162
f 1801//6166 1795//6146 1802//6167
f 1801//6166 1794//6145 1795//6146
f 1801//6168 1796//6169 1794//6170
f 1803//6171 1796//6169 1801//6168
f 1804//6172 1797//6173 1796//6174
f 1804//6172 1796//6174 1803//6175
f 1805//6176 1798//6177 1797//6178
f 1805//6176 1797//6178 1804//6179
f 1806//6180 1799//6181 1798//6182
f 1806//6183 1800//6184 1799//6185
f 1806//6183 1807//6186 1800//6184
f 1806//6180 1798//6182 1805//6187
f 1808//6188 1802//6167 1809//6189
f 1808//6188 1801//6166 1802//6167
f 1810//6190 1801//6191 1808//6192
f 1810//6190 1803//6193 1801//6191
f 1811//6194 1804//6195 1803//6195
f 1811//6194 1803//6195 1810//6196
f 1812//6197 1805//6198 1804//6199
f 1812//6197 1804//6199 1811//6200
f 1813//6201 1805//6202 1812//6203
f 1813//6204 1814//6205 1807//6206
f 1813//6204 1807//6206 1806//6207
f 1813//6201 1806//6208 1805//6202
f 1815//6209 1809//6189 1816//6210
f 1815//6209 1808//6188 1809//6189
f 1817//6211 1808//6212 1815//6213
f 1817//6211 1810//6214 1808//6212
f 1818//6215 1811//6216 1810//6217
f 1818//6215 1810//6217 1817//6218
f 1819//6219 1811//6220 1818//6221
f 1819//6219 1812//6222 1811//6220
f 1820//6223 1821//6224 1814//6225
f 1820//6226 1813//6227 1812//6228
f 1820//6223 1814//6225 1813//6229
f 1820//6226 1812//6228 1819//6230
f 1822//6231 1816//6210 1823//6232
f 1822//6231 1815//6209 1816//6210
f 1824//6233 1815//6234 1822//6235
f 1824//6233 1817//6236 1815//6234
f 1825//6237 1817//6238 1824//6239
f 1825//6237 1818//6240 1817//6238
f 1826//6241 1820//6242 1819//6243
f 1826//6244 1818//6245 1825//6246
f 1826//6244 1819//6247 1818//6245
f 1827//6248 1820//6242 1826//6241
f 1827//6249 1828//6250 1821//6251
f 1827//6249 1821//6251 1820//6252
f 1829//6253 1823//6232 1830//6254
f 1829//6253 1830//6254 1831//6255
f 1829//6253 1822//6231 1823//6232
f 1832//6256 1824//6257 1822//6258
f 1832//6256 1822//6258 1829//6259
f 1833//6260 1825//6261 1824//6262
f 1833//6260 1824//6262 1832//6263
f 1834//6264 1826//6265 1825//6266
f 1834//6264 1825//6266 1833//6267
f 1835//6268 1828//6268 1827//6269
f 1835//6268 1836//6270 1828//6268
f 1835//6271 1826//6271 1834//6272
f 1835//6271 1827//6273 1826//6271
f 1837//6274 1829//6253 1831//6255
f 1838//6275 1832//6276 1829//6277
f 1838//6275 1829//6277 1837//6278
f 1839//6279 1833//6280 1832//6281
f 1839//6279 1832//6281 1838//6282
f 1840//6283 1835//6284 1834//6285
f 1840//6286 1833//6287 1839//6288
f 1840//6286 1834//6289 1833//6287
f 1841//6290 1835//6284 1840//6283
f 1841//6291 1836//6292 1835//6293
f 1841//6291 1842//6294 1836//6292
f 1843//6295 1831//6255 1844//6296
f 1843//6295 1837//6274 1831//6255
f 1845//6297 1838//6298 1837//6299
f 1845//6297 1837//6299 1843//6300
f 1846//6301 1839//6302 1838//6303
f 1846//6301 1838//6303 1845//6304
f 1847//6305 1841//6306 1840//6307
f 1847//6308 1839//6309 1846//6310
f 1847//6308 1840//6311 1839//6309
f 1848//6312 1841//6306 1847//6305
f 1848//6313 1842//6314 1841//6315
f 1848//6313 1849//6316 1842//6314
f 1850//6317 1844//6296 1851//6318
f 1850//6317 1843//6295 1844//6296
f 1852//6319 1843//6320 1850//6321
f 1852//6319 1845//6322 1843//6320
f 1853//6323 1846//6324 1845//6325
f 1853//6323 1845//6325 1852//6326
f 1854//6327 1847//6328 1846//6329
f 1854//6327 1846//6329 1853//6330
f 1855//6331 1848//6332 1847//6333
f 1855//6334 1856//6335 1849//6336
f 1855//6334 1849//6336 1848//6337
f 1855//6331 1847//6333 1854//6331
f 1857//6338 1851//6318 1858//6339
f 1857//6338 1850//6317 1851//6318
f 1859//6340 1852//6341 1850//6340
f 1859//6340 1850//6340 1857//6342
f 1860//6343 1852//6344 1859//6345
f 1860//6343 1853//6346 1852//6344
f 1861//6347 1854//6348 1853//6349
f 1861//6350 1855//6351 1854//6352
f 1861//6347 1853//6349 1860//6353
f 1862//6354 1863//6355 1856//6354
f 1862//6354 1856//6354 1855//6356
f 1862//6357 1855//6351 1861//6350
f 1864//6358 1858//6339 1865//6359
f 1864//6358 1857//6338 1858//6339
f 1864//6360 1859//6361 1857//6362
f 1866//6363 1859//6361 1864//6360
f 1867//6364 1860//6365 1859//6366
f 1867//6367 1861//6368 1860//6368
f 1867//6364 1859//6366 1866//6369
f 1868//6370 1862//6371 1861//6372
f 1868//6373 1861//6368 1867//6367
f 1869//6374 1870//6375 1863//6376
f 1869//6374 1863//6376 1862//6377
f 1869//6378 1862//6371 1868//6370
f 1871//6379 1865//6359 1872//6380
f 1871//6379 1864//6358 1865//6359
f 1873//6381 1864//6382 1871//6383
f 1873//6381 1866//6384 1864//6382
f 1874//6385 1868//6386 1867//6387
f 1874//6388 1866//6389 1873//6390
f 1874//6388 1867//6391 1866//6389
f 1875//6392 1868//6386 1874//6385
f 1876//6393 1869//6394 1868//6395
f 1876//6396 1877//6397 1870//6398
f 1876//6393 1868//6395 1875//6399
f 1876//6396 1870//6398 1869//6400
f 1878//6401 1872//6380 1879//6402
f 1878//6401 1871//6379 1872//6380
f 1878//6403 1873//6404 1871//6405
f 1880//6406 1873//6404 1878//6403
f 1881//6407 1874//6408 1873//6409
f 1881//6407 1873//6409 1880//6410
f 1882//6411 1874//6412 1881//6413
f 1882//6411 1875//6414 1874//6412
f 1883//6415 1875//6416 1882//6417
f 1883//6418 1877//6419 1876//6420
f 1883//6418 1884//6421 1877//6419
f 1883//6415 1876//6422 1875//6416
f 1885//6423 1878//6401 1879//6402
f 1885//6424 1880//6425 1878//6426
f 1885//6423 1879//6402 1886//6427
f 1887//6428 1880//6425 1885//6424
f 1888//6429 1880//6430 1887//6431
f 1888//6429 1881//6432 1880//6430
f 1889//6433 1882//6434 1881//6434
f 1889//6433 1881//6434 1888//6435
f 1890//6436 1883//6437 1882//6438
f 1890//6439 1884//6440 1883//6441
f 1890//6436 1882//6438 1889//6442
f 1890//6439 1891//6443 1884//6440
f 1892//6444 1886//6427 1893//6445
f 1892//6444 1885//6423 1886//6427
f 1892//6446 1887//6447 1885//6448
f 1894//6449 1887//6447 1892//6446
f 1895//6450 1888//6451 1887//6452
f 1895//6453 1889//6454 1888//6455
f 1895//6450 1887//6452 1894//6456
f 1896//6457 1889//6454 1895//6453
f 1896//6458 1890//6459 1889//6460
f 1897//6461 1891//6462 1890//6463
f 1897//6461 1898//6464 1891//6462
f 1897//6465 1890//6459 1896//6458
f 1899//6466 1893//6445 1900//6467
f 1899//6466 1892//6444 1893//6445
f 1899//6468 1894//6469 1892//6470
f 1901//6471 1894//6469 1899//6468
f 1902//6472 1895//6472 1894//6472
f 1902//6472 1894//6472 1901//6473
f 1903//6474 1896//6475 1895//6476
f 1903//6474 1895//6476 1902//6477
f 1904//6478 1896//6479 1903//6480
f 1904//6481 1898//6482 1897//6483
f 1904//6481 1905//6484 1898//6482
f 1904//6478 1897//6485 1896//6479
f 1906//6486 1900//6467 1907//6487
f 1906//6486 1899//6466 1900//6467
f 1906//6488 1901//6489 1899//6490
f 1908//6491 1902//6492 1901//6493
f 1908//6494 1901//6489 1906//6488
f 1909//6495 1903//6496 1902//6497
f 1909//6498 1902//6492 1908//6491
f 1910//6499 1903//6496 1909//6495
f 1911//6500 1912//6501 1905//6502
f 1911//6503 1904//6504 1903//6505
f 1911//6500 1905//6502 1904//6506
f 1911//6503 1903//6505 1910//6507
f 1913//6508 1907//6487 1914//6509
f 1913//6508 1914//6509 1688//5852
f 1913//6510 1689//5855 1690//5854
f 1913//6508 1688//5852 1689//5853
f 1913//6508 1906//6486 1907//6487
f 1913//6511 1908//6512 1906//6513
f 1915//6514 1913//6510 1690//5854
f 1915//6515 1908//6512 1913//6511
f 1916//6516 1691//6517 1692//6518
f 1916//6519 1690//6520 1691//6521
f 1916//6522 1909//6523 1908//6524
f 1916//6519 1915//6525 1690//6520
f 1916//6522 1908//6524 1915//6526
f 1917//6527 1909//6528 1916//6529
f 1917//6527 1910//6530 1909//6528
f 1917//6531 1911//6532 1910//6533
f 1917//6534 1916//6516 1692//6518
f 1918//6535 1917//6536 1692//6537
f 1918//6538 1911//6532 1917//6531
f 1918//6539 1693//5868 1695//5867
f 1918//6535 1692//6537 1693//6540
f 1918//6541 1695//6542 1912//6543
f 1918//6541 1912//6543 1911//6544
f 1708//6545 1707//6546 1232//6547
f 1708//6545 1232//6547 1231//6547
f 1708//6548 1231//6549 1235//6550
f 1703//6551 1235//6552 1239//6553
f 1703//6554 1708//6548 1235//6550
f 1704//6551 1703//6551 1239//6553
f 1701//6555 1239//6556 1245//6557
f 1701//5874 1245//6558 1252//6559
f 1701//6555 1704//6560 1239//6556
f 1697//5875 1701//5874 1252//6559
f 1698//5871 1252//4344 1253//4343
f 1698//5871 1697//5870 1252//4344
f 1302//4579 1304//6561 1384//4578
f 1302//4579 1384//4578 1383//6562
f 1366//4575 1383//6563 1387//6564
f 1366//4575 1302//4576 1383//6563
f 1372//6565 1387//4571 1391//6566
f 1372//6565 1366//6567 1387//4571
f 1376//4568 1391//4567 1397//6568
f 1376//4568 1372//6569 1391//4567
f 1307//6570 1397//6571 1404//6572
f 1307//6570 1376//6573 1397//6571
f 1305//6574 1404//4915 1405//4914
f 1305//6574 1307//6575 1404//4915
f 1919//6576 609//5142 611//5142
f 1920//6577 611//6578 681//5145
f 1920//6579 1919//6576 611//5142
f 1921//6580 1920//6577 681//5145
f 1922//6581 681//6582 677//6583
f 1922//6584 677//6585 671//6586
f 1922//6581 1921//6587 681//6582
f 1923//6588 671//5156 607//6589
f 1923//6590 1922//6584 671//6586
f 1924//6591 1923//6588 607//6589
f 206//6592 607//6593 204//6594
f 206//6592 1924//6595 607//6593
f 1925//6596 1919//6576 1920//6579
f 1926//6597 1927//6598 1928//6599
f 1929//6600 1924//6601 206//6602
f 1929//6600 206//6602 1930//6603
f 1931//6604 1924//6605 1929//6606
f 1931//6604 1923//6607 1924//6605
f 1932//6608 1922//6609 1923//6610
f 1932//6608 1923//6610 1931//6611
f 1933//6612 1921//6613 1922//6614
f 1933//6612 1922//6614 1932//6615
f 1934//6616 1921//6580 1933//6617
f 1934//6616 1920//6577 1921//6580
f 1934//6618 1925//6596 1920//6579
f 1935//6619 1930//6620 1936//6621
f 1935//6622 1931//6623 1929//6624
f 1935//6625 1929//6626 1930//6627
f 1937//6628 1931//6623 1935//6622
f 1938//6629 1933//6630 1932//6631
f 1938//6632 1931//6633 1937//6634
f 1938//6632 1932//6635 1931//6633
f 1939//6636 1933//6630 1938//6629
f 1940//6637 1941//6638 1925//6596
f 1940//6639 1933//6640 1939//6641
f 1940//6639 1934//6642 1933//6640
f 1940//6637 1925//6596 1934//6618
f 1942//6643 1936//6644 1943//6645
f 1942//6646 1935//6647 1936//6648
f 1944//6649 1937//6650 1935//6651
f 1944//6649 1935//6651 1942//6652
f 1944//6653 1942//6654 1943//6654
f 1945//6655 1938//6656 1937//6657
f 1945//6655 1937//6657 1944//6658
f 1945//6659 1939//6660 1938//6661
f 1946//6662 1939//6660 1945//6659
f 1947//6663 1948//6664 1949//6665
f 1947//6663 1949//6665 1941//6638
f 1947//6666 1939//6667 1946//6668
f 1947//6663 1941//6638 1940//6637
f 1947//6666 1940//6669 1939//6667
f 1950//6670 1943//6671 1951//6672
f 1952//6673 1943//6674 1950//6675
f 1952//6676 1944//6677 1943//6678
f 1952//6679 1950//6680 1951//6680
f 1953//6681 1944//6682 1952//6683
f 1953//6681 1945//6684 1944//6682
f 1954//6685 1946//6686 1945//6687
f 1954//6685 1945//6687 1953//6688
f 1955//6689 1946//6690 1954//6691
f 1955//6689 1947//6692 1946//6690
f 1955//6693 1948//6664 1947//6663
f 1956//6694 1951//6694 1957//6694
f 1958//6695 1951//6696 1956//6697
f 1958//6698 1952//6699 1951//6700
f 1958//6701 1956//6702 1957//6703
f 1959//6704 1954//6705 1953//6706
f 1959//6707 1952//6708 1958//6709
f 1959//6707 1953//6710 1952//6708
f 1960//6711 1954//6705 1959//6704
f 1960//6712 1955//6713 1954//6714
f 1961//6715 1962//6716 1963//6717
f 1961//6715 1963//6717 1948//6664
f 1961//6715 1948//6664 1955//6693
f 1961//6718 1955//6713 1960//6712
f 1964//6719 1957//6720 1965//6721
f 1966//6722 1957//6723 1964//6724
f 1966//6725 1958//6726 1957//6727
f 1966//6728 1964//6729 1965//6730
f 1967//6731 1958//6732 1966//6733
f 1967//6731 1959//6734 1958//6732
f 1968//6735 1960//6736 1959//6737
f 1968//6735 1959//6737 1967//6738
f 1969//6739 1962//6716 1961//6715
f 1969//6740 1960//6741 1968//6742
f 1969//6740 1961//6743 1960//6741
f 1970//6744 1965//6744 1971//6745
f 1970//6746 1966//6747 1965//6748
f 1972//6749 1966//6750 1970//6751
f 1972//6749 1967//6752 1966//6750
f 1973//6753 1968//6754 1967//6755
f 1973//6753 1967//6755 1972//6756
f 1973//6757 1969//6758 1968//6759
f 1974//6760 1962//6716 1969//6739
f 1974//6760 1975//6761 1976//6762
f 1974//6760 1976//6762 1962//6716
f 1974//6763 1969//6758 1973//6757
f 1977//6764 1970//6764 1971//6764
f 1977//6765 1972//6766 1970//6767
f 1977//6768 1971//6769 1978//6770
f 1979//6771 1977//6772 1978//6773
f 1980//6774 1972//6766 1977//6765
f 1981//6775 1977//6776 1979//6777
f 1981//6778 1980//6779 1977//6780
f 1982//6781 1973//6782 1972//6783
f 1982//6781 1972//6783 1980//6784
f 1983//6785 1980//6779 1981//6778
f 1984//6786 1973//6787 1982//6788
f 1984//6789 1975//6761 1974//6760
f 1984//6786 1974//6790 1973//6787
f 1985//6791 1982//6792 1980//6793
f 1985//6791 1980//6793 1983//6794
f 1985//6795 1984//6786 1982//6788
f 1986//6796 1979//6797 1978//6798
f 1986//6799 1978//6800 1987//6801
f 1988//6802 1989//6803 1975//6761
f 1988//6802 1975//6761 1984//6789
f 1988//6804 1984//6786 1985//6795
f 1990//6805 1981//6806 1979//6807
f 1990//6808 1983//6809 1981//6810
f 1990//6805 1979//6807 1986//6811
f 1991//6812 1986//6813 1987//6813
f 1992//6814 1983//6809 1990//6808
f 1993//6815 1990//6816 1986//6817
f 1993//6815 1986//6817 1991//6818
f 1994//6819 1985//6820 1983//6821
f 1994//6819 1983//6821 1992//6822
f 1995//6823 1992//6824 1990//6825
f 1995//6823 1990//6825 1993//6826
f 1996//6827 1988//6804 1985//6795
f 1996//6828 1989//6803 1988//6802
f 1996//6827 1985//6795 1994//6829
f 1997//6830 1996//6827 1994//6829
f 1997//6831 1994//6832 1992//6833
f 1997//6831 1992//6833 1995//6834
f 1998//6835 1993//6836 1991//6837
f 1998//6838 1987//6839 1999//6840
f 1998//6841 1991//6842 1987//6843
f 2000//6844 2001//6845 1989//6803
f 2000//6846 1996//6827 1997//6830
f 2000//6844 1989//6803 1996//6828
f 2002//6847 1993//6836 1998//6835
f 2003//6848 1998//6849 1999//6850
f 2004//6851 1995//6852 1993//6853
f 2004//6854 1997//6855 1995//6856
f 2004//6851 1993//6853 2002//6857
f 2005//6858 1998//6859 2003//6860
f 2005//6858 2002//6861 1998//6859
f 2006//6862 1997//6855 2004//6854
f 2007//6863 2004//6864 2002//6865
f 2007//6863 2002//6865 2005//6866
f 2008//6867 1997//6830 2006//6868
f 2008//6867 2000//6846 1997//6830
f 2008//6869 2001//6845 2000//6844
f 2009//6870 2004//6871 2007//6872
f 2009//6870 2006//6873 2004//6871
f 2009//6874 2008//6867 2006//6868
f 2010//6875 2003//6876 1999//6875
f 2010//6877 2005//6878 2003//6879
f 2010//6880 1999//6880 2011//6880
f 2012//6881 2001//6845 2008//6869
f 2012//6882 2008//6867 2009//6874
f 2012//6881 2013//6883 2001//6845
f 2014//6884 2005//6878 2010//6877
f 2015//6885 2007//6886 2005//6887
f 2015//6885 2005//6887 2014//6888
f 2016//6889 2010//6890 2011//6891
f 2017//6892 2009//6893 2007//6894
f 2017//6892 2007//6894 2015//6895
f 2018//6896 2014//6897 2010//6898
f 2018//6896 2010//6898 2016//6899
f 2019//6900 2012//6882 2009//6874
f 2019//6901 2013//6883 2012//6881
f 2019//6900 2009//6874 2017//6902
f 2020//6903 2015//6904 2014//6905
f 2020//6903 2014//6905 2018//6906
f 2021//6907 2017//6908 2015//6909
f 2021//6907 2015//6909 2020//6910
f 2022//6911 2016//6912 2011//6913
f 2022//6914 2011//6915 2023//6916
f 2024//6917 2025//6918 2013//6883
f 2024//6917 2013//6883 2019//6901
f 2024//6919 2019//6900 2017//6902
f 2024//6919 2017//6902 2021//6920
f 2026//6921 2016//6922 2022//6923
f 2026//6921 2018//6924 2016//6922
f 2027//6925 2020//6926 2018//6927
f 2027//6925 2018//6927 2026//6928
f 2028//6929 2022//6930 2023//6929
f 2029//6931 2020//6932 2027//6933
f 2029//6931 2021//6934 2020//6932
f 2029//6935 2024//6919 2021//6920
f 2030//6936 2022//6937 2028//6938
f 2030//6936 2026//6939 2022//6937
f 2031//6940 2025//6918 2024//6917
f 2031//6941 2024//6919 2029//6935
f 2032//6942 2027//6943 2026//6944
f 2032//6942 2026//6944 2030//6945
f 2033//6946 2027//6947 2032//6948
f 2033//6946 2029//6949 2027//6947
f 2033//6950 2031//6941 2029//6935
f 2034//6951 2023//6952 2035//6951
f 2034//6953 2028//6954 2023//6955
f 2034//6956 2030//6957 2028//6958
f 2036//6959 2037//6960 2025//6918
f 2036//6959 2025//6918 2031//6940
f 2036//6961 2031//6941 2033//6950
f 2038//6962 2030//6957 2034//6956
f 2039//6963 2032//6964 2030//6965
f 2039//6963 2030//6965 2038//6966
f 2040//6967 2034//6968 2035//6969
f 2041//6970 2033//6971 2032//6972
f 2041//6973 2036//6961 2033//6950
f 2041//6970 2032//6972 2039//6974
f 2042//6975 2038//6976 2034//6977
f 2042//6975 2034//6977 2040//6978
f 2043//6979 2037//6960 2036//6959
f 2043//6980 2036//6961 2041//6973
f 2044//6981 2038//6982 2042//6983
f 2044//6981 2039//6984 2038//6982
f 2045//6985 2039//6986 2044//6987
f 2045//6985 2041//6988 2039//6986
f 2046//6989 2035//6990 2047//6991
f 2046//6992 2040//6993 2035//6994
f 2046//6995 2042//6996 2040//6997
f 2048//6998 2043//6980 2041//6973
f 2048//6998 2041//6973 2045//6999
f 2048//7000 2049//7001 2037//6960
f 2048//7000 2037//6960 2043//6979
f 2050//7002 2042//6996 2046//6995
f 2051//7003 2042//7004 2050//7005
f 2051//7006 2045//7007 2044//7008
f 2051//7003 2044//7009 2042//7004
f 2052//7010 2046//7011 2047//7012
f 2053//7013 2045//7007 2051//7006
f 2054//7014 2046//7015 2052//7016
f 2054//7014 2050//7017 2046//7015
f 2055//7018 2048//6998 2045//6999
f 2055//7019 2049//7001 2048//7000
f 2055//7018 2045//6999 2053//7020
f 2056//7021 2051//7022 2050//7023
f 2056//7024 2053//7025 2051//7026
f 2056//7021 2050//7023 2054//7027
f 2057//7028 2052//7029 2047//7029
f 2057//7030 2047//7031 2058//7032
f 2059//7033 2055//7018 2053//7020
f 2059//7034 2053//7025 2056//7024
f 2060//7035 2054//7036 2052//7037
f 2060//7035 2052//7037 2057//7038
f 2061//7039 2062//7040 2049//7001
f 2061//7039 2049//7001 2055//7019
f 2061//7041 2055//7018 2059//7033
f 2063//7042 2056//7043 2054//7044
f 2063//7042 2054//7044 2060//7045
f 2064//7046 2057//7047 2058//7048
f 2065//7049 2056//7050 2063//7051
f 2065//7049 2059//7052 2056//7050
f 2066//7053 2060//7054 2057//7055
f 2066//7053 2057//7055 2064//7056
f 2067//7057 2062//7040 2061//7039
f 2067//7058 2061//7041 2059//7033
f 2067//7058 2059//7033 2065//7059
f 2068//7060 2065//7061 2063//7062
f 2068//7063 2063//7064 2060//7065
f 2068//7063 2060//7065 2066//7066
f 2069//7067 2064//7068 2058//7069
f 2069//7070 2058//7071 2070//7072
f 2071//7073 2065//7061 2068//7060
f 2072//7074 2064//7075 2069//7076
f 2072//7074 2066//7077 2064//7075
f 2072//7078 2068//7079 2066//7080
f 2073//7081 2074//7082 2062//7040
f 2073//7081 2062//7040 2067//7057
f 2073//7083 2067//7058 2065//7059
f 2073//7083 2065//7059 2071//7084
f 2075//7085 2068//7079 2072//7078
f 2076//7086 2071//7087 2068//7088
f 2076//7086 2068//7088 2075//7089
f 2077//7090 2069//7090 2070//7090
f 2078//7091 2074//7082 2073//7081
f 2078//7092 2073//7083 2071//7084
f 2078//7092 2071//7084 2076//7093
f 2079//7094 2072//7095 2069//7096
f 2079//7094 2069//7096 2077//7097
f 2080//7098 2072//7099 2079//7100
f 2080//7098 2075//7101 2072//7099
f 2080//7102 2076//7103 2075//7104
f 2081//7105 2070//7105 2082//7105
f 2081//7106 2077//7106 2070//7106
f 2081//7107 2079//7108 2077//7109
f 2083//7110 2076//7103 2080//7102
f 2084//7111 2079//7108 2081//7107
f 2085//7112 2076//7093 2083//7113
f 2085//7114 2086//7115 2074//7082
f 2085//7114 2074//7082 2078//7091
f 2085//7112 2078//7092 2076//7093
f 2087//7116 2079//7117 2084//7118
f 2087//7116 2080//7119 2079//7117
f 2088//7120 2083//7120 2080//7121
f 2088//7120 2080//7121 2087//7122
f 2089//7123 2081//7124 2082//7125
f 2090//7126 2086//7115 2085//7114
f 2090//7127 2083//7113 2088//7128
f 2090//7127 2085//7112 2083//7113
f 2091//7129 2081//7130 2089//7131
f 2091//7129 2084//7132 2081//7130
f 2092//7133 2087//7134 2084//7135
f 2092//7136 2088//7137 2087//7138
f 2092//7133 2084//7135 2091//7139
f 2093//7140 2089//7141 2082//7142
f 2093//7143 2082//7144 2094//7143
f 2095//7145 2090//7127 2088//7128
f 2095//7146 2088//7137 2092//7136
f 2096//7147 2091//7148 2089//7149
f 2096//7147 2089//7149 2093//7150
f 2097//7151 2086//7115 2090//7126
f 2097//7151 2098//7152 2086//7115
f 2097//7153 2090//7127 2095//7145
f 2099//7154 2092//7155 2091//7156
f 2099//7154 2091//7156 2096//7157
f 2100//7158 2095//7159 2092//7160
f 2100//7158 2092//7160 2099//7161
f 2100//7162 2097//7153 2095//7145
f 2101//7163 2093//7164 2094//7165
f 2102//7166 2098//7152 2097//7151
f 2102//7167 2097//7153 2100//7162
f 2103//7168 2093//7169 2101//7170
f 2103//7168 2096//7171 2093//7169
f 2104//7172 2096//7173 2103//7174
f 2104//7172 2099//7175 2096//7173
f 2105//7176 2101//7177 2094//7177
f 2105//7178 2094//7178 2106//7178
f 2107//7179 2099//7180 2104//7181
f 2107//7179 2100//7182 2099//7180
f 2108//7183 2103//7184 2101//7185
f 2108//7183 2101//7185 2105//7186
f 2109//7187 2110//7188 2098//7152
f 2109//7187 2098//7152 2102//7166
f 2109//7189 2102//7167 2100//7162
f 2109//7189 2100//7162 2107//7190
f 2111//7191 2104//7192 2103//7193
f 2111//7191 2103//7193 2108//7194
f 2112//7195 2107//7196 2104//7197
f 2112//7195 2104//7197 2111//7198
f 2113//7199 2105//7200 2106//7201
f 2113//7202 2108//7203 2105//7204
f 2114//7205 2107//7190 2112//7206
f 2114//7207 2110//7188 2109//7187
f 2114//7205 2109//7189 2107//7190
f 2115//7208 2108//7203 2113//7202
f 2116//7209 2106//7210 2117//7211
f 2116//7212 2113//7213 2106//7214
f 2118//7215 2108//7216 2115//7217
f 2118//7215 2111//7218 2108//7216
f 2118//7219 2112//7220 2111//7221
f 2119//7222 2115//7223 2113//7224
f 2119//7222 2113//7224 2116//7225
f 2120//7226 2112//7220 2118//7219
f 2121//7227 2118//7227 2115//7227
f 2121//7227 2115//7227 2119//7227
f 2122//7228 2123//7229 2110//7188
f 2122//7228 2110//7188 2114//7207
f 2122//7230 2114//7205 2112//7206
f 2122//7230 2112//7206 2120//7231
f 2124//7232 2120//7233 2118//7234
f 2124//7232 2118//7234 2121//7235
f 2125//7236 2116//7237 2117//7238
f 2125//7239 2119//7240 2116//7241
f 2126//7242 2122//7230 2120//7231
f 2126//7243 2123//7229 2122//7228
f 2126//7242 2120//7231 2124//7244
f 2127//7245 2119//7240 2125//7239
f 2127//7246 2121//7247 2119//7248
f 2128//7249 2117//7249 2129//7249
f 2128//7250 2125//7251 2117//7252
f 2130//7253 2124//7254 2121//7255
f 2130//7256 2121//7247 2127//7246
f 2131//7257 2125//7258 2128//7259
f 2131//7257 2127//7260 2125//7258
f 2132//7261 2124//7254 2130//7253
f 2133//7262 2127//7263 2131//7264
f 2133//7262 2130//7265 2127//7263
f 2134//7266 2123//7229 2126//7243
f 2134//7267 2126//7242 2124//7244
f 2134//7266 2135//7268 2123//7229
f 2134//7267 2124//7244 2132//7269
f 2136//7270 2132//7271 2130//7272
f 2136//7270 2130//7272 2133//7273
f 2137//7274 2131//7275 2128//7276
f 2137//7277 2128//7278 2129//7279
f 2138//7280 2132//7269 2136//7281
f 2138//7282 2135//7268 2134//7266
f 2138//7280 2134//7267 2132//7269
f 2139//7283 2131//7275 2137//7274
f 2140//7284 2129//7285 2141//7286
f 2140//7287 2137//7288 2129//7289
f 2142//7290 2133//7291 2131//7292
f 2142//7290 2131//7292 2139//7293
f 2143//7294 2139//7295 2137//7296
f 2143//7294 2137//7296 2140//7297
f 2144//7298 2136//7299 2133//7300
f 2144//7298 2133//7300 2142//7301
f 2145//7302 2139//7303 2143//7304
f 2145//7302 2142//7305 2139//7303
f 2146//7306 2147//7307 2135//7268
f 2146//7306 2135//7268 2138//7282
f 2146//7308 2138//7280 2136//7281
f 2146//7308 2136//7281 2144//7309
f 2148//7310 2144//7311 2142//7312
f 2148//7310 2142//7312 2145//7313
f 2149//7314 2147//7307 2146//7306
f 2149//7315 2146//7308 2144//7309
f 2149//7315 2144//7309 2148//7316
f 2150//7317 2140//7318 2141//7317
f 2151//7319 2145//7320 2143//7321
f 2151//7322 2143//7323 2140//7324
f 2151//7322 2140//7324 2150//7325
f 2152//7326 2145//7320 2151//7319
f 2153//7327 2148//7328 2145//7329
f 2153//7327 2145//7329 2152//7330
f 2154//7331 2155//7332 2147//7307
f 2154//7331 2147//7307 2149//7314
f 2154//7333 2149//7315 2148//7316
f 2154//7333 2148//7316 2153//7334
f 2154//7335 2153//7336 2155//7337
f 2156//7338 2150//7339 2141//7340
f 2156//7338 2141//7340 2157//7341
f 2158//7342 2150//7343 2156//7344
f 2158//7342 2151//7345 2150//7343
f 2159//7346 2153//7347 2152//7348
f 2159//7349 2152//7350 2151//7351
f 2159//7349 2151//7351 2158//7352
f 2160//7353 2153//7347 2159//7346
f 2160//7354 2155//7355 2153//7356
f 2161//7357 2162//7357 2155//7357
f 2161//7358 2160//7359 2162//7360
f 2161//7361 2155//7362 2160//7362
f 2163//7363 2157//7364 2164//7365
f 2163//7363 2156//7366 2157//7364
f 2163//7367 2158//7368 2156//7369
f 2165//7370 2158//7368 2163//7367
f 2166//7371 2158//7372 2165//7373
f 2166//7371 2159//7374 2158//7372
f 2167//7375 2159//7376 2166//7377
f 2167//7378 2162//7379 2160//7379
f 2167//7375 2160//7380 2159//7376
f 2168//7381 2167//7382 2169//7383
f 2168//7384 2162//7384 2167//7384
f 2168//7385 2169//7385 2162//7385
f 2170//7386 2164//7387 2171//7388
f 2170//7386 2163//7389 2164//7387
f 2172//7390 2165//7391 2163//7392
f 2172//7390 2163//7392 2170//7393
f 2173//7394 2165//7395 2172//7395
f 2173//7394 2166//7394 2165//7395
f 2174//7396 2169//7397 2167//7398
f 2174//7399 2166//7400 2173//7401
f 2174//7399 2167//7402 2166//7400
f 2175//7403 2176//7404 2169//7405
f 2175//7406 2169//7407 2174//7408
f 2175//7409 2174//7410 2176//7411
f 2177//7412 2170//7413 2171//7414
f 2177//7412 2171//7414 2178//7415
f 2179//7416 2172//7417 2170//7418
f 2179//7416 2170//7418 2177//7419
f 2180//7420 2173//7421 2172//7422
f 2180//7420 2172//7422 2179//7423
f 2181//7424 2173//7425 2180//7426
f 2181//7427 2176//7427 2174//7427
f 2181//7424 2174//7428 2173//7425
f 2182//7429 2183//7430 2176//7431
f 2182//7432 2176//7433 2181//7434
f 2182//7435 2181//7435 2183//7435
f 2184//7436 2177//7437 2178//7438
f 2184//7436 2178//7438 2185//7436
f 2184//7439 2185//7440 2186//7441
f 2184//7442 2179//7443 2177//7444
f 2187//7445 2179//7443 2184//7442
f 2188//7446 2180//7447 2179//7448
f 2188//7446 2179//7448 2187//7449
f 2189//7450 2183//7450 2181//7450
f 2189//7451 2181//7452 2180//7453
f 2189//7451 2180//7453 2188//7454
f 2190//7455 2191//7455 2183//7455
f 2190//7456 2189//7457 2191//7458
f 2190//7459 2183//7460 2189//7461
f 2192//7462 2193//7463 2194//7464
f 2192//7465 2194//7466 2195//7467
f 2192//7468 2184//7439 2186//7441
f 2192//7469 2187//7470 2184//7471
f 2192//7462 2186//7472 2193//7463
f 2196//7473 2192//7465 2195//7467
f 2196//7474 2187//7470 2192//7469
f 2197//7475 2195//7476 2198//7477
f 2197//7478 2198//7479 2199//7480
f 2197//7481 2188//7482 2187//7483
f 2197//7484 2189//7485 2188//7486
f 2197//7475 2196//7487 2195//7476
f 2197//7481 2187//7483 2196//7488
f 2200//7489 2197//7478 2199//7480
f 2200//7490 2189//7485 2197//7484
f 2200//7491 2191//7492 2189//7493
f 2201//7494 2199//7495 1928//7496
f 2201//7497 1927//6598 2191//7498
f 2201//7497 1928//6599 1927//6598
f 2201//7494 2200//7499 2199//7495
f 2201//7500 2191//7501 2200//7502
f 2194//7503 2202//7504 2203//7504
f 2194//7503 2193//7503 2202//7504
f 2195//7505 2203//7506 2204//7505
f 2195//7505 2194//7506 2203//7506
f 2198//7507 2204//7507 2205//7508
f 2198//7507 2195//7508 2204//7507
f 2199//7509 2205//7509 2206//7509
f 2199//7509 2198//7509 2205//7509
f 1928//7496 2206//7510 2207//7511
f 1928//7496 2199//7495 2206//7510
f 1926//6597 2207//7512 2208//7513
f 1926//6597 1928//6599 2207//7512
f 2209//7514 2210//7515 2211//7516
f 2207//7512 2212//7517 2208//7513
f 2202//7518 2213//7519 2203//7520
f 2214//7521 2210//7515 2209//7514
f 2215//7522 2216//7523 2217//7524
f 2215//7525 2217//7526 2210//7527
f 2215//7525 2210//7527 2214//7528
f 2218//7529 2216//7523 2215//7522
f 2219//7530 2220//7531 2216//7532
f 2219//7530 2216//7532 2218//7533
f 2221//7534 374//7535 2222//7536
f 2221//7537 2222//7538 2220//7539
f 2221//7537 2220//7539 2219//7540
f 2221//7534 2223//7541 374//7535
f 2224//7542 2209//7514 2225//7542
f 2224//7542 2225//7542 2226//7543
f 2224//7542 2214//7521 2209//7514
f 2227//7544 2214//7545 2224//7546
f 2227//7544 2215//7547 2214//7545
f 2227//7548 2218//7549 2215//7550
f 2228//7551 2218//7549 2227//7548
f 2229//7552 2218//7553 2228//7554
f 2229//7552 2219//7555 2218//7553
f 2230//7556 2219//7557 2229//7558
f 2230//7559 2223//7560 2221//7561
f 2230//7562 2231//7563 2223//7564
f 2230//7556 2221//7565 2219//7557
f 2232//7566 2224//7542 2226//7543
f 2233//7567 2227//7568 2224//7569
f 2233//7567 2224//7569 2232//7570
f 2234//7571 2229//7572 2228//7573
f 2234//7574 2228//7575 2227//7576
f 2234//7574 2227//7576 2233//7577
f 2235//7578 2229//7572 2234//7571
f 2236//7579 2231//7580 2230//7581
f 2236//7582 2235//7583 2237//7584
f 2236//7585 2237//7586 2231//7587
f 2236//7588 2229//7589 2235//7590
f 2236//7588 2230//7591 2229//7589
f 2238//7592 2226//7543 2239//7593
f 2238//7592 2232//7566 2226//7543
f 2240//7594 2232//7595 2238//7596
f 2240//7594 2233//7597 2232//7595
f 2241//7598 2234//7599 2233//7600
f 2241//7598 2233//7600 2240//7601
f 2242//7602 2234//7603 2241//7604
f 2242//7605 2237//7606 2235//7607
f 2242//7602 2235//7608 2234//7603
f 2243//7609 2237//7610 2242//7611
f 2243//7612 2244//7613 2237//7614
f 2243//7615 2242//7616 2244//7615
f 2245//7617 2239//7593 2246//7618
f 2245//7617 2238//7592 2239//7593
f 2247//7619 2238//7620 2245//7621
f 2247//7619 2240//7622 2238//7620
f 2248//7623 2240//7624 2247//7625
f 2248//7623 2241//7626 2240//7624
f 2249//7627 2242//7628 2241//7629
f 2249//7627 2241//7629 2248//7630
f 2249//7631 2244//7632 2242//7633
f 2250//7634 2244//7635 2249//7636
f 2250//7637 2251//7637 2244//7637
f 2250//7638 2249//7639 2251//7640
f 2252//7641 2246//7618 2253//7642
f 2252//7641 2245//7617 2246//7618
f 2252//7643 2247//7644 2245//7645
f 2254//7646 2247//7644 2252//7643
f 2255//7647 2247//7648 2254//7648
f 2255//7647 2248//7648 2247//7648
f 2256//7649 2248//7650 2255//7651
f 2256//7649 2249//7652 2248//7650
f 2256//7653 2251//7654 2249//7655
f 2257//7656 2256//7657 2258//7658
f 2257//7659 2251//7660 2256//7661
f 2257//7662 2258//7663 2251//7664
f 2259//7665 2253//7642 2260//7666
f 2259//7665 2252//7641 2253//7642
f 2259//7667 2254//7668 2252//7669
f 2261//7670 2254//7668 2259//7667
f 2262//7671 2255//7672 2254//7673
f 2262//7671 2254//7673 2261//7674
f 2263//7675 2256//7676 2255//7677
f 2263//7678 2258//7679 2256//7680
f 2263//7675 2255//7677 2262//7681
f 2264//7682 2263//7683 2265//7684
f 2264//7685 2258//7686 2263//7687
f 2264//7688 2265//7689 2258//7690
f 2266//7691 2260//7666 2267//7692
f 2266//7691 2259//7665 2260//7666
f 2268//7693 2261//7694 2259//7695
f 2268//7693 2259//7695 2266//7696
f 2269//7697 2267//7692 2270//7698
f 2269//7699 2268//7693 2266//7696
f 2269//7697 2266//7691 2267//7692
f 2271//7700 2262//7701 2261//7702
f 2271//7700 2261//7702 2268//7703
f 2272//7704 2268//7693 2269//7699
f 2273//7705 2265//7705 2263//7705
f 2273//7706 2263//7707 2262//7708
f 2273//7706 2262//7708 2271//7709
f 2274//7710 2271//7711 2268//7712
f 2274//7710 2268//7712 2272//7713
f 2275//7714 2265//7715 2273//7716
f 2275//7717 2276//7718 2265//7719
f 2277//7720 2271//7721 2274//7722
f 2277//7720 2273//7723 2271//7721
f 2278//7724 2269//7697 2270//7698
f 2279//7725 2275//7726 2273//7727
f 2279//7728 2276//7729 2275//7730
f 2279//7725 2273//7727 2277//7731
f 2280//7732 2269//7699 2278//7733
f 2280//7732 2272//7704 2269//7699
f 2281//7734 2270//7698 2282//7735
f 2281//7734 2278//7724 2270//7698
f 2283//7736 2272//7737 2280//7738
f 2283//7736 2274//7739 2272//7737
f 2283//7740 2277//7741 2274//7742
f 2284//7743 2280//7732 2278//7733
f 2284//7744 2283//7745 2280//7746
f 2284//7743 2278//7733 2281//7747
f 2285//7748 2279//7749 2277//7750
f 2285//7751 2277//7741 2283//7740
f 2286//7752 2283//7745 2284//7744
f 2287//7753 2288//7754 2276//7755
f 2287//7756 2276//7756 2279//7757
f 2287//7758 2279//7749 2285//7748
f 2289//7759 2285//7760 2283//7761
f 2289//7759 2283//7761 2286//7762
f 2290//7763 2281//7734 2282//7735
f 2291//7764 2288//7765 2287//7766
f 2291//7767 2287//7768 2285//7769
f 2291//7767 2285//7769 2289//7770
f 2292//7771 2281//7747 2290//7772
f 2292//7771 2284//7743 2281//7747
f 2293//7773 2282//7735 2294//7774
f 2293//7773 2290//7763 2282//7735
f 2295//7775 2284//7776 2292//7777
f 2295//7775 2286//7778 2284//7776
f 2296//7779 2295//7780 2292//7781
f 2296//7782 2290//7772 2293//7783
f 2296//7782 2292//7771 2290//7772
f 2297//7784 2291//7785 2289//7786
f 2297//7787 2286//7788 2295//7789
f 2297//7787 2289//7790 2286//7788
f 2298//7791 2295//7780 2296//7779
f 2299//7792 2300//7793 2288//7794
f 2299//7795 2288//7796 2291//7797
f 2299//7798 2291//7785 2297//7784
f 2301//7799 2297//7800 2295//7801
f 2301//7799 2295//7801 2298//7802
f 2302//7803 2293//7773 2294//7774
f 2303//7804 2297//7805 2301//7806
f 2303//7807 2300//7808 2299//7808
f 2303//7804 2299//7809 2297//7805
f 2304//7810 2298//7811 2296//7812
f 2304//7813 2293//7783 2302//7814
f 2304//7813 2296//7782 2293//7783
f 2305//7815 2298//7811 2304//7810
f 2306//7816 2294//7774 2307//7817
f 2306//7816 2302//7803 2294//7774
f 2308//7818 2303//7819 2301//7820
f 2308//7821 2298//7822 2305//7823
f 2308//7821 2301//7824 2298//7822
f 2309//7825 2302//7814 2306//7826
f 2309//7825 2304//7813 2302//7814
f 2310//7827 2300//7827 2303//7828
f 2310//7829 2303//7819 2308//7818
f 2310//7830 2311//7830 2300//7830
f 2312//7831 2305//7832 2304//7833
f 2312//7831 2304//7833 2309//7834
f 2313//7835 2308//7836 2305//7837
f 2313//7835 2305//7837 2312//7838
f 2314//7839 2306//7816 2307//7817
f 2315//7840 2310//7841 2308//7842
f 2315//7843 2311//7844 2310//7845
f 2315//7840 2308//7842 2313//7846
f 2316//7847 2306//7826 2314//7848
f 2316//7847 2309//7825 2306//7826
f 2316//7849 2312//7850 2309//7851
f 2317//7852 2312//7850 2316//7849
f 2318//7853 2307//7817 2319//7854
f 2318//7853 2314//7839 2307//7817
f 2320//7855 2313//7856 2312//7857
f 2320//7858 2315//7859 2313//7860
f 2320//7855 2312//7857 2317//7861
f 2321//7862 2316//7847 2314//7848
f 2321//7862 2314//7848 2318//7863
f 2322//7864 2323//7865 2311//7866
f 2322//7867 2311//7868 2315//7869
f 2322//7870 2315//7859 2320//7858
f 2324//7871 2316//7872 2321//7873
f 2324//7871 2317//7874 2316//7872
f 2325//7875 2320//7876 2317//7877
f 2325//7875 2317//7877 2324//7878
f 2326//7879 2318//7853 2319//7854
f 2327//7880 2323//7880 2322//7881
f 2327//7882 2322//7883 2320//7884
f 2327//7882 2320//7884 2325//7885
f 2328//7886 2318//7863 2326//7887
f 2328//7888 2324//7889 2321//7890
f 2328//7886 2321//7862 2318//7863
f 2329//7891 2324//7889 2328//7888
f 2330//7892 2319//7854 2331//7893
f 2330//7892 2326//7879 2319//7854
f 2332//7894 2324//7895 2329//7896
f 2332//7894 2325//7897 2324//7895
f 2332//7898 2327//7899 2325//7900
f 2333//7901 2326//7887 2330//7902
f 2333//7901 2328//7886 2326//7887
f 2334//7903 2327//7899 2332//7898
f 2334//7904 2335//7904 2323//7905
f 2334//7906 2323//7907 2327//7907
f 2336//7908 2328//7909 2333//7910
f 2336//7908 2329//7911 2328//7909
f 2337//7912 2329//7913 2336//7914
f 2337//7912 2332//7915 2329//7913
f 2338//7916 2330//7892 2331//7893
f 2339//7917 2334//7918 2332//7919
f 2339//7920 2335//7920 2334//7921
f 2339//7917 2332//7919 2337//7922
f 2340//7923 2333//7901 2330//7902
f 2340//7923 2330//7902 2338//7924
f 2341//7925 2336//7925 2333//7925
f 2341//7925 2333//7925 2340//7926
f 2342//7927 2340//7923 2338//7924
f 2342//7928 2338//7916 2331//7893
f 2342//7928 2331//7893 2343//7929
f 2344//7930 2337//7931 2336//7932
f 2344//7930 2336//7932 2341//7933
f 2345//7934 2340//7923 2342//7927
f 2346//7935 2335//7936 2339//7937
f 2346//7938 2339//7939 2337//7940
f 2346//7938 2337//7940 2344//7941
f 2346//7942 2347//7943 2335//7944
f 2348//7945 2340//7946 2345//7947
f 2348//7945 2341//7948 2340//7946
f 2349//7949 2342//7928 2343//7929
f 2350//7950 2344//7951 2341//7952
f 2350//7950 2341//7952 2348//7953
f 2351//7954 2345//7934 2342//7927
f 2351//7954 2342//7927 2349//7955
f 2352//7956 2346//7957 2344//7958
f 2352//7959 2347//7960 2346//7961
f 2352//7956 2344//7958 2350//7962
f 2353//7963 2348//7964 2345//7965
f 2353//7966 2350//7967 2348//7968
f 2353//7963 2345//7965 2351//7969
f 2354//7970 2343//7929 2355//7971
f 2354//7970 2349//7949 2343//7929
f 2356//7972 2350//7967 2353//7966
f 2357//7973 2349//7955 2354//7974
f 2357//7973 2351//7954 2349//7955
f 2358//7975 2347//7976 2352//7976
f 2358//7977 2352//7978 2350//7979
f 2358//7977 2350//7979 2356//7980
f 2358//7981 2359//7982 2347//7983
f 2360//7984 2353//7985 2351//7986
f 2360//7984 2351//7986 2357//7987
f 2361//7988 2354//7970 2355//7971
f 2361//7989 2357//7973 2354//7974
f 2362//7990 2356//7991 2353//7992
f 2362//7990 2353//7992 2360//7993
f 2362//7994 2358//7995 2356//7996
f 2363//7997 2357//7973 2361//7989
f 2364//7998 2359//7999 2358//8000
f 2364//8001 2358//7995 2362//7994
f 2365//8002 2360//8003 2357//8004
f 2365//8005 2362//8006 2360//8007
f 2365//8002 2357//8004 2363//8008
f 2366//8009 2364//8010 2362//8011
f 2366//8012 2362//8006 2365//8005
f 2367//8013 2355//7971 2368//8014
f 2367//8013 2361//7988 2355//7971
f 2369//8015 2370//8016 2359//8017
f 2369//8018 2359//8019 2364//8020
f 2369//8021 2364//8010 2366//8009
f 2371//8022 2361//7989 2367//8023
f 2371//8022 2363//7997 2361//7989
f 2371//8024 2365//8025 2363//8026
f 2372//8027 2365//8025 2371//8024
f 2373//8028 2367//8013 2368//8014
f 2374//8029 2366//8030 2365//8031
f 2374//8029 2365//8031 2372//8032
f 2375//8033 2367//8023 2373//8034
f 2375//8033 2371//8022 2367//8023
f 2376//8035 2366//8036 2374//8037
f 2376//8038 2370//8038 2369//8038
f 2376//8035 2369//8039 2366//8036
f 2377//8040 2371//8041 2375//8042
f 2377//8040 2372//8043 2371//8041
f 2378//8044 2372//8045 2377//8046
f 2378//8044 2374//8047 2372//8045
f 2379//8048 2373//8028 2368//8014
f 2379//8048 2368//8014 2380//8049
f 2379//8050 2375//8033 2373//8034
f 2381//8051 2376//8052 2374//8053
f 2381//8054 2370//8054 2376//8054
f 2381//8055 2382//8055 2370//8055
f 2381//8051 2374//8053 2378//8056
f 2383//8057 2375//8033 2379//8050
f 2384//8058 2377//8059 2375//8060
f 2384//8058 2375//8060 2383//8061
f 2385//8062 2379//8048 2380//8049
f 2386//8063 2378//8064 2377//8065
f 2386//8063 2377//8065 2384//8066
f 2387//8067 2383//8057 2379//8050
f 2387//8067 2379//8050 2385//8068
f 2388//8069 2381//8070 2378//8071
f 2388//8072 2382//8073 2381//8074
f 2388//8069 2378//8071 2386//8075
f 2389//8076 2384//8077 2383//8078
f 2389//8079 2386//8080 2384//8081
f 2389//8076 2383//8078 2387//8082
f 2390//8083 2386//8080 2389//8079
f 2391//8084 2380//8049 2392//8085
f 2391//8084 2385//8062 2380//8049
f 2393//8086 2382//8087 2388//8088
f 2393//8089 2388//8090 2386//8091
f 2393//8089 2386//8091 2390//8092
f 2393//8093 2394//8093 2382//8094
f 2395//8095 2387//8067 2385//8068
f 2395//8095 2385//8068 2391//8096
f 2396//8097 2389//8098 2387//8099
f 2396//8097 2387//8099 2395//8100
f 2397//8101 2391//8084 2392//8085
f 2398//8102 2390//8103 2389//8104
f 2398//8102 2389//8104 2396//8105
f 2399//8106 2395//8095 2391//8096
f 2399//8106 2391//8096 2397//8107
f 2400//8108 2393//8109 2390//8110
f 2400//8111 2394//8111 2393//8112
f 2400//8108 2390//8110 2398//8113
f 2401//8114 2396//8115 2395//8116
f 2401//8114 2395//8116 2399//8117
f 2402//8118 2398//8119 2396//8120
f 2402//8118 2396//8120 2401//8121
f 2403//8122 2392//8085 2404//8123
f 2403//8122 2397//8101 2392//8085
f 2405//8124 2394//8124 2400//8124
f 2405//8125 2406//8125 2394//8125
f 2405//8126 2400//8127 2398//8128
f 2405//8126 2398//8128 2402//8129
f 2407//8130 2397//8107 2403//8131
f 2407//8130 2399//8106 2397//8107
f 2407//8132 2401//8133 2399//8134
f 2408//8135 2403//8122 2404//8123
f 2409//8136 2401//8133 2407//8132
f 2410//8137 2407//8130 2403//8131
f 2410//8137 2403//8131 2408//8138
f 2411//8139 2402//8140 2401//8141
f 2411//8142 2405//8143 2402//8144
f 2411//8139 2401//8141 2409//8145
f 2412//8146 2409//8147 2407//8148
f 2412//8146 2407//8148 2410//8149
f 2413//8150 2405//8143 2411//8142
f 2413//8151 2406//8152 2405//8153
f 2414//8154 2409//8155 2412//8156
f 2414//8154 2411//8157 2409//8155
f 2415//8158 2404//8123 2416//8159
f 2415//8158 2408//8135 2404//8123
f 2417//8160 2413//8161 2411//8162
f 2417//8163 2406//8164 2413//8165
f 2417//8160 2411//8162 2414//8166
f 2417//8167 2418//8168 2406//8169
f 2419//8170 2408//8138 2415//8171
f 2419//8170 2410//8137 2408//8138
f 2420//8172 2415//8158 2416//8159
f 2421//8173 2412//8174 2410//8175
f 2421//8173 2410//8175 2419//8176
f 2422//8177 2415//8171 2420//8178
f 2422//8179 2421//8180 2419//8181
f 2422//8177 2419//8170 2415//8171
f 2423//8182 2414//8183 2412//8184
f 2423//8185 2417//8186 2414//8187
f 2423//8182 2412//8184 2421//8188
f 2424//8189 2421//8180 2422//8179
f 2425//8190 2417//8186 2423//8185
f 2425//8191 2418//8192 2417//8193
f 2426//8194 2423//8195 2421//8196
f 2426//8194 2421//8196 2424//8197
f 2427//8198 2420//8172 2416//8159
f 2427//8198 2416//8159 2428//8199
f 2429//8200 2423//8201 2426//8202
f 2429//8200 2425//8203 2423//8201
f 2429//8204 2418//8205 2425//8206
f 2429//8207 2430//8207 2418//8207
f 2431//8208 2422//8177 2420//8178
f 2431//8208 2420//8178 2427//8209
f 2432//8210 2427//8198 2428//8199
f 2433//8211 2424//8212 2422//8213
f 2433//8211 2422//8213 2431//8214
f 2434//8215 2433//8216 2431//8217
f 2434//8218 2431//8208 2427//8209
f 2434//8218 2427//8209 2432//8219
f 2435//8220 2426//8221 2424//8222
f 2435//8220 2424//8222 2433//8223
f 2436//8224 2433//8216 2434//8215
f 2437//8225 2429//8226 2426//8227
f 2437//8228 2430//8229 2429//8230
f 2437//8225 2426//8227 2435//8231
f 2438//8232 2435//8233 2433//8234
f 2438//8232 2433//8234 2436//8235
f 2438//8236 2437//8237 2435//8238
f 2439//8239 2440//8240 2430//8241
f 2439//8242 2430//8243 2437//8244
f 2439//8245 2437//8237 2438//8236
f 2441//8246 2428//8199 2442//8247
f 2441//8246 2432//8210 2428//8199
f 2441//8248 2434//8218 2432//8219
f 2443//8249 2441//8249 2442//8250
f 2443//8251 2434//8218 2441//8248
f 2444//8252 2436//8253 2434//8254
f 2444//8252 2434//8254 2443//8255
f 2445//8256 2438//8257 2436//8258
f 2445//8256 2436//8258 2444//8259
f 2446//8260 2440//8260 2439//8261
f 2446//8262 2439//8263 2438//8264
f 2446//8262 2438//8264 2445//8265
f 2447//8266 2442//8266 2448//8266
f 2449//8267 2443//8268 2442//8269
f 2449//8270 2442//8270 2447//8271
f 2449//8272 2447//8273 2448//8274
f 2450//8275 2444//8276 2443//8277
f 2450//8275 2443//8277 2449//8278
f 2451//8279 2445//8280 2444//8281
f 2451//8282 2446//8283 2445//8284
f 2451//8279 2444//8281 2450//8285
f 2452//8286 2453//8287 2440//8288
f 2452//8286 2440//8288 2446//8289
f 2452//8290 2446//8283 2451//8282
f 2454//8291 2448//8291 2455//8291
f 2456//8292 2448//8293 2454//8294
f 2456//8295 2449//8296 2448//8296
f 2456//8297 2450//8298 2449//8299
f 2456//8300 2454//8301 2455//8302
f 2457//8303 2450//8298 2456//8297
f 2458//8304 2452//8305 2451//8306
f 2458//8307 2450//8308 2457//8309
f 2458//8307 2451//8310 2450//8308
f 2459//8311 2452//8305 2458//8304
f 2459//8312 2460//8313 2453//8314
f 2459//8312 2453//8314 2452//8315
f 2461//8316 2455//8317 2462//8318
f 2463//8319 2457//8320 2456//8321
f 2463//8322 2456//8323 2455//8324
f 2463//8325 2461//8326 2462//8327
f 2463//8328 2455//8329 2461//8330
f 2464//8331 2457//8320 2463//8319
f 2465//8332 2457//8332 2464//8333
f 2465//8332 2458//8332 2457//8332
f 2465//8334 2459//8335 2458//8336
f 2466//8337 2460//8338 2459//8339
f 2466//8340 2459//8335 2465//8334
f 2466//8341 2467//8342 2468//8343
f 2466//8337 2468//8344 2460//8338
f 2469//8345 2462//8346 2470//8347
f 2471//8348 2463//8348 2462//8348
f 2471//8349 2469//8349 2470//8349
f 2471//8350 2462//8350 2469//8350
f 2472//8351 2465//8352 2464//8353
f 2472//8354 2464//8355 2463//8356
f 2472//8354 2463//8356 2471//8357
f 2473//8358 2465//8352 2472//8351
f 2474//8359 2465//8360 2473//8361
f 2474//8359 2466//8362 2465//8360
f 2474//8363 2467//8342 2466//8341
f 2475//8364 2470//8364 2476//8364
f 2477//8365 2471//8365 2470//8365
f 2477//8366 2470//8367 2475//8368
f 2477//8369 2475//8370 2476//8371
f 2478//8372 2471//8373 2477//8374
f 2478//8372 2472//8375 2471//8373
f 2478//8376 2473//8377 2472//8378
f 2479//8379 2473//8377 2478//8376
f 2480//8380 2474//8381 2473//8382
f 2480//8380 2473//8382 2479//8383
f 2480//8384 2213//8385 2481//8386
f 2480//8387 2481//8387 2467//8388
f 2480//8387 2467//8388 2474//8388
f 2482//8389 2212//7517 2207//7512
f 2482//8389 2476//8390 2212//7517
f 2482//8391 2207//7511 2206//7510
f 2483//8392 2482//8391 2206//7510
f 2483//8393 2477//8394 2476//8395
f 2483//8396 2476//8397 2482//8398
f 2484//8399 2477//8400 2483//8401
f 2484//8402 2205//8403 2204//8404
f 2484//8405 2206//8406 2205//8407
f 2484//8399 2478//8408 2477//8400
f 2484//8405 2483//8409 2206//8406
f 2485//8410 2480//8411 2479//8412
f 2485//8413 2484//8402 2204//8404
f 2485//8414 2479//8415 2478//8416
f 2485//8414 2478//8416 2484//8417
f 2486//8418 2480//8411 2485//8410
f 2486//8419 2203//7520 2213//7519
f 2486//8420 2204//8421 2203//8422
f 2486//8423 2213//8385 2480//8384
f 2486//8420 2485//8424 2204//8421
f 2222//8425 374//8425 372//8426
f 2222//8425 372//8426 1309//8427
f 2222//8428 1309//8429 1312//8430
f 2220//8431 2222//8428 1312//8430
f 2216//8432 1312//8433 1316//8434
f 2216//8435 1316//8436 1322//8437
f 2216//8432 2220//8438 1312//8433
f 2217//8439 2216//8435 1322//8437
f 2210//7527 1322//8440 1329//8441
f 2210//7527 2217//7526 1322//8440
f 2211//7516 1329//4639 1330//4638
f 2211//7516 2210//7515 1329//4639
f 2487//8442 606//8443 605//8444
f 2488//8445 605//8446 601//8447
f 2488//8448 2487//8442 605//8444
f 2489//8449 2488//8445 601//8447
f 2490//8450 601//8451 597//8452
f 2490//8453 597//8454 591//8455
f 2490//8450 2489//8456 601//8451
f 2491//8457 591//8458 530//8459
f 2491//8460 2490//8453 591//8455
f 2492//8457 2491//8457 530//8459
f 373//8461 530//8462 371//8463
f 373//8461 2492//8461 530//8462
f 2493//8464 2487//8442 2488//8448
f 2494//8465 2495//8466 2496//8467
f 2497//8468 2492//8469 373//8470
f 2497//8468 373//8470 2498//8471
f 2499//8472 2492//8473 2497//8474
f 2499//8472 2491//8475 2492//8473
f 2500//8476 2490//8477 2491//8478
f 2500//8476 2491//8478 2499//8479
f 2501//8480 2489//8481 2490//8482
f 2501//8480 2490//8482 2500//8483
f 2502//8484 2489//8449 2501//8485
f 2502//8484 2488//8445 2489//8449
f 2502//8486 2493//8464 2488//8448
f 2503//8487 2498//8488 2504//8489
f 2503//8490 2499//8491 2497//8492
f 2503//8493 2497//8494 2498//8495
f 2505//8496 2499//8491 2503//8490
f 2506//8497 2501//8498 2500//8499
f 2506//8500 2499//8501 2505//8502
f 2506//8500 2500//8503 2499//8501
f 2507//8504 2501//8498 2506//8497
f 2508//8505 2509//8506 2493//8464
f 2508//8507 2501//8508 2507//8509
f 2508//8507 2502//8510 2501//8508
f 2508//8505 2493//8464 2502//8486
f 2510//8511 2504//8512 2511//8513
f 2510//8514 2503//8515 2504//8516
f 2512//8517 2505//8518 2503//8519
f 2512//8517 2503//8519 2510//8520
f 2512//8521 2510//8522 2511//8523
f 2513//8524 2506//8525 2505//8526
f 2513//8524 2505//8526 2512//8527
f 2513//8528 2507//8529 2506//8530
f 2514//8531 2507//8529 2513//8528
f 2515//8532 2516//8533 2517//8534
f 2515//8532 2517//8534 2509//8506
f 2515//8535 2507//8536 2514//8537
f 2515//8532 2509//8506 2508//8505
f 2515//8535 2508//8538 2507//8536
f 2518//8539 2511//8540 2519//8541
f 2520//8542 2511//8543 2518//8544
f 2520//8545 2512//8546 2511//8547
f 2520//8548 2518//8549 2519//8550
f 2521//8551 2512//8552 2520//8553
f 2521//8551 2513//8554 2512//8552
f 2522//8555 2514//8556 2513//8557
f 2522//8555 2513//8557 2521//8558
f 2523//8559 2514//8560 2522//8561
f 2523//8559 2515//8562 2514//8560
f 2523//8563 2516//8533 2515//8532
f 2524//8564 2519//8564 2525//8564
f 2526//8565 2519//8566 2524//8567
f 2526//8568 2520//8569 2519//8570
f 2526//8571 2524//8572 2525//8573
f 2527//8574 2522//8575 2521//8576
f 2527//8577 2520//8578 2526//8579
f 2527//8577 2521//8580 2520//8578
f 2528//8581 2522//8575 2527//8574
f 2528//8582 2523//8583 2522//8584
f 2529//8585 2530//8586 2531//8587
f 2529//8585 2531//8587 2516//8533
f 2529//8585 2516//8533 2523//8563
f 2529//8588 2523//8583 2528//8582
f 2532//8589 2525//8590 2533//8591
f 2534//8592 2525//8593 2532//8594
f 2534//8595 2526//8596 2525//8597
f 2534//8598 2532//8599 2533//8600
f 2535//8601 2526//8602 2534//8603
f 2535//8601 2527//8604 2526//8602
f 2536//8605 2528//8606 2527//8607
f 2536//8605 2527//8607 2535//8608
f 2537//8609 2530//8586 2529//8585
f 2537//8610 2528//8611 2536//8612
f 2537//8610 2529//8613 2528//8611
f 2538//8614 2533//8615 2539//8616
f 2538//8617 2534//8618 2533//8619
f 2540//8620 2534//8621 2538//8622
f 2540//8620 2535//8623 2534//8621
f 2541//8624 2536//8625 2535//8626
f 2541//8624 2535//8626 2540//8627
f 2541//8628 2537//8629 2536//8630
f 2542//8631 2530//8586 2537//8609
f 2542//8631 2543//8632 2544//8633
f 2542//8631 2544//8633 2530//8586
f 2542//8634 2537//8629 2541//8628
f 2545//8635 2538//8636 2539//8637
f 2545//8638 2540//8639 2538//8640
f 2545//8641 2539//8641 2546//8641
f 2547//8642 2545//8643 2546//8644
f 2548//8645 2540//8639 2545//8638
f 2549//8646 2545//8646 2547//8647
f 2549//8648 2548//8649 2545//8650
f 2550//8651 2541//8652 2540//8653
f 2550//8651 2540//8653 2548//8654
f 2551//8655 2548//8649 2549//8648
f 2552//8656 2541//8657 2550//8658
f 2552//8659 2543//8632 2542//8631
f 2552//8656 2542//8660 2541//8657
f 2553//8661 2550//8662 2548//8663
f 2553//8661 2548//8663 2551//8664
f 2553//8665 2552//8656 2550//8658
f 2554//8666 2547//8667 2546//8668
f 2554//8669 2546//8670 2555//8671
f 2556//8672 2557//8673 2543//8632
f 2556//8672 2543//8632 2552//8659
f 2556//8674 2552//8656 2553//8665
f 2558//8675 2549//8676 2547//8677
f 2558//8678 2551//8679 2549//8680
f 2558//8675 2547//8677 2554//8681
f 2559//8682 2554//8683 2555//8684
f 2560//8685 2551//8679 2558//8678
f 2561//8686 2558//8687 2554//8688
f 2561//8686 2554//8688 2559//8689
f 2562//8690 2553//8691 2551//8692
f 2562//8690 2551//8692 2560//8693
f 2563//8694 2560//8695 2558//8696
f 2563//8694 2558//8696 2561//8697
f 2564//8698 2556//8674 2553//8665
f 2564//8699 2557//8673 2556//8672
f 2564//8698 2553//8665 2562//8700
f 2565//8701 2564//8698 2562//8700
f 2565//8702 2562//8703 2560//8704
f 2565//8702 2560//8704 2563//8705
f 2566//8706 2561//8707 2559//8708
f 2566//8709 2555//8710 2567//8711
f 2566//8712 2559//8713 2555//8712
f 2568//8714 2569//8715 2557//8673
f 2568//8716 2564//8698 2565//8701
f 2568//8714 2557//8673 2564//8699
f 2570//8717 2561//8707 2566//8706
f 2571//8718 2566//8719 2567//8720
f 2572//8721 2563//8722 2561//8723
f 2572//8724 2565//8725 2563//8726
f 2572//8721 2561//8723 2570//8727
f 2573//8728 2566//8729 2571//8730
f 2573//8728 2570//8731 2566//8729
f 2574//8732 2565//8725 2572//8724
f 2575//8733 2572//8734 2570//8735
f 2575//8733 2570//8735 2573//8736
f 2576//8737 2565//8701 2574//8738
f 2576//8737 2568//8716 2565//8701
f 2576//8739 2569//8715 2568//8714
f 2577//8740 2572//8741 2575//8742
f 2577//8740 2574//8743 2572//8741
f 2577//8744 2576//8737 2574//8738
f 2578//8745 2571//8746 2567//8745
f 2578//8747 2573//8748 2571//8749
f 2578//8750 2567//8751 2579//8752
f 2580//8753 2569//8715 2576//8739
f 2580//8754 2576//8737 2577//8744
f 2580//8753 2581//8755 2569//8715
f 2582//8756 2573//8748 2578//8747
f 2583//8757 2575//8758 2573//8759
f 2583//8757 2573//8759 2582//8760
f 2584//8761 2578//8762 2579//8761
f 2585//8763 2577//8764 2575//8765
f 2585//8763 2575//8765 2583//8766
f 2586//8767 2582//8768 2578//8769
f 2586//8767 2578//8769 2584//8770
f 2587//8771 2580//8754 2577//8744
f 2587//8772 2581//8755 2580//8753
f 2587//8771 2577//8744 2585//8773
f 2588//8774 2583//8775 2582//8776
f 2588//8774 2582//8776 2586//8777
f 2589//8778 2585//8779 2583//8780
f 2589//8778 2583//8780 2588//8781
f 2590//8782 2584//8783 2579//8783
f 2590//8784 2579//8785 2591//8786
f 2592//8787 2593//8788 2581//8755
f 2592//8787 2581//8755 2587//8772
f 2592//8789 2587//8771 2585//8773
f 2592//8789 2585//8773 2589//8790
f 2594//8791 2584//8792 2590//8793
f 2594//8791 2586//8794 2584//8792
f 2595//8795 2588//8796 2586//8797
f 2595//8795 2586//8797 2594//8798
f 2596//8799 2590//8800 2591//8800
f 2597//8801 2588//8802 2595//8803
f 2597//8801 2589//8804 2588//8802
f 2597//8805 2592//8789 2589//8790
f 2598//8806 2590//8807 2596//8808
f 2598//8806 2594//8809 2590//8807
f 2599//8810 2593//8788 2592//8787
f 2599//8811 2592//8789 2597//8805
f 2600//8812 2595//8813 2594//8814
f 2600//8812 2594//8814 2598//8815
f 2601//8816 2595//8817 2600//8818
f 2601//8816 2597//8819 2595//8817
f 2601//8820 2599//8811 2597//8805
f 2602//8821 2591//8822 2603//8823
f 2602//8824 2596//8824 2591//8824
f 2602//8825 2598//8826 2596//8827
f 2604//8828 2605//8829 2593//8788
f 2604//8828 2593//8788 2599//8810
f 2604//8830 2599//8811 2601//8820
f 2606//8831 2598//8826 2602//8825
f 2607//8832 2600//8833 2598//8834
f 2607//8832 2598//8834 2606//8835
f 2608//8836 2602//8837 2603//8838
f 2609//8839 2601//8840 2600//8841
f 2609//8842 2604//8830 2601//8820
f 2609//8839 2600//8841 2607//8843
f 2610//8844 2606//8845 2602//8846
f 2610//8844 2602//8846 2608//8847
f 2611//8848 2605//8829 2604//8828
f 2611//8849 2604//8830 2609//8842
f 2612//8850 2606//8851 2610//8852
f 2612//8850 2607//8853 2606//8851
f 2613//8854 2607//8855 2612//8856
f 2613//8854 2609//8857 2607//8855
f 2614//8858 2603//8859 2615//8860
f 2614//8861 2608//8862 2603//8863
f 2614//8864 2610//8865 2608//8866
f 2616//8867 2611//8849 2609//8842
f 2616//8867 2609//8842 2613//8868
f 2616//8869 2617//8870 2605//8829
f 2616//8869 2605//8829 2611//8848
f 2618//8871 2610//8865 2614//8864
f 2619//8872 2610//8873 2618//8874
f 2619//8875 2613//8876 2612//8877
f 2619//8872 2612//8878 2610//8873
f 2620//8879 2614//8880 2615//8881
f 2621//8882 2613//8876 2619//8875
f 2622//8883 2614//8884 2620//8885
f 2622//8883 2618//8886 2614//8884
f 2623//8887 2616//8867 2613//8868
f 2623//8888 2617//8870 2616//8869
f 2623//8887 2613//8868 2621//8889
f 2624//8890 2619//8891 2618//8892
f 2624//8893 2621//8894 2619//8895
f 2624//8890 2618//8892 2622//8896
f 2625//8897 2620//8898 2615//8899
f 2625//8900 2615//8901 2626//8902
f 2627//8903 2623//8887 2621//8889
f 2627//8904 2621//8894 2624//8893
f 2628//8905 2622//8906 2620//8907
f 2628//8905 2620//8907 2625//8908
f 2629//8909 2630//8910 2617//8870
f 2629//8909 2617//8870 2623//8888
f 2629//8911 2623//8887 2627//8903
f 2631//8912 2624//8913 2622//8914
f 2631//8912 2622//8914 2628//8915
f 2632//8916 2625//8917 2626//8918
f 2633//8919 2624//8920 2631//8921
f 2633//8919 2627//8922 2624//8920
f 2634//8923 2628//8924 2625//8925
f 2634//8923 2625//8925 2632//8926
f 2635//8927 2630//8910 2629//8909
f 2635//8928 2629//8911 2627//8903
f 2635//8928 2627//8903 2633//8929
f 2636//8930 2633//8931 2631//8932
f 2636//8933 2631//8934 2628//8935
f 2636//8933 2628//8935 2634//8936
f 2637//8937 2632//8938 2626//8938
f 2637//8939 2626//8940 2638//8941
f 2639//8942 2633//8931 2636//8930
f 2640//8943 2632//8944 2637//8945
f 2640//8943 2634//8946 2632//8944
f 2640//8947 2636//8948 2634//8949
f 2641//8950 2642//8951 2630//8910
f 2641//8950 2630//8910 2635//8927
f 2641//8952 2635//8928 2633//8929
f 2641//8952 2633//8929 2639//8953
f 2643//8954 2636//8948 2640//8947
f 2644//8955 2639//8956 2636//8957
f 2644//8955 2636//8957 2643//8958
f 2645//8959 2637//8960 2638//8961
f 2646//8962 2642//8951 2641//8950
f 2646//8963 2641//8952 2639//8953
f 2646//8963 2639//8953 2644//8964
f 2647//8965 2640//8966 2637//8967
f 2647//8965 2637//8967 2645//8968
f 2648//8969 2640//8970 2647//8971
f 2648//8969 2643//8972 2640//8970
f 2648//8973 2644//8974 2643//8975
f 2649//8976 2638//8977 2650//8978
f 2649//8979 2645//8980 2638//8981
f 2649//8982 2647//8983 2645//8984
f 2651//8985 2644//8974 2648//8973
f 2652//8986 2647//8983 2649//8982
f 2653//8987 2644//8964 2651//8988
f 2653//8989 2654//8990 2642//8951
f 2653//8989 2642//8951 2646//8962
f 2653//8987 2646//8963 2644//8964
f 2655//8991 2647//8992 2652//8993
f 2655//8991 2648//8994 2647//8992
f 2656//8995 2651//8996 2648//8997
f 2656//8995 2648//8997 2655//8998
f 2657//8999 2649//9000 2650//9001
f 2658//9002 2654//8990 2653//8989
f 2658//9003 2651//8988 2656//9004
f 2658//9003 2653//8987 2651//8988
f 2659//9005 2649//9006 2657//9007
f 2659//9005 2652//9008 2649//9006
f 2660//9009 2655//9010 2652//9011
f 2660//9012 2656//9013 2655//9014
f 2660//9009 2652//9011 2659//9015
f 2661//9016 2657//9017 2650//9018
f 2661//9019 2650//9020 2662//9021
f 2663//9022 2658//9003 2656//9004
f 2663//9023 2656//9013 2660//9012
f 2664//9024 2659//9025 2657//9026
f 2664//9024 2657//9026 2661//9027
f 2665//9028 2654//8990 2658//9002
f 2665//9028 2666//9029 2654//8990
f 2665//9030 2658//9003 2663//9022
f 2667//9031 2660//9032 2659//9033
f 2667//9031 2659//9033 2664//9034
f 2668//9035 2663//9036 2660//9037
f 2668//9035 2660//9037 2667//9038
f 2668//9039 2665//9030 2663//9022
f 2669//9040 2661//9041 2662//9042
f 2670//9043 2666//9029 2665//9028
f 2670//9044 2665//9030 2668//9039
f 2671//9045 2661//9046 2669//9047
f 2671//9045 2664//9048 2661//9046
f 2672//9049 2664//9050 2671//9051
f 2672//9049 2667//9052 2664//9050
f 2673//9053 2669//9054 2662//9055
f 2673//9056 2662//9057 2674//9056
f 2675//9058 2667//9059 2672//9060
f 2675//9058 2668//9061 2667//9059
f 2676//9062 2671//9063 2669//9064
f 2676//9062 2669//9064 2673//9065
f 2677//9066 2678//9067 2666//9029
f 2677//9066 2666//9029 2670//9043
f 2677//9068 2670//9044 2668//9039
f 2677//9068 2668//9039 2675//9069
f 2679//9070 2672//9071 2671//9072
f 2679//9070 2671//9072 2676//9073
f 2680//9074 2675//9075 2672//9076
f 2680//9074 2672//9076 2679//9077
f 2681//9078 2673//9079 2674//9080
f 2681//9081 2676//9082 2673//9083
f 2682//9084 2675//9069 2680//9085
f 2682//9086 2678//9067 2677//9066
f 2682//9084 2677//9068 2675//9069
f 2683//9087 2676//9082 2681//9081
f 2684//9088 2674//9089 2685//9090
f 2684//9091 2681//9092 2674//9093
f 2686//9094 2676//9095 2683//9096
f 2686//9094 2679//9097 2676//9095
f 2686//9098 2680//9099 2679//9100
f 2687//9101 2683//9102 2681//9103
f 2687//9101 2681//9103 2684//9104
f 2688//9105 2680//9099 2686//9098
f 2689//9106 2686//9107 2683//9108
f 2689//9106 2683//9108 2687//9109
f 2690//9110 2691//9111 2678//9067
f 2690//9110 2678//9067 2682//9086
f 2690//9112 2682//9084 2680//9085
f 2690//9112 2680//9085 2688//9113
f 2692//9114 2688//9115 2686//9116
f 2692//9114 2686//9116 2689//9117
f 2693//9118 2684//9119 2685//9120
f 2693//9121 2687//9122 2684//9123
f 2694//9124 2690//9112 2688//9113
f 2694//9125 2691//9111 2690//9110
f 2694//9124 2688//9113 2692//9126
f 2695//9127 2687//9122 2693//9121
f 2695//9128 2689//9129 2687//9130
f 2696//9131 2685//9132 2697//9133
f 2696//9134 2693//9135 2685//9136
f 2698//9137 2692//9138 2689//9139
f 2698//9140 2689//9129 2695//9128
f 2699//9141 2693//9142 2696//9143
f 2699//9141 2695//9144 2693//9142
f 2700//9145 2692//9138 2698//9137
f 2701//9146 2695//9147 2699//9148
f 2701//9146 2698//9149 2695//9147
f 2702//9150 2691//9111 2694//9125
f 2702//9151 2694//9124 2692//9126
f 2702//9150 2703//9152 2691//9111
f 2702//9151 2692//9126 2700//9153
f 2704//9154 2700//9155 2698//9156
f 2704//9154 2698//9156 2701//9157
f 2705//9158 2699//9159 2696//9160
f 2705//9161 2696//9162 2697//9162
f 2706//9163 2700//9153 2704//9164
f 2706//9165 2703//9152 2702//9150
f 2706//9163 2702//9151 2700//9153
f 2707//9166 2699//9159 2705//9158
f 2708//9167 2697//9168 2709//9169
f 2708//9170 2705//9171 2697//9172
f 2710//9173 2701//9174 2699//9175
f 2710//9173 2699//9175 2707//9176
f 2711//9177 2707//9178 2705//9179
f 2711//9177 2705//9179 2708//9180
f 2712//9181 2704//9182 2701//9183
f 2712//9181 2701//9183 2710//9184
f 2713//9185 2707//9186 2711//9187
f 2713//9185 2710//9188 2707//9186
f 2714//9189 2715//9190 2703//9152
f 2714//9189 2703//9152 2706//9165
f 2714//9191 2706//9163 2704//9164
f 2714//9191 2704//9164 2712//9192
f 2716//9193 2712//9194 2710//9195
f 2716//9193 2710//9195 2713//9196
f 2717//9197 2715//9190 2714//9189
f 2717//9198 2714//9191 2712//9192
f 2717//9198 2712//9192 2716//9199
f 2718//9200 2708//9201 2709//9202
f 2719//9203 2713//9204 2711//9205
f 2719//9206 2711//9207 2708//9208
f 2719//9206 2708//9208 2718//9209
f 2720//9210 2713//9204 2719//9203
f 2721//9211 2716//9212 2713//9213
f 2721//9211 2713//9213 2720//9214
f 2722//9215 2723//9216 2715//9190
f 2722//9215 2715//9190 2717//9197
f 2722//9217 2717//9198 2716//9199
f 2722//9217 2716//9199 2721//9218
f 2722//9219 2721//9220 2723//9221
f 2724//9222 2718//9223 2709//9224
f 2724//9222 2709//9224 2725//9225
f 2726//9226 2718//9227 2724//9228
f 2726//9226 2719//9229 2718//9227
f 2727//9230 2721//9231 2720//9232
f 2727//9233 2720//9234 2719//9235
f 2727//9233 2719//9235 2726//9236
f 2728//9237 2721//9231 2727//9230
f 2728//9238 2723//9239 2721//9239
f 2729//9240 2730//9241 2723//9242
f 2729//9243 2728//9244 2730//9245
f 2729//9246 2723//9246 2728//9247
f 2731//9248 2725//9249 2732//9250
f 2731//9248 2724//9251 2725//9249
f 2731//9252 2726//9253 2724//9254
f 2733//9255 2726//9253 2731//9252
f 2734//9256 2726//9257 2733//9258
f 2734//9256 2727//9259 2726//9257
f 2735//9260 2727//9261 2734//9262
f 2735//9263 2730//9264 2728//9265
f 2735//9260 2728//9266 2727//9261
f 2736//9267 2735//9268 2737//9269
f 2736//9270 2730//9270 2735//9270
f 2736//9271 2737//9271 2730//9271
f 2738//9272 2732//9273 2739//9274
f 2738//9272 2731//9275 2732//9273
f 2740//9276 2733//9277 2731//9278
f 2740//9276 2731//9278 2738//9279
f 2741//9280 2733//9281 2740//9282
f 2741//9280 2734//9283 2733//9281
f 2742//9284 2737//9285 2735//9286
f 2742//9287 2734//9288 2741//9289
f 2742//9287 2735//9290 2734//9288
f 2743//9291 2744//9292 2737//9293
f 2743//9294 2737//9294 2742//9295
f 2743//9296 2742//9297 2744//9298
f 2745//9299 2738//9300 2739//9301
f 2745//9299 2739//9301 2746//9302
f 2747//9303 2740//9304 2738//9305
f 2747//9303 2738//9305 2745//9306
f 2748//9307 2741//9308 2740//9307
f 2748//9307 2740//9307 2747//9307
f 2749//9309 2741//9310 2748//9311
f 2749//9312 2744//9312 2742//9313
f 2749//9309 2742//9314 2741//9310
f 2750//9315 2751//9316 2744//9317
f 2750//9318 2744//9318 2749//9318
f 2750//9319 2749//9320 2751//9321
f 2752//9322 2745//9323 2746//9324
f 2752//9322 2746//9324 2753//9325
f 2752//9326 2753//9327 2754//9328
f 2752//9329 2747//9330 2745//9331
f 2755//9332 2747//9330 2752//9329
f 2756//9333 2748//9334 2747//9335
f 2756//9333 2747//9335 2755//9336
f 2757//9337 2751//9338 2749//9339
f 2757//9340 2749//9341 2748//9342
f 2757//9340 2748//9342 2756//9343
f 2758//9344 2759//9345 2751//9346
f 2758//9347 2757//9348 2759//9349
f 2758//9350 2751//9351 2757//9352
f 2760//9353 2761//9354 2762//9355
f 2760//9356 2762//9357 2763//9358
f 2760//9328 2752//9326 2754//9328
f 2760//9359 2755//9360 2752//9361
f 2760//9353 2754//9362 2761//9354
f 2764//9363 2760//9356 2763//9358
f 2764//9364 2755//9360 2760//9359
f 2765//9365 2763//9366 2766//9367
f 2765//9368 2766//9369 2767//9370
f 2765//9371 2756//9372 2755//9373
f 2765//9374 2757//9375 2756//9376
f 2765//9365 2764//9377 2763//9366
f 2765//9371 2755//9373 2764//9378
f 2768//9379 2765//9368 2767//9370
f 2768//9380 2757//9375 2765//9374
f 2768//9381 2759//9382 2757//9383
f 2769//9384 2767//9385 2496//9386
f 2769//9387 2495//8466 2759//9388
f 2769//9387 2496//8467 2495//8466
f 2769//9384 2768//9389 2767//9385
f 2769//9390 2759//9391 2768//9392
f 2770//9393 2771//9394 2494//8465
f 2770//9393 2494//8465 2496//8467
f 2772//9395 2496//9386 2767//9385
f 2772//9395 2770//9396 2496//9386
f 2773//9397 2766//9398 2763//9399
f 2773//9400 2767//9401 2766//9400
f 2773//9400 2772//9400 2767//9401
f 2774//9397 2773//9397 2763//9399
f 2775//9402 2762//9402 2761//9402
f 2775//9403 2763//9404 2762//9405
f 2775//9403 2774//9406 2763//9404
f 2776//9402 2775//9402 2761//9402
f 2777//9407 2778//9408 2779//9409
f 2770//9393 2780//9410 2771//9394
f 2776//9411 2781//9412 2775//9413
f 2782//9414 2778//9408 2777//9407
f 2783//9415 2784//9416 2785//9417
f 2783//9418 2785//9419 2778//9420
f 2783//9418 2778//9420 2782//9421
f 2786//9422 2784//9416 2783//9415
f 2787//9423 2788//9424 2784//9425
f 2787//9423 2784//9425 2786//9426
f 2789//9427 205//9428 2790//9429
f 2789//9430 2790//9431 2788//9432
f 2789//9430 2788//9432 2787//9433
f 2789//9427 2791//9434 205//9428
f 2792//9435 2777//9407 2793//9436
f 2792//9435 2793//9436 2794//9437
f 2792//9435 2782//9414 2777//9407
f 2795//9438 2782//9439 2792//9440
f 2795//9438 2783//9441 2782//9439
f 2795//9442 2786//9443 2783//9444
f 2796//9445 2786//9443 2795//9442
f 2797//9446 2786//9447 2796//9448
f 2797//9446 2787//9449 2786//9447
f 2798//9450 2787//9451 2797//9452
f 2798//9453 2791//9454 2789//9455
f 2798//9456 2799//9457 2791//9458
f 2798//9450 2789//9459 2787//9451
f 2800//9460 2792//9435 2794//9437
f 2801//9461 2795//9462 2792//9463
f 2801//9461 2792//9463 2800//9464
f 2802//9465 2797//9466 2796//9467
f 2802//9468 2796//9469 2795//9470
f 2802//9468 2795//9470 2801//9471
f 2803//9472 2797//9466 2802//9465
f 2804//9473 2799//9474 2798//9475
f 2804//9476 2803//9476 2805//9476
f 2804//9477 2805//9478 2799//9479
f 2804//9480 2797//9481 2803//9482
f 2804//9480 2798//9483 2797//9481
f 2806//9484 2794//9437 2807//9485
f 2806//9484 2800//9460 2794//9437
f 2808//9486 2800//9487 2806//9488
f 2808//9486 2801//9489 2800//9487
f 2809//9490 2802//9491 2801//9492
f 2809//9490 2801//9492 2808//9493
f 2810//9494 2802//9495 2809//9496
f 2810//9497 2805//9498 2803//9498
f 2810//9494 2803//9499 2802//9495
f 2811//9500 2805//9501 2810//9502
f 2811//9503 2812//9504 2805//9505
f 2811//9506 2810//9507 2812//9508
f 2813//9509 2807//9485 2814//9510
f 2813//9509 2806//9484 2807//9485
f 2815//9511 2806//9512 2813//9513
f 2815//9511 2808//9514 2806//9512
f 2816//9515 2808//9516 2815//9517
f 2816//9515 2809//9518 2808//9516
f 2817//9519 2810//9520 2809//9521
f 2817//9519 2809//9521 2816//9522
f 2817//9523 2812//9524 2810//9525
f 2818//9526 2812//9526 2817//9527
f 2818//9528 2819//9528 2812//9528
f 2818//9529 2817//9530 2819//9531
f 2820//9532 2814//9510 2821//9533
f 2820//9532 2813//9509 2814//9510
f 2820//9534 2815//9535 2813//9536
f 2822//9537 2815//9535 2820//9534
f 2823//9538 2815//9539 2822//9540
f 2823//9538 2816//9541 2815//9539
f 2824//9542 2816//9543 2823//9544
f 2824//9542 2817//9545 2816//9543
f 2824//9546 2819//9547 2817//9548
f 2825//9549 2824//9550 2826//9551
f 2825//9552 2819//9553 2824//9554
f 2825//9555 2826//9555 2819//9556
f 2827//9557 2821//9533 2828//9558
f 2827//9557 2820//9532 2821//9533
f 2827//9559 2822//9560 2820//9561
f 2829//9562 2822//9560 2827//9559
f 2830//9563 2823//9564 2822//9565
f 2830//9563 2822//9565 2829//9566
f 2831//9567 2824//9568 2823//9569
f 2831//9570 2826//9571 2824//9572
f 2831//9567 2823//9569 2830//9573
f 2832//9574 2831//9575 2833//9576
f 2832//9577 2826//9577 2831//9577
f 2832//9578 2833//9579 2826//9580
f 2834//9581 2828//9558 2835//9582
f 2834//9581 2827//9557 2828//9558
f 2836//9583 2829//9584 2827//9585
f 2836//9583 2827//9585 2834//9586
f 2837//9587 2835//9582 2838//9588
f 2837//9589 2836//9583 2834//9586
f 2837//9587 2834//9581 2835//9582
f 2839//9590 2830//9591 2829//9592
f 2839//9590 2829//9592 2836//9593
f 2840//9594 2836//9583 2837//9589
f 2841//9595 2833//9596 2831//9597
f 2841//9598 2831//9599 2830//9600
f 2841//9598 2830//9600 2839//9601
f 2842//9602 2839//9603 2836//9604
f 2842//9602 2836//9604 2840//9605
f 2843//9606 2833//9607 2841//9608
f 2843//9609 2844//9610 2833//9611
f 2845//9612 2839//9613 2842//9614
f 2845//9612 2841//9615 2839//9613
f 2846//9616 2837//9587 2838//9588
f 2847//9617 2843//9618 2841//9619
f 2847//9620 2844//9621 2843//9622
f 2847//9617 2841//9619 2845//9623
f 2848//9624 2837//9589 2846//9625
f 2848//9624 2840//9594 2837//9589
f 2849//9626 2838//9588 2850//9627
f 2849//9626 2846//9616 2838//9588
f 2851//9628 2840//9629 2848//9630
f 2851//9628 2842//9631 2840//9629
f 2851//9632 2845//9633 2842//9634
f 2852//9635 2848//9624 2846//9625
f 2852//9636 2851//9637 2848//9638
f 2852//9635 2846//9625 2849//9639
f 2853//9640 2847//9641 2845//9642
f 2853//9643 2845//9633 2851//9632
f 2854//9644 2851//9637 2852//9636
f 2855//9645 2856//9646 2844//9647
f 2855//9648 2844//9649 2847//9650
f 2855//9651 2847//9641 2853//9640
f 2857//9652 2853//9653 2851//9654
f 2857//9652 2851//9654 2854//9655
f 2858//9656 2849//9626 2850//9627
f 2859//9657 2856//9658 2855//9659
f 2859//9660 2855//9661 2853//9662
f 2859//9660 2853//9662 2857//9663
f 2860//9664 2849//9639 2858//9665
f 2860//9664 2852//9635 2849//9639
f 2861//9666 2850//9627 2862//9667
f 2861//9666 2858//9656 2850//9627
f 2863//9668 2852//9669 2860//9670
f 2863//9668 2854//9671 2852//9669
f 2864//9672 2863//9673 2860//9674
f 2864//9675 2858//9665 2861//9676
f 2864//9675 2860//9664 2858//9665
f 2865//9677 2859//9678 2857//9679
f 2865//9680 2854//9681 2863//9682
f 2865//9680 2857//9683 2854//9681
f 2866//9684 2863//9673 2864//9672
f 2867//9685 2868//9686 2856//9687
f 2867//9688 2856//9688 2859//9689
f 2867//9690 2859//9678 2865//9677
f 2869//9691 2865//9692 2863//9693
f 2869//9691 2863//9693 2866//9694
f 2870//9695 2861//9666 2862//9667
f 2871//9696 2865//9697 2869//9698
f 2871//9699 2868//9700 2867//9701
f 2871//9696 2867//9702 2865//9697
f 2872//9703 2866//9704 2864//9705
f 2872//9706 2861//9676 2870//9707
f 2872//9706 2864//9675 2861//9676
f 2873//9704 2866//9704 2872//9703
f 2874//9708 2862//9667 2875//9709
f 2874//9708 2870//9695 2862//9667
f 2876//9710 2871//9711 2869//9712
f 2876//9713 2866//9714 2873//9715
f 2876//9713 2869//9716 2866//9714
f 2877//9717 2870//9707 2874//9718
f 2877//9717 2872//9706 2870//9707
f 2878//9719 2868//9719 2871//9720
f 2878//9721 2871//9711 2876//9710
f 2878//9722 2879//9723 2868//9724
f 2880//9725 2873//9726 2872//9727
f 2880//9725 2872//9727 2877//9728
f 2881//9729 2876//9730 2873//9731
f 2881//9729 2873//9731 2880//9732
f 2882//9733 2874//9708 2875//9709
f 2883//9734 2878//9735 2876//9736
f 2883//9737 2879//9738 2878//9737
f 2883//9734 2876//9736 2881//9739
f 2884//9740 2874//9718 2882//9741
f 2884//9740 2877//9717 2874//9718
f 2884//9742 2880//9743 2877//9744
f 2885//9745 2880//9743 2884//9742
f 2886//9746 2875//9709 2887//9747
f 2886//9746 2882//9733 2875//9709
f 2888//9748 2881//9749 2880//9750
f 2888//9751 2883//9752 2881//9753
f 2888//9748 2880//9750 2885//9754
f 2889//9755 2884//9740 2882//9741
f 2889//9755 2882//9741 2886//9756
f 2890//9757 2891//9758 2879//9759
f 2890//9760 2879//9761 2883//9761
f 2890//9762 2883//9752 2888//9751
f 2892//9763 2884//9764 2889//9765
f 2892//9763 2885//9766 2884//9764
f 2893//9767 2888//9768 2885//9769
f 2893//9767 2885//9769 2892//9770
f 2894//9771 2886//9746 2887//9747
f 2895//9772 2891//9773 2890//9774
f 2895//9775 2890//9776 2888//9777
f 2895//9775 2888//9777 2893//9778
f 2896//9779 2886//9756 2894//9780
f 2896//9781 2892//9782 2889//9783
f 2896//9779 2889//9755 2886//9756
f 2897//9784 2892//9782 2896//9781
f 2898//9785 2887//9747 2899//9786
f 2898//9785 2894//9771 2887//9747
f 2900//9787 2892//9788 2897//9789
f 2900//9787 2893//9790 2892//9788
f 2900//9791 2895//9792 2893//9793
f 2901//9794 2894//9780 2898//9795
f 2901//9794 2896//9779 2894//9780
f 2902//9796 2895//9792 2900//9791
f 2902//9797 2903//9798 2891//9799
f 2902//9800 2891//9800 2895//9800
f 2904//9801 2896//9802 2901//9803
f 2904//9801 2897//9804 2896//9802
f 2905//9805 2897//9806 2904//9807
f 2905//9805 2900//9808 2897//9806
f 2906//9809 2898//9785 2899//9786
f 2907//9810 2902//9811 2900//9812
f 2907//9813 2903//9814 2902//9815
f 2907//9810 2900//9812 2905//9816
f 2908//9817 2901//9794 2898//9795
f 2908//9817 2898//9795 2906//9818
f 2909//9819 2904//9820 2901//9821
f 2909//9819 2901//9821 2908//9822
f 2910//9823 2908//9817 2906//9818
f 2910//9824 2906//9809 2899//9786
f 2910//9824 2899//9786 2911//9825
f 2912//9826 2905//9827 2904//9828
f 2912//9826 2904//9828 2909//9829
f 2913//9830 2908//9817 2910//9823
f 2914//9831 2903//9832 2907//9833
f 2914//9834 2907//9835 2905//9836
f 2914//9834 2905//9836 2912//9837
f 2914//9838 2915//9839 2903//9840
f 2916//9841 2908//9842 2913//9843
f 2916//9841 2909//9844 2908//9842
f 2917//9845 2910//9824 2911//9825
f 2918//9846 2912//9847 2909//9848
f 2918//9846 2909//9848 2916//9849
f 2919//9850 2913//9830 2910//9823
f 2919//9850 2910//9823 2917//9851
f 2920//9852 2914//9853 2912//9854
f 2920//9855 2915//9856 2914//9857
f 2920//9852 2912//9854 2918//9858
f 2921//9859 2916//9860 2913//9861
f 2921//9862 2918//9863 2916//9864
f 2921//9859 2913//9861 2919//9865
f 2922//9866 2911//9825 2923//9867
f 2922//9866 2917//9845 2911//9825
f 2924//9868 2918//9863 2921//9862
f 2925//9869 2917//9851 2922//9870
f 2925//9869 2919//9850 2917//9851
f 2926//9871 2915//9872 2920//9873
f 2926//9874 2920//9875 2918//9876
f 2926//9874 2918//9876 2924//9877
f 2926//9878 2927//9879 2915//9880
f 2928//9881 2921//9882 2919//9883
f 2928//9881 2919//9883 2925//9884
f 2929//9885 2922//9866 2923//9867
f 2929//9886 2925//9869 2922//9870
f 2930//9887 2924//9888 2921//9889
f 2930//9887 2921//9889 2928//9890
f 2930//9891 2926//9892 2924//9893
f 2931//9894 2925//9869 2929//9886
f 2932//9895 2927//9895 2926//9896
f 2932//9897 2926//9892 2930//9891
f 2933//9898 2928//9899 2925//9900
f 2933//9901 2930//9902 2928//9903
f 2933//9898 2925//9900 2931//9904
f 2934//9905 2932//9906 2930//9907
f 2934//9908 2930//9902 2933//9901
f 2935//9909 2923//9867 2936//9910
f 2935//9909 2929//9885 2923//9867
f 2937//9911 2938//9911 2927//9912
f 2937//9913 2927//9914 2932//9915
f 2937//9916 2932//9906 2934//9905
f 2939//9917 2929//9886 2935//9918
f 2939//9917 2931//9894 2929//9886
f 2939//9919 2933//9920 2931//9921
f 2940//9922 2933//9920 2939//9919
f 2941//9923 2935//9909 2936//9910
f 2942//9924 2934//9925 2933//9926
f 2942//9924 2933//9926 2940//9927
f 2943//9928 2935//9918 2941//9929
f 2943//9928 2939//9917 2935//9918
f 2944//9930 2934//9931 2942//9932
f 2944//9933 2938//9934 2937//9935
f 2944//9930 2937//9936 2934//9931
f 2945//9937 2939//9938 2943//9939
f 2945//9937 2940//9940 2939//9938
f 2946//9941 2940//9942 2945//9943
f 2946//9941 2942//9944 2940//9942
f 2947//9945 2941//9923 2936//9910
f 2947//9945 2936//9910 2948//9946
f 2947//9947 2943//9928 2941//9929
f 2949//9948 2944//9949 2942//9950
f 2949//9951 2938//9952 2944//9953
f 2949//9954 2950//9955 2938//9956
f 2949//9948 2942//9950 2946//9957
f 2951//9958 2943//9928 2947//9947
f 2952//9959 2945//9960 2943//9961
f 2952//9959 2943//9961 2951//9962
f 2953//9963 2947//9945 2948//9946
f 2954//9964 2946//9965 2945//9966
f 2954//9964 2945//9966 2952//9967
f 2955//9968 2951//9958 2947//9947
f 2955//9968 2947//9947 2953//9969
f 2956//9970 2949//9971 2946//9972
f 2956//9973 2950//9974 2949//9975
f 2956//9970 2946//9972 2954//9976
f 2957//9977 2952//9978 2951//9979
f 2957//9980 2954//9981 2952//9982
f 2957//9977 2951//9979 2955//9983
f 2958//9984 2954//9981 2957//9980
f 2959//9985 2948//9946 2960//9986
f 2959//9985 2953//9963 2948//9946
f 2961//9987 2950//9988 2956//9989
f 2961//9990 2956//9991 2954//9992
f 2961//9990 2954//9992 2958//9993
f 2961//9994 2962//9995 2950//9996
f 2963//9997 2955//9968 2953//9969
f 2963//9997 2953//9969 2959//9998
f 2964//9999 2957//10000 2955//10001
f 2964//9999 2955//10001 2963//10002
f 2965//10003 2959//9985 2960//9986
f 2966//10004 2958//10005 2957//10006
f 2966//10004 2957//10006 2964//10007
f 2967//10008 2963//9997 2959//9998
f 2967//10008 2959//9998 2965//10009
f 2968//10010 2961//10011 2958//10012
f 2968//10013 2962//10014 2961//10015
f 2968//10010 2958//10012 2966//10016
f 2969//10017 2964//10017 2963//10018
f 2969//10017 2963//10018 2967//10019
f 2970//10020 2966//10021 2964//10022
f 2970//10020 2964//10022 2969//10023
f 2971//10024 2960//9986 2972//10025
f 2971//10024 2965//10003 2960//9986
f 2973//10026 2962//10027 2968//10028
f 2973//10029 2974//10030 2962//10031
f 2973//10032 2968//10033 2966//10034
f 2973//10032 2966//10034 2970//10035
f 2975//10036 2965//10009 2971//10037
f 2975//10036 2967//10008 2965//10009
f 2975//10038 2969//10039 2967//10040
f 2976//10041 2971//10024 2972//10025
f 2977//10042 2969//10039 2975//10038
f 2978//10043 2975//10036 2971//10037
f 2978//10043 2971//10037 2976//10044
f 2979//10045 2970//10046 2969//10047
f 2979//10048 2973//10049 2970//10050
f 2979//10045 2969//10047 2977//10051
f 2980//10052 2977//10053 2975//10054
f 2980//10052 2975//10054 2978//10055
f 2981//10056 2973//10049 2979//10048
f 2981//10057 2974//10058 2973//10059
f 2982//10060 2977//10061 2980//10062
f 2982//10060 2979//10063 2977//10061
f 2983//10064 2972//10025 2984//10065
f 2983//10064 2976//10041 2972//10025
f 2985//10066 2981//10067 2979//10068
f 2985//10069 2974//10070 2981//10071
f 2985//10066 2979//10068 2982//10072
f 2985//10073 2986//10074 2974//10075
f 2987//10076 2976//10044 2983//10077
f 2987//10076 2978//10043 2976//10044
f 2988//10078 2983//10064 2984//10065
f 2989//10079 2980//10080 2978//10081
f 2989//10079 2978//10081 2987//10082
f 2990//10083 2983//10077 2988//10084
f 2990//10085 2989//10086 2987//10087
f 2990//10083 2987//10076 2983//10077
f 2991//10088 2982//10089 2980//10090
f 2991//10091 2985//10092 2982//10093
f 2991//10088 2980//10090 2989//10094
f 2992//10095 2989//10086 2990//10085
f 2993//10096 2985//10092 2991//10091
f 2993//10097 2986//10098 2985//10099
f 2994//10100 2991//10101 2989//10102
f 2994//10100 2989//10102 2992//10103
f 2995//10104 2988//10078 2984//10065
f 2995//10104 2984//10065 2996//10105
f 2997//10106 2991//10107 2994//10108
f 2997//10106 2993//10109 2991//10107
f 2997//10110 2986//10111 2993//10112
f 2997//10113 2998//10114 2986//10115
f 2999//10116 2990//10083 2988//10084
f 2999//10116 2988//10084 2995//10117
f 3000//10118 2995//10104 2996//10105
f 3001//10119 2992//10120 2990//10121
f 3001//10119 2990//10121 2999//10122
f 3002//10123 3001//10124 2999//10125
f 3002//10126 2999//10116 2995//10117
f 3002//10126 2995//10117 3000//10127
f 3003//10128 2994//10129 2992//10130
f 3003//10128 2992//10130 3001//10131
f 3004//10132 3001//10124 3002//10123
f 3005//10133 2997//10134 2994//10135
f 3005//10136 2998//10137 2997//10137
f 3005//10133 2994//10135 3003//10138
f 3006//10139 3003//10140 3001//10141
f 3006//10139 3001//10141 3004//10142
f 3006//10143 3005//10144 3003//10145
f 3007//10146 3008//10147 2998//10148
f 3007//10149 2998//10150 3005//10151
f 3007//10152 3005//10144 3006//10143
f 3009//10153 2996//10105 3010//10154
f 3009//10153 3000//10118 2996//10105
f 3009//10155 3002//10126 3000//10127
f 3011//10156 3009//10157 3010//10158
f 3011//10159 3002//10126 3009//10155
f 3012//10160 3004//10161 3002//10162
f 3012//10160 3002//10162 3011//10163
f 3013//10164 3006//10165 3004//10166
f 3013//10164 3004//10166 3012//10167
f 3014//10168 3008//10169 3007//10170
f 3014//10171 3007//10172 3006//10173
f 3014//10171 3006//10173 3013//10174
f 3015//10175 3010//10176 3016//10177
f 3017//10178 3011//10179 3010//10179
f 3017//10180 3010//10181 3015//10181
f 3017//10182 3015//10183 3016//10184
f 3018//10185 3012//10186 3011//10187
f 3018//10185 3011//10187 3017//10188
f 3019//10189 3013//10190 3012//10191
f 3019//10192 3014//10193 3013//10194
f 3019//10189 3012//10191 3018//10195
f 3020//10196 3021//10197 3008//10198
f 3020//10196 3008//10198 3014//10199
f 3020//10200 3014//10193 3019//10192
f 3022//10201 3016//10201 3023//10201
f 3024//10202 3016//10202 3022//10202
f 3024//10203 3017//10204 3016//10205
f 3024//10206 3018//10207 3017//10208
f 3024//10209 3022//10210 3023//10211
f 3025//10212 3018//10207 3024//10206
f 3026//10213 3020//10214 3019//10215
f 3026//10216 3018//10217 3025//10218
f 3026//10216 3019//10219 3018//10217
f 3027//10220 3020//10214 3026//10213
f 3027//10221 3028//10222 3021//10223
f 3027//10221 3021//10223 3020//10224
f 3029//10225 3023//10226 3030//10227
f 3031//10228 3025//10229 3024//10230
f 3031//10231 3024//10232 3023//10233
f 3031//10234 3029//10235 3030//10236
f 3031//10237 3023//10238 3029//10239
f 3032//10240 3025//10229 3031//10228
f 3033//10241 3025//10242 3032//10243
f 3033//10241 3026//10244 3025//10242
f 3033//10245 3027//10246 3026//10247
f 3034//10248 3028//10249 3027//10250
f 3034//10251 3027//10246 3033//10245
f 3034//10252 3035//10253 3036//10254
f 3034//10248 3036//10255 3028//10249
f 3037//10256 3030//10257 3038//10258
f 3039//10259 3031//10260 3030//10259
f 3039//10261 3037//10262 3038//10263
f 3039//10264 3030//10264 3037//10264
f 3040//10265 3033//10265 3032//10266
f 3040//10267 3032//10268 3031//10269
f 3040//10267 3031//10269 3039//10270
f 3041//10271 3033//10265 3040//10265
f 3042//10272 3033//10273 3041//10274
f 3042//10272 3034//10275 3033//10273
f 3042//10276 3035//10253 3034//10252
f 3043//10277 3038//10278 3044//10279
f 3045//10280 3039//10281 3038//10282
f 3045//10283 3038//10284 3043//10285
f 3045//10286 3043//10287 3044//10288
f 3046//10289 3039//10290 3045//10291
f 3046//10289 3040//10292 3039//10290
f 3046//10293 3041//10294 3040//10295
f 3047//10296 3041//10294 3046//10293
f 3048//10297 3042//10298 3041//10299
f 3048//10297 3041//10299 3047//10300
f 3048//10301 2781//10302 3049//10301
f 3048//10303 3049//10304 3035//10305
f 3048//10303 3035//10305 3042//10306
f 3050//10307 2780//9410 2770//9393
f 3050//10307 3044//10308 2780//9410
f 3050//10309 2770//9396 2772//9395
f 3051//10310 3050//10309 2772//9395
f 3051//10311 3045//10312 3044//10313
f 3051//10314 3044//10315 3050//10316
f 3052//10317 3045//10318 3051//10319
f 3052//10320 2773//10321 2774//10322
f 3052//10323 2772//10324 2773//10325
f 3052//10317 3046//10326 3045//10318
f 3052//10323 3051//10327 2772//10324
f 3053//10328 3048//10329 3047//10330
f 3053//10331 3052//10320 2774//10322
f 3053//10332 3047//10333 3046//10334
f 3053//10332 3046//10334 3052//10335
f 3054//10336 3048//10329 3053//10328
f 3054//10337 2775//9413 2781//9412
f 3054//10338 2774//10339 2775//10340
f 3054//10302 2781//10302 3048//10301
f 3054//10338 3053//10341 2774//10339
f 2790//10342 205//10343 203//10344
f 2790//10342 203//10344 382//10345
f 2790//10346 382//10347 385//10348
f 2788//10349 2790//10346 385//10348
f 2784//10350 385//10351 389//10352
f 2784//10353 389//10354 395//10355
f 2784//10350 2788//10356 385//10351
f 2785//10357 2784//10353 395//10355
f 2778//9420 395//10358 402//10359
f 2778//9420 2785//9419 395//10358
f 2779//9409 402//1606 403//1605
f 2779//9409 2778//9408 402//1606
f 1012//10360 1463//10360 1381//10360
f 1012//10360 1381//10360 691//10360
f 205//10361 2791//10361 206//10362
f 206//10362 2791//10361 1930//10362
f 1930//10363 2799//10364 1936//10363
f 2791//10364 2799//10364 1930//10363
f 1936//10365 2805//10366 1943//10367
f 2799//10368 2805//10366 1936//10365
f 1943//10369 2812//10370 1951//10371
f 2805//10372 2812//10370 1943//10369
f 1951//10373 2819//10374 1957//10373
f 2812//10374 2819//10374 1951//10373
f 1957//10375 2826//10376 1965//10377
f 2819//10378 2826//10376 1957//10375
f 1965//10379 2833//10380 1971//10381
f 2826//10382 2833//10380 1965//10379
f 1971//10383 2844//10384 1978//10385
f 2833//10386 2844//10384 1971//10383
f 1978//10387 2856//10388 1987//10389
f 2844//10390 2856//10388 1978//10387
f 2856//10391 2868//10391 1987//10392
f 1987//10392 2868//10391 1999//10392
f 2868//10393 2879//10393 1999//10393
f 1999//10393 2879//10393 2011//10393
f 2011//10394 2891//10395 2023//10396
f 2879//10395 2891//10395 2011//10394
f 2023//10397 2903//10397 2035//10397
f 2891//10397 2903//10397 2023//10397
f 2035//10398 2915//10399 2047//10398
f 2903//10400 2915//10399 2035//10398
f 2047//10401 2927//10402 2058//10401
f 2915//10401 2927//10402 2047//10401
f 2058//10403 2938//10404 2070//10405
f 2927//10405 2938//10404 2058//10403
f 2070//10406 2950//10407 2082//10406
f 2938//10407 2950//10407 2070//10406
f 2082//10408 2962//10409 2094//10408
f 2950//10410 2962//10409 2082//10408
f 2094//10411 2974//10412 2106//10413
f 2962//10414 2974//10412 2094//10411
f 2106//10415 2986//10416 2117//10415
f 2974//10416 2986//10416 2106//10415
f 2117//10417 2998//10417 2129//10417
f 2986//10417 2998//10417 2117//10417
f 2129//10418 3008//10419 2141//10418
f 2998//10419 3008//10419 2129//10418
f 2141//10420 3021//10421 2157//10420
f 3008//10422 3021//10421 2141//10420
f 2157//10423 3028//10424 2164//10423
f 3021//10424 3028//10424 2157//10423
f 2164//10425 3036//10426 2171//10427
f 3028//10428 3036//10426 2164//10425
f 2171//10429 3035//10430 2178//10431
f 3036//10432 3035//10430 2171//10429
f 2178//10433 3049//10434 2185//10433
f 3035//10435 3049//10434 2178//10433
f 2185//10436 2781//10437 2186//10436
f 3049//10437 2781//10437 2185//10436
f 2186//10438 2776//10439 2193//10440
f 2781//10439 2776//10439 2186//10438
f 2193//10441 2776//10441 2761//10441
f 2193//10441 2761//10441 2202//10441
f 374//10442 2223//10442 373//10443
f 373//10443 2223//10442 2498//10444
f 2498//10445 2231//10446 2504//10447
f 2223//10446 2231//10446 2498//10445
f 2504//10448 2237//10449 2511//10450
f 2231//10451 2237//10449 2504//10448
f 2511//10452 2244//10453 2519//10454
f 2237//10455 2244//10453 2511//10452
f 2519//10456 2251//10457 2525//10458
f 2244//10457 2251//10457 2519//10456
f 2525//10459 2258//10460 2533//10461
f 2251//10462 2258//10460 2525//10459
f 2533//10463 2265//10464 2539//10465
f 2258//10466 2265//10464 2533//10463
f 2539//10467 2276//10468 2546//10469
f 2265//10470 2276//10468 2539//10467
f 2546//10471 2288//10472 2555//10473
f 2276//10474 2288//10472 2546//10471
f 2288//10475 2300//10476 2555//10477
f 2555//10477 2300//10476 2567//10478
f 2300//10479 2311//10480 2567//10481
f 2567//10481 2311//10480 2579//10481
f 2311//10482 2323//10483 2579//10484
f 2579//10484 2323//10483 2591//10484
f 2323//10485 2335//10485 2591//10485
f 2591//10485 2335//10485 2603//10486
f 2335//10487 2347//10487 2603//10488
f 2603//10488 2347//10487 2615//10488
f 2347//10489 2359//10489 2615//10490
f 2615//10490 2359//10489 2626//10489
f 2359//10491 2370//10492 2626//10493
f 2626//10493 2370//10492 2638//10493
f 2370//10494 2382//10494 2638//10495
f 2638//10495 2382//10494 2650//10496
f 2382//10497 2394//10497 2650//10498
f 2650//10498 2394//10497 2662//10499
f 2394//10500 2406//10501 2662//10502
f 2662//10502 2406//10501 2674//10503
f 2406//10504 2418//10504 2674//10505
f 2674//10505 2418//10504 2685//10505
f 2418//10506 2430//10507 2685//10506
f 2685//10506 2430//10507 2697//10506
f 2697//10508 2440//10509 2709//10508
f 2430//10509 2440//10509 2697//10508
f 2440//10510 2453//10510 2709//10511
f 2709//10511 2453//10510 2725//10512
f 2725//10513 2460//10514 2732//10513
f 2453//10515 2460//10514 2725//10513
f 2732//10516 2468//10517 2739//10518
f 2460//10519 2468//10517 2732//10516
f 2739//10520 2467//10521 2746//10522
f 2468//10523 2467//10521 2739//10520
f 2746//10524 2481//10525 2753//10526
f 2467//10525 2481//10525 2746//10524
f 2753//10527 2213//10527 2754//10527
f 2481//10527 2213//10527 2753//10527
f 2754//10528 2202//10529 2761//10530
f 2213//10529 2202//10529 2754//10528
f 1226//10531 455//10531 614//10531
f 614//10531 455//10531 377//10531
f 712//10532 723//10533 731//10534
f 688//10535 747//10536 753//10537
f 688//10535 731//10534 747//10536
f 688//10535 712//10532 731//10534
f 713//10538 688//10535 687//10539
f 713//10538 712//10532 688//10535
f 555//10540 713//10538 687//10539
f 565//10541 555//10540 556//10542
f 588//10543 565//10541 573//10544
f 595//10545 565//10541 588//10543
f 603//10546 555//10540 565//10541
f 603//10546 565//10541 595//10545
f 606//10547 713//10538 555//10540
f 606//10547 555//10540 603//10546
f 1003//10548 713//10538 606//10547
f 2487//10549 1004//10550 1003//10548
f 2487//10549 1003//10548 606//10547
f 2493//10551 1004//10550 2487//10549
f 2493//10551 1016//10550 1004//10550
f 2509//10552 1016//10550 2493//10551
f 2509//10552 1017//10553 1016//10550
f 2517//10550 1017//10553 2509//10552
f 2517//10550 1030//10550 1017//10553
f 2516//10554 1030//10550 2517//10550
f 2516//10554 1037//10550 1030//10550
f 2531//10550 1037//10550 2516//10554
f 2531//10550 1044//10550 1037//10550
f 2530//10555 1044//10550 2531//10550
f 2530//10555 1045//10555 1044//10550
f 2544//10554 1045//10555 2530//10555
f 2544//10554 1058//10550 1045//10555
f 2543//10550 1058//10550 2544//10554
f 2543//10550 1059//10554 1058//10550
f 2557//10555 1059//10554 2543//10550
f 2557//10555 1072//10554 1059//10554
f 2569//10555 1072//10554 2557//10555
f 2569//10555 1079//10548 1072//10554
f 2581//10550 1079//10548 2569//10555
f 2581//10550 1080//10550 1079//10548
f 2593//10555 1080//10550 2581//10550
f 2593//10555 1093//10548 1080//10550
f 2605//10555 1093//10548 2593//10555
f 2605//10555 1100//10555 1093//10548
f 2617//10548 1107//10555 1100//10555
f 2617//10548 1100//10555 2605//10555
f 2630//10555 1107//10555 2617//10548
f 1114//10556 1107//10555 2630//10555
f 1121//10555 2630//10555 2642//10555
f 1121//10555 1114//10556 2630//10555
f 1128//10548 2642//10555 2654//10555
f 1128//10548 1121//10555 2642//10555
f 1135//10548 2654//10555 2666//10548
f 1135//10548 1128//10548 2654//10555
f 1136//10555 2666//10548 2678//10555
f 1136//10555 1135//10548 2666//10548
f 1149//10555 2678//10555 2691//10555
f 1149//10555 1136//10555 2678//10555
f 1156//10557 2691//10555 2703//10558
f 1156//10557 1149//10555 2691//10555
f 1163//10559 2703//10558 2715//10560
f 1163//10559 1156//10557 2703//10558
f 1170//10561 2715//10560 2723//10562
f 1170//10561 1163//10559 2715//10560
f 1177//10563 2723//10562 2730//10564
f 1177//10563 1170//10561 2723//10562
f 1184//10565 2730//10564 2737//10566
f 1184//10565 1177//10563 2730//10564
f 1191//10567 2737//10566 2744//10568
f 1191//10567 1184//10565 2737//10566
f 1198//10569 1191//10567 2744//10568
f 1198//10569 2744//10568 2751//10570
f 1205//10571 1198//10569 2751//10570
f 1205//10571 2751//10570 2759//10572
f 1212//10573 1205//10571 2759//10572
f 1212//10573 2759//10572 2495//10574
f 1219//10575 1212//10573 2495//10574
f 1219//10575 2495//10574 2494//10575
f 999//10557 1219//10575 2494//10575
f 443//10576 421//10577 436//10578
f 413//10579 421//10577 443//10576
f 403//10580 404//10581 413//10579
f 378//10582 413//10579 443//10576
f 378//10582 403//10580 413//10579
f 378//10582 443//10576 379//10583
f 508//10584 403//10580 378//10582
f 494//10585 508//10584 503//10586
f 471//10587 508//10584 494//10585
f 471//10587 494//10585 486//10588
f 465//10589 508//10584 471//10587
f 459//10590 403//10580 508//10584
f 459//10590 508//10584 465//10589
f 459//10590 465//10589 460//10591
f 770//10557 2494//10575 2771//10556
f 770//10557 999//10557 2494//10575
f 762//10592 403//10580 459//10590
f 762//10592 2779//10559 403//10580
f 771//10593 770//10557 2771//10556
f 771//10593 2771//10556 2780//10594
f 778//10595 2779//10559 762//10592
f 778//10595 2777//10596 2779//10559
f 981//10597 2780//10594 3044//10598
f 981//10597 771//10593 2780//10594
f 785//10595 2793//10599 2777//10596
f 785//10595 2777//10596 778//10595
f 974//10600 3044//10598 3038//10601
f 974//10600 981//10597 3044//10598
f 793//10599 2794//10595 2793//10599
f 793//10599 2793//10599 785//10595
f 967//10602 3038//10601 3030//10603
f 967//10602 974//10600 3038//10601
f 799//10595 2807//10540 2794//10595
f 799//10595 2794//10595 793//10599
f 960//10604 967//10602 3030//10603
f 960//10604 3030//10603 3023//10605
f 806//10595 2807//10540 799//10595
f 806//10595 2814//10595 2807//10540
f 953//10606 960//10604 3023//10605
f 953//10606 3023//10605 3016//10607
f 813//10595 2814//10595 806//10595
f 813//10595 2821//10608 2814//10595
f 946//10609 953//10606 3016//10607
f 946//10609 3016//10607 3010//10610
f 821//10608 2821//10608 813//10595
f 821//10608 2828//10540 2821//10608
f 939//10611 946//10609 3010//10610
f 939//10611 3010//10610 2996//10612
f 827//10540 2828//10540 821//10608
f 827//10540 2835//10595 2828//10540
f 932//10613 939//10611 2996//10612
f 932//10613 2996//10612 2984//10614
f 835//10595 2835//10595 827//10540
f 835//10595 2838//10608 2835//10595
f 925//10557 932//10613 2984//10614
f 925//10557 2984//10614 2972//10608
f 842//10595 2838//10608 835//10595
f 842//10595 2850//10608 2838//10608
f 919//10608 925//10557 2972//10608
f 919//10608 2972//10608 2960//10608
f 848//10592 2862//10595 2850//10608
f 848//10592 2850//10608 842//10595
f 911//10608 919//10608 2960//10608
f 911//10608 2960//10608 2948//10592
f 855//10592 2862//10595 848//10592
f 855//10592 2875//10608 2862//10595
f 905//10608 911//10608 2948//10592
f 905//10608 2948//10592 2936//10608
f 862//10592 2887//10608 2875//10608
f 862//10592 2875//10608 855//10592
f 897//10592 2936//10608 2923//10608
f 897//10592 905//10608 2936//10608
f 869//10608 2887//10608 862//10592
f 869//10608 2899//10592 2887//10608
f 890//10608 2923//10608 2911//10608
f 890//10608 897//10592 2923//10608
f 876//10608 2911//10608 2899//10592
f 876//10608 2899//10592 869//10608
f 883//10575 890//10608 2911//10608
f 883//10575 2911//10608 876//10608
f 686//10615 1384//10531 1304//10531
f 686//10615 1304//10531 534//10615
f 1253//10616 1263//10617 1271//10618
f 1253//10616 1254//10619 1263//10617
f 1227//10620 1294//10621 1228//10622
f 1227//10620 1253//10616 1271//10618
f 1227//10620 1286//10623 1294//10621
f 1227//10620 1271//10618 1286//10623
f 635//10624 1253//10616 1227//10620
f 645//10625 635//10624 636//10626
f 675//10627 635//10624 645//10625
f 675//10627 653//10628 668//10629
f 675//10627 645//10625 653//10628
f 609//10630 1253//10616 635//10624
f 609//10630 675//10627 610//10631
f 609//10630 635//10624 675//10627
f 1698//10632 1253//10616 609//10630
f 1919//10633 1699//10634 1698//10632
f 1919//10633 1698//10632 609//10630
f 1925//10633 1699//10634 1919//10633
f 1925//10633 1711//10634 1699//10634
f 1941//10635 1711//10634 1925//10633
f 1941//10635 1712//10634 1711//10634
f 1949//10633 1712//10634 1941//10635
f 1949//10633 1725//10633 1712//10634
f 1948//10633 1725//10633 1949//10633
f 1948//10633 1732//10634 1725//10633
f 1963//10634 1732//10634 1948//10633
f 1963//10634 1739//10634 1732//10634
f 1962//10633 1739//10634 1963//10634
f 1962//10633 1740//10633 1739//10634
f 1976//10635 1740//10633 1962//10633
f 1976//10635 1753//10632 1740//10633
f 1975//10636 1753//10632 1976//10635
f 1975//10636 1754//10632 1753//10632
f 1989//10632 1754//10632 1975//10636
f 1989//10632 1767//10637 1754//10632
f 2001//10637 1767//10637 1989//10632
f 2001//10637 1774//10637 1767//10637
f 2013//10637 1774//10637 2001//10637
f 2013//10637 1775//10632 1774//10637
f 2025//10632 1775//10632 2013//10637
f 2025//10632 1788//10637 1775//10632
f 2037//10637 1788//10637 2025//10632
f 2037//10637 1795//10637 1788//10637
f 2049//10637 1795//10637 2037//10637
f 2049//10637 1802//10632 1795//10637
f 2062//10632 1802//10632 2049//10637
f 1809//10632 1802//10632 2062//10632
f 1816//10632 2062//10632 2074//10638
f 1816//10632 1809//10632 2062//10632
f 1823//10637 2074//10638 2086//10637
f 1823//10637 1816//10632 2074//10638
f 1830//10637 2086//10637 2098//10634
f 1830//10637 1823//10637 2086//10637
f 1831//10632 2098//10634 2110//10638
f 1831//10632 1830//10637 2098//10634
f 1844//10632 2110//10638 2123//10638
f 1844//10632 1831//10632 2110//10638
f 1851//10637 1844//10632 2123//10638
f 1851//10637 2123//10638 2135//10639
f 1858//10618 1851//10637 2135//10639
f 1858//10618 2135//10639 2147//10640
f 1865//10641 1858//10618 2147//10640
f 1865//10641 2147//10640 2155//10642
f 1872//10643 1865//10641 2155//10642
f 1872//10643 2155//10642 2162//10644
f 1879//10645 1872//10643 2162//10644
f 1879//10645 2162//10644 2169//10646
f 1886//10647 2169//10646 2176//10648
f 1886//10647 1879//10645 2169//10646
f 1893//10649 1886//10647 2176//10648
f 1893//10649 2176//10648 2183//10650
f 1900//10651 1893//10649 2183//10650
f 1900//10651 2183//10650 2191//10652
f 1907//10653 1900//10651 2191//10652
f 1907//10653 2191//10652 1927//10654
f 1914//10638 1907//10653 1927//10654
f 1914//10638 1927//10654 1926//10655
f 1688//10638 1914//10638 1926//10655
f 1306//10656 1363//10657 1370//10658
f 1306//10656 1348//10659 1363//10657
f 1306//10656 1340//10660 1348//10659
f 1330//10661 1306//10656 1305//10662
f 1330//10661 1331//10663 1340//10660
f 1330//10661 1340//10660 1306//10656
f 1415//10664 1405//10665 1406//10666
f 1438//10667 1415//10664 1423//10668
f 1438//10667 1405//10665 1415//10664
f 1445//10669 1405//10665 1438//10667
f 1456//10670 1445//10669 1453//10671
f 1456//10670 1330//10661 1305//10662
f 1456//10670 1405//10665 1445//10669
f 1456//10670 1305//10662 1405//10665
f 1465//10638 1688//10638 1926//10655
f 1465//10638 1926//10655 2208//10632
f 1457//10655 1330//10661 1456//10670
f 1457//10655 2211//10672 1330//10661
f 1466//10638 2208//10632 2212//10673
f 1466//10638 1465//10638 2208//10632
f 1473//10674 2209//10672 2211//10672
f 1473//10674 2211//10672 1457//10655
f 1676//10675 2212//10673 2476//10676
f 1676//10675 1466//10638 2212//10673
f 1480//10674 2225//10677 2209//10672
f 1480//10674 2209//10672 1473//10674
f 1669//10678 2476//10676 2470//10679
f 1669//10678 1676//10675 2476//10676
f 1488//10674 2226//10672 2225//10677
f 1488//10674 2225//10677 1480//10674
f 1662//10680 2470//10679 2462//10681
f 1662//10680 1669//10678 2470//10679
f 1494//10672 2239//10672 2226//10672
f 1494//10672 2226//10672 1488//10674
f 1655//10682 1662//10680 2462//10681
f 1655//10682 2462//10681 2455//10683
f 1501//10674 2239//10672 1494//10672
f 1501//10674 2246//10674 2239//10672
f 1648//10684 1655//10682 2455//10683
f 1648//10684 2455//10683 2448//10685
f 1508//10674 2246//10674 1501//10674
f 1508//10674 2253//10672 2246//10674
f 1641//10686 1648//10684 2448//10685
f 1641//10686 2448//10685 2442//10687
f 1516//10672 2260//10677 2253//10672
f 1516//10672 2253//10672 1508//10674
f 1634//10688 2442//10687 2428//10689
f 1634//10688 1641//10686 2442//10687
f 1522//10655 2267//10690 2260//10677
f 1522//10655 2260//10677 1516//10672
f 1627//10691 2428//10689 2416//10692
f 1627//10691 1634//10688 2428//10689
f 1530//10655 2270//10655 2267//10690
f 1530//10655 2267//10690 1522//10655
f 1620//10693 2416//10692 2404//10638
f 1620//10693 1627//10691 2416//10692
f 1537//10694 2282//10693 2270//10655
f 1537//10694 2270//10655 1530//10655
f 1614//10655 2404//10638 2392//10638
f 1614//10655 1620//10693 2404//10638
f 1543//10693 2294//10693 2282//10693
f 1543//10693 2282//10693 1537//10694
f 1606//10655 2392//10638 2380//10674
f 1606//10655 1614//10655 2392//10638
f 1550//10655 2307//10655 2294//10693
f 1550//10655 2294//10693 1543//10693
f 1600//10693 1606//10655 2380//10674
f 1600//10693 2380//10674 2368//10693
f 1557//10693 2319//10693 2307//10655
f 1557//10693 2307//10655 1550//10655
f 1592//10693 2368//10693 2355//10638
f 1592//10693 1600//10693 2368//10693
f 1564//10693 2331//10693 2319//10693
f 1564//10693 2319//10693 1557//10693
f 1585//10655 2355//10638 2343//10655
f 1585//10655 1592//10693 2355//10638
f 1571//10655 2343//10655 2331//10693
f 1571//10655 2331//10693 1564//10693
f 1578//10655 1585//10655 2343//10655
f 1578//10655 2343//10655 1571//10655
f 769//10695 1707//10696 1709//10696
f 769//10695 768//10695 1707//10696
f 780//10697 1709//10697 1717//10698
f 780//10697 769//10697 1709//10697
f 787//10699 1717//10699 1723//10699
f 787//10699 780//10700 1717//10699
f 788//10701 1723//10701 1730//10701
f 788//10701 787//10701 1723//10701
f 801//10702 1730//10702 1737//10702
f 801//10702 788//10703 1730//10702
f 808//10704 1737//10704 1745//10704
f 808//10704 801//10704 1737//10704
f 815//10705 1745//10705 1751//10705
f 815//10705 808//10705 1745//10705
f 816//10706 815//10706 1751//10707
f 816//10706 1751//10707 1759//10708
f 829//10709 816//10710 1759//10711
f 829//10709 1759//10711 1765//10711
f 830//10712 829//10712 1765//10713
f 830//10712 1765//10713 1772//10714
f 837//10715 830//10715 1772//10716
f 837//10715 1772//10716 1780//10716
f 850//10717 837//10717 1780//10718
f 850//10717 1780//10718 1786//10718
f 857//10719 1786//10720 1793//10720
f 857//10719 850//10719 1786//10720
f 864//10721 857//10721 1793//10722
f 864//10721 1793//10722 1800//10723
f 871//10724 1800//10725 1807//10725
f 871//10724 864//10724 1800//10725
f 878//10726 1807//10727 1814//10727
f 878//10726 871//10726 1807//10727
f 885//10728 1814//10729 1821//10730
f 885//10728 878//10731 1814//10729
f 892//10732 1821//10733 1828//10734
f 892//10732 885//10732 1821//10733
f 899//10735 1828//10736 1836//10736
f 899//10735 892//10735 1828//10736
f 900//10737 1836//10738 1842//10738
f 900//10737 899//10737 1836//10738
f 913//10739 1842//10739 1849//10739
f 913//10739 900//10739 1842//10739
f 914//10740 1849//10740 1856//10741
f 914//10740 913//10740 1849//10740
f 927//10742 1856//10742 1863//10743
f 927//10742 914//10744 1856//10742
f 934//10745 1863//10746 1870//10746
f 934//10745 927//10745 1863//10746
f 941//10747 1870//10748 1877//10749
f 941//10747 934//10747 1870//10748
f 948//10750 1877//10751 1884//10752
f 948//10750 941//10752 1877//10751
f 955//10753 1884//10754 1891//10755
f 955//10753 948//10753 1884//10754
f 962//10756 1891//10757 1898//10758
f 962//10756 955//10756 1891//10757
f 969//10759 1898//10759 1905//10759
f 969//10759 962//10759 1898//10759
f 976//10760 1905//10760 1912//10760
f 976//10760 969//10760 1905//10760
f 986//10761 1912//10762 1695//10762
f 986//10761 976//10763 1912//10762
f 983//10764 1695//10765 1694//10765
f 983//10764 986//10764 1695//10765
f 1232//10766 768//10766 453//10766
f 1707//10766 768//10766 1232//10766
f 983//10767 1694//10767 1678//10767
f 983//10767 1678//10767 993//10767
f 1464//10768 1463//10769 1012//10770
f 1464//10768 1012//10770 1014//10768
f 1475//10771 1014//10772 1022//10772
f 1475//10771 1464//10773 1014//10772
f 1482//10774 1022//10775 1028//10776
f 1482//10774 1475//10777 1022//10775
f 1483//10778 1028//10778 1035//10778
f 1483//10778 1482//10778 1028//10778
f 1496//10779 1035//10780 1042//10779
f 1496//10779 1483//10780 1035//10780
f 1503//10781 1042//10781 1050//10781
f 1503//10781 1496//10781 1042//10781
f 1510//10782 1050//10782 1056//10782
f 1510//10782 1503//10782 1050//10782
f 1511//10783 1510//10783 1056//10784
f 1511//10783 1056//10784 1064//10784
f 1524//10785 1511//10785 1064//10785
f 1524//10785 1064//10785 1070//10785
f 1525//10786 1524//10787 1070//10788
f 1525//10786 1070//10788 1077//10789
f 1532//10790 1525//10790 1077//10791
f 1532//10790 1077//10791 1085//10791
f 1545//10792 1532//10792 1085//10793
f 1545//10792 1085//10793 1091//10793
f 1552//10794 1545//10794 1091//10795
f 1552//10794 1091//10795 1098//10795
f 1559//10796 1552//10797 1098//10798
f 1559//10796 1098//10798 1105//10798
f 1566//10799 1559//10799 1105//10800
f 1566//10799 1105//10800 1112//10800
f 1573//10801 1566//10801 1112//10802
f 1573//10801 1112//10802 1119//10802
f 1580//10803 1573//10804 1119//10805
f 1580//10803 1119//10805 1126//10806
f 1587//10807 1580//10808 1126//10809
f 1587//10807 1126//10809 1133//10810
f 1594//10811 1133//10811 1141//10811
f 1594//10811 1587//10811 1133//10811
f 1595//10812 1141//10813 1147//10814
f 1595//10812 1594//10812 1141//10813
f 1608//10815 1147//10815 1154//10816
f 1608//10815 1595//10815 1147//10815
f 1609//10817 1154//10817 1161//10818
f 1609//10817 1608//10819 1154//10817
f 1622//10820 1161//10820 1168//10821
f 1622//10820 1609//10822 1161//10820
f 1629//10823 1168//10824 1175//10824
f 1629//10823 1622//10823 1168//10824
f 1636//10825 1175//10826 1182//10827
f 1636//10825 1629//10828 1175//10826
f 1643//10829 1182//10830 1189//10831
f 1643//10829 1636//10832 1182//10830
f 1650//10833 1189//10834 1196//10834
f 1650//10833 1643//10835 1189//10834
f 1657//10836 1196//10837 1203//10837
f 1657//10836 1650//10838 1196//10837
f 1664//10839 1203//10839 1210//10839
f 1664//10839 1657//10839 1203//10839
f 1671//10840 1210//10840 1217//10840
f 1671//10840 1664//10840 1210//10840
f 1681//10841 1217//10842 1000//10843
f 1681//10841 1671//10844 1217//10842
f 1678//10845 1000//10846 993//10846
f 1678//10845 1681//10845 1000//10846
