# Blender 5.0.1
# www.blender.org
mtllib body.mtl
o body
v 0.149993 0.000000 0.002450
v 0.149991 -0.000342 0.002416
v 0.147400 0.000000 0.002450
v 0.147400 -0.000453 0.002390
v 0.149985 -0.000672 0.002316
v 0.147400 -0.000875 0.002216
v 0.149974 -0.001034 0.002112
v 0.147400 -0.001237 0.001937
v 0.149958 -0.001338 0.001828
v 0.147400 -0.001516 0.001575
v 0.149940 -0.001566 0.001481
v 0.147400 -0.001690 0.001153
v 0.149921 -0.001706 0.001090
v 0.147400 -0.001750 0.000700
v 0.149901 -0.001750 0.000677
v 0.149883 -0.001695 0.000265
v 0.147400 -0.001690 0.000247
v 0.149867 -0.001545 -0.000122
v 0.147400 -0.001516 -0.000175
v 0.149854 -0.001307 -0.000464
v 0.147400 -0.001237 -0.000537
v 0.149843 -0.000996 -0.000739
v 0.147400 -0.000875 -0.000816
v 0.149837 -0.000628 -0.000933
v 0.147400 -0.000453 -0.000990
v 0.149833 -0.000224 -0.001036
v 0.147400 0.000000 -0.001050
v 0.149833 0.000192 -0.001039
v 0.147400 0.000453 -0.000990
v 0.149836 0.000597 -0.000945
v 0.147400 0.000875 -0.000816
v 0.149843 0.000969 -0.000758
v 0.147400 0.001237 -0.000537
v 0.149853 0.001285 -0.000488
v 0.147400 0.001516 -0.000175
v 0.149866 0.001529 -0.000151
v 0.147400 0.001690 0.000247
v 0.149882 0.001687 0.000234
v 0.149900 0.001749 0.000644
v 0.147400 0.001750 0.000700
v 0.149919 0.001713 0.001058
v 0.147400 0.001690 0.001153
v 0.149939 0.001580 0.001452
v 0.147400 0.001516 0.001575
v 0.149957 0.001359 0.001803
v 0.147400 0.001237 0.001937
v 0.149973 0.001060 0.002092
v 0.147400 0.000875 0.002216
v 0.149985 0.000702 0.002303
v 0.147400 0.000453 0.002390
v 0.149988 0.000514 0.002373
v 0.149991 0.000319 0.002421
v 0.143583 0.015000 -0.011300
v 0.144602 0.015000 0.012700
v 0.148609 0.015000 -0.011300
v 0.149713 0.015000 0.012700
v 0.149713 -0.015000 0.012700
v 0.144602 -0.015000 0.012700
v 0.148609 -0.015000 -0.011300
v 0.143583 -0.015000 -0.011300
v 0.150462 0.000000 0.012700
v 0.149364 0.000000 -0.011300
v 0.150275 -0.007509 0.012700
v 0.150012 -0.005007 0.004700
v 0.149646 -0.005007 -0.003300
v 0.149175 -0.007509 -0.011300
v 0.150275 0.007509 0.012700
v 0.150012 0.005007 0.004700
v 0.149646 0.005007 -0.003300
v 0.149175 0.007509 -0.011300
v -0.147638 -0.022643 -0.011300
v -0.143583 -0.015000 -0.011300
v -0.148609 -0.015000 -0.011300
v -0.142600 -0.022497 -0.011300
v -0.146274 -0.030225 -0.011300
v -0.141227 -0.029933 -0.011300
v -0.144521 -0.037727 -0.011300
v -0.139466 -0.037286 -0.011300
v -0.142383 -0.045129 -0.011300
v -0.137322 -0.044537 -0.011300
v -0.139867 -0.052411 -0.011300
v -0.134802 -0.051666 -0.011300
v -0.136978 -0.059553 -0.011300
v -0.131912 -0.058653 -0.011300
v -0.133725 -0.066537 -0.011300
v -0.128660 -0.065479 -0.011300
v -0.130117 -0.073344 -0.011300
v -0.125055 -0.072126 -0.011300
v -0.126162 -0.079955 -0.011300
v -0.121107 -0.078575 -0.011300
v -0.121871 -0.086354 -0.011300
v -0.116827 -0.084808 -0.011300
v -0.117256 -0.092524 -0.011300
v -0.112227 -0.090809 -0.011300
v -0.112329 -0.098447 -0.011300
v -0.107318 -0.096560 -0.011300
v -0.107104 -0.104108 -0.011300
v -0.102115 -0.102047 -0.011300
v -0.101593 -0.109492 -0.011300
v -0.096632 -0.107253 -0.011300
v -0.095812 -0.114585 -0.011300
v -0.090884 -0.112166 -0.011300
v -0.089777 -0.119373 -0.011300
v -0.084887 -0.116770 -0.011300
v -0.083502 -0.123843 -0.011300
v -0.078656 -0.121055 -0.011300
v -0.077005 -0.127984 -0.011300
v -0.072210 -0.125007 -0.011300
v -0.070303 -0.131784 -0.011300
v -0.065566 -0.128616 -0.011300
v -0.063415 -0.135234 -0.011300
v -0.058742 -0.131873 -0.011300
v -0.056357 -0.138324 -0.011300
v -0.051757 -0.134767 -0.011300
v -0.049150 -0.141046 -0.011300
v -0.044629 -0.137292 -0.011300
v -0.041812 -0.143393 -0.011300
v -0.037380 -0.139441 -0.011300
v -0.034362 -0.145358 -0.011300
v -0.030028 -0.141207 -0.011300
v -0.026822 -0.146936 -0.011300
v -0.022593 -0.142585 -0.011300
v -0.019209 -0.148124 -0.011300
v -0.015097 -0.143573 -0.011300
v -0.011546 -0.148917 -0.011300
v -0.007559 -0.144166 -0.011300
v -0.003852 -0.149314 -0.011300
v 0.000000 -0.144364 -0.011300
v 0.003852 -0.149314 -0.011300
v 0.007559 -0.144166 -0.011300
v 0.011546 -0.148917 -0.011300
v 0.015097 -0.143573 -0.011300
v 0.019209 -0.148124 -0.011300
v 0.022593 -0.142585 -0.011300
v 0.147638 -0.022643 -0.011300
v 0.142600 -0.022497 -0.011300
v 0.026822 -0.146936 -0.011300
v 0.030028 -0.141207 -0.011300
v 0.146274 -0.030225 -0.011300
v 0.141227 -0.029933 -0.011300
v 0.034362 -0.145358 -0.011300
v 0.037380 -0.139441 -0.011300
v 0.144521 -0.037727 -0.011300
v 0.139466 -0.037286 -0.011300
v 0.041812 -0.143393 -0.011300
v 0.044629 -0.137292 -0.011300
v 0.142383 -0.045129 -0.011300
v 0.137322 -0.044537 -0.011300
v 0.049150 -0.141046 -0.011300
v 0.051757 -0.134767 -0.011300
v 0.139867 -0.052411 -0.011300
v 0.134802 -0.051666 -0.011300
v 0.056357 -0.138324 -0.011300
v 0.058742 -0.131873 -0.011300
v 0.136978 -0.059553 -0.011300
v 0.131912 -0.058653 -0.011300
v 0.063415 -0.135234 -0.011300
v 0.065566 -0.128616 -0.011300
v 0.133725 -0.066537 -0.011300
v 0.128660 -0.065479 -0.011300
v 0.070303 -0.131784 -0.011300
v 0.072210 -0.125007 -0.011300
v 0.130117 -0.073344 -0.011300
v 0.125055 -0.072126 -0.011300
v 0.077005 -0.127984 -0.011300
v 0.078656 -0.121055 -0.011300
v 0.126162 -0.079955 -0.011300
v 0.121107 -0.078575 -0.011300
v 0.083502 -0.123843 -0.011300
v 0.084887 -0.116770 -0.011300
v 0.121871 -0.086354 -0.011300
v 0.116827 -0.084808 -0.011300
v 0.089777 -0.119373 -0.011300
v 0.090884 -0.112166 -0.011300
v 0.117256 -0.092524 -0.011300
v 0.112227 -0.090809 -0.011300
v 0.095812 -0.114585 -0.011300
v 0.096632 -0.107253 -0.011300
v 0.112329 -0.098447 -0.011300
v 0.107318 -0.096560 -0.011300
v 0.101593 -0.109492 -0.011300
v 0.102115 -0.102047 -0.011300
v 0.107104 -0.104108 -0.011300
v -0.142448 -0.025441 -0.003300
v -0.144602 -0.015000 0.012700
v -0.142781 -0.025500 0.004700
v -0.142239 -0.030047 0.012700
v -0.143618 -0.022554 0.012700
v -0.140200 -0.035815 -0.003300
v -0.140527 -0.035898 0.004700
v -0.140470 -0.037456 0.012700
v -0.137197 -0.045996 -0.003300
v -0.137518 -0.046103 0.004700
v -0.135780 -0.051948 0.012700
v -0.138315 -0.044763 0.012700
v -0.133456 -0.055930 -0.003300
v -0.133768 -0.056060 0.004700
v -0.132872 -0.058989 0.012700
v -0.128997 -0.065562 -0.003300
v -0.129298 -0.065715 0.004700
v -0.125971 -0.072567 0.012700
v -0.129600 -0.065868 0.012700
v -0.123844 -0.074842 -0.003300
v -0.124133 -0.075017 0.004700
v -0.121997 -0.079066 0.012700
v -0.118025 -0.083719 -0.003300
v -0.118300 -0.083915 0.004700
v -0.117688 -0.085348 0.012700
v -0.111570 -0.092146 -0.003300
v -0.111830 -0.092361 0.004700
v -0.108112 -0.097193 0.012700
v -0.113055 -0.091396 0.012700
v -0.104515 -0.100077 -0.003300
v -0.104759 -0.100310 0.004700
v -0.102872 -0.102723 0.012700
v -0.096897 -0.107469 -0.003300
v -0.097124 -0.107720 0.004700
v -0.091560 -0.112922 0.012700
v -0.097350 -0.107971 0.012700
v -0.088759 -0.114283 -0.003300
v -0.088966 -0.114550 0.004700
v -0.085519 -0.117564 0.012700
v -0.080142 -0.120482 -0.003300
v -0.080329 -0.120763 0.004700
v -0.079243 -0.121882 0.012700
v -0.071095 -0.126033 -0.003300
v -0.071261 -0.126327 0.004700
v -0.066057 -0.129504 0.012700
v -0.072750 -0.125866 0.012700
v -0.061664 -0.130905 -0.003300
v -0.061808 -0.131211 0.004700
v -0.059182 -0.132786 0.012700
v -0.051902 -0.135073 -0.003300
v -0.052024 -0.135389 0.004700
v -0.044964 -0.138250 0.012700
v -0.052145 -0.135704 0.012700
v -0.041861 -0.138515 -0.003300
v -0.041959 -0.138838 0.004700
v -0.037661 -0.140415 0.012700
v -0.031595 -0.141211 -0.003300
v -0.031668 -0.141541 0.004700
v -0.030253 -0.142195 0.012700
v -0.021158 -0.143147 -0.003300
v -0.021207 -0.143481 0.004700
v -0.015210 -0.144580 0.012700
v -0.022763 -0.143585 0.012700
v -0.010608 -0.144313 -0.003300
v -0.010632 -0.144650 0.004700
v -0.007616 -0.145178 0.012700
v 0.000000 -0.144702 -0.003300
v 0.000000 -0.145040 0.004700
v 0.007616 -0.145178 0.012700
v 0.000000 -0.145378 0.012700
v 0.010608 -0.144313 -0.003300
v 0.010632 -0.144650 0.004700
v 0.015210 -0.144580 0.012700
v 0.021158 -0.143147 -0.003300
v 0.021207 -0.143481 0.004700
v 0.030253 -0.142195 0.012700
v 0.022763 -0.143585 0.012700
v 0.031595 -0.141211 -0.003300
v 0.031668 -0.141541 0.004700
v 0.037661 -0.140415 0.012700
v 0.041861 -0.138515 -0.003300
v 0.041959 -0.138838 0.004700
v 0.044964 -0.138250 0.012700
v 0.051902 -0.135073 -0.003300
v 0.052024 -0.135389 0.004700
v 0.059182 -0.132786 0.012700
v 0.052145 -0.135704 0.012700
v 0.061664 -0.130905 -0.003300
v 0.061808 -0.131211 0.004700
v 0.066057 -0.129504 0.012700
v 0.071095 -0.126033 -0.003300
v 0.071261 -0.126327 0.004700
v 0.079243 -0.121882 0.012700
v 0.072750 -0.125866 0.012700
v 0.080142 -0.120482 -0.003300
v 0.080329 -0.120763 0.004700
v 0.085519 -0.117564 0.012700
v 0.088759 -0.114283 -0.003300
v 0.088966 -0.114550 0.004700
v 0.091560 -0.112922 0.012700
v 0.096897 -0.107469 -0.003300
v 0.097124 -0.107720 0.004700
v 0.102872 -0.102723 0.012700
v 0.097350 -0.107971 0.012700
v 0.104515 -0.100077 -0.003300
v 0.104759 -0.100310 0.004700
v 0.108112 -0.097193 0.012700
v 0.111570 -0.092146 -0.003300
v 0.111830 -0.092361 0.004700
v 0.117688 -0.085348 0.012700
v 0.113055 -0.091396 0.012700
v 0.118025 -0.083719 -0.003300
v 0.118300 -0.083915 0.004700
v 0.121997 -0.079066 0.012700
v 0.123844 -0.074842 -0.003300
v 0.124133 -0.075017 0.004700
v 0.125971 -0.072567 0.012700
v 0.128997 -0.065562 -0.003300
v 0.129298 -0.065715 0.004700
v 0.132872 -0.058989 0.012700
v 0.129600 -0.065868 0.012700
v 0.133456 -0.055930 -0.003300
v 0.133768 -0.056060 0.004700
v 0.135780 -0.051948 0.012700
v 0.137197 -0.045996 -0.003300
v 0.137518 -0.046103 0.004700
v 0.138315 -0.044763 0.012700
v 0.140200 -0.035815 -0.003300
v 0.140527 -0.035898 0.004700
v 0.142239 -0.030047 0.012700
v 0.140470 -0.037456 0.012700
v 0.142448 -0.025441 -0.003300
v 0.142781 -0.025500 0.004700
v 0.143618 -0.022554 0.012700
v -0.148760 0.022571 0.012700
v -0.144602 0.015000 0.012700
v -0.149713 0.015000 0.012700
v -0.143618 0.022554 0.012700
v -0.147424 0.030084 0.012700
v -0.142239 0.030047 0.012700
v -0.145709 0.037520 0.012700
v -0.140470 0.037456 0.012700
v -0.143620 0.044859 0.012700
v -0.138315 0.044763 0.012700
v -0.141160 0.052083 0.012700
v -0.135780 0.051948 0.012700
v -0.138338 0.059173 0.012700
v -0.132872 0.058989 0.012700
v -0.135160 0.066111 0.012700
v -0.129600 0.065868 0.012700
v -0.131635 0.072878 0.012700
v -0.125971 0.072567 0.012700
v -0.127770 0.079459 0.012700
v -0.121997 0.079066 0.012700
v -0.123578 0.085834 0.012700
v -0.117688 0.085348 0.012700
v -0.119067 0.091989 0.012700
v -0.113055 0.091396 0.012700
v -0.114250 0.097908 0.012700
v -0.108112 0.097193 0.012700
v -0.109139 0.103574 0.012700
v -0.102872 0.102723 0.012700
v -0.103747 0.108975 0.012700
v -0.097350 0.107971 0.012700
v -0.098089 0.114094 0.012700
v -0.091560 0.112922 0.012700
v -0.092178 0.118921 0.012700
v -0.085519 0.117564 0.012700
v -0.086030 0.123441 0.012700
v -0.079243 0.121882 0.012700
v -0.079661 0.127644 0.012700
v -0.072750 0.125866 0.012700
v -0.073087 0.131519 0.012700
v -0.066057 0.129504 0.012700
v -0.066325 0.135055 0.012700
v -0.059182 0.132786 0.012700
v -0.059392 0.138244 0.012700
v -0.052145 0.135704 0.012700
v -0.052307 0.141078 0.012700
v -0.044964 0.138250 0.012700
v -0.045087 0.143548 0.012700
v -0.037661 0.140415 0.012700
v -0.037751 0.145650 0.012700
v -0.030253 0.142195 0.012700
v -0.030318 0.147376 0.012700
v -0.022763 0.143585 0.012700
v -0.022807 0.148724 0.012700
v -0.015210 0.144580 0.012700
v -0.015237 0.149689 0.012700
v -0.007616 0.145178 0.012700
v -0.007628 0.150269 0.012700
v 0.000000 0.145378 0.012700
v 0.000000 0.150462 0.012700
v 0.007628 0.150269 0.012700
v 0.007616 0.145178 0.012700
v 0.015237 0.149689 0.012700
v 0.015210 0.144580 0.012700
v 0.148760 0.022571 0.012700
v 0.143618 0.022554 0.012700
v 0.022807 0.148724 0.012700
v 0.022763 0.143585 0.012700
v 0.147424 0.030084 0.012700
v 0.142239 0.030047 0.012700
v 0.030318 0.147376 0.012700
v 0.030253 0.142195 0.012700
v 0.145709 0.037520 0.012700
v 0.140470 0.037456 0.012700
v 0.037751 0.145650 0.012700
v 0.037661 0.140415 0.012700
v 0.143620 0.044859 0.012700
v 0.138315 0.044763 0.012700
v 0.045087 0.143548 0.012700
v 0.044964 0.138250 0.012700
v 0.141160 0.052083 0.012700
v 0.135780 0.051948 0.012700
v 0.052307 0.141078 0.012700
v 0.052145 0.135704 0.012700
v 0.138338 0.059173 0.012700
v 0.132872 0.058989 0.012700
v 0.059392 0.138244 0.012700
v 0.059182 0.132786 0.012700
v 0.135160 0.066111 0.012700
v 0.129600 0.065868 0.012700
v 0.066325 0.135055 0.012700
v 0.066057 0.129504 0.012700
v 0.131635 0.072878 0.012700
v 0.125971 0.072567 0.012700
v 0.073087 0.131519 0.012700
v 0.072750 0.125866 0.012700
v 0.127770 0.079459 0.012700
v 0.121997 0.079066 0.012700
v 0.079661 0.127644 0.012700
v 0.079243 0.121882 0.012700
v 0.123578 0.085834 0.012700
v 0.117688 0.085348 0.012700
v 0.086030 0.123441 0.012700
v 0.085519 0.117564 0.012700
v 0.119067 0.091989 0.012700
v 0.113055 0.091396 0.012700
v 0.092178 0.118921 0.012700
v 0.091560 0.112922 0.012700
v 0.114250 0.097908 0.012700
v 0.108112 0.097193 0.012700
v 0.098089 0.114094 0.012700
v 0.097350 0.107971 0.012700
v 0.109139 0.103574 0.012700
v 0.102872 0.102723 0.012700
v 0.103747 0.108975 0.012700
v -0.149993 0.000000 0.002450
v -0.147400 0.000000 0.002450
v -0.149990 -0.000414 0.002400
v -0.147400 -0.000453 0.002390
v -0.149982 -0.000804 0.002254
v -0.147400 -0.000875 0.002216
v -0.149969 -0.001149 0.002020
v -0.147400 -0.001237 0.001937
v -0.149952 -0.001428 0.001712
v -0.147400 -0.001516 0.001575
v -0.149933 -0.001626 0.001346
v -0.147400 -0.001690 0.001153
v -0.149914 -0.001733 0.000944
v -0.147400 -0.001750 0.000700
v -0.149895 -0.001742 0.000528
v -0.147400 -0.001690 0.000247
v -0.149877 -0.001652 0.000121
v -0.147400 -0.001516 -0.000175
v -0.149862 -0.001468 -0.000252
v -0.147400 -0.001237 -0.000537
v -0.149850 -0.001202 -0.000572
v -0.147400 -0.000875 -0.000816
v -0.149841 -0.000867 -0.000820
v -0.149835 -0.000483 -0.000982
v -0.147400 -0.000453 -0.000990
v -0.149833 -0.000071 -0.001049
v -0.147400 0.000000 -0.001050
v -0.149834 0.000344 -0.001016
v -0.147400 0.000453 -0.000990
v -0.149838 0.000740 -0.000886
v -0.147400 0.000875 -0.000816
v -0.149846 0.001094 -0.000666
v -0.147400 0.001237 -0.000537
v -0.149857 0.001386 -0.000368
v -0.147400 0.001516 -0.000175
v -0.149872 0.001599 -0.000011
v -0.147400 0.001690 0.000247
v -0.149888 0.001722 0.000387
v -0.147400 0.001750 0.000700
v -0.149907 0.001747 0.000802
v -0.147400 0.001690 0.001153
v -0.149927 0.001674 0.001212
v -0.147400 0.001516 0.001575
v -0.149946 0.001505 0.001593
v -0.147400 0.001237 0.001937
v -0.149963 0.001252 0.001923
v -0.149975 0.000995 0.002139
v -0.147400 0.000875 0.002216
v -0.149985 0.000702 0.002303
v -0.147400 0.000453 0.002390
v -0.149990 0.000398 0.002404
v -0.149992 0.000200 0.002439
v -0.143583 0.015000 -0.011300
v -0.148609 0.015000 -0.011300
v -0.149713 -0.015000 0.012700
v -0.150462 0.000000 0.012700
v -0.149364 0.000000 -0.011300
v -0.150012 -0.005007 0.004700
v -0.150129 -0.010009 0.012700
v -0.150379 -0.005007 0.012700
v -0.149646 -0.005007 -0.003300
v -0.149028 -0.010009 -0.011300
v -0.149280 -0.005008 -0.011300
v -0.150012 0.005007 0.004700
v -0.150379 0.005007 0.012700
v -0.150129 0.010009 0.012700
v -0.149646 0.005007 -0.003300
v -0.149280 0.005008 -0.011300
v -0.149028 0.010009 -0.011300
v -0.070740 0.108275 -0.296000
v -0.076597 0.104214 -0.296000
v -0.082222 0.099836 -0.296000
v -0.110183 0.067729 -0.296000
v -0.102064 0.079439 -0.296000
v -0.106285 0.073696 -0.296000
v -0.097533 0.084941 -0.296000
v -0.092705 0.090185 -0.296000
v -0.087596 0.095155 -0.296000
v -0.064668 0.112008 -0.296000
v -0.116965 0.055197 -0.296000
v -0.113747 0.061557 -0.296000
v -0.051953 0.118442 -0.296000
v -0.058399 0.115400 -0.296000
v -0.122328 0.041995 -0.296000
v -0.119828 0.048670 -0.296000
v -0.038608 0.123438 -0.296000
v -0.045350 0.121124 -0.296000
v -0.124455 0.035193 -0.296000
v -0.128550 0.014228 -0.296000
v -0.126205 0.028283 -0.296000
v -0.127571 0.021288 -0.296000
v -0.129139 0.007125 -0.296000
v -0.003564 0.129286 -0.296000
v -0.010680 0.128894 -0.296000
v -0.017765 0.128109 -0.296000
v 0.003564 0.129286 -0.296000
v -0.031750 0.125378 -0.296000
v -0.024795 0.126936 -0.296000
v -0.129139 -0.007125 -0.296000
v -0.129335 0.000000 -0.296000
v 0.017765 0.128109 -0.296000
v 0.010680 0.128894 -0.296000
v -0.127571 -0.021288 -0.296000
v -0.128550 -0.014228 -0.296000
v -0.124455 -0.035193 -0.296000
v -0.126205 -0.028283 -0.296000
v 0.038608 0.123438 -0.296000
v 0.024795 0.126936 -0.296000
v 0.031750 0.125378 -0.296000
v 0.051953 0.118442 -0.296000
v 0.045350 0.121124 -0.296000
v -0.116965 -0.055197 -0.296000
v -0.122328 -0.041995 -0.296000
v -0.119828 -0.048670 -0.296000
v 0.064668 0.112008 -0.296000
v 0.058399 0.115400 -0.296000
v -0.110183 -0.067729 -0.296000
v -0.113747 -0.061557 -0.296000
v 0.076597 0.104214 -0.296000
v 0.070740 0.108275 -0.296000
v -0.102064 -0.079439 -0.296000
v -0.106285 -0.073696 -0.296000
v -0.097533 -0.084941 -0.296000
v 0.087596 0.095155 -0.296000
v 0.082222 0.099836 -0.296000
v -0.087596 -0.095155 -0.296000
v -0.092705 -0.090185 -0.296000
v 0.097533 0.084941 -0.296000
v 0.092705 0.090185 -0.296000
v -0.076597 -0.104214 -0.296000
v -0.082222 -0.099836 -0.296000
v 0.106285 0.073696 -0.296000
v 0.102064 0.079439 -0.296000
v -0.064668 -0.112008 -0.296000
v -0.070740 -0.108275 -0.296000
v 0.113747 0.061557 -0.296000
v 0.110183 0.067729 -0.296000
v 0.119828 0.048670 -0.296000
v 0.116965 0.055197 -0.296000
v -0.045350 -0.121124 -0.296000
v -0.058399 -0.115400 -0.296000
v -0.051953 -0.118442 -0.296000
v -0.031750 -0.125378 -0.296000
v -0.038608 -0.123438 -0.296000
v 0.127571 0.021288 -0.296000
v 0.122328 0.041995 -0.296000
v 0.124455 0.035193 -0.296000
v 0.126205 0.028283 -0.296000
v -0.017765 -0.128109 -0.296000
v -0.024795 -0.126936 -0.296000
v 0.128550 0.014228 -0.296000
v -0.010680 -0.128894 -0.296000
v 0.129335 0.000000 -0.296000
v 0.129139 0.007125 -0.296000
v 0.003564 -0.129286 -0.296000
v -0.003564 -0.129286 -0.296000
v 0.010680 -0.128894 -0.296000
v 0.128550 -0.014228 -0.296000
v 0.129139 -0.007125 -0.296000
v 0.031750 -0.125378 -0.296000
v 0.017765 -0.128109 -0.296000
v 0.024795 -0.126936 -0.296000
v 0.124455 -0.035193 -0.296000
v 0.127571 -0.021288 -0.296000
v 0.126205 -0.028283 -0.296000
v 0.051953 -0.118442 -0.296000
v 0.038608 -0.123438 -0.296000
v 0.045350 -0.121124 -0.296000
v 0.113747 -0.061557 -0.296000
v 0.116965 -0.055197 -0.296000
v 0.119828 -0.048670 -0.296000
v 0.064668 -0.112008 -0.296000
v 0.058399 -0.115400 -0.296000
v 0.110183 -0.067729 -0.296000
v 0.122328 -0.041995 -0.296000
v 0.070740 -0.108275 -0.296000
v 0.076597 -0.104214 -0.296000
v 0.082222 -0.099836 -0.296000
v 0.092705 -0.090185 -0.296000
v 0.106285 -0.073696 -0.296000
v 0.102064 -0.079439 -0.296000
v 0.097533 -0.084941 -0.296000
v 0.087596 -0.095155 -0.296000
v -0.130599 0.000000 -0.266083
v -0.144500 0.000000 0.063000
v -0.144302 -0.007563 0.063000
v -0.143236 0.000000 0.033083
v -0.144302 0.007563 0.063000
v -0.130242 -0.009645 -0.266083
v -0.129174 -0.019237 -0.266083
v -0.127401 -0.028725 -0.266083
v -0.131503 -0.009738 -0.236167
v -0.131863 0.000000 -0.236167
v -0.124932 -0.038055 -0.266083
v -0.130424 -0.019424 -0.236167
v -0.121780 -0.047178 -0.266083
v -0.128634 -0.029003 -0.236167
v -0.117963 -0.056043 -0.266083
v -0.132763 -0.009832 -0.206250
v -0.133126 0.000000 -0.206250
v -0.134390 0.000000 -0.176333
v -0.126140 -0.038423 -0.236167
v -0.113502 -0.064602 -0.266083
v -0.131674 -0.019610 -0.206250
v -0.122958 -0.047634 -0.236167
v -0.108421 -0.072808 -0.266083
v -0.129866 -0.029281 -0.206250
v -0.119105 -0.056585 -0.236167
v -0.102748 -0.080616 -0.266083
v -0.134023 -0.009925 -0.176333
v -0.127349 -0.038792 -0.206250
v -0.114600 -0.065227 -0.236167
v -0.096514 -0.087984 -0.266083
v -0.132924 -0.019796 -0.176333
v -0.124137 -0.048091 -0.206250
v -0.109470 -0.073512 -0.236167
v -0.089752 -0.094871 -0.266083
v -0.131099 -0.029559 -0.176333
v -0.120246 -0.057127 -0.206250
v -0.103742 -0.081396 -0.236167
v -0.082501 -0.101241 -0.266083
v -0.135283 -0.010018 -0.146417
v -0.135654 0.000000 -0.146417
v -0.128558 -0.039160 -0.176333
v -0.115699 -0.065852 -0.206250
v -0.097448 -0.088835 -0.236167
v -0.074799 -0.107057 -0.266083
v -0.134174 -0.019982 -0.146417
v -0.125315 -0.048547 -0.176333
v -0.110519 -0.074217 -0.206250
v -0.090621 -0.095790 -0.236167
v -0.066688 -0.112289 -0.266083
v -0.132332 -0.029837 -0.146417
v -0.121388 -0.057670 -0.176333
v -0.104737 -0.082176 -0.206250
v -0.083299 -0.102220 -0.236167
v -0.058213 -0.116907 -0.266083
v -0.136544 -0.010112 -0.116500
v -0.136918 0.000000 -0.116500
v -0.138181 0.000000 -0.086583
v -0.129767 -0.039528 -0.146417
v -0.116797 -0.066477 -0.176333
v -0.098382 -0.089687 -0.206250
v -0.075522 -0.108093 -0.236167
v -0.049420 -0.120887 -0.266083
v -0.135424 -0.020168 -0.116500
v -0.126493 -0.049004 -0.146417
v -0.111569 -0.074921 -0.176333
v -0.091489 -0.096708 -0.206250
v -0.067333 -0.113376 -0.236167
v -0.040357 -0.124207 -0.266083
v -0.133565 -0.030115 -0.116500
v -0.122529 -0.058212 -0.146417
v -0.105731 -0.082956 -0.176333
v -0.084097 -0.103200 -0.206250
v -0.058776 -0.118039 -0.236167
v -0.031074 -0.126848 -0.266083
v -0.137804 -0.010205 -0.086583
v -0.130976 -0.039896 -0.116500
v -0.117895 -0.067102 -0.146417
v -0.099316 -0.090538 -0.176333
v -0.076246 -0.109129 -0.206250
v -0.049898 -0.122057 -0.236167
v -0.021621 -0.128797 -0.266083
v -0.136674 -0.020354 -0.086583
v -0.127672 -0.049460 -0.116500
v -0.112618 -0.075626 -0.146417
v -0.092358 -0.097626 -0.176333
v -0.067979 -0.114462 -0.206250
v -0.040748 -0.125409 -0.236167
v -0.012050 -0.130042 -0.266083
v -0.134798 -0.030392 -0.086583
v -0.123670 -0.058754 -0.116500
v -0.106725 -0.083736 -0.146417
v -0.084896 -0.104180 -0.176333
v -0.059340 -0.119170 -0.206250
v -0.031375 -0.128076 -0.236167
v -0.002413 -0.130577 -0.266083
v -0.139064 -0.010298 -0.056667
v -0.139445 0.000000 -0.056667
v -0.132185 -0.040265 -0.086583
v -0.118994 -0.067727 -0.116500
v -0.100249 -0.091389 -0.146417
v -0.076970 -0.110165 -0.176333
v -0.050377 -0.123227 -0.206250
v -0.021830 -0.130043 -0.236167
v 0.007237 -0.130398 -0.266083
v -0.137924 -0.020540 -0.056667
v -0.128850 -0.049917 -0.086583
v -0.113667 -0.076330 -0.116500
v -0.093226 -0.098544 -0.146417
v -0.068624 -0.115549 -0.176333
v -0.041138 -0.126611 -0.206250
v -0.012167 -0.131300 -0.236167
v 0.016847 -0.129508 -0.266083
v -0.136030 -0.030670 -0.056667
v -0.124812 -0.059296 -0.086583
v -0.107719 -0.084516 -0.116500
v -0.085694 -0.105159 -0.146417
v -0.059903 -0.120301 -0.176333
v -0.031675 -0.129303 -0.206250
v -0.002437 -0.131840 -0.236167
v 0.026366 -0.127910 -0.266083
v -0.140325 -0.010392 -0.026750
v -0.140709 0.000000 -0.026750
v -0.133394 -0.040633 -0.056667
v -0.120092 -0.068352 -0.086583
v -0.101183 -0.092241 -0.116500
v -0.077694 -0.111201 -0.146417
v -0.050855 -0.124397 -0.176333
v -0.022040 -0.131289 -0.206250
v 0.007307 -0.131660 -0.236167
v 0.035740 -0.125613 -0.266083
v -0.139174 -0.020727 -0.026750
v -0.130029 -0.050373 -0.056667
v -0.114716 -0.077035 -0.086583
v -0.094095 -0.099462 -0.116500
v -0.069269 -0.116635 -0.146417
v -0.041529 -0.127813 -0.176333
v -0.012283 -0.132559 -0.206250
v 0.017010 -0.130761 -0.236167
v 0.044919 -0.122631 -0.266083
v -0.137263 -0.030948 -0.026750
v -0.125953 -0.059839 -0.056667
v -0.108713 -0.085296 -0.086583
v -0.086492 -0.106139 -0.116500
v -0.060466 -0.121432 -0.146417
v -0.031976 -0.130531 -0.176333
v -0.002460 -0.133104 -0.206250
v 0.026621 -0.129148 -0.236167
v 0.053853 -0.118979 -0.266083
v -0.141585 -0.010485 0.003167
v -0.141973 0.000000 0.003167
v -0.134603 -0.041001 -0.026750
v -0.121190 -0.068977 -0.056667
v -0.102117 -0.093092 -0.086583
v -0.078418 -0.112237 -0.116500
v -0.051333 -0.125566 -0.146417
v -0.022249 -0.132536 -0.176333
v 0.007377 -0.132922 -0.206250
v 0.036086 -0.126829 -0.236167
v 0.062493 -0.114677 -0.266083
v -0.140424 -0.020913 0.003167
v -0.131207 -0.050830 -0.026750
v -0.115765 -0.077739 -0.056667
v -0.094963 -0.100380 -0.086583
v -0.069914 -0.117722 -0.116500
v -0.041919 -0.129015 -0.146417
v -0.012400 -0.133817 -0.176333
v 0.017173 -0.132014 -0.206250
v 0.045354 -0.123818 -0.236167
v 0.070792 -0.109748 -0.266083
v -0.138496 -0.031226 0.003167
v -0.127095 -0.060381 -0.026750
v -0.109708 -0.086076 -0.056667
v -0.087291 -0.107119 -0.086583
v -0.061029 -0.122564 -0.116500
v -0.032277 -0.131758 -0.146417
v -0.002483 -0.134367 -0.176333
v 0.026876 -0.130385 -0.206250
v 0.054374 -0.120130 -0.236167
v 0.078703 -0.104220 -0.266083
v -0.142845 -0.010578 0.033083
v -0.143708 -0.015104 0.063000
v -0.135812 -0.041369 0.003167
v -0.122288 -0.069602 -0.026750
v -0.103051 -0.093944 -0.056667
v -0.079141 -0.113273 -0.086583
v -0.051811 -0.126736 -0.116500
v -0.022458 -0.133782 -0.146417
v 0.007447 -0.134184 -0.176333
v 0.036432 -0.128044 -0.206250
v 0.063098 -0.115786 -0.236167
v 0.086185 -0.098123 -0.266083
v -0.141674 -0.021099 0.033083
v -0.141342 -0.030043 0.063000
v -0.142721 -0.022605 0.063000
v -0.132385 -0.051286 0.003167
v -0.116814 -0.078444 -0.026750
v -0.095832 -0.101298 -0.056667
v -0.070560 -0.118808 -0.086583
v -0.042310 -0.130216 -0.116500
v -0.012517 -0.135075 -0.146417
v 0.017336 -0.133267 -0.176333
v 0.045789 -0.125004 -0.206250
v 0.071477 -0.110810 -0.236167
v 0.093197 -0.091490 -0.266083
v -0.139729 -0.031504 0.033083
v -0.139576 -0.037399 0.063000
v -0.128236 -0.060923 0.003167
v -0.110702 -0.086856 -0.026750
v -0.088089 -0.108098 -0.056667
v -0.061593 -0.123695 -0.086583
v -0.032578 -0.132985 -0.116500
v -0.002507 -0.135631 -0.146417
v 0.027131 -0.131623 -0.176333
v 0.054896 -0.121281 -0.206250
v 0.079465 -0.105229 -0.236167
v 0.099699 -0.084358 -0.266083
v -0.137020 -0.041738 0.033083
v -0.137428 -0.044653 0.063000
v -0.123387 -0.070228 0.003167
v -0.103985 -0.094795 -0.026750
v -0.079865 -0.114309 -0.056667
v -0.052289 -0.127906 -0.086583
v -0.022667 -0.135028 -0.116500
v 0.007517 -0.135445 -0.146417
v 0.036778 -0.129260 -0.176333
v 0.063703 -0.116896 -0.206250
v 0.087019 -0.099073 -0.236167
v 0.105657 -0.076764 -0.266083
v -0.133564 -0.051743 0.033083
v -0.132007 -0.058773 0.063000
v -0.134902 -0.051784 0.063000
v -0.117863 -0.079148 0.003167
v -0.096700 -0.102216 -0.026750
v -0.071205 -0.119895 -0.056667
v -0.042700 -0.131418 -0.086583
v -0.012633 -0.136334 -0.116500
v 0.017499 -0.134520 -0.146417
v 0.046223 -0.126191 -0.176333
v 0.072162 -0.111872 -0.206250
v 0.094099 -0.092376 -0.236167
v 0.111038 -0.068752 -0.266083
v -0.129378 -0.061466 0.033083
v -0.128750 -0.065602 0.063000
v -0.111696 -0.087637 0.003167
v -0.088887 -0.109078 -0.026750
v -0.062156 -0.124826 -0.056667
v -0.032878 -0.134213 -0.086583
v -0.002530 -0.136894 -0.116500
v 0.027386 -0.132861 -0.146417
v 0.055417 -0.122432 -0.176333
v 0.080227 -0.106237 -0.206250
v 0.100664 -0.085174 -0.236167
v 0.115812 -0.060363 -0.266083
v -0.124485 -0.070853 0.033083
v -0.121188 -0.078700 0.063000
v -0.125141 -0.072250 0.063000
v -0.104919 -0.095646 0.003167
v -0.080589 -0.115345 -0.026750
v -0.052768 -0.129076 -0.056667
v -0.022876 -0.136275 -0.086583
v 0.007587 -0.136707 -0.116500
v 0.037123 -0.130475 -0.146417
v 0.064307 -0.118005 -0.176333
v 0.087853 -0.100022 -0.206250
v 0.106679 -0.077507 -0.236167
v 0.119953 -0.051646 -0.266083
v -0.118912 -0.079853 0.033083
v -0.116903 -0.084935 0.063000
v -0.097569 -0.103134 0.003167
v -0.071850 -0.120981 -0.026750
v -0.043091 -0.132620 -0.056667
v -0.012750 -0.137592 -0.086583
v 0.017662 -0.135774 -0.116500
v 0.046658 -0.127377 -0.146417
v 0.072847 -0.112934 -0.176333
v 0.095000 -0.093261 -0.206250
v 0.112112 -0.069417 -0.236167
v 0.123440 -0.042646 -0.266083
v -0.112690 -0.088417 0.033083
v -0.112298 -0.090937 0.063000
v -0.089686 -0.110058 0.003167
v -0.062719 -0.125957 -0.026750
v -0.033179 -0.135440 -0.056667
v -0.002553 -0.138158 -0.086583
v 0.027641 -0.134098 -0.116500
v 0.055938 -0.123584 -0.146417
v 0.080988 -0.107246 -0.176333
v 0.101629 -0.085990 -0.206250
v 0.116932 -0.060947 -0.236167
v 0.126252 -0.033413 -0.266083
v -0.105853 -0.096498 0.033083
v -0.102177 -0.102177 0.063000
v -0.107384 -0.096689 0.063000
v -0.081313 -0.116381 0.003167
v -0.053246 -0.130245 -0.026750
v -0.023086 -0.137521 -0.056667
v 0.007657 -0.137969 -0.086583
v 0.037469 -0.131691 -0.116500
v 0.064912 -0.119115 -0.146417
v 0.088687 -0.100972 -0.176333
v 0.107702 -0.078250 -0.206250
v 0.121114 -0.052145 -0.236167
v 0.128375 -0.023998 -0.266083
v -0.098437 -0.104052 0.033083
v -0.096689 -0.107384 0.063000
v -0.072496 -0.122068 0.003167
v -0.043481 -0.133822 -0.026750
v -0.012866 -0.138850 -0.056667
v 0.017825 -0.137027 -0.086583
v 0.047093 -0.128564 -0.116500
v 0.073532 -0.113996 -0.146417
v 0.095902 -0.094146 -0.176333
v 0.113186 -0.070082 -0.206250
v 0.124635 -0.043058 -0.236167
v 0.129797 -0.014451 -0.266083
v -0.090484 -0.111037 0.033083
v -0.084935 -0.116903 0.063000
v -0.090937 -0.112298 0.063000
v -0.063283 -0.127089 0.003167
v -0.033480 -0.136668 -0.026750
v -0.002577 -0.139421 -0.056667
v 0.027896 -0.135336 -0.086583
v 0.056459 -0.124735 -0.116500
v 0.081750 -0.108254 -0.146417
v 0.102593 -0.086806 -0.176333
v 0.118053 -0.061532 -0.206250
v 0.127474 -0.033736 -0.236167
v 0.130510 -0.004826 -0.266083
v -0.082036 -0.117417 0.033083
v -0.078700 -0.121188 0.063000
v -0.053724 -0.131415 0.003167
v -0.023295 -0.138767 -0.026750
v 0.007727 -0.139231 -0.056667
v 0.037815 -0.132906 -0.086583
v 0.065517 -0.120225 -0.116500
v 0.089521 -0.101921 -0.146417
v 0.108724 -0.078993 -0.176333
v 0.122275 -0.052645 -0.206250
v 0.129618 -0.024230 -0.236167
v 0.130510 0.004826 -0.266083
v -0.072250 -0.125141 0.063000
v -0.073141 -0.123155 0.033083
v -0.043872 -0.135024 0.003167
v -0.012983 -0.140109 -0.026750
v 0.017988 -0.138280 -0.056667
v 0.047527 -0.129751 -0.086583
v 0.074217 -0.115058 -0.116500
v 0.096804 -0.095031 -0.146417
v 0.114261 -0.070747 -0.176333
v 0.125829 -0.043471 -0.206250
v 0.131053 -0.014591 -0.236167
v 0.129797 0.014451 -0.266083
v -0.063846 -0.128220 0.033083
v -0.058773 -0.132007 0.063000
v -0.065602 -0.128750 0.063000
v -0.033780 -0.137895 0.003167
v -0.002600 -0.140685 -0.026750
v 0.028152 -0.136574 -0.056667
v 0.056980 -0.125886 -0.086583
v 0.082511 -0.109263 -0.116500
v 0.103558 -0.087623 -0.146417
v 0.119174 -0.062116 -0.176333
v 0.128696 -0.034059 -0.206250
v 0.131773 -0.004873 -0.236167
v 0.128375 0.023998 -0.266083
v -0.054202 -0.132585 0.033083
v -0.051784 -0.134902 0.063000
v -0.023504 -0.140013 0.003167
v 0.007797 -0.140493 -0.026750
v 0.038161 -0.134122 -0.056667
v 0.066121 -0.121334 -0.086583
v 0.090355 -0.102871 -0.116500
v 0.109746 -0.079735 -0.146417
v 0.123436 -0.053145 -0.176333
v 0.130860 -0.024462 -0.206250
v 0.131773 0.004873 -0.236167
v 0.126252 0.033413 -0.266083
v -0.037399 -0.139576 0.063000
v -0.044262 -0.136226 0.033083
v -0.044653 -0.137428 0.063000
v -0.013100 -0.141367 0.003167
v 0.018151 -0.139533 -0.026750
v 0.047962 -0.130937 -0.056667
v 0.074902 -0.116120 -0.086583
v 0.097706 -0.095917 -0.116500
v 0.115335 -0.071413 -0.146417
v 0.127023 -0.043884 -0.176333
v 0.132309 -0.014731 -0.206250
v 0.131053 0.014591 -0.236167
v 0.123440 0.042646 -0.266083
v -0.034081 -0.139123 0.033083
v -0.030043 -0.141342 0.063000
v -0.002623 -0.141948 0.003167
v 0.028407 -0.137812 -0.026750
v 0.057501 -0.127038 -0.056667
v 0.083273 -0.110271 -0.086583
v 0.104523 -0.088439 -0.116500
v 0.120294 -0.062700 -0.146417
v 0.129917 -0.034383 -0.176333
v 0.133036 -0.004919 -0.206250
v 0.129618 0.024230 -0.236167
v 0.119953 0.051646 -0.266083
v -0.023713 -0.141260 0.033083
v -0.015104 -0.143708 0.063000
v -0.022605 -0.142721 0.063000
v 0.007867 -0.141754 0.003167
v 0.038507 -0.135337 -0.026750
v 0.066726 -0.122444 -0.056667
v 0.091189 -0.103820 -0.086583
v 0.110769 -0.080478 -0.116500
v 0.124596 -0.053644 -0.146417
v 0.132102 -0.024694 -0.176333
v 0.133036 0.004919 -0.206250
v 0.127474 0.033736 -0.236167
v 0.115812 0.060363 -0.266083
v -0.013216 -0.142625 0.033083
v -0.007563 -0.144302 0.063000
v 0.018314 -0.140786 0.003167
v 0.048397 -0.132124 -0.026750
v 0.075587 -0.117182 -0.056667
v 0.098608 -0.096802 -0.086583
v 0.116410 -0.072078 -0.116500
v 0.128218 -0.044296 -0.146417
v 0.133565 -0.014871 -0.176333
v 0.132309 0.014731 -0.206250
v 0.124635 0.043058 -0.236167
v 0.111038 0.068752 -0.266083
v -0.002647 -0.143212 0.033083
v 0.000000 -0.144500 0.063000
v 0.028662 -0.139049 0.003167
v 0.058022 -0.128189 -0.026750
v 0.084034 -0.111280 -0.056667
v 0.105487 -0.089255 -0.086583
v 0.121415 -0.063284 -0.116500
v 0.131139 -0.034706 -0.146417
v 0.134298 -0.004966 -0.176333
v 0.130860 0.024462 -0.206250
v 0.121114 0.052145 -0.236167
v 0.105657 0.076764 -0.266083
v 0.007937 -0.143016 0.033083
v 0.015104 -0.143708 0.063000
v 0.007563 -0.144302 0.063000
v 0.038853 -0.136553 0.003167
v 0.067331 -0.123554 -0.026750
v 0.092023 -0.104770 -0.056667
v 0.111791 -0.081221 -0.086583
v 0.125757 -0.054144 -0.116500
v 0.133344 -0.024926 -0.146417
v 0.134298 0.004966 -0.176333
v 0.128696 0.034059 -0.206250
v 0.116932 0.060947 -0.236167
v 0.099699 0.084358 -0.266083
v 0.018477 -0.142039 0.033083
v 0.022605 -0.142721 0.063000
v 0.048831 -0.133311 0.003167
v 0.076272 -0.118244 -0.026750
v 0.099509 -0.097687 -0.056667
v 0.117484 -0.072743 -0.086583
v 0.129412 -0.044709 -0.116500
v 0.134821 -0.015010 -0.146417
v 0.133565 0.014871 -0.176333
v 0.125829 0.043471 -0.206250
v 0.112112 0.069417 -0.236167
v 0.093197 0.091490 -0.266083
v 0.037399 -0.139576 0.063000
v 0.028917 -0.140287 0.033083
v 0.030043 -0.141342 0.063000
v 0.058543 -0.129340 0.003167
v 0.084796 -0.112288 -0.026750
v 0.106452 -0.090071 -0.056667
v 0.122536 -0.063868 -0.086583
v 0.132361 -0.035029 -0.116500
v 0.135561 -0.005013 -0.146417
v 0.132102 0.024694 -0.176333
v 0.122275 0.052645 -0.206250
v 0.106679 0.077507 -0.236167
v 0.086185 0.098123 -0.266083
v 0.039198 -0.137768 0.033083
v 0.044653 -0.137428 0.063000
v 0.067936 -0.124663 0.003167
v 0.092857 -0.105719 -0.026750
v 0.112813 -0.081964 -0.056667
v 0.126918 -0.054644 -0.086583
v 0.134586 -0.025159 -0.116500
v 0.135561 0.005013 -0.146417
v 0.129917 0.034383 -0.176333
v 0.118053 0.061532 -0.206250
v 0.100664 0.085174 -0.236167
v 0.078703 0.104220 -0.266083
v 0.051784 -0.134902 0.063000
v 0.049266 -0.134497 0.033083
v 0.076957 -0.119306 0.003167
v 0.100411 -0.098573 -0.026750
v 0.118559 -0.073408 -0.056667
v 0.130607 -0.045122 -0.086583
v 0.136077 -0.015150 -0.116500
v 0.134821 0.015010 -0.146417
v 0.127023 0.043884 -0.176333
v 0.113186 0.070082 -0.206250
v 0.094099 0.092376 -0.236167
v 0.070792 0.109748 -0.266083
v 0.059064 -0.130491 0.033083
v 0.065602 -0.128750 0.063000
v 0.058773 -0.132007 0.063000
v 0.085558 -0.113297 0.003167
v 0.107417 -0.090888 -0.026750
v 0.123656 -0.064452 -0.056667
v 0.133582 -0.035353 -0.086583
v 0.136824 -0.005059 -0.116500
v 0.133344 0.024926 -0.146417
v 0.123436 0.053145 -0.176333
v 0.107702 0.078250 -0.206250
v 0.087019 0.099073 -0.236167
v 0.062493 0.114677 -0.266083
v 0.068540 -0.125773 0.033083
v 0.072250 -0.125141 0.063000
v 0.093691 -0.106668 0.003167
v 0.113836 -0.082707 -0.026750
v 0.128078 -0.055144 -0.056667
v 0.135829 -0.025391 -0.086583
v 0.136824 0.005059 -0.116500
v 0.131139 0.034706 -0.146417
v 0.119174 0.062116 -0.176333
v 0.101629 0.085990 -0.206250
v 0.079465 0.105229 -0.236167
v 0.053853 0.118979 -0.266083
v 0.084935 -0.116903 0.063000
v 0.077642 -0.120368 0.033083
v 0.078700 -0.121188 0.063000
v 0.101313 -0.099458 0.003167
v 0.119633 -0.074074 -0.026750
v 0.131801 -0.045534 -0.056667
v 0.137333 -0.015290 -0.086583
v 0.136077 0.015150 -0.116500
v 0.128218 0.044296 -0.146417
v 0.114261 0.070747 -0.176333
v 0.095000 0.093261 -0.206250
v 0.071477 0.110810 -0.236167
v 0.044919 0.122631 -0.266083
v 0.086319 -0.114305 0.033083
v 0.090937 -0.112298 0.063000
v 0.108382 -0.091704 0.003167
v 0.124777 -0.065036 -0.026750
v 0.134804 -0.035676 -0.056667
v 0.138087 -0.005106 -0.086583
v 0.134586 0.025159 -0.116500
v 0.124596 0.053644 -0.146417
v 0.108724 0.078993 -0.176333
v 0.087853 0.100022 -0.206250
v 0.063098 0.115786 -0.236167
v 0.035740 0.125613 -0.266083
v 0.094525 -0.107618 0.033083
v 0.096689 -0.107384 0.063000
v 0.114858 -0.083449 0.003167
v 0.129239 -0.055643 -0.026750
v 0.137071 -0.025623 -0.056667
v 0.138087 0.005106 -0.086583
v 0.132361 0.035029 -0.116500
v 0.120294 0.062700 -0.146417
v 0.102593 0.086806 -0.176333
v 0.080227 0.106237 -0.206250
v 0.054374 0.120130 -0.236167
v 0.026366 0.127910 -0.266083
v 0.102215 -0.100343 0.033083
v 0.107384 -0.096689 0.063000
v 0.102177 -0.102177 0.063000
v 0.120707 -0.074739 0.003167
v 0.132996 -0.045947 -0.026750
v 0.138589 -0.015430 -0.056667
v 0.137333 0.015290 -0.086583
v 0.129412 0.044709 -0.116500
v 0.115335 0.071413 -0.146417
v 0.095902 0.094146 -0.176333
v 0.072162 0.111872 -0.206250
v 0.045354 0.123818 -0.236167
v 0.016847 0.129508 -0.266083
v 0.112298 -0.090937 0.063000
v 0.109346 -0.092520 0.033083
v 0.125898 -0.065620 0.003167
v 0.136026 -0.035999 -0.026750
v 0.139350 -0.005153 -0.056667
v 0.135829 0.025391 -0.086583
v 0.125757 0.054144 -0.116500
v 0.109746 0.079735 -0.146417
v 0.088687 0.100972 -0.176333
v 0.063703 0.116896 -0.206250
v 0.036086 0.126829 -0.236167
v 0.007237 0.130398 -0.266083
v 0.121188 -0.078700 0.063000
v 0.115881 -0.084192 0.033083
v 0.116903 -0.084935 0.063000
v 0.130400 -0.056143 0.003167
v 0.138313 -0.025855 -0.026750
v 0.139350 0.005153 -0.056667
v 0.133582 0.035353 -0.086583
v 0.121415 0.063284 -0.116500
v 0.103558 0.087623 -0.146417
v 0.080988 0.107246 -0.176333
v 0.054896 0.121281 -0.206250
v 0.026621 0.129148 -0.236167
v -0.002413 0.130577 -0.266083
v 0.121782 -0.075404 0.033083
v 0.125141 -0.072250 0.063000
v 0.134190 -0.046360 0.003167
v 0.139845 -0.015570 -0.026750
v 0.138589 0.015430 -0.056667
v 0.130607 0.045122 -0.086583
v 0.116410 0.072078 -0.116500
v 0.096804 0.095031 -0.146417
v 0.072847 0.112934 -0.176333
v 0.045789 0.125004 -0.206250
v 0.017010 0.130761 -0.236167
v -0.012050 0.130042 -0.266083
v 0.132007 -0.058773 0.063000
v 0.127018 -0.066204 0.033083
v 0.128750 -0.065602 0.063000
v 0.137247 -0.036323 0.003167
v 0.140613 -0.005199 -0.026750
v 0.137071 0.025623 -0.056667
v 0.126918 0.054644 -0.086583
v 0.110769 0.080478 -0.116500
v 0.089521 0.101921 -0.146417
v 0.064307 0.118005 -0.176333
v 0.036432 0.128044 -0.206250
v 0.007307 0.131660 -0.236167
v -0.021621 0.128797 -0.266083
v 0.131561 -0.056643 0.033083
v 0.134902 -0.051784 0.063000
v 0.139555 -0.026087 0.003167
v 0.140613 0.005199 -0.026750
v 0.134804 0.035676 -0.056667
v 0.122536 0.063868 -0.086583
v 0.104523 0.088439 -0.116500
v 0.081750 0.108254 -0.146417
v 0.055417 0.122432 -0.176333
v 0.026876 0.130385 -0.206250
v -0.002437 0.131840 -0.236167
v -0.031074 0.126848 -0.266083
v 0.135385 -0.046772 0.033083
v 0.137428 -0.044653 0.063000
v 0.141101 -0.015710 0.003167
v 0.139845 0.015570 -0.026750
v 0.131801 0.045534 -0.056667
v 0.117484 0.072743 -0.086583
v 0.097706 0.095917 -0.116500
v 0.073532 0.113996 -0.146417
v 0.046223 0.126191 -0.176333
v 0.017173 0.132014 -0.206250
v -0.012167 0.131300 -0.236167
v -0.040357 0.124207 -0.266083
v 0.138469 -0.036646 0.033083
v 0.141342 -0.030043 0.063000
v 0.139576 -0.037399 0.063000
v 0.141876 -0.005246 0.003167
v 0.138313 0.025855 -0.026750
v 0.128078 0.055144 -0.056667
v 0.111791 0.081221 -0.086583
v 0.090355 0.102871 -0.116500
v 0.064912 0.119115 -0.146417
v 0.036778 0.129260 -0.176333
v 0.007377 0.132922 -0.206250
v -0.021830 0.130043 -0.236167
v -0.049420 0.120887 -0.266083
v 0.140797 -0.026320 0.033083
v 0.142721 -0.022605 0.063000
v 0.141876 0.005246 0.003167
v 0.136026 0.035999 -0.026750
v 0.123656 0.064452 -0.056667
v 0.105487 0.089255 -0.086583
v 0.082511 0.109263 -0.116500
v 0.055938 0.123584 -0.146417
v 0.027131 0.131623 -0.176333
v -0.002460 0.133104 -0.206250
v -0.031375 0.128076 -0.236167
v -0.058213 0.116907 -0.266083
v 0.144302 -0.007563 0.063000
v 0.142357 -0.015849 0.033083
v 0.143708 -0.015104 0.063000
v 0.141101 0.015710 0.003167
v 0.132996 0.045947 -0.026750
v 0.118559 0.073408 -0.056667
v 0.098608 0.096802 -0.086583
v 0.074217 0.115058 -0.116500
v 0.046658 0.127377 -0.146417
v 0.017336 0.133267 -0.176333
v -0.012283 0.132559 -0.206250
v -0.040748 0.125409 -0.236167
v -0.066688 0.112289 -0.266083
v 0.143138 -0.005293 0.033083
v 0.144500 0.000000 0.063000
v 0.139555 0.026087 0.003167
v 0.129239 0.055643 -0.026750
v 0.112813 0.081964 -0.056667
v 0.091189 0.103820 -0.086583
v 0.065517 0.120225 -0.116500
v 0.037123 0.130475 -0.146417
v 0.007447 0.134184 -0.176333
v -0.022040 0.131289 -0.206250
v -0.049898 0.122057 -0.236167
v -0.074799 0.107057 -0.266083
v 0.144302 0.007563 0.063000
v 0.143138 0.005293 0.033083
v 0.137247 0.036323 0.003167
v 0.124777 0.065036 -0.026750
v 0.106452 0.090071 -0.056667
v 0.083273 0.110271 -0.086583
v 0.056459 0.124735 -0.116500
v 0.027386 0.132861 -0.146417
v -0.002483 0.134367 -0.176333
v -0.031675 0.129303 -0.206250
v -0.058776 0.118039 -0.236167
v -0.082501 0.101241 -0.266083
v 0.142357 0.015849 0.033083
v 0.142721 0.022605 0.063000
v 0.143708 0.015104 0.063000
v 0.134190 0.046360 0.003167
v 0.119633 0.074074 -0.026750
v 0.099509 0.097687 -0.056667
v 0.074902 0.116120 -0.086583
v 0.047093 0.128564 -0.116500
v 0.017499 0.134520 -0.146417
v -0.012400 0.133817 -0.176333
v -0.041138 0.126611 -0.206250
v -0.067333 0.113376 -0.236167
v -0.089752 0.094871 -0.266083
v 0.140797 0.026320 0.033083
v 0.141342 0.030043 0.063000
v 0.130400 0.056143 0.003167
v 0.113836 0.082707 -0.026750
v 0.092023 0.104770 -0.056667
v 0.066121 0.121334 -0.086583
v 0.037469 0.131691 -0.116500
v 0.007517 0.135445 -0.146417
v -0.022249 0.132536 -0.176333
v -0.050377 0.123227 -0.206250
v -0.075522 0.108093 -0.236167
v -0.096514 0.087984 -0.266083
v 0.138469 0.036646 0.033083
v 0.137428 0.044653 0.063000
v 0.139576 0.037399 0.063000
v 0.125898 0.065620 0.003167
v 0.107417 0.090888 -0.026750
v 0.084034 0.111280 -0.056667
v 0.056980 0.125886 -0.086583
v 0.027641 0.134098 -0.116500
v -0.002507 0.135631 -0.146417
v -0.031976 0.130531 -0.176333
v -0.059340 0.119170 -0.206250
v -0.083299 0.102220 -0.236167
v -0.102748 0.080616 -0.266083
v 0.135385 0.046772 0.033083
v 0.134902 0.051784 0.063000
v 0.120707 0.074739 0.003167
v 0.100411 0.098573 -0.026750
v 0.075587 0.117182 -0.056667
v 0.047527 0.129751 -0.086583
v 0.017662 0.135774 -0.116500
v -0.012517 0.135075 -0.146417
v -0.041529 0.127813 -0.176333
v -0.067979 0.114462 -0.206250
v -0.090621 0.095790 -0.236167
v -0.108421 0.072808 -0.266083
v 0.131561 0.056643 0.033083
v 0.132007 0.058773 0.063000
v 0.114858 0.083449 0.003167
v 0.092857 0.105719 -0.026750
v 0.066726 0.122444 -0.056667
v 0.037815 0.132906 -0.086583
v 0.007587 0.136707 -0.116500
v -0.022458 0.133782 -0.146417
v -0.050855 0.124397 -0.176333
v -0.076246 0.109129 -0.206250
v -0.097448 0.088835 -0.236167
v -0.113502 0.064602 -0.266083
v 0.125141 0.072250 0.063000
v 0.127018 0.066204 0.033083
v 0.128750 0.065602 0.063000
v 0.108382 0.091704 0.003167
v 0.084796 0.112288 -0.026750
v 0.057501 0.127038 -0.056667
v 0.027896 0.135336 -0.086583
v -0.002530 0.136894 -0.116500
v -0.032277 0.131758 -0.146417
v -0.059903 0.120301 -0.176333
v -0.084097 0.103200 -0.206250
v -0.103742 0.081396 -0.236167
v -0.117963 0.056043 -0.266083
v 0.121188 0.078700 0.063000
v 0.121782 0.075404 0.033083
v 0.101313 0.099458 0.003167
v 0.076272 0.118244 -0.026750
v 0.047962 0.130937 -0.056667
v 0.017825 0.137027 -0.086583
v -0.012633 0.136334 -0.116500
v -0.041919 0.129015 -0.146417
v -0.068624 0.115549 -0.176333
v -0.091489 0.096708 -0.206250
v -0.109470 0.073512 -0.236167
v -0.121780 0.047178 -0.266083
v 0.115881 0.084192 0.033083
v 0.112298 0.090937 0.063000
v 0.116903 0.084935 0.063000
v 0.093691 0.106668 0.003167
v 0.067331 0.123554 -0.026750
v 0.038161 0.134122 -0.056667
v 0.007657 0.137969 -0.086583
v -0.022667 0.135028 -0.116500
v -0.051333 0.125566 -0.146417
v -0.076970 0.110165 -0.176333
v -0.098382 0.089687 -0.206250
v -0.114600 0.065227 -0.236167
v -0.124932 0.038055 -0.266083
v 0.109346 0.092520 0.033083
v 0.107384 0.096689 0.063000
v 0.085558 0.113297 0.003167
v 0.058022 0.128189 -0.026750
v 0.028152 0.136574 -0.056667
v -0.002553 0.138158 -0.086583
v -0.032578 0.132985 -0.116500
v -0.060466 0.121432 -0.146417
v -0.084896 0.104180 -0.176333
v -0.104737 0.082176 -0.206250
v -0.119105 0.056585 -0.236167
v -0.127401 0.028725 -0.266083
v 0.096689 0.107384 0.063000
v 0.102215 0.100343 0.033083
v 0.102177 0.102177 0.063000
v 0.076957 0.119306 0.003167
v 0.048397 0.132124 -0.026750
v 0.017988 0.138280 -0.056667
v -0.012750 0.137592 -0.086583
v -0.042310 0.130216 -0.116500
v -0.069269 0.116635 -0.146417
v -0.092358 0.097626 -0.176333
v -0.110519 0.074217 -0.206250
v -0.122958 0.047634 -0.236167
v -0.129174 0.019237 -0.266083
v 0.094525 0.107618 0.033083
v 0.090937 0.112298 0.063000
v 0.067936 0.124663 0.003167
v 0.038507 0.135337 -0.026750
v 0.007727 0.139231 -0.056667
v -0.022876 0.136275 -0.086583
v -0.051811 0.126736 -0.116500
v -0.077694 0.111201 -0.146417
v -0.099316 0.090538 -0.176333
v -0.115699 0.065852 -0.206250
v -0.126140 0.038423 -0.236167
v -0.130242 0.009645 -0.266083
v 0.084935 0.116903 0.063000
v 0.086319 0.114305 0.033083
v 0.058543 0.129340 0.003167
v 0.028407 0.137812 -0.026750
v -0.002577 0.139421 -0.056667
v -0.032878 0.134213 -0.086583
v -0.061029 0.122564 -0.116500
v -0.085694 0.105159 -0.146417
v -0.105731 0.082956 -0.176333
v -0.120246 0.057127 -0.206250
v -0.128634 0.029003 -0.236167
v 0.077642 0.120368 0.033083
v 0.072250 0.125141 0.063000
v 0.078700 0.121188 0.063000
v 0.048831 0.133311 0.003167
v 0.018151 0.139533 -0.026750
v -0.012866 0.138850 -0.056667
v -0.042700 0.131418 -0.086583
v -0.069914 0.117722 -0.116500
v -0.093226 0.098544 -0.146417
v -0.111569 0.074921 -0.176333
v -0.124137 0.048091 -0.206250
v -0.130424 0.019424 -0.236167
v 0.068540 0.125773 0.033083
v 0.065602 0.128750 0.063000
v 0.038853 0.136553 0.003167
v 0.007797 0.140493 -0.026750
v -0.023086 0.137521 -0.056667
v -0.052289 0.127906 -0.086583
v -0.078418 0.112237 -0.116500
v -0.100249 0.091389 -0.146417
v -0.116797 0.066477 -0.176333
v -0.127349 0.038792 -0.206250
v -0.131503 0.009738 -0.236167
v 0.051784 0.134902 0.063000
v 0.059064 0.130491 0.033083
v 0.058773 0.132007 0.063000
v 0.028662 0.139049 0.003167
v -0.002600 0.140685 -0.026750
v -0.033179 0.135440 -0.056667
v -0.061593 0.123695 -0.086583
v -0.086492 0.106139 -0.116500
v -0.106725 0.083736 -0.146417
v -0.121388 0.057670 -0.176333
v -0.129866 0.029281 -0.206250
v 0.044653 0.137428 0.063000
v 0.049266 0.134497 0.033083
v 0.018314 0.140786 0.003167
v -0.012983 0.140109 -0.026750
v -0.043091 0.132620 -0.056667
v -0.070560 0.118808 -0.086583
v -0.094095 0.099462 -0.116500
v -0.112618 0.075626 -0.146417
v -0.125315 0.048547 -0.176333
v -0.131674 0.019610 -0.206250
v 0.037399 0.139576 0.063000
v 0.039198 0.137768 0.033083
v 0.007867 0.141754 0.003167
v -0.023295 0.138767 -0.026750
v -0.052768 0.129076 -0.056667
v -0.079141 0.113273 -0.086583
v -0.101183 0.092241 -0.116500
v -0.117895 0.067102 -0.146417
v -0.128558 0.039160 -0.176333
v -0.132763 0.009832 -0.206250
v 0.028917 0.140287 0.033083
v 0.022605 0.142721 0.063000
v 0.030043 0.141342 0.063000
v -0.002623 0.141948 0.003167
v -0.033480 0.136668 -0.026750
v -0.062156 0.124826 -0.056667
v -0.087291 0.107119 -0.086583
v -0.107719 0.084516 -0.116500
v -0.122529 0.058212 -0.146417
v -0.131099 0.029559 -0.176333
v 0.015104 0.143708 0.063000
v 0.018477 0.142039 0.033083
v -0.013100 0.141367 0.003167
v -0.043481 0.133822 -0.026750
v -0.071205 0.119895 -0.056667
v -0.094963 0.100380 -0.086583
v -0.113667 0.076330 -0.116500
v -0.126493 0.049004 -0.146417
v -0.132924 0.019796 -0.176333
v 0.007563 0.144302 0.063000
v 0.007937 0.143016 0.033083
v 0.000000 0.144500 0.063000
v -0.023504 0.140013 0.003167
v -0.053246 0.130245 -0.026750
v -0.079865 0.114309 -0.056667
v -0.102117 0.093092 -0.086583
v -0.118994 0.067727 -0.116500
v -0.129767 0.039528 -0.146417
v -0.134023 0.009925 -0.176333
v -0.002647 0.143212 0.033083
v -0.007563 0.144302 0.063000
v -0.033780 0.137895 0.003167
v -0.062719 0.125957 -0.026750
v -0.088089 0.108098 -0.056667
v -0.108713 0.085296 -0.086583
v -0.123670 0.058754 -0.116500
v -0.132332 0.029837 -0.146417
v -0.013216 0.142625 0.033083
v -0.015104 0.143708 0.063000
v -0.043872 0.135024 0.003167
v -0.071850 0.120981 -0.026750
v -0.095832 0.101298 -0.056667
v -0.114716 0.077035 -0.086583
v -0.127672 0.049460 -0.116500
v -0.134174 0.019982 -0.146417
v -0.023713 0.141260 0.033083
v -0.030043 0.141342 0.063000
v -0.022605 0.142721 0.063000
v -0.053724 0.131415 0.003167
v -0.080589 0.115345 -0.026750
v -0.103051 0.093944 -0.056667
v -0.120092 0.068352 -0.086583
v -0.130976 0.039896 -0.116500
v -0.135283 0.010018 -0.146417
v -0.034081 0.139123 0.033083
v -0.037399 0.139576 0.063000
v -0.063283 0.127089 0.003167
v -0.088887 0.109078 -0.026750
v -0.109708 0.086076 -0.056667
v -0.124812 0.059296 -0.086583
v -0.133565 0.030115 -0.116500
v -0.044262 0.136226 0.033083
v -0.051784 0.134902 0.063000
v -0.044653 0.137428 0.063000
v -0.072496 0.122068 0.003167
v -0.096700 0.102216 -0.026750
v -0.115765 0.077739 -0.056667
v -0.128850 0.049917 -0.086583
v -0.135424 0.020168 -0.116500
v -0.054202 0.132585 0.033083
v -0.058773 0.132007 0.063000
v -0.081313 0.116381 0.003167
v -0.103985 0.094795 -0.026750
v -0.121190 0.068977 -0.056667
v -0.132185 0.040265 -0.086583
v -0.136544 0.010112 -0.116500
v -0.063846 0.128220 0.033083
v -0.072250 0.125141 0.063000
v -0.065602 0.128750 0.063000
v -0.089686 0.110058 0.003167
v -0.110702 0.086856 -0.026750
v -0.125953 0.059839 -0.056667
v -0.134798 0.030392 -0.086583
v -0.073141 0.123155 0.033083
v -0.078700 0.121188 0.063000
v -0.097569 0.103134 0.003167
v -0.116814 0.078444 -0.026750
v -0.130029 0.050373 -0.056667
v -0.136674 0.020354 -0.086583
v -0.082036 0.117417 0.033083
v -0.084935 0.116903 0.063000
v -0.104919 0.095646 0.003167
v -0.122288 0.069602 -0.026750
v -0.133394 0.040633 -0.056667
v -0.137804 0.010205 -0.086583
v -0.090484 0.111037 0.033083
v -0.096689 0.107384 0.063000
v -0.090937 0.112298 0.063000
v -0.111696 0.087637 0.003167
v -0.127095 0.060381 -0.026750
v -0.136030 0.030670 -0.056667
v -0.098437 0.104052 0.033083
v -0.102177 0.102177 0.063000
v -0.117863 0.079148 0.003167
v -0.131207 0.050830 -0.026750
v -0.137924 0.020540 -0.056667
v -0.105853 0.096498 0.033083
v -0.112298 0.090937 0.063000
v -0.107384 0.096689 0.063000
v -0.123387 0.070228 0.003167
v -0.134603 0.041001 -0.026750
v -0.139064 0.010298 -0.056667
v -0.112690 0.088417 0.033083
v -0.116903 0.084935 0.063000
v -0.128236 0.060923 0.003167
v -0.137263 0.030948 -0.026750
v -0.118912 0.079853 0.033083
v -0.121188 0.078700 0.063000
v -0.132385 0.051286 0.003167
v -0.139174 0.020727 -0.026750
v -0.124485 0.070853 0.033083
v -0.128750 0.065602 0.063000
v -0.125141 0.072250 0.063000
v -0.135812 0.041369 0.003167
v -0.140325 0.010392 -0.026750
v -0.129378 0.061466 0.033083
v -0.132007 0.058773 0.063000
v -0.138496 0.031226 0.003167
v -0.133564 0.051743 0.033083
v -0.137428 0.044653 0.063000
v -0.134902 0.051784 0.063000
v -0.140424 0.020913 0.003167
v -0.137020 0.041738 0.033083
v -0.139576 0.037399 0.063000
v -0.141585 0.010485 0.003167
v -0.139729 0.031504 0.033083
v -0.141342 0.030043 0.063000
v -0.141674 0.021099 0.033083
v -0.143708 0.015104 0.063000
v -0.142721 0.022605 0.063000
v -0.142845 0.010578 0.033083
v -0.104999 0.110458 0.063000
v -0.110458 0.104999 0.063000
v -0.099269 0.115635 0.063000
v -0.115635 0.099269 0.063000
v -0.093285 0.120514 0.063000
v -0.120514 0.093285 0.063000
v -0.087061 0.125084 0.063000
v -0.125084 0.087061 0.063000
v -0.080614 0.129333 0.063000
v -0.129333 0.080614 0.063000
v -0.073960 0.133250 0.063000
v -0.133250 0.073960 0.063000
v -0.067116 0.136825 0.063000
v -0.136825 0.067116 0.063000
v -0.060100 0.140049 0.063000
v -0.140049 0.060100 0.063000
v -0.052929 0.142913 0.063000
v -0.142913 0.052929 0.063000
v -0.045623 0.145411 0.063000
v -0.145411 0.045623 0.063000
v -0.038199 0.147535 0.063000
v -0.147535 0.038199 0.063000
v -0.030678 0.149280 0.063000
v -0.149280 0.030678 0.063000
v -0.150643 0.023078 0.063000
v -0.023078 0.150643 0.063000
v -0.151618 0.015418 0.063000
v -0.015418 0.151618 0.063000
v -0.152204 0.007719 0.063000
v -0.007719 0.152204 0.063000
v -0.152400 0.000000 0.063000
v 0.000000 0.152400 0.063000
v -0.152204 -0.007719 0.063000
v 0.007719 0.152204 0.063000
v -0.151618 -0.015418 0.063000
v 0.015418 0.151618 0.063000
v -0.150643 -0.023078 0.063000
v 0.023078 0.150643 0.063000
v -0.149280 -0.030678 0.063000
v 0.030678 0.149280 0.063000
v -0.147535 -0.038199 0.063000
v 0.038199 0.147535 0.063000
v -0.145411 -0.045623 0.063000
v 0.045623 0.145411 0.063000
v -0.142913 -0.052929 0.063000
v 0.052929 0.142913 0.063000
v -0.140049 -0.060100 0.063000
v 0.060100 0.140049 0.063000
v -0.136825 -0.067116 0.063000
v 0.067116 0.136825 0.063000
v -0.133250 -0.073960 0.063000
v 0.073960 0.133250 0.063000
v 0.080614 0.129333 0.063000
v -0.129333 -0.080614 0.063000
v 0.087061 0.125084 0.063000
v -0.125084 -0.087061 0.063000
v 0.093285 0.120514 0.063000
v -0.120514 -0.093285 0.063000
v 0.099269 0.115635 0.063000
v -0.115635 -0.099269 0.063000
v 0.104999 0.110458 0.063000
v -0.110458 -0.104999 0.063000
v 0.110458 0.104999 0.063000
v -0.104999 -0.110458 0.063000
v 0.115635 0.099269 0.063000
v -0.099269 -0.115635 0.063000
v 0.120514 0.093285 0.063000
v -0.093285 -0.120514 0.063000
v 0.125084 0.087061 0.063000
v -0.087061 -0.125084 0.063000
v 0.129333 0.080614 0.063000
v -0.080614 -0.129333 0.063000
v 0.133250 0.073960 0.063000
v -0.073960 -0.133250 0.063000
v 0.136825 0.067116 0.063000
v -0.067116 -0.136825 0.063000
v 0.140049 0.060100 0.063000
v -0.060100 -0.140049 0.063000
v 0.142913 0.052929 0.063000
v -0.052929 -0.142913 0.063000
v 0.145411 0.045623 0.063000
v -0.045623 -0.145411 0.063000
v 0.147535 0.038199 0.063000
v -0.038199 -0.147535 0.063000
v 0.149280 0.030678 0.063000
v -0.030678 -0.149280 0.063000
v 0.150643 0.023078 0.063000
v -0.023078 -0.150643 0.063000
v 0.151618 0.015418 0.063000
v -0.015418 -0.151618 0.063000
v 0.152204 0.007719 0.063000
v -0.007719 -0.152204 0.063000
v 0.000000 -0.152400 0.063000
v 0.152400 0.000000 0.063000
v 0.152204 -0.007719 0.063000
v 0.007719 -0.152204 0.063000
v 0.151618 -0.015418 0.063000
v 0.015418 -0.151618 0.063000
v 0.150643 -0.023078 0.063000
v 0.023078 -0.150643 0.063000
v 0.149280 -0.030678 0.063000
v 0.030678 -0.149280 0.063000
v 0.147535 -0.038199 0.063000
v 0.038199 -0.147535 0.063000
v 0.045623 -0.145411 0.063000
v 0.145411 -0.045623 0.063000
v 0.142913 -0.052929 0.063000
v 0.052929 -0.142913 0.063000
v 0.140049 -0.060100 0.063000
v 0.060100 -0.140049 0.063000
v 0.136825 -0.067116 0.063000
v 0.067116 -0.136825 0.063000
v 0.133250 -0.073960 0.063000
v 0.073960 -0.133250 0.063000
v 0.080614 -0.129333 0.063000
v 0.129333 -0.080614 0.063000
v 0.087061 -0.125084 0.063000
v 0.125084 -0.087061 0.063000
v 0.093285 -0.120514 0.063000
v 0.120514 -0.093285 0.063000
v 0.099269 -0.115635 0.063000
v 0.115635 -0.099269 0.063000
v 0.110458 -0.104999 0.063000
v 0.104999 -0.110458 0.063000
v -0.152204 0.007719 0.057200
v -0.152400 0.000000 0.057200
v -0.151618 0.015418 0.057200
v -0.150643 0.023078 0.057200
v -0.149280 0.030678 0.057200
v -0.147535 0.038199 0.057200
v -0.145411 0.045623 0.057200
v -0.142913 0.052929 0.057200
v -0.140049 0.060100 0.057200
v -0.136825 0.067116 0.057200
v -0.133250 0.073960 0.057200
v -0.129333 0.080614 0.057200
v -0.125084 0.087061 0.057200
v -0.120514 0.093285 0.057200
v -0.115635 0.099269 0.057200
v -0.110458 0.104999 0.057200
v -0.104999 0.110458 0.057200
v -0.099269 0.115635 0.057200
v -0.093285 0.120514 0.057200
v -0.087061 0.125084 0.057200
v -0.080614 0.129333 0.057200
v -0.073960 0.133250 0.057200
v -0.067116 0.136825 0.057200
v -0.060100 0.140049 0.057200
v -0.052929 0.142913 0.057200
v -0.045623 0.145411 0.057200
v -0.038199 0.147535 0.057200
v -0.030678 0.149280 0.057200
v -0.023078 0.150643 0.057200
v -0.015418 0.151618 0.057200
v -0.007719 0.152204 0.057200
v 0.000000 0.152400 0.057200
v 0.007719 0.152204 0.057200
v 0.015418 0.151618 0.057200
v 0.023078 0.150643 0.057200
v 0.030678 0.149280 0.057200
v 0.038199 0.147535 0.057200
v 0.045623 0.145411 0.057200
v 0.052929 0.142913 0.057200
v 0.060100 0.140049 0.057200
v 0.067116 0.136825 0.057200
v 0.073960 0.133250 0.057200
v 0.080614 0.129333 0.057200
v 0.087061 0.125084 0.057200
v 0.093285 0.120514 0.057200
v 0.099269 0.115635 0.057200
v 0.104999 0.110458 0.057200
v 0.110458 0.104999 0.057200
v 0.115635 0.099269 0.057200
v 0.120514 0.093285 0.057200
v 0.125084 0.087061 0.057200
v 0.129333 0.080614 0.057200
v 0.133250 0.073960 0.057200
v 0.136825 0.067116 0.057200
v 0.140049 0.060100 0.057200
v 0.142913 0.052929 0.057200
v 0.145411 0.045623 0.057200
v 0.147535 0.038199 0.057200
v 0.149280 0.030678 0.057200
v 0.150643 0.023078 0.057200
v 0.151618 0.015418 0.057200
v 0.152204 0.007719 0.057200
v 0.152400 0.000000 0.057200
v 0.152204 -0.007719 0.057200
v 0.151618 -0.015418 0.057200
v 0.150643 -0.023078 0.057200
v 0.149280 -0.030678 0.057200
v 0.147535 -0.038199 0.057200
v 0.145411 -0.045623 0.057200
v 0.142913 -0.052929 0.057200
v 0.140049 -0.060100 0.057200
v 0.136825 -0.067116 0.057200
v 0.133250 -0.073960 0.057200
v 0.129333 -0.080614 0.057200
v 0.125084 -0.087061 0.057200
v 0.120514 -0.093285 0.057200
v 0.115635 -0.099269 0.057200
v 0.110458 -0.104999 0.057200
v 0.104999 -0.110458 0.057200
v 0.099269 -0.115635 0.057200
v 0.093285 -0.120514 0.057200
v 0.087061 -0.125084 0.057200
v 0.080614 -0.129333 0.057200
v 0.073960 -0.133250 0.057200
v 0.067116 -0.136825 0.057200
v 0.060100 -0.140049 0.057200
v 0.052929 -0.142913 0.057200
v 0.045623 -0.145411 0.057200
v 0.038199 -0.147535 0.057200
v 0.030678 -0.149280 0.057200
v 0.023078 -0.150643 0.057200
v 0.015418 -0.151618 0.057200
v 0.007719 -0.152204 0.057200
v 0.000000 -0.152400 0.057200
v -0.007719 -0.152204 0.057200
v -0.015418 -0.151618 0.057200
v -0.023078 -0.150643 0.057200
v -0.030678 -0.149280 0.057200
v -0.038199 -0.147535 0.057200
v -0.045623 -0.145411 0.057200
v -0.052929 -0.142913 0.057200
v -0.060100 -0.140049 0.057200
v -0.067116 -0.136825 0.057200
v -0.073960 -0.133250 0.057200
v -0.080614 -0.129333 0.057200
v -0.087061 -0.125084 0.057200
v -0.093285 -0.120514 0.057200
v -0.099269 -0.115635 0.057200
v -0.104999 -0.110458 0.057200
v -0.110458 -0.104999 0.057200
v -0.115635 -0.099269 0.057200
v -0.120514 -0.093285 0.057200
v -0.125084 -0.087061 0.057200
v -0.129333 -0.080614 0.057200
v -0.133250 -0.073960 0.057200
v -0.136825 -0.067116 0.057200
v -0.140049 -0.060100 0.057200
v -0.142913 -0.052929 0.057200
v -0.145411 -0.045623 0.057200
v -0.147535 -0.038199 0.057200
v -0.149280 -0.030678 0.057200
v -0.150643 -0.023078 0.057200
v -0.151618 -0.015418 0.057200
v -0.152204 -0.007719 0.057200
v -0.105459 -0.102778 0.057200
v -0.100028 -0.108070 0.057200
v -0.110610 -0.097212 0.057200
v -0.094332 -0.113076 0.057200
v -0.115468 -0.091390 0.057200
v -0.088386 -0.117782 0.057200
v -0.120019 -0.085324 0.057200
v -0.082206 -0.122176 0.057200
v -0.124252 -0.079033 0.057200
v -0.075807 -0.126246 0.057200
v -0.128156 -0.072531 0.057200
v -0.069208 -0.129981 0.057200
v -0.131720 -0.065838 0.057200
v -0.062425 -0.133372 0.057200
v -0.134935 -0.058970 0.057200
v -0.055476 -0.136408 0.057200
v -0.137791 -0.051945 0.057200
v -0.048380 -0.139083 0.057200
v -0.140283 -0.044783 0.057200
v -0.041156 -0.141389 0.057200
v -0.142402 -0.037502 0.057200
v -0.033823 -0.143321 0.057200
v -0.144144 -0.030122 0.057200
v -0.026400 -0.144872 0.057200
v -0.145504 -0.022662 0.057200
v -0.018908 -0.146039 0.057200
v -0.146477 -0.015141 0.057200
v -0.011365 -0.146818 0.057200
v -0.147062 -0.007581 0.057200
v -0.003792 -0.147209 0.057200
v -0.147258 0.000000 0.057200
v 0.003792 -0.147209 0.057200
v -0.147062 0.007581 0.057200
v 0.011365 -0.146818 0.057200
v -0.146477 0.015141 0.057200
v 0.018908 -0.146039 0.057200
v -0.145504 0.022662 0.057200
v 0.026400 -0.144872 0.057200
v -0.144144 0.030122 0.057200
v 0.033823 -0.143321 0.057200
v -0.142402 0.037502 0.057200
v 0.041156 -0.141389 0.057200
v -0.140283 0.044783 0.057200
v 0.048380 -0.139083 0.057200
v -0.137791 0.051945 0.057200
v 0.055476 -0.136408 0.057200
v -0.134935 0.058970 0.057200
v 0.062425 -0.133372 0.057200
v -0.131720 0.065838 0.057200
v 0.069208 -0.129981 0.057200
v -0.128156 0.072531 0.057200
v 0.075807 -0.126246 0.057200
v -0.124252 0.079033 0.057200
v 0.082206 -0.122176 0.057200
v -0.120019 0.085324 0.057200
v 0.088386 -0.117782 0.057200
v -0.115468 0.091390 0.057200
v 0.094332 -0.113076 0.057200
v -0.110610 0.097212 0.057200
v 0.100028 -0.108070 0.057200
v -0.105459 0.102778 0.057200
v 0.105459 -0.102778 0.057200
v -0.100028 0.108070 0.057200
v 0.110610 -0.097212 0.057200
v -0.094332 0.113076 0.057200
v 0.115468 -0.091390 0.057200
v -0.088386 0.117782 0.057200
v 0.120019 -0.085324 0.057200
v -0.082206 0.122176 0.057200
v 0.124252 -0.079033 0.057200
v -0.075807 0.126246 0.057200
v 0.128156 -0.072531 0.057200
v -0.069208 0.129981 0.057200
v 0.131720 -0.065838 0.057200
v -0.062425 0.133372 0.057200
v 0.134935 -0.058970 0.057200
v -0.055476 0.136408 0.057200
v 0.137791 -0.051945 0.057200
v -0.048380 0.139083 0.057200
v 0.140283 -0.044783 0.057200
v -0.041156 0.141389 0.057200
v 0.142402 -0.037502 0.057200
v -0.033823 0.143321 0.057200
v 0.144144 -0.030122 0.057200
v -0.026400 0.144872 0.057200
v 0.145504 -0.022662 0.057200
v -0.018908 0.146039 0.057200
v 0.146477 -0.015141 0.057200
v -0.011365 0.146818 0.057200
v 0.147062 -0.007581 0.057200
v -0.003792 0.147209 0.057200
v 0.147258 0.000000 0.057200
v 0.003792 0.147209 0.057200
v 0.011365 0.146818 0.057200
v 0.147062 0.007581 0.057200
v 0.018908 0.146039 0.057200
v 0.146477 0.015141 0.057200
v 0.026400 0.144872 0.057200
v 0.145504 0.022662 0.057200
v 0.033823 0.143321 0.057200
v 0.144144 0.030122 0.057200
v 0.041156 0.141389 0.057200
v 0.142402 0.037502 0.057200
v 0.048380 0.139083 0.057200
v 0.140283 0.044783 0.057200
v 0.055476 0.136408 0.057200
v 0.137791 0.051945 0.057200
v 0.062425 0.133372 0.057200
v 0.134935 0.058970 0.057200
v 0.069208 0.129981 0.057200
v 0.131720 0.065838 0.057200
v 0.075807 0.126246 0.057200
v 0.128156 0.072531 0.057200
v 0.082206 0.122176 0.057200
v 0.124252 0.079033 0.057200
v 0.088386 0.117782 0.057200
v 0.120019 0.085324 0.057200
v 0.094332 0.113076 0.057200
v 0.115468 0.091390 0.057200
v 0.100028 0.108070 0.057200
v 0.110610 0.097212 0.057200
v 0.105459 0.102778 0.057200
v -0.146582 0.000000 0.041200
v -0.146244 0.000000 0.033200
v -0.146050 -0.007528 0.033200
v -0.146920 0.000000 0.049200
v -0.146050 0.007528 0.033200
v -0.146191 -0.010700 0.041200
v -0.145469 -0.015037 0.033200
v -0.146528 -0.010724 0.049200
v -0.145020 -0.021342 0.041200
v -0.144502 -0.022506 0.033200
v -0.143152 -0.029914 0.033200
v -0.145354 -0.021392 0.049200
v -0.143075 -0.031871 0.041200
v -0.141422 -0.037244 0.033200
v -0.143405 -0.031945 0.049200
v -0.140367 -0.042230 0.041200
v -0.139317 -0.044475 0.033200
v -0.140690 -0.042327 0.049200
v -0.136910 -0.052364 0.041200
v -0.136843 -0.051588 0.033200
v -0.134006 -0.058564 0.033200
v -0.137225 -0.052484 0.049200
v -0.132722 -0.062218 0.041200
v -0.130813 -0.065385 0.033200
v -0.133028 -0.062361 0.049200
v -0.127827 -0.071740 0.041200
v -0.127274 -0.072032 0.033200
v -0.123397 -0.078489 0.033200
v -0.128121 -0.071905 0.049200
v -0.122249 -0.080879 0.041200
v -0.119193 -0.084737 0.033200
v -0.122531 -0.081066 0.049200
v -0.116019 -0.089587 0.041200
v -0.114673 -0.090760 0.033200
v -0.116286 -0.089793 0.049200
v -0.109170 -0.097817 0.041200
v -0.109848 -0.096543 0.033200
v -0.104733 -0.102070 0.033200
v -0.109422 -0.098042 0.049200
v -0.101739 -0.105525 0.041200
v -0.099340 -0.107326 0.033200
v -0.101973 -0.105768 0.049200
v -0.093764 -0.112670 0.041200
v -0.093683 -0.112298 0.033200
v -0.087778 -0.116972 0.033200
v -0.093981 -0.112929 0.049200
v -0.085290 -0.119213 0.041200
v -0.081640 -0.121335 0.033200
v -0.085487 -0.119488 0.049200
v -0.076360 -0.125121 0.041200
v -0.075285 -0.125377 0.033200
v -0.068731 -0.129086 0.033200
v -0.076536 -0.125410 0.049200
v -0.067023 -0.130361 0.041200
v -0.061995 -0.132453 0.033200
v -0.067178 -0.130662 0.049200
v -0.057329 -0.134906 0.041200
v -0.055094 -0.135469 0.033200
v -0.057461 -0.135217 0.049200
v -0.047328 -0.138731 0.041200
v -0.048047 -0.138126 0.033200
v -0.040873 -0.140416 0.033200
v -0.047438 -0.139051 0.049200
v -0.037075 -0.141816 0.041200
v -0.033590 -0.142334 0.033200
v -0.037161 -0.142142 0.049200
v -0.026625 -0.144144 0.041200
v -0.026219 -0.143874 0.033200
v -0.018777 -0.145033 0.033200
v -0.026686 -0.144476 0.049200
v -0.016032 -0.145702 0.041200
v -0.011286 -0.145808 0.033200
v -0.016069 -0.146038 0.049200
v -0.005353 -0.146484 0.041200
v -0.003765 -0.146195 0.033200
v -0.005366 -0.146822 0.049200
v 0.005353 -0.146484 0.041200
v 0.003765 -0.146195 0.033200
v 0.011286 -0.145808 0.033200
v 0.005366 -0.146822 0.049200
v 0.016032 -0.145702 0.041200
v 0.018777 -0.145033 0.033200
v 0.016069 -0.146038 0.049200
v 0.026625 -0.144144 0.041200
v 0.026219 -0.143874 0.033200
v 0.033590 -0.142334 0.033200
v 0.026686 -0.144476 0.049200
v 0.037075 -0.141816 0.041200
v 0.040873 -0.140416 0.033200
v 0.037161 -0.142142 0.049200
v 0.047328 -0.138731 0.041200
v 0.048047 -0.138126 0.033200
v 0.055094 -0.135469 0.033200
v 0.047438 -0.139051 0.049200
v 0.057329 -0.134906 0.041200
v 0.061995 -0.132453 0.033200
v 0.057461 -0.135217 0.049200
v 0.067023 -0.130361 0.041200
v 0.068731 -0.129086 0.033200
v 0.067178 -0.130662 0.049200
v 0.076360 -0.125121 0.041200
v 0.075285 -0.125377 0.033200
v 0.081640 -0.121335 0.033200
v 0.076536 -0.125410 0.049200
v 0.085290 -0.119213 0.041200
v 0.087778 -0.116972 0.033200
v 0.085487 -0.119488 0.049200
v 0.093764 -0.112670 0.041200
v 0.093683 -0.112298 0.033200
v 0.099340 -0.107326 0.033200
v 0.093981 -0.112929 0.049200
v 0.101739 -0.105525 0.041200
v 0.104733 -0.102070 0.033200
v 0.101973 -0.105768 0.049200
v 0.109170 -0.097817 0.041200
v 0.109848 -0.096543 0.033200
v 0.114673 -0.090760 0.033200
v 0.109422 -0.098042 0.049200
v 0.116019 -0.089587 0.041200
v 0.119193 -0.084737 0.033200
v 0.116286 -0.089793 0.049200
v 0.122249 -0.080879 0.041200
v 0.123397 -0.078489 0.033200
v 0.122531 -0.081066 0.049200
v 0.127827 -0.071740 0.041200
v 0.127274 -0.072032 0.033200
v 0.130813 -0.065385 0.033200
v 0.128121 -0.071905 0.049200
v 0.132722 -0.062218 0.041200
v 0.134006 -0.058564 0.033200
v 0.133028 -0.062361 0.049200
v 0.136910 -0.052364 0.041200
v 0.136843 -0.051588 0.033200
v 0.139317 -0.044475 0.033200
v 0.137225 -0.052484 0.049200
v 0.140367 -0.042230 0.041200
v 0.141422 -0.037244 0.033200
v 0.140690 -0.042327 0.049200
v 0.143075 -0.031871 0.041200
v 0.143152 -0.029914 0.033200
v 0.143405 -0.031945 0.049200
v 0.145020 -0.021342 0.041200
v 0.144502 -0.022506 0.033200
v 0.145469 -0.015037 0.033200
v 0.145354 -0.021392 0.049200
v 0.146191 -0.010700 0.041200
v 0.146050 -0.007528 0.033200
v 0.146528 -0.010724 0.049200
v 0.146582 0.000000 0.041200
v 0.146244 0.000000 0.033200
v 0.146050 0.007528 0.033200
v 0.146920 0.000000 0.049200
v 0.146191 0.010700 0.041200
v 0.145469 0.015037 0.033200
v 0.146528 0.010724 0.049200
v 0.145020 0.021342 0.041200
v 0.144502 0.022506 0.033200
v 0.143152 0.029914 0.033200
v 0.145354 0.021392 0.049200
v 0.143075 0.031871 0.041200
v 0.141422 0.037244 0.033200
v 0.143405 0.031945 0.049200
v 0.140367 0.042230 0.041200
v 0.139317 0.044475 0.033200
v 0.140690 0.042327 0.049200
v 0.136910 0.052364 0.041200
v 0.136843 0.051588 0.033200
v 0.134006 0.058564 0.033200
v 0.137225 0.052484 0.049200
v 0.132722 0.062218 0.041200
v 0.130813 0.065385 0.033200
v 0.133028 0.062361 0.049200
v 0.127827 0.071740 0.041200
v 0.127274 0.072032 0.033200
v 0.123397 0.078489 0.033200
v 0.128121 0.071905 0.049200
v 0.122249 0.080879 0.041200
v 0.119193 0.084737 0.033200
v 0.122531 0.081066 0.049200
v 0.116019 0.089587 0.041200
v 0.114673 0.090760 0.033200
v 0.116286 0.089793 0.049200
v 0.109170 0.097817 0.041200
v 0.109848 0.096543 0.033200
v 0.104733 0.102070 0.033200
v 0.109422 0.098042 0.049200
v 0.101739 0.105525 0.041200
v 0.099340 0.107326 0.033200
v 0.101973 0.105768 0.049200
v 0.093764 0.112670 0.041200
v 0.093683 0.112298 0.033200
v 0.087778 0.116972 0.033200
v 0.093981 0.112929 0.049200
v 0.085290 0.119213 0.041200
v 0.081640 0.121335 0.033200
v 0.085487 0.119488 0.049200
v 0.076360 0.125121 0.041200
v 0.075285 0.125377 0.033200
v 0.068731 0.129086 0.033200
v 0.076536 0.125410 0.049200
v 0.067023 0.130361 0.041200
v 0.061995 0.132453 0.033200
v 0.067178 0.130662 0.049200
v 0.057329 0.134906 0.041200
v 0.055094 0.135469 0.033200
v 0.057461 0.135217 0.049200
v 0.047328 0.138731 0.041200
v 0.048047 0.138126 0.033200
v 0.040873 0.140416 0.033200
v 0.047438 0.139051 0.049200
v 0.037075 0.141816 0.041200
v 0.033590 0.142334 0.033200
v 0.037161 0.142142 0.049200
v 0.026625 0.144144 0.041200
v 0.026219 0.143874 0.033200
v 0.018777 0.145033 0.033200
v 0.026686 0.144476 0.049200
v 0.016032 0.145702 0.041200
v 0.011286 0.145808 0.033200
v 0.016069 0.146038 0.049200
v 0.005353 0.146484 0.041200
v 0.003765 0.146195 0.033200
v 0.005366 0.146822 0.049200
v -0.005353 0.146484 0.041200
v -0.003765 0.146195 0.033200
v -0.011286 0.145808 0.033200
v -0.005366 0.146822 0.049200
v -0.016032 0.145702 0.041200
v -0.018777 0.145033 0.033200
v -0.016069 0.146038 0.049200
v -0.026625 0.144144 0.041200
v -0.026219 0.143874 0.033200
v -0.033590 0.142334 0.033200
v -0.026686 0.144476 0.049200
v -0.037075 0.141816 0.041200
v -0.040873 0.140416 0.033200
v -0.037161 0.142142 0.049200
v -0.047328 0.138731 0.041200
v -0.048047 0.138126 0.033200
v -0.055094 0.135469 0.033200
v -0.047438 0.139051 0.049200
v -0.057329 0.134906 0.041200
v -0.061995 0.132453 0.033200
v -0.057461 0.135217 0.049200
v -0.067023 0.130361 0.041200
v -0.068731 0.129086 0.033200
v -0.067178 0.130662 0.049200
v -0.076360 0.125121 0.041200
v -0.075285 0.125377 0.033200
v -0.081640 0.121335 0.033200
v -0.076536 0.125410 0.049200
v -0.085290 0.119213 0.041200
v -0.087778 0.116972 0.033200
v -0.085487 0.119488 0.049200
v -0.093764 0.112670 0.041200
v -0.093683 0.112298 0.033200
v -0.099340 0.107326 0.033200
v -0.093981 0.112929 0.049200
v -0.101739 0.105525 0.041200
v -0.104733 0.102070 0.033200
v -0.101973 0.105768 0.049200
v -0.109170 0.097817 0.041200
v -0.109848 0.096543 0.033200
v -0.114673 0.090760 0.033200
v -0.109422 0.098042 0.049200
v -0.116019 0.089587 0.041200
v -0.119193 0.084737 0.033200
v -0.116286 0.089793 0.049200
v -0.122249 0.080879 0.041200
v -0.123397 0.078489 0.033200
v -0.122531 0.081066 0.049200
v -0.127827 0.071740 0.041200
v -0.127274 0.072032 0.033200
v -0.130813 0.065385 0.033200
v -0.128121 0.071905 0.049200
v -0.132722 0.062218 0.041200
v -0.134006 0.058564 0.033200
v -0.133028 0.062361 0.049200
v -0.136910 0.052364 0.041200
v -0.136843 0.051588 0.033200
v -0.139317 0.044475 0.033200
v -0.137225 0.052484 0.049200
v -0.140367 0.042230 0.041200
v -0.141422 0.037244 0.033200
v -0.140690 0.042327 0.049200
v -0.143075 0.031871 0.041200
v -0.143152 0.029914 0.033200
v -0.143405 0.031945 0.049200
v -0.145020 0.021342 0.041200
v -0.144502 0.022506 0.033200
v -0.145469 0.015037 0.033200
v -0.145354 0.021392 0.049200
v -0.146191 0.010700 0.041200
v -0.146528 0.010724 0.049200
v -0.104202 0.109620 0.033200
v -0.109620 0.104202 0.033200
v -0.098516 0.114758 0.033200
v -0.114758 0.098516 0.033200
v -0.092577 0.119600 0.033200
v -0.119600 0.092577 0.033200
v -0.086401 0.124135 0.033200
v -0.124135 0.086401 0.033200
v -0.080003 0.128352 0.033200
v -0.128352 0.080003 0.033200
v -0.073399 0.132240 0.033200
v -0.132240 0.073399 0.033200
v -0.066607 0.135787 0.033200
v -0.135787 0.066607 0.033200
v -0.059644 0.138987 0.033200
v -0.138987 0.059644 0.033200
v -0.052528 0.141829 0.033200
v -0.141829 0.052528 0.033200
v -0.045277 0.144308 0.033200
v -0.144308 0.045277 0.033200
v -0.037910 0.146416 0.033200
v -0.146416 0.037910 0.033200
v -0.030445 0.148148 0.033200
v -0.148148 0.030445 0.033200
v -0.022903 0.149500 0.033200
v -0.149500 0.022903 0.033200
v -0.015301 0.150468 0.033200
v -0.150468 0.015301 0.033200
v -0.007660 0.151050 0.033200
v -0.151050 0.007660 0.033200
v 0.000000 0.151244 0.033200
v -0.151244 0.000000 0.033200
v -0.151050 -0.007660 0.033200
v 0.007660 0.151050 0.033200
v -0.150468 -0.015301 0.033200
v 0.015301 0.150468 0.033200
v -0.149500 -0.022903 0.033200
v 0.022903 0.149500 0.033200
v -0.148148 -0.030445 0.033200
v 0.030445 0.148148 0.033200
v -0.146416 -0.037910 0.033200
v 0.037910 0.146416 0.033200
v -0.144308 -0.045277 0.033200
v 0.045277 0.144308 0.033200
v -0.141829 -0.052528 0.033200
v 0.052528 0.141829 0.033200
v -0.138987 -0.059644 0.033200
v 0.059644 0.138987 0.033200
v -0.135787 -0.066607 0.033200
v 0.066607 0.135787 0.033200
v -0.132240 -0.073399 0.033200
v 0.073399 0.132240 0.033200
v -0.128352 -0.080003 0.033200
v 0.080003 0.128352 0.033200
v -0.124135 -0.086401 0.033200
v 0.086401 0.124135 0.033200
v 0.092577 0.119600 0.033200
v -0.119600 -0.092577 0.033200
v 0.098516 0.114758 0.033200
v -0.114758 -0.098516 0.033200
v 0.104202 0.109620 0.033200
v -0.109620 -0.104202 0.033200
v 0.109620 0.104202 0.033200
v -0.104202 -0.109620 0.033200
v 0.114758 0.098516 0.033200
v -0.098516 -0.114758 0.033200
v 0.119600 0.092577 0.033200
v -0.092577 -0.119600 0.033200
v 0.124135 0.086401 0.033200
v -0.086401 -0.124135 0.033200
v 0.128352 0.080003 0.033200
v -0.080003 -0.128352 0.033200
v 0.132240 0.073399 0.033200
v -0.073399 -0.132240 0.033200
v 0.135787 0.066607 0.033200
v -0.066607 -0.135787 0.033200
v 0.138987 0.059644 0.033200
v -0.059644 -0.138987 0.033200
v 0.141829 0.052528 0.033200
v -0.052528 -0.141829 0.033200
v 0.144308 0.045277 0.033200
v -0.045277 -0.144308 0.033200
v 0.146416 0.037910 0.033200
v -0.037910 -0.146416 0.033200
v 0.148148 0.030445 0.033200
v -0.030445 -0.148148 0.033200
v 0.149500 0.022903 0.033200
v -0.022903 -0.149500 0.033200
v 0.150468 0.015301 0.033200
v -0.015301 -0.150468 0.033200
v 0.151050 0.007660 0.033200
v -0.007660 -0.151050 0.033200
v 0.000000 -0.151244 0.033200
v 0.151244 0.000000 0.033200
v 0.007660 -0.151050 0.033200
v 0.151050 -0.007660 0.033200
v 0.015301 -0.150468 0.033200
v 0.150468 -0.015301 0.033200
v 0.022903 -0.149500 0.033200
v 0.149500 -0.022903 0.033200
v 0.030445 -0.148148 0.033200
v 0.148148 -0.030445 0.033200
v 0.037910 -0.146416 0.033200
v 0.146416 -0.037910 0.033200
v 0.045277 -0.144308 0.033200
v 0.144308 -0.045277 0.033200
v 0.052528 -0.141829 0.033200
v 0.141829 -0.052528 0.033200
v 0.059644 -0.138987 0.033200
v 0.138987 -0.059644 0.033200
v 0.066607 -0.135787 0.033200
v 0.135787 -0.066607 0.033200
v 0.073399 -0.132240 0.033200
v 0.132240 -0.073399 0.033200
v 0.080003 -0.128352 0.033200
v 0.128352 -0.080003 0.033200
v 0.086401 -0.124135 0.033200
v 0.124135 -0.086401 0.033200
v 0.092577 -0.119600 0.033200
v 0.119600 -0.092577 0.033200
v 0.098516 -0.114758 0.033200
v 0.114758 -0.098516 0.033200
v 0.109620 -0.104202 0.033200
v 0.104202 -0.109620 0.033200
v -0.151050 0.007660 0.031200
v -0.151244 0.000000 0.031200
v -0.150468 0.015301 0.031200
v -0.149500 0.022903 0.031200
v -0.148148 0.030445 0.031200
v -0.146416 0.037910 0.031200
v -0.144308 0.045277 0.031200
v -0.141829 0.052528 0.031200
v -0.138987 0.059644 0.031200
v -0.135787 0.066607 0.031200
v -0.132240 0.073399 0.031200
v -0.128352 0.080003 0.031200
v -0.124135 0.086401 0.031200
v -0.119600 0.092577 0.031200
v -0.114758 0.098516 0.031200
v -0.109620 0.104202 0.031200
v -0.104202 0.109620 0.031200
v -0.098516 0.114758 0.031200
v -0.092577 0.119600 0.031200
v -0.086401 0.124135 0.031200
v -0.080003 0.128352 0.031200
v -0.073399 0.132240 0.031200
v -0.066607 0.135787 0.031200
v -0.059644 0.138987 0.031200
v -0.052528 0.141829 0.031200
v -0.045277 0.144308 0.031200
v -0.037910 0.146416 0.031200
v -0.030445 0.148148 0.031200
v -0.022903 0.149500 0.031200
v -0.015301 0.150468 0.031200
v -0.007660 0.151050 0.031200
v 0.000000 0.151244 0.031200
v 0.007660 0.151050 0.031200
v 0.015301 0.150468 0.031200
v 0.022903 0.149500 0.031200
v 0.030445 0.148148 0.031200
v 0.037910 0.146416 0.031200
v 0.045277 0.144308 0.031200
v 0.052528 0.141829 0.031200
v 0.059644 0.138987 0.031200
v 0.066607 0.135787 0.031200
v 0.073399 0.132240 0.031200
v 0.080003 0.128352 0.031200
v 0.086401 0.124135 0.031200
v 0.092577 0.119600 0.031200
v 0.098516 0.114758 0.031200
v 0.104202 0.109620 0.031200
v 0.109620 0.104202 0.031200
v 0.114758 0.098516 0.031200
v 0.119600 0.092577 0.031200
v 0.124135 0.086401 0.031200
v 0.128352 0.080003 0.031200
v 0.132240 0.073399 0.031200
v 0.135787 0.066607 0.031200
v 0.138987 0.059644 0.031200
v 0.141829 0.052528 0.031200
v 0.144308 0.045277 0.031200
v 0.146416 0.037910 0.031200
v 0.148148 0.030445 0.031200
v 0.149500 0.022903 0.031200
v 0.150468 0.015301 0.031200
v 0.151050 0.007660 0.031200
v 0.151244 0.000000 0.031200
v 0.151050 -0.007660 0.031200
v 0.150468 -0.015301 0.031200
v 0.149500 -0.022903 0.031200
v 0.148148 -0.030445 0.031200
v 0.146416 -0.037910 0.031200
v 0.144308 -0.045277 0.031200
v 0.141829 -0.052528 0.031200
v 0.138987 -0.059644 0.031200
v 0.135787 -0.066607 0.031200
v 0.132240 -0.073399 0.031200
v 0.128352 -0.080003 0.031200
v 0.124135 -0.086401 0.031200
v 0.119600 -0.092577 0.031200
v 0.114758 -0.098516 0.031200
v 0.109620 -0.104202 0.031200
v 0.104202 -0.109620 0.031200
v 0.098516 -0.114758 0.031200
v 0.092577 -0.119600 0.031200
v 0.086401 -0.124135 0.031200
v 0.080003 -0.128352 0.031200
v 0.073399 -0.132240 0.031200
v 0.066607 -0.135787 0.031200
v 0.059644 -0.138987 0.031200
v 0.052528 -0.141829 0.031200
v 0.045277 -0.144308 0.031200
v 0.037910 -0.146416 0.031200
v 0.030445 -0.148148 0.031200
v 0.022903 -0.149500 0.031200
v 0.015301 -0.150468 0.031200
v 0.007660 -0.151050 0.031200
v 0.000000 -0.151244 0.031200
v -0.007660 -0.151050 0.031200
v -0.015301 -0.150468 0.031200
v -0.022903 -0.149500 0.031200
v -0.030445 -0.148148 0.031200
v -0.037910 -0.146416 0.031200
v -0.045277 -0.144308 0.031200
v -0.052528 -0.141829 0.031200
v -0.059644 -0.138987 0.031200
v -0.066607 -0.135787 0.031200
v -0.073399 -0.132240 0.031200
v -0.080003 -0.128352 0.031200
v -0.086401 -0.124135 0.031200
v -0.092577 -0.119600 0.031200
v -0.098516 -0.114758 0.031200
v -0.104202 -0.109620 0.031200
v -0.109620 -0.104202 0.031200
v -0.114758 -0.098516 0.031200
v -0.119600 -0.092577 0.031200
v -0.124135 -0.086401 0.031200
v -0.128352 -0.080003 0.031200
v -0.132240 -0.073399 0.031200
v -0.135787 -0.066607 0.031200
v -0.138987 -0.059644 0.031200
v -0.141829 -0.052528 0.031200
v -0.144308 -0.045277 0.031200
v -0.146416 -0.037910 0.031200
v -0.148148 -0.030445 0.031200
v -0.149500 -0.022903 0.031200
v -0.150468 -0.015301 0.031200
v -0.151050 -0.007660 0.031200
v -0.104672 -0.102011 0.031200
v -0.099282 -0.107264 0.031200
v -0.109785 -0.096487 0.031200
v -0.093629 -0.112233 0.031200
v -0.114606 -0.090708 0.031200
v -0.087727 -0.116904 0.031200
v -0.119124 -0.084688 0.031200
v -0.081593 -0.121265 0.031200
v -0.123326 -0.078443 0.031200
v -0.075242 -0.125305 0.031200
v -0.127200 -0.071991 0.031200
v -0.068692 -0.129012 0.031200
v -0.130738 -0.065347 0.031200
v -0.061959 -0.132377 0.031200
v -0.133928 -0.058530 0.031200
v -0.055062 -0.135391 0.031200
v -0.136764 -0.051558 0.031200
v -0.048020 -0.138046 0.031200
v -0.139237 -0.044449 0.031200
v -0.040849 -0.140335 0.031200
v -0.141340 -0.037223 0.031200
v -0.033571 -0.142252 0.031200
v -0.143069 -0.029897 0.031200
v -0.026204 -0.143791 0.031200
v -0.144418 -0.022493 0.031200
v -0.018767 -0.144950 0.031200
v -0.145385 -0.015028 0.031200
v -0.011280 -0.145723 0.031200
v -0.145966 -0.007524 0.031200
v -0.003763 -0.146111 0.031200
v -0.146159 0.000000 0.031200
v 0.003763 -0.146111 0.031200
v -0.145966 0.007524 0.031200
v 0.011280 -0.145723 0.031200
v -0.145385 0.015028 0.031200
v 0.018767 -0.144950 0.031200
v -0.144418 0.022493 0.031200
v 0.026204 -0.143791 0.031200
v -0.143069 0.029897 0.031200
v 0.033571 -0.142252 0.031200
v -0.141340 0.037223 0.031200
v 0.040849 -0.140335 0.031200
v -0.139237 0.044449 0.031200
v 0.048020 -0.138046 0.031200
v -0.136764 0.051558 0.031200
v 0.055062 -0.135391 0.031200
v -0.133928 0.058530 0.031200
v 0.061959 -0.132377 0.031200
v -0.130738 0.065347 0.031200
v 0.068692 -0.129012 0.031200
v -0.127200 0.071991 0.031200
v 0.075242 -0.125305 0.031200
v -0.123326 0.078443 0.031200
v 0.081593 -0.121265 0.031200
v -0.119124 0.084688 0.031200
v 0.087727 -0.116904 0.031200
v -0.114606 0.090708 0.031200
v 0.093629 -0.112233 0.031200
v -0.109785 0.096487 0.031200
v 0.099282 -0.107264 0.031200
v -0.104672 0.102011 0.031200
v 0.104672 -0.102011 0.031200
v -0.099282 0.107264 0.031200
v 0.109785 -0.096487 0.031200
v -0.093629 0.112233 0.031200
v 0.114606 -0.090708 0.031200
v -0.087727 0.116904 0.031200
v 0.119124 -0.084688 0.031200
v -0.081593 0.121265 0.031200
v 0.123326 -0.078443 0.031200
v -0.075242 0.125305 0.031200
v 0.127200 -0.071991 0.031200
v -0.068692 0.129012 0.031200
v 0.130738 -0.065347 0.031200
v -0.061959 0.132377 0.031200
v 0.133928 -0.058530 0.031200
v -0.055062 0.135391 0.031200
v 0.136764 -0.051558 0.031200
v -0.048020 0.138046 0.031200
v 0.139237 -0.044449 0.031200
v -0.040849 0.140335 0.031200
v 0.141340 -0.037223 0.031200
v -0.033571 0.142252 0.031200
v 0.143069 -0.029897 0.031200
v -0.026204 0.143791 0.031200
v 0.144418 -0.022493 0.031200
v -0.018767 0.144950 0.031200
v 0.145385 -0.015028 0.031200
v -0.011280 0.145723 0.031200
v 0.145966 -0.007524 0.031200
v -0.003763 0.146111 0.031200
v 0.146159 0.000000 0.031200
v 0.003763 0.146111 0.031200
v 0.011280 0.145723 0.031200
v 0.145966 0.007524 0.031200
v 0.018767 0.144950 0.031200
v 0.145385 0.015028 0.031200
v 0.026204 0.143791 0.031200
v 0.144418 0.022493 0.031200
v 0.033571 0.142252 0.031200
v 0.143069 0.029897 0.031200
v 0.040849 0.140335 0.031200
v 0.141340 0.037223 0.031200
v 0.048020 0.138046 0.031200
v 0.139237 0.044449 0.031200
v 0.055062 0.135391 0.031200
v 0.136764 0.051558 0.031200
v 0.061959 0.132377 0.031200
v 0.133928 0.058530 0.031200
v 0.068692 0.129012 0.031200
v 0.130738 0.065347 0.031200
v 0.075242 0.125305 0.031200
v 0.127200 0.071991 0.031200
v 0.081593 0.121265 0.031200
v 0.123326 0.078443 0.031200
v 0.087727 0.116904 0.031200
v 0.119124 0.084688 0.031200
v 0.093629 0.112233 0.031200
v 0.114606 0.090708 0.031200
v 0.099282 0.107264 0.031200
v 0.109785 0.096487 0.031200
v 0.104672 0.102011 0.031200
v -0.145811 0.000000 0.022950
v -0.145462 0.000000 0.014700
v -0.145263 -0.007613 0.014700
v -0.145263 0.007613 0.014700
v -0.145413 -0.010769 0.022950
v -0.144666 -0.015205 0.014700
v -0.144220 -0.021478 0.022950
v -0.143672 -0.022755 0.014700
v -0.142284 -0.030243 0.014700
v -0.142240 -0.032071 0.022950
v -0.140506 -0.037648 0.014700
v -0.139483 -0.042488 0.022950
v -0.138343 -0.044950 0.014700
v -0.135965 -0.052673 0.022950
v -0.135801 -0.052129 0.014700
v -0.132887 -0.059165 0.014700
v -0.131703 -0.062570 0.022950
v -0.129608 -0.066039 0.014700
v -0.126723 -0.072126 0.022950
v -0.125974 -0.072731 0.014700
v -0.121995 -0.079225 0.014700
v -0.121050 -0.081288 0.022950
v -0.117682 -0.085501 0.014700
v -0.114716 -0.090006 0.022950
v -0.113046 -0.091542 0.014700
v -0.107756 -0.098232 0.022950
v -0.108100 -0.097333 0.014700
v -0.102857 -0.102857 0.014700
v -0.100207 -0.105922 0.022950
v -0.097333 -0.108100 0.014700
v -0.092110 -0.113033 0.022950
v -0.091542 -0.113046 0.014700
v -0.085501 -0.117682 0.014700
v -0.083511 -0.119527 0.022950
v -0.079225 -0.121995 0.014700
v -0.074456 -0.125368 0.022950
v -0.072731 -0.125974 0.014700
v -0.064994 -0.130525 0.022950
v -0.066039 -0.129608 0.014700
v -0.059165 -0.132887 0.014700
v -0.055176 -0.134968 0.022950
v -0.052129 -0.135801 0.014700
v -0.045058 -0.138674 0.022950
v -0.044950 -0.138343 0.014700
v -0.037648 -0.140506 0.014700
v -0.034694 -0.141623 0.022950
v -0.030243 -0.142284 0.014700
v -0.024140 -0.143799 0.022950
v -0.022755 -0.143672 0.014700
v -0.015205 -0.144666 0.014700
v -0.013454 -0.145189 0.022950
v -0.007613 -0.145263 0.014700
v -0.002694 -0.145786 0.022950
v 0.000000 -0.145462 0.014700
v 0.008080 -0.145587 0.022950
v 0.007613 -0.145263 0.014700
v 0.015205 -0.144666 0.014700
v 0.018809 -0.144593 0.022950
v 0.022755 -0.143672 0.014700
v 0.029437 -0.142809 0.022950
v 0.030243 -0.142284 0.014700
v 0.037648 -0.140506 0.014700
v 0.039903 -0.140245 0.022950
v 0.044950 -0.138343 0.014700
v 0.050152 -0.136915 0.022950
v 0.052129 -0.135801 0.014700
v 0.060126 -0.132837 0.022950
v 0.059165 -0.132887 0.014700
v 0.066039 -0.129608 0.014700
v 0.069772 -0.128034 0.022950
v 0.072731 -0.125974 0.014700
v 0.079037 -0.122531 0.022950
v 0.079225 -0.121995 0.014700
v 0.085501 -0.117682 0.014700
v 0.087871 -0.116360 0.022950
v 0.091542 -0.113046 0.014700
v 0.096224 -0.109552 0.022950
v 0.097333 -0.108100 0.014700
v 0.104052 -0.102147 0.022950
v 0.102857 -0.102857 0.014700
v 0.108100 -0.097333 0.014700
v 0.111312 -0.094183 0.022950
v 0.113046 -0.091542 0.014700
v 0.117963 -0.085705 0.022950
v 0.117682 -0.085501 0.014700
v 0.121995 -0.079225 0.014700
v 0.123971 -0.076760 0.022950
v 0.125974 -0.072731 0.014700
v 0.129301 -0.067394 0.022950
v 0.129608 -0.066039 0.014700
v 0.132887 -0.059165 0.014700
v 0.133925 -0.057661 0.022950
v 0.135801 -0.052129 0.014700
v 0.137818 -0.047613 0.022950
v 0.138343 -0.044950 0.014700
v 0.140958 -0.037305 0.022950
v 0.140506 -0.037648 0.014700
v 0.142284 -0.030243 0.014700
v 0.143328 -0.026793 0.022950
v 0.143672 -0.022755 0.014700
v 0.144915 -0.016134 0.022950
v 0.144666 -0.015205 0.014700
v 0.145263 -0.007613 0.014700
v 0.145711 -0.005388 0.022950
v 0.145462 0.000000 0.014700
v 0.145711 0.005388 0.022950
v 0.145263 0.007613 0.014700
v 0.144915 0.016134 0.022950
v 0.144666 0.015205 0.014700
v 0.143672 0.022755 0.014700
v 0.143328 0.026793 0.022950
v 0.142284 0.030243 0.014700
v 0.140958 0.037305 0.022950
v 0.140506 0.037648 0.014700
v 0.138343 0.044950 0.014700
v 0.137818 0.047613 0.022950
v 0.135801 0.052129 0.014700
v 0.133925 0.057661 0.022950
v 0.132887 0.059165 0.014700
v 0.129301 0.067394 0.022950
v 0.129608 0.066039 0.014700
v 0.125974 0.072731 0.014700
v 0.123971 0.076760 0.022950
v 0.121995 0.079225 0.014700
v 0.117963 0.085705 0.022950
v 0.117682 0.085501 0.014700
v 0.113046 0.091542 0.014700
v 0.111312 0.094183 0.022950
v 0.108100 0.097333 0.014700
v 0.104052 0.102147 0.022950
v 0.102857 0.102857 0.014700
v 0.097333 0.108100 0.014700
v 0.096224 0.109552 0.022950
v 0.091542 0.113046 0.014700
v 0.087871 0.116360 0.022950
v 0.085501 0.117682 0.014700
v 0.079037 0.122531 0.022950
v 0.079225 0.121995 0.014700
v 0.072731 0.125974 0.014700
v 0.069772 0.128034 0.022950
v 0.066039 0.129608 0.014700
v 0.060126 0.132837 0.022950
v 0.059165 0.132887 0.014700
v 0.052129 0.135801 0.014700
v 0.050152 0.136915 0.022950
v 0.044950 0.138343 0.014700
v 0.039903 0.140245 0.022950
v 0.037648 0.140506 0.014700
v 0.029437 0.142809 0.022950
v 0.030243 0.142284 0.014700
v 0.022755 0.143672 0.014700
v 0.018809 0.144593 0.022950
v 0.015205 0.144666 0.014700
v 0.008080 0.145587 0.022950
v 0.007613 0.145263 0.014700
v 0.000000 0.145462 0.014700
v -0.002694 0.145786 0.022950
v -0.007613 0.145263 0.014700
v -0.013454 0.145189 0.022950
v -0.015205 0.144666 0.014700
v -0.024140 0.143799 0.022950
v -0.022755 0.143672 0.014700
v -0.030243 0.142284 0.014700
v -0.034694 0.141623 0.022950
v -0.037648 0.140506 0.014700
v -0.045058 0.138674 0.022950
v -0.044950 0.138343 0.014700
v -0.052129 0.135801 0.014700
v -0.055176 0.134968 0.022950
v -0.059165 0.132887 0.014700
v -0.064994 0.130525 0.022950
v -0.066039 0.129608 0.014700
v -0.072731 0.125974 0.014700
v -0.074456 0.125368 0.022950
v -0.079225 0.121995 0.014700
v -0.083511 0.119527 0.022950
v -0.085501 0.117682 0.014700
v -0.092110 0.113033 0.022950
v -0.091542 0.113046 0.014700
v -0.097333 0.108100 0.014700
v -0.100207 0.105922 0.022950
v -0.102857 0.102857 0.014700
v -0.107756 0.098232 0.022950
v -0.108100 0.097333 0.014700
v -0.113046 0.091542 0.014700
v -0.114716 0.090006 0.022950
v -0.117682 0.085501 0.014700
v -0.121050 0.081288 0.022950
v -0.121995 0.079225 0.014700
v -0.126723 0.072126 0.022950
v -0.125974 0.072731 0.014700
v -0.129608 0.066039 0.014700
v -0.131703 0.062570 0.022950
v -0.132887 0.059165 0.014700
v -0.135965 0.052673 0.022950
v -0.135801 0.052129 0.014700
v -0.138343 0.044950 0.014700
v -0.139483 0.042488 0.022950
v -0.140506 0.037648 0.014700
v -0.142240 0.032071 0.022950
v -0.142284 0.030243 0.014700
v -0.144220 0.021478 0.022950
v -0.143672 0.022755 0.014700
v -0.144666 0.015205 0.014700
v -0.145413 0.010769 0.022950
v -0.102205 0.110422 0.014700
v -0.107754 0.105014 0.014700
v -0.096385 0.115537 0.014700
v -0.113017 0.099328 0.014700
v -0.090310 0.120346 0.014700
v -0.117981 0.093378 0.014700
v -0.083995 0.124835 0.014700
v -0.122631 0.087181 0.014700
v -0.077457 0.128994 0.014700
v -0.126956 0.080753 0.014700
v -0.070714 0.132810 0.014700
v -0.130945 0.074110 0.014700
v -0.063783 0.136274 0.014700
v -0.134587 0.067271 0.014700
v -0.056683 0.139377 0.014700
v -0.137871 0.060253 0.014700
v -0.049433 0.142110 0.014700
v -0.140790 0.053076 0.014700
v -0.042052 0.144466 0.014700
v -0.143336 0.045758 0.014700
v -0.034559 0.146440 0.014700
v -0.145501 0.038318 0.014700
v -0.026975 0.148025 0.014700
v -0.147281 0.030777 0.014700
v -0.019319 0.149217 0.014700
v -0.148670 0.023155 0.014700
v -0.011612 0.150014 0.014700
v -0.149665 0.015471 0.014700
v -0.150263 0.007746 0.014700
v -0.003874 0.150413 0.014700
v -0.150462 0.000000 0.014700
v 0.003874 0.150413 0.014700
v -0.150263 -0.007746 0.014700
v 0.011612 0.150014 0.014700
v -0.149665 -0.015471 0.014700
v 0.019319 0.149217 0.014700
v -0.148670 -0.023155 0.014700
v 0.026975 0.148025 0.014700
v -0.147281 -0.030777 0.014700
v 0.034559 0.146440 0.014700
v -0.145501 -0.038318 0.014700
v 0.042052 0.144466 0.014700
v -0.143336 -0.045758 0.014700
v 0.049433 0.142110 0.014700
v -0.140790 -0.053076 0.014700
v 0.056683 0.139377 0.014700
v -0.137871 -0.060253 0.014700
v 0.063783 0.136274 0.014700
v -0.134587 -0.067271 0.014700
v 0.070714 0.132810 0.014700
v -0.130945 -0.074110 0.014700
v 0.077457 0.128994 0.014700
v -0.126956 -0.080753 0.014700
v 0.083995 0.124835 0.014700
v -0.122631 -0.087181 0.014700
v 0.090310 0.120346 0.014700
v -0.117981 -0.093378 0.014700
v 0.096385 0.115537 0.014700
v -0.113017 -0.099328 0.014700
v 0.102205 0.110422 0.014700
v -0.107754 -0.105014 0.014700
v 0.107754 0.105014 0.014700
v -0.102205 -0.110422 0.014700
v 0.113017 0.099328 0.014700
v -0.096385 -0.115537 0.014700
v 0.117981 0.093378 0.014700
v -0.090310 -0.120346 0.014700
v 0.122631 0.087181 0.014700
v -0.083995 -0.124835 0.014700
v 0.126956 0.080753 0.014700
v -0.077457 -0.128994 0.014700
v 0.130945 0.074110 0.014700
v -0.070714 -0.132810 0.014700
v 0.134587 0.067271 0.014700
v -0.063783 -0.136274 0.014700
v 0.137871 0.060253 0.014700
v -0.056683 -0.139377 0.014700
v 0.140790 0.053076 0.014700
v -0.049433 -0.142110 0.014700
v 0.143336 0.045758 0.014700
v -0.042052 -0.144466 0.014700
v 0.145501 0.038318 0.014700
v -0.034559 -0.146440 0.014700
v 0.147281 0.030777 0.014700
v -0.026975 -0.148025 0.014700
v 0.148670 0.023155 0.014700
v -0.019319 -0.149217 0.014700
v 0.149665 0.015471 0.014700
v -0.011612 -0.150014 0.014700
v 0.150263 0.007746 0.014700
v -0.003874 -0.150413 0.014700
v 0.150462 0.000000 0.014700
v 0.003874 -0.150413 0.014700
v 0.150263 -0.007746 0.014700
v 0.011612 -0.150014 0.014700
v 0.149665 -0.015471 0.014700
v 0.019319 -0.149217 0.014700
v 0.148670 -0.023155 0.014700
v 0.026975 -0.148025 0.014700
v 0.147281 -0.030777 0.014700
v 0.034559 -0.146440 0.014700
v 0.145501 -0.038318 0.014700
v 0.042052 -0.144466 0.014700
v 0.143336 -0.045758 0.014700
v 0.049433 -0.142110 0.014700
v 0.140790 -0.053076 0.014700
v 0.056683 -0.139377 0.014700
v 0.137871 -0.060253 0.014700
v 0.063783 -0.136274 0.014700
v 0.134587 -0.067271 0.014700
v 0.070714 -0.132810 0.014700
v 0.130945 -0.074110 0.014700
v 0.077457 -0.128994 0.014700
v 0.126956 -0.080753 0.014700
v 0.083995 -0.124835 0.014700
v 0.122631 -0.087181 0.014700
v 0.090310 -0.120346 0.014700
v 0.117981 -0.093378 0.014700
v 0.096385 -0.115537 0.014700
v 0.113017 -0.099328 0.014700
v 0.102205 -0.110422 0.014700
v 0.107754 -0.105014 0.014700
v 0.148760 -0.022571 0.012700
v 0.147424 -0.030084 0.012700
v 0.145709 -0.037520 0.012700
v 0.143620 -0.044859 0.012700
v 0.141160 -0.052083 0.012700
v 0.138338 -0.059173 0.012700
v 0.135160 -0.066111 0.012700
v 0.131635 -0.072878 0.012700
v 0.127770 -0.079459 0.012700
v 0.123578 -0.085834 0.012700
v 0.119067 -0.091989 0.012700
v 0.114250 -0.097908 0.012700
v 0.109139 -0.103574 0.012700
v 0.103747 -0.108975 0.012700
v 0.098089 -0.114094 0.012700
v 0.092178 -0.118921 0.012700
v 0.086030 -0.123441 0.012700
v 0.079661 -0.127644 0.012700
v 0.073087 -0.131519 0.012700
v 0.066325 -0.135055 0.012700
v 0.059392 -0.138244 0.012700
v 0.052307 -0.141078 0.012700
v 0.045087 -0.143548 0.012700
v 0.037751 -0.145650 0.012700
v 0.030318 -0.147376 0.012700
v 0.022807 -0.148724 0.012700
v 0.015237 -0.149689 0.012700
v 0.007628 -0.150269 0.012700
v 0.000000 -0.150462 0.012700
v -0.007628 -0.150269 0.012700
v -0.015237 -0.149689 0.012700
v -0.022807 -0.148724 0.012700
v -0.030318 -0.147376 0.012700
v -0.037751 -0.145650 0.012700
v -0.045087 -0.143548 0.012700
v -0.052307 -0.141078 0.012700
v -0.059392 -0.138244 0.012700
v -0.066325 -0.135055 0.012700
v -0.073087 -0.131519 0.012700
v -0.079661 -0.127644 0.012700
v -0.086030 -0.123441 0.012700
v -0.092178 -0.118921 0.012700
v -0.098089 -0.114094 0.012700
v -0.103747 -0.108975 0.012700
v -0.109139 -0.103574 0.012700
v -0.114250 -0.097908 0.012700
v -0.119067 -0.091989 0.012700
v -0.123578 -0.085834 0.012700
v -0.127770 -0.079459 0.012700
v -0.131635 -0.072878 0.012700
v -0.135160 -0.066111 0.012700
v -0.138338 -0.059173 0.012700
v -0.141160 -0.052083 0.012700
v -0.143620 -0.044859 0.012700
v -0.145709 -0.037520 0.012700
v -0.147424 -0.030084 0.012700
v -0.148760 -0.022571 0.012700
v 0.142448 0.025441 -0.003300
v 0.142600 0.022497 -0.011300
v 0.141227 0.029933 -0.011300
v 0.142781 0.025500 0.004700
v 0.140200 0.035815 -0.003300
v 0.139466 0.037286 -0.011300
v 0.140527 0.035898 0.004700
v 0.137197 0.045996 -0.003300
v 0.137322 0.044537 -0.011300
v 0.134802 0.051666 -0.011300
v 0.137518 0.046103 0.004700
v 0.133456 0.055930 -0.003300
v 0.131912 0.058653 -0.011300
v 0.133768 0.056060 0.004700
v 0.128997 0.065562 -0.003300
v 0.128660 0.065479 -0.011300
v 0.125055 0.072126 -0.011300
v 0.129298 0.065715 0.004700
v 0.123844 0.074842 -0.003300
v 0.121107 0.078575 -0.011300
v 0.124133 0.075017 0.004700
v 0.118025 0.083719 -0.003300
v 0.116827 0.084808 -0.011300
v 0.118300 0.083915 0.004700
v 0.111570 0.092146 -0.003300
v 0.112227 0.090809 -0.011300
v 0.107318 0.096560 -0.011300
v 0.111830 0.092361 0.004700
v 0.104515 0.100077 -0.003300
v 0.102115 0.102047 -0.011300
v 0.104759 0.100310 0.004700
v 0.096897 0.107469 -0.003300
v 0.096632 0.107253 -0.011300
v 0.090884 0.112166 -0.011300
v 0.097124 0.107720 0.004700
v 0.088759 0.114283 -0.003300
v 0.084887 0.116770 -0.011300
v 0.088966 0.114550 0.004700
v 0.080142 0.120482 -0.003300
v 0.078656 0.121055 -0.011300
v 0.080329 0.120763 0.004700
v 0.071095 0.126033 -0.003300
v 0.072210 0.125007 -0.011300
v 0.065566 0.128616 -0.011300
v 0.071261 0.126327 0.004700
v 0.061664 0.130905 -0.003300
v 0.058742 0.131873 -0.011300
v 0.061808 0.131211 0.004700
v 0.051902 0.135073 -0.003300
v 0.051757 0.134767 -0.011300
v 0.044629 0.137292 -0.011300
v 0.052024 0.135389 0.004700
v 0.041861 0.138515 -0.003300
v 0.037380 0.139441 -0.011300
v 0.041959 0.138838 0.004700
v 0.031595 0.141211 -0.003300
v 0.030028 0.141207 -0.011300
v 0.031668 0.141541 0.004700
v 0.021158 0.143147 -0.003300
v 0.022593 0.142585 -0.011300
v 0.015097 0.143573 -0.011300
v 0.021207 0.143481 0.004700
v 0.010608 0.144313 -0.003300
v 0.007559 0.144166 -0.011300
v 0.010632 0.144650 0.004700
v 0.000000 0.144702 -0.003300
v 0.000000 0.144364 -0.011300
v -0.007559 0.144166 -0.011300
v 0.000000 0.145040 0.004700
v -0.010608 0.144313 -0.003300
v -0.015097 0.143573 -0.011300
v -0.010632 0.144650 0.004700
v -0.021158 0.143147 -0.003300
v -0.022593 0.142585 -0.011300
v -0.030028 0.141207 -0.011300
v -0.021207 0.143481 0.004700
v -0.031595 0.141211 -0.003300
v -0.037380 0.139441 -0.011300
v -0.031668 0.141541 0.004700
v -0.041861 0.138515 -0.003300
v -0.044629 0.137292 -0.011300
v -0.041959 0.138838 0.004700
v -0.051902 0.135073 -0.003300
v -0.051757 0.134767 -0.011300
v -0.058742 0.131873 -0.011300
v -0.052024 0.135389 0.004700
v -0.061664 0.130905 -0.003300
v -0.065566 0.128616 -0.011300
v -0.061808 0.131211 0.004700
v -0.071095 0.126033 -0.003300
v -0.072210 0.125007 -0.011300
v -0.078656 0.121055 -0.011300
v -0.071261 0.126327 0.004700
v -0.080142 0.120482 -0.003300
v -0.084887 0.116770 -0.011300
v -0.080329 0.120763 0.004700
v -0.088759 0.114283 -0.003300
v -0.090884 0.112166 -0.011300
v -0.088966 0.114550 0.004700
v -0.096897 0.107469 -0.003300
v -0.096632 0.107253 -0.011300
v -0.102115 0.102047 -0.011300
v -0.097124 0.107720 0.004700
v -0.104515 0.100077 -0.003300
v -0.107318 0.096560 -0.011300
v -0.104759 0.100310 0.004700
v -0.111570 0.092146 -0.003300
v -0.112227 0.090809 -0.011300
v -0.116827 0.084808 -0.011300
v -0.111830 0.092361 0.004700
v -0.118025 0.083719 -0.003300
v -0.121107 0.078575 -0.011300
v -0.118300 0.083915 0.004700
v -0.123844 0.074842 -0.003300
v -0.125055 0.072126 -0.011300
v -0.124133 0.075017 0.004700
v -0.128997 0.065562 -0.003300
v -0.128660 0.065479 -0.011300
v -0.131912 0.058653 -0.011300
v -0.129298 0.065715 0.004700
v -0.133456 0.055930 -0.003300
v -0.134802 0.051666 -0.011300
v -0.133768 0.056060 0.004700
v -0.137197 0.045996 -0.003300
v -0.137322 0.044537 -0.011300
v -0.139466 0.037286 -0.011300
v -0.137518 0.046103 0.004700
v -0.140200 0.035815 -0.003300
v -0.141227 0.029933 -0.011300
v -0.140527 0.035898 0.004700
v -0.142448 0.025441 -0.003300
v -0.142600 0.022497 -0.011300
v -0.142781 0.025500 0.004700
v -0.101593 0.109492 -0.011300
v -0.107104 0.104108 -0.011300
v -0.095812 0.114585 -0.011300
v -0.112329 0.098447 -0.011300
v -0.089777 0.119373 -0.011300
v -0.117256 0.092524 -0.011300
v -0.083502 0.123843 -0.011300
v -0.121871 0.086354 -0.011300
v -0.077005 0.127984 -0.011300
v -0.126162 0.079955 -0.011300
v -0.070303 0.131784 -0.011300
v -0.130117 0.073344 -0.011300
v -0.063415 0.135234 -0.011300
v -0.133725 0.066537 -0.011300
v -0.056357 0.138324 -0.011300
v -0.136978 0.059553 -0.011300
v -0.049150 0.141046 -0.011300
v -0.139867 0.052411 -0.011300
v -0.041812 0.143393 -0.011300
v -0.142383 0.045129 -0.011300
v -0.034362 0.145358 -0.011300
v -0.144521 0.037727 -0.011300
v -0.026822 0.146936 -0.011300
v -0.146274 0.030225 -0.011300
v -0.019209 0.148124 -0.011300
v -0.147638 0.022643 -0.011300
v -0.011546 0.148917 -0.011300
v -0.003852 0.149314 -0.011300
v 0.003852 0.149314 -0.011300
v 0.011546 0.148917 -0.011300
v 0.019209 0.148124 -0.011300
v 0.026822 0.146936 -0.011300
v 0.034362 0.145358 -0.011300
v 0.041812 0.143393 -0.011300
v 0.049150 0.141046 -0.011300
v 0.056357 0.138324 -0.011300
v 0.063415 0.135234 -0.011300
v 0.070303 0.131784 -0.011300
v 0.077005 0.127984 -0.011300
v 0.083502 0.123843 -0.011300
v 0.089777 0.119373 -0.011300
v 0.095812 0.114585 -0.011300
v 0.101593 0.109492 -0.011300
v 0.107104 0.104108 -0.011300
v 0.112329 0.098447 -0.011300
v 0.117256 0.092524 -0.011300
v 0.121871 0.086354 -0.011300
v 0.126162 0.079955 -0.011300
v 0.130117 0.073344 -0.011300
v 0.133725 0.066537 -0.011300
v 0.136978 0.059553 -0.011300
v 0.139867 0.052411 -0.011300
v 0.142383 0.045129 -0.011300
v 0.144521 0.037727 -0.011300
v 0.146274 0.030225 -0.011300
v 0.147638 0.022643 -0.011300
v -0.149364 0.000000 -0.013300
v -0.149166 0.007689 -0.013300
v -0.148572 0.015358 -0.013300
v -0.147585 0.022986 -0.013300
v -0.146206 0.030553 -0.013300
v -0.144439 0.038039 -0.013300
v -0.142290 0.045424 -0.013300
v -0.139763 0.052689 -0.013300
v -0.136865 0.059813 -0.013300
v -0.133604 0.066780 -0.013300
v -0.129989 0.073569 -0.013300
v -0.126030 0.080163 -0.013300
v -0.121736 0.086545 -0.013300
v -0.117119 0.092697 -0.013300
v -0.112192 0.098603 -0.013300
v -0.106967 0.104248 -0.013300
v -0.101459 0.109616 -0.013300
v -0.095682 0.114694 -0.013300
v -0.089650 0.119467 -0.013300
v -0.083382 0.123924 -0.013300
v -0.076892 0.128052 -0.013300
v -0.070198 0.131841 -0.013300
v -0.063318 0.135279 -0.013300
v -0.056270 0.138360 -0.013300
v -0.049072 0.141073 -0.013300
v -0.041745 0.143412 -0.013300
v -0.034307 0.145371 -0.013300
v -0.026778 0.146944 -0.013300
v -0.019178 0.148128 -0.013300
v -0.011527 0.148919 -0.013300
v -0.003846 0.149315 -0.013300
v 0.003846 0.149315 -0.013300
v 0.011527 0.148919 -0.013300
v 0.019178 0.148128 -0.013300
v 0.026778 0.146944 -0.013300
v 0.034307 0.145371 -0.013300
v 0.041745 0.143412 -0.013300
v 0.049072 0.141073 -0.013300
v 0.056270 0.138360 -0.013300
v 0.063318 0.135279 -0.013300
v 0.070198 0.131841 -0.013300
v 0.076892 0.128052 -0.013300
v 0.083382 0.123924 -0.013300
v 0.089650 0.119467 -0.013300
v 0.095682 0.114694 -0.013300
v 0.101459 0.109616 -0.013300
v 0.106967 0.104248 -0.013300
v 0.112192 0.098603 -0.013300
v 0.117119 0.092697 -0.013300
v 0.121736 0.086545 -0.013300
v 0.126030 0.080163 -0.013300
v 0.129989 0.073569 -0.013300
v 0.133604 0.066780 -0.013300
v 0.136865 0.059813 -0.013300
v 0.139763 0.052689 -0.013300
v 0.142290 0.045424 -0.013300
v 0.144439 0.038039 -0.013300
v 0.146206 0.030553 -0.013300
v 0.147585 0.022986 -0.013300
v 0.148572 0.015358 -0.013300
v 0.149166 0.007689 -0.013300
v 0.149364 0.000000 -0.013300
v 0.149166 -0.007689 -0.013300
v 0.148572 -0.015358 -0.013300
v 0.147585 -0.022986 -0.013300
v 0.146206 -0.030553 -0.013300
v 0.144439 -0.038039 -0.013300
v 0.142290 -0.045424 -0.013300
v 0.139763 -0.052689 -0.013300
v 0.136865 -0.059813 -0.013300
v 0.133604 -0.066780 -0.013300
v 0.129989 -0.073569 -0.013300
v 0.126030 -0.080163 -0.013300
v 0.121736 -0.086545 -0.013300
v 0.117119 -0.092697 -0.013300
v 0.112192 -0.098603 -0.013300
v 0.106967 -0.104248 -0.013300
v 0.101459 -0.109616 -0.013300
v 0.095682 -0.114694 -0.013300
v 0.089650 -0.119467 -0.013300
v 0.083382 -0.123924 -0.013300
v 0.076892 -0.128052 -0.013300
v 0.070198 -0.131841 -0.013300
v 0.063318 -0.135279 -0.013300
v 0.056270 -0.138360 -0.013300
v 0.049072 -0.141073 -0.013300
v 0.041745 -0.143412 -0.013300
v 0.034307 -0.145371 -0.013300
v 0.026778 -0.146944 -0.013300
v 0.019178 -0.148128 -0.013300
v 0.011527 -0.148919 -0.013300
v 0.003846 -0.149315 -0.013300
v -0.003846 -0.149315 -0.013300
v -0.011527 -0.148919 -0.013300
v -0.019178 -0.148128 -0.013300
v -0.026778 -0.146944 -0.013300
v -0.034307 -0.145371 -0.013300
v -0.041745 -0.143412 -0.013300
v -0.049072 -0.141073 -0.013300
v -0.056270 -0.138360 -0.013300
v -0.063318 -0.135279 -0.013300
v -0.070198 -0.131841 -0.013300
v -0.076892 -0.128052 -0.013300
v -0.083382 -0.123924 -0.013300
v -0.089650 -0.119467 -0.013300
v -0.095682 -0.114694 -0.013300
v -0.101459 -0.109616 -0.013300
v -0.106967 -0.104248 -0.013300
v -0.112192 -0.098603 -0.013300
v -0.117119 -0.092697 -0.013300
v -0.121736 -0.086545 -0.013300
v -0.126030 -0.080163 -0.013300
v -0.129989 -0.073569 -0.013300
v -0.133604 -0.066780 -0.013300
v -0.136865 -0.059813 -0.013300
v -0.139763 -0.052689 -0.013300
v -0.142290 -0.045424 -0.013300
v -0.144439 -0.038039 -0.013300
v -0.146206 -0.030553 -0.013300
v -0.147585 -0.022986 -0.013300
v -0.148572 -0.015358 -0.013300
v -0.149166 -0.007689 -0.013300
v -0.102021 -0.102021 -0.013300
v -0.096542 -0.107221 -0.013300
v -0.107221 -0.096542 -0.013300
v -0.090798 -0.112126 -0.013300
v -0.112126 -0.090798 -0.013300
v -0.084805 -0.116725 -0.013300
v -0.116725 -0.084805 -0.013300
v -0.121003 -0.078580 -0.013300
v -0.078580 -0.121003 -0.013300
v -0.124950 -0.072140 -0.013300
v -0.072140 -0.124950 -0.013300
v -0.128554 -0.065502 -0.013300
v -0.065502 -0.128554 -0.013300
v -0.131806 -0.058684 -0.013300
v -0.058684 -0.131806 -0.013300
v -0.134697 -0.051705 -0.013300
v -0.051705 -0.134697 -0.013300
v -0.137218 -0.044585 -0.013300
v -0.044585 -0.137218 -0.013300
v -0.139363 -0.037342 -0.013300
v -0.037342 -0.139363 -0.013300
v -0.141127 -0.029997 -0.013300
v -0.029997 -0.141127 -0.013300
v -0.142503 -0.022570 -0.013300
v -0.022570 -0.142503 -0.013300
v -0.143489 -0.015081 -0.013300
v -0.015081 -0.143489 -0.013300
v -0.144082 -0.007551 -0.013300
v -0.007551 -0.144082 -0.013300
v 0.000000 -0.144280 -0.013300
v -0.144280 0.000000 -0.013300
v 0.007551 -0.144082 -0.013300
v -0.144082 0.007551 -0.013300
v -0.143489 0.015081 -0.013300
v 0.015081 -0.143489 -0.013300
v -0.142503 0.022570 -0.013300
v 0.022570 -0.142503 -0.013300
v -0.141127 0.029997 -0.013300
v 0.029997 -0.141127 -0.013300
v -0.139363 0.037342 -0.013300
v 0.037342 -0.139363 -0.013300
v -0.137218 0.044585 -0.013300
v 0.044585 -0.137218 -0.013300
v -0.134697 0.051705 -0.013300
v 0.051705 -0.134697 -0.013300
v -0.131806 0.058684 -0.013300
v 0.058684 -0.131806 -0.013300
v -0.128554 0.065502 -0.013300
v 0.065502 -0.128554 -0.013300
v -0.124950 0.072140 -0.013300
v 0.072140 -0.124950 -0.013300
v -0.121003 0.078580 -0.013300
v 0.078580 -0.121003 -0.013300
v -0.116725 0.084805 -0.013300
v 0.084805 -0.116725 -0.013300
v -0.112126 0.090798 -0.013300
v 0.090798 -0.112126 -0.013300
v -0.107221 0.096542 -0.013300
v 0.096542 -0.107221 -0.013300
v -0.102021 0.102021 -0.013300
v 0.102021 -0.102021 -0.013300
v -0.096542 0.107221 -0.013300
v 0.107221 -0.096542 -0.013300
v -0.090798 0.112126 -0.013300
v 0.112126 -0.090798 -0.013300
v -0.084805 0.116725 -0.013300
v 0.116725 -0.084805 -0.013300
v -0.078580 0.121003 -0.013300
v 0.121003 -0.078580 -0.013300
v -0.072140 0.124950 -0.013300
v 0.124950 -0.072140 -0.013300
v -0.065502 0.128554 -0.013300
v 0.128554 -0.065502 -0.013300
v -0.058684 0.131806 -0.013300
v 0.131806 -0.058684 -0.013300
v -0.051705 0.134697 -0.013300
v 0.134697 -0.051705 -0.013300
v 0.137218 -0.044585 -0.013300
v -0.044585 0.137218 -0.013300
v 0.139363 -0.037342 -0.013300
v -0.037342 0.139363 -0.013300
v 0.141127 -0.029997 -0.013300
v -0.029997 0.141127 -0.013300
v 0.142503 -0.022570 -0.013300
v -0.022570 0.142503 -0.013300
v 0.143489 -0.015081 -0.013300
v -0.015081 0.143489 -0.013300
v 0.144082 -0.007551 -0.013300
v -0.007551 0.144082 -0.013300
v 0.144280 0.000000 -0.013300
v 0.000000 0.144280 -0.013300
v 0.007551 0.144082 -0.013300
v 0.144082 0.007551 -0.013300
v 0.015081 0.143489 -0.013300
v 0.143489 0.015081 -0.013300
v 0.022570 0.142503 -0.013300
v 0.142503 0.022570 -0.013300
v 0.029997 0.141127 -0.013300
v 0.141127 0.029997 -0.013300
v 0.037342 0.139363 -0.013300
v 0.139363 0.037342 -0.013300
v 0.044585 0.137218 -0.013300
v 0.137218 0.044585 -0.013300
v 0.051705 0.134697 -0.013300
v 0.134697 0.051705 -0.013300
v 0.058684 0.131806 -0.013300
v 0.131806 0.058684 -0.013300
v 0.065502 0.128554 -0.013300
v 0.128554 0.065502 -0.013300
v 0.072140 0.124950 -0.013300
v 0.124950 0.072140 -0.013300
v 0.078580 0.121003 -0.013300
v 0.121003 0.078580 -0.013300
v 0.084805 0.116725 -0.013300
v 0.116725 0.084805 -0.013300
v 0.090798 0.112126 -0.013300
v 0.112126 0.090798 -0.013300
v 0.096542 0.107221 -0.013300
v 0.107221 0.096542 -0.013300
v 0.102021 0.102021 -0.013300
v -0.133116 0.000000 -0.277573
v -0.132000 0.000000 -0.304000
v -0.131806 -0.007146 -0.304000
v -0.143163 0.000000 -0.039727
v -0.131806 0.007146 -0.304000
v -0.132753 -0.009831 -0.277573
v -0.131226 -0.014272 -0.304000
v -0.131664 -0.019608 -0.277573
v -0.130261 -0.021355 -0.304000
v -0.129857 -0.029278 -0.277573
v -0.128914 -0.028376 -0.304000
v -0.127189 -0.035314 -0.304000
v -0.133866 -0.009913 -0.251145
v -0.134233 0.000000 -0.251145
v -0.127340 -0.038789 -0.277573
v -0.125090 -0.042148 -0.304000
v -0.132768 -0.019773 -0.251145
v -0.124127 -0.048087 -0.277573
v -0.122625 -0.048858 -0.304000
v -0.119800 -0.055425 -0.304000
v -0.130946 -0.029524 -0.251145
v -0.120237 -0.057123 -0.277573
v -0.116624 -0.061830 -0.304000
v -0.134979 -0.009996 -0.224718
v -0.135349 0.000000 -0.224718
v -0.128408 -0.039114 -0.251145
v -0.115690 -0.065847 -0.277573
v -0.113105 -0.068053 -0.304000
v -0.133873 -0.019937 -0.224718
v -0.125168 -0.048490 -0.251145
v -0.110511 -0.074211 -0.277573
v -0.109255 -0.074077 -0.304000
v -0.105084 -0.079883 -0.304000
v -0.132035 -0.029770 -0.224718
v -0.121245 -0.057602 -0.251145
v -0.136093 -0.010078 -0.198291
v -0.136465 0.000000 -0.198291
v -0.104729 -0.082170 -0.277573
v -0.100605 -0.085455 -0.304000
v -0.129475 -0.039439 -0.224718
v -0.116660 -0.066399 -0.251145
v -0.134977 -0.020102 -0.198291
v -0.098374 -0.089680 -0.277573
v -0.095831 -0.090776 -0.304000
v -0.126209 -0.048894 -0.224718
v -0.111438 -0.074833 -0.251145
v -0.133124 -0.030015 -0.198291
v -0.091482 -0.096700 -0.277573
v -0.090776 -0.095831 -0.304000
v -0.085455 -0.100605 -0.304000
v -0.122254 -0.058081 -0.224718
v -0.137206 -0.010161 -0.171864
v -0.137582 0.000000 -0.171864
v -0.105607 -0.082859 -0.251145
v -0.130543 -0.039765 -0.198291
v -0.084091 -0.103192 -0.277573
v -0.079883 -0.105084 -0.304000
v -0.117630 -0.066951 -0.224718
v -0.136081 -0.020266 -0.171864
v -0.099199 -0.090432 -0.251145
v -0.127250 -0.049297 -0.198291
v -0.076240 -0.109121 -0.277573
v -0.074077 -0.109255 -0.304000
v -0.112365 -0.075456 -0.224718
v -0.134213 -0.030261 -0.171864
v -0.092250 -0.097511 -0.251145
v -0.123262 -0.058560 -0.198291
v -0.067973 -0.114453 -0.277573
v -0.068053 -0.113105 -0.304000
v -0.061830 -0.116624 -0.304000
v -0.138319 -0.010243 -0.145436
v -0.138698 0.000000 -0.145436
v -0.106485 -0.083548 -0.224718
v -0.131611 -0.040090 -0.171864
v -0.084796 -0.104058 -0.251145
v -0.118601 -0.067503 -0.198291
v -0.059335 -0.119161 -0.277573
v -0.055425 -0.119800 -0.304000
v -0.137185 -0.020430 -0.145436
v -0.100024 -0.091184 -0.224718
v -0.128291 -0.049700 -0.171864
v -0.076880 -0.110036 -0.251145
v -0.113291 -0.076078 -0.198291
v -0.050373 -0.123217 -0.277573
v -0.048858 -0.122625 -0.304000
v -0.042148 -0.125090 -0.304000
v -0.135302 -0.030506 -0.145436
v -0.093017 -0.098322 -0.224718
v -0.124270 -0.059039 -0.171864
v -0.068543 -0.115413 -0.251145
v -0.139433 -0.010326 -0.119009
v -0.139814 0.000000 -0.119009
v -0.107363 -0.084237 -0.198291
v -0.041135 -0.126601 -0.277573
v -0.035314 -0.127189 -0.304000
v -0.132679 -0.040415 -0.145436
v -0.085501 -0.104923 -0.224718
v -0.119571 -0.068056 -0.171864
v -0.059833 -0.120160 -0.251145
v -0.138289 -0.020595 -0.119009
v -0.100849 -0.091936 -0.198291
v -0.031673 -0.129293 -0.277573
v -0.028376 -0.128914 -0.304000
v -0.129332 -0.050103 -0.145436
v -0.077519 -0.110951 -0.224718
v -0.114218 -0.076700 -0.171864
v -0.050795 -0.124251 -0.251145
v -0.136391 -0.030752 -0.119009
v -0.093784 -0.099133 -0.198291
v -0.022038 -0.131279 -0.277573
v -0.021355 -0.130261 -0.304000
v -0.014272 -0.131226 -0.304000
v -0.125279 -0.059518 -0.145436
v -0.069113 -0.116373 -0.224718
v -0.140546 -0.010408 -0.092582
v -0.140931 0.000000 -0.092582
v -0.108242 -0.084926 -0.171864
v -0.041480 -0.127663 -0.251145
v -0.133747 -0.040740 -0.119009
v -0.086207 -0.105788 -0.198291
v -0.012282 -0.132548 -0.277573
v -0.007146 -0.131806 -0.304000
v -0.120541 -0.068608 -0.145436
v -0.060330 -0.121159 -0.224718
v -0.139393 -0.020759 -0.092582
v -0.101674 -0.092688 -0.171864
v -0.031939 -0.130378 -0.251145
v -0.130373 -0.050507 -0.119009
v -0.078158 -0.111866 -0.198291
v -0.002460 -0.133094 -0.277573
v 0.000000 -0.132000 -0.304000
v -0.115145 -0.077323 -0.145436
v -0.051218 -0.125284 -0.224718
v -0.137480 -0.030997 -0.092582
v -0.094551 -0.099944 -0.171864
v -0.022223 -0.132380 -0.251145
v -0.126287 -0.059997 -0.119009
v -0.069683 -0.117333 -0.198291
v -0.141659 -0.010491 -0.066155
v -0.142047 0.000000 -0.066155
v 0.007376 -0.132912 -0.277573
v 0.007146 -0.131806 -0.304000
v 0.014272 -0.131226 -0.304000
v -0.109120 -0.085615 -0.145436
v -0.041825 -0.128725 -0.224718
v -0.134815 -0.041066 -0.092582
v -0.086912 -0.106654 -0.171864
v -0.012385 -0.133660 -0.251145
v -0.121511 -0.069160 -0.119009
v -0.060828 -0.122159 -0.198291
v -0.140497 -0.020924 -0.066155
v 0.017172 -0.132004 -0.277573
v 0.021355 -0.130261 -0.304000
v -0.102499 -0.093440 -0.145436
v -0.032204 -0.131462 -0.224718
v -0.131414 -0.050910 -0.092582
v -0.078798 -0.112781 -0.171864
v -0.002480 -0.134210 -0.251145
v -0.116072 -0.077945 -0.119009
v -0.051640 -0.126317 -0.198291
v -0.138569 -0.031243 -0.066155
v 0.026874 -0.130375 -0.277573
v 0.028376 -0.128914 -0.304000
v -0.095318 -0.100755 -0.145436
v -0.022408 -0.133481 -0.224718
v -0.127295 -0.060476 -0.092582
v -0.070253 -0.118293 -0.171864
v -0.142772 -0.010573 -0.039727
v 0.007438 -0.134026 -0.251145
v -0.109998 -0.086304 -0.119009
v -0.042170 -0.129786 -0.198291
v -0.135883 -0.041391 -0.066155
v 0.036429 -0.128035 -0.277573
v 0.035314 -0.127189 -0.304000
v 0.042148 -0.125090 -0.304000
v -0.087617 -0.107519 -0.145436
v -0.012488 -0.134772 -0.224718
v -0.122481 -0.069712 -0.092582
v -0.061325 -0.123158 -0.171864
v -0.141602 -0.021088 -0.039727
v 0.017316 -0.133111 -0.251145
v -0.103324 -0.094192 -0.119009
v -0.032470 -0.132546 -0.198291
v -0.132455 -0.051313 -0.066155
v 0.045785 -0.124995 -0.277573
v 0.048858 -0.122625 -0.304000
v -0.079437 -0.113696 -0.145436
v -0.002501 -0.135326 -0.224718
v -0.116998 -0.078567 -0.092582
v -0.052062 -0.127351 -0.171864
v -0.139658 -0.031488 -0.039727
v 0.027099 -0.131469 -0.251145
v -0.096086 -0.101566 -0.119009
v -0.022592 -0.134582 -0.198291
v -0.128304 -0.060955 -0.066155
v 0.054891 -0.121272 -0.277573
v 0.055425 -0.119800 -0.304000
v 0.061830 -0.116624 -0.304000
v -0.070824 -0.119253 -0.145436
v 0.007500 -0.135141 -0.224718
v -0.110876 -0.086993 -0.092582
v -0.042515 -0.130848 -0.171864
v -0.136951 -0.041716 -0.039727
v 0.036735 -0.129108 -0.251145
v -0.088322 -0.108385 -0.119009
v -0.012591 -0.135883 -0.198291
v -0.123451 -0.070264 -0.066155
v 0.063698 -0.116887 -0.277573
v 0.068053 -0.113105 -0.304000
v -0.061823 -0.124157 -0.145436
v 0.017460 -0.134218 -0.224718
v -0.104149 -0.094944 -0.092582
v -0.032736 -0.133630 -0.171864
v -0.133496 -0.051717 -0.039727
v 0.046169 -0.126043 -0.251145
v -0.080077 -0.114611 -0.119009
v -0.002522 -0.136442 -0.198291
v -0.117925 -0.079190 -0.066155
v 0.072156 -0.111864 -0.277573
v 0.074077 -0.109255 -0.304000
v -0.052485 -0.128384 -0.145436
v 0.027325 -0.132562 -0.224718
v -0.096853 -0.102377 -0.092582
v -0.022777 -0.135683 -0.171864
v -0.129312 -0.061434 -0.039727
v 0.055352 -0.122289 -0.251145
v -0.071394 -0.120212 -0.119009
v 0.007562 -0.136256 -0.198291
v -0.111755 -0.087683 -0.066155
v 0.080221 -0.106229 -0.277573
v 0.079883 -0.105084 -0.304000
v 0.085455 -0.100605 -0.304000
v -0.042860 -0.131910 -0.145436
v 0.037040 -0.130182 -0.224718
v -0.089027 -0.109250 -0.092582
v -0.012694 -0.136995 -0.171864
v -0.124422 -0.070817 -0.039727
v 0.064232 -0.117867 -0.251145
v -0.062321 -0.125157 -0.119009
v 0.017604 -0.135325 -0.198291
v -0.104974 -0.095696 -0.066155
v 0.087847 -0.100015 -0.277573
v 0.090776 -0.095831 -0.304000
v -0.033001 -0.134715 -0.145436
v 0.046553 -0.127091 -0.224718
v -0.080716 -0.115527 -0.092582
v -0.002542 -0.137558 -0.171864
v -0.118852 -0.079812 -0.039727
v 0.072761 -0.112802 -0.251145
v -0.052907 -0.129417 -0.119009
v 0.027550 -0.133655 -0.198291
v -0.097620 -0.103188 -0.066155
v 0.094993 -0.093254 -0.277573
v 0.095831 -0.090776 -0.304000
v -0.022962 -0.136784 -0.145436
v 0.055812 -0.123306 -0.224718
v -0.071964 -0.121172 -0.092582
v 0.007624 -0.137370 -0.171864
v -0.112633 -0.088372 -0.039727
v 0.080893 -0.107120 -0.251145
v -0.043205 -0.132971 -0.119009
v 0.037346 -0.131256 -0.198291
v -0.089733 -0.110115 -0.066155
v 0.101621 -0.085984 -0.277573
v 0.100605 -0.085455 -0.304000
v 0.105084 -0.079883 -0.304000
v -0.012797 -0.138106 -0.145436
v 0.064766 -0.118847 -0.224718
v -0.062818 -0.126156 -0.092582
v 0.017748 -0.136432 -0.171864
v -0.105799 -0.096448 -0.039727
v 0.088583 -0.100853 -0.251145
v -0.033267 -0.135799 -0.119009
v 0.046937 -0.128139 -0.198291
v -0.081355 -0.116442 -0.066155
v 0.107693 -0.078244 -0.277573
v 0.109255 -0.074077 -0.304000
v -0.002563 -0.138674 -0.145436
v 0.073366 -0.113740 -0.224718
v -0.053330 -0.130451 -0.092582
v 0.027775 -0.134749 -0.171864
v -0.098387 -0.103999 -0.039727
v 0.095790 -0.094036 -0.251145
v -0.023147 -0.137885 -0.119009
v 0.056272 -0.124323 -0.198291
v -0.072534 -0.122132 -0.066155
v 0.113178 -0.070077 -0.277573
v 0.113105 -0.068053 -0.304000
v 0.007685 -0.138485 -0.145436
v 0.081566 -0.108011 -0.224718
v -0.043550 -0.134033 -0.092582
v 0.037651 -0.132330 -0.171864
v -0.090438 -0.110981 -0.039727
v 0.102473 -0.086705 -0.251145
v -0.012900 -0.139218 -0.119009
v 0.065300 -0.119828 -0.198291
v -0.063316 -0.127155 -0.066155
v 0.118044 -0.061527 -0.277573
v 0.116624 -0.061830 -0.304000
v 0.119800 -0.055425 -0.304000
v 0.017892 -0.137539 -0.145436
v 0.089320 -0.101692 -0.224718
v -0.033532 -0.136883 -0.092582
v 0.047321 -0.129188 -0.171864
v -0.081995 -0.117357 -0.039727
v 0.108597 -0.078900 -0.251145
v -0.002584 -0.139790 -0.119009
v 0.073971 -0.114678 -0.198291
v -0.053752 -0.131484 -0.066155
v 0.122266 -0.052641 -0.277573
v 0.122625 -0.048858 -0.304000
v 0.028001 -0.135842 -0.145436
v 0.096586 -0.094818 -0.224718
v -0.023332 -0.138986 -0.092582
v 0.056733 -0.125340 -0.171864
v -0.073104 -0.123092 -0.039727
v 0.114127 -0.070664 -0.251145
v 0.007747 -0.139600 -0.119009
v 0.082239 -0.108902 -0.198291
v -0.043895 -0.135095 -0.066155
v 0.125819 -0.043468 -0.277573
v 0.125090 -0.042148 -0.304000
v 0.127189 -0.035314 -0.304000
v 0.037957 -0.133403 -0.145436
v 0.103325 -0.087426 -0.224718
v -0.013003 -0.140329 -0.092582
v 0.065834 -0.120808 -0.171864
v -0.063813 -0.128155 -0.039727
v 0.119034 -0.062043 -0.251145
v 0.018036 -0.138646 -0.119009
v 0.090057 -0.102531 -0.198291
v -0.033798 -0.137968 -0.066155
v 0.128686 -0.034057 -0.277573
v 0.128914 -0.028376 -0.304000
v 0.047705 -0.130236 -0.145436
v 0.109500 -0.079556 -0.224718
v -0.002604 -0.140907 -0.092582
v 0.074577 -0.115616 -0.171864
v -0.054175 -0.132517 -0.039727
v 0.123291 -0.053082 -0.251145
v 0.028226 -0.136936 -0.119009
v 0.097383 -0.095600 -0.198291
v -0.023516 -0.140087 -0.066155
v 0.130850 -0.024460 -0.277573
v 0.130261 -0.021355 -0.304000
v 0.057193 -0.126357 -0.145436
v 0.115076 -0.071252 -0.224718
v 0.007809 -0.140714 -0.092582
v 0.082911 -0.109793 -0.171864
v -0.044240 -0.136156 -0.039727
v 0.126875 -0.043832 -0.251145
v 0.038262 -0.134477 -0.119009
v 0.104177 -0.088147 -0.198291
v -0.013106 -0.141441 -0.066155
v 0.132299 -0.014730 -0.277573
v 0.131226 -0.014272 -0.304000
v 0.131806 -0.007146 -0.304000
v 0.066369 -0.121788 -0.145436
v 0.120024 -0.062559 -0.224718
v 0.018180 -0.139753 -0.092582
v 0.090794 -0.103369 -0.171864
v -0.034064 -0.139052 -0.039727
v 0.129765 -0.034342 -0.251145
v 0.048089 -0.131284 -0.119009
v 0.110403 -0.080212 -0.198291
v -0.002625 -0.142023 -0.066155
v 0.133025 -0.004919 -0.277573
v 0.132000 0.000000 -0.304000
v 0.075182 -0.116554 -0.145436
v 0.124316 -0.053524 -0.224718
v 0.028451 -0.138029 -0.092582
v 0.098180 -0.096382 -0.171864
v -0.023701 -0.141188 -0.039727
v 0.131947 -0.024665 -0.251145
v 0.057653 -0.127374 -0.119009
v 0.116025 -0.071840 -0.198291
v 0.007871 -0.141829 -0.066155
v 0.133025 0.004919 -0.277573
v 0.131806 0.007146 -0.304000
v 0.083584 -0.110683 -0.145436
v 0.127930 -0.044197 -0.224718
v 0.038568 -0.135551 -0.092582
v 0.105030 -0.088868 -0.171864
v -0.013209 -0.142553 -0.039727
v 0.133408 -0.014853 -0.251145
v 0.066903 -0.122768 -0.119009
v 0.121014 -0.063075 -0.198291
v 0.018324 -0.140860 -0.066155
v 0.132299 0.014730 -0.277573
v 0.131226 0.014272 -0.304000
v 0.130261 0.021355 -0.304000
v 0.091530 -0.104208 -0.145436
v 0.130844 -0.034628 -0.224718
v 0.048473 -0.132332 -0.092582
v 0.111306 -0.080868 -0.171864
v -0.002646 -0.143139 -0.039727
v 0.134141 -0.004960 -0.251145
v 0.075787 -0.117492 -0.119009
v 0.125342 -0.053965 -0.198291
v 0.028677 -0.139122 -0.066155
v 0.130850 0.024460 -0.277573
v 0.128914 0.028376 -0.304000
v 0.098976 -0.097164 -0.145436
v 0.133044 -0.024870 -0.224718
v 0.058114 -0.128391 -0.092582
v 0.116974 -0.072427 -0.171864
v 0.007933 -0.142943 -0.039727
v 0.134141 0.004960 -0.251145
v 0.084257 -0.111574 -0.119009
v 0.128985 -0.044561 -0.198291
v 0.038873 -0.136624 -0.066155
v 0.128686 0.034057 -0.277573
v 0.127189 0.035314 -0.304000
v 0.105882 -0.089589 -0.145436
v 0.134518 -0.014977 -0.224718
v 0.067437 -0.123749 -0.092582
v 0.122004 -0.063591 -0.171864
v 0.018468 -0.141967 -0.039727
v 0.133408 0.014853 -0.251145
v 0.092267 -0.105047 -0.119009
v 0.131924 -0.034914 -0.198291
v 0.048857 -0.133380 -0.066155
v 0.125819 0.043468 -0.277573
v 0.125090 0.042148 -0.304000
v 0.122625 0.048858 -0.304000
v 0.112209 -0.081525 -0.145436
v 0.135257 -0.005001 -0.224718
v 0.076392 -0.118430 -0.092582
v 0.126367 -0.054407 -0.171864
v 0.028902 -0.140216 -0.039727
v 0.131947 0.024665 -0.251145
v 0.099773 -0.097946 -0.119009
v 0.134142 -0.025075 -0.198291
v 0.058574 -0.129408 -0.066155
v 0.122266 0.052641 -0.277573
v 0.119800 0.055425 -0.304000
v 0.117923 -0.073015 -0.145436
v 0.135257 0.005001 -0.224718
v 0.084930 -0.112465 -0.092582
v 0.130040 -0.044926 -0.171864
v 0.039178 -0.137698 -0.039727
v 0.129765 0.034342 -0.251145
v 0.106734 -0.090310 -0.119009
v 0.135627 -0.015100 -0.198291
v 0.067971 -0.124729 -0.066155
v 0.118044 0.061527 -0.277573
v 0.116624 0.061830 -0.304000
v 0.113105 0.068053 -0.304000
v 0.122994 -0.064107 -0.145436
v 0.134518 0.014977 -0.224718
v 0.093004 -0.105886 -0.092582
v 0.133003 -0.035199 -0.171864
v 0.049241 -0.134429 -0.039727
v 0.126875 0.043832 -0.251145
v 0.113112 -0.082181 -0.119009
v 0.136372 -0.005043 -0.198291
v 0.076997 -0.119368 -0.066155
v 0.113178 0.070077 -0.277573
v 0.109255 0.074077 -0.304000
v 0.127392 -0.054848 -0.145436
v 0.133044 0.024870 -0.224718
v 0.100570 -0.098728 -0.092582
v 0.135239 -0.025281 -0.171864
v 0.059034 -0.130425 -0.039727
v 0.123291 0.053082 -0.251145
v 0.118873 -0.073603 -0.119009
v 0.136372 0.005043 -0.198291
v 0.085602 -0.113356 -0.066155
v 0.107693 0.078244 -0.277573
v 0.105084 0.079883 -0.304000
v 0.131095 -0.045290 -0.145436
v 0.130844 0.034628 -0.224718
v 0.107586 -0.091031 -0.092582
v 0.136737 -0.015224 -0.171864
v 0.068505 -0.125709 -0.039727
v 0.119034 0.062043 -0.251145
v 0.123984 -0.064623 -0.119009
v 0.135627 0.015100 -0.198291
v 0.093740 -0.106724 -0.066155
v 0.101621 0.085984 -0.277573
v 0.100605 0.085455 -0.304000
v 0.095831 0.090776 -0.304000
v 0.134082 -0.035485 -0.145436
v 0.127930 0.044197 -0.224718
v 0.114015 -0.082837 -0.092582
v 0.137488 -0.005084 -0.171864
v 0.077602 -0.120306 -0.039727
v 0.114127 0.070664 -0.251145
v 0.128418 -0.055290 -0.119009
v 0.134142 0.025075 -0.198291
v 0.101366 -0.099510 -0.066155
v 0.094993 0.093254 -0.277573
v 0.090776 0.095831 -0.304000
v 0.136336 -0.025486 -0.145436
v 0.124316 0.053524 -0.224718
v 0.119822 -0.074190 -0.092582
v 0.137488 0.005084 -0.171864
v 0.086275 -0.114247 -0.039727
v 0.108597 0.078900 -0.251145
v 0.132150 -0.045655 -0.119009
v 0.131924 0.034914 -0.198291
v 0.108438 -0.091752 -0.066155
v 0.087847 0.100015 -0.277573
v 0.085455 0.100605 -0.304000
v 0.137846 -0.015347 -0.145436
v 0.120024 0.062559 -0.224718
v 0.124974 -0.065139 -0.092582
v 0.136737 0.015224 -0.171864
v 0.094477 -0.107563 -0.039727
v 0.102473 0.086705 -0.251145
v 0.135161 -0.035770 -0.119009
v 0.128985 0.044561 -0.198291
v 0.114918 -0.083493 -0.066155
v 0.080221 0.106229 -0.277573
v 0.079883 0.105084 -0.304000
v 0.074077 0.109255 -0.304000
v 0.138603 -0.005125 -0.145436
v 0.115076 0.071252 -0.224718
v 0.129443 -0.055731 -0.092582
v 0.135239 0.025281 -0.171864
v 0.102163 -0.100292 -0.039727
v 0.095790 0.094036 -0.251145
v 0.137434 -0.025691 -0.119009
v 0.125342 0.053965 -0.198291
v 0.120771 -0.074778 -0.066155
v 0.072156 0.111864 -0.277573
v 0.068053 0.113105 -0.304000
v 0.138603 0.005125 -0.145436
v 0.109500 0.079556 -0.224718
v 0.133205 -0.046019 -0.092582
v 0.133003 0.035199 -0.171864
v 0.109291 -0.092473 -0.039727
v 0.088583 0.100853 -0.251145
v 0.138956 -0.015471 -0.119009
v 0.121014 0.063075 -0.198291
v 0.125964 -0.065655 -0.066155
v 0.063698 0.116887 -0.277573
v 0.061830 0.116624 -0.304000
v 0.137846 0.015347 -0.145436
v 0.103325 0.087426 -0.224718
v 0.136240 -0.036056 -0.092582
v 0.130040 0.044926 -0.171864
v 0.115822 -0.084149 -0.039727
v 0.080893 0.107120 -0.251145
v 0.139719 -0.005166 -0.119009
v 0.116025 0.071840 -0.198291
v 0.130468 -0.056173 -0.066155
v 0.054891 0.121272 -0.277573
v 0.055425 0.119800 -0.304000
v 0.048858 0.122625 -0.304000
v 0.136336 0.025486 -0.145436
v 0.096586 0.094818 -0.224718
v 0.138531 -0.025896 -0.092582
v 0.126367 0.054407 -0.171864
v 0.121720 -0.075366 -0.039727
v 0.072761 0.112802 -0.251145
v 0.139719 0.005166 -0.119009
v 0.110403 0.080212 -0.198291
v 0.134261 -0.046384 -0.066155
v 0.045785 0.124995 -0.277573
v 0.042148 0.125090 -0.304000
v 0.134082 0.035485 -0.145436
v 0.089320 0.101692 -0.224718
v 0.140065 -0.015594 -0.092582
v 0.122004 0.063591 -0.171864
v 0.126953 -0.066171 -0.039727
v 0.064232 0.117867 -0.251145
v 0.138956 0.015471 -0.119009
v 0.104177 0.088147 -0.198291
v 0.137319 -0.036342 -0.066155
v 0.036429 0.128035 -0.277573
v 0.035314 0.127189 -0.304000
v 0.028376 0.128914 -0.304000
v 0.131095 0.045290 -0.145436
v 0.081566 0.108011 -0.224718
v 0.140834 -0.005208 -0.092582
v 0.116974 0.072427 -0.171864
v 0.131494 -0.056614 -0.039727
v 0.055352 0.122289 -0.251145
v 0.137434 0.025691 -0.119009
v 0.097383 0.095600 -0.198291
v 0.139628 -0.026101 -0.066155
v 0.026874 0.130375 -0.277573
v 0.021355 0.130261 -0.304000
v 0.127392 0.054848 -0.145436
v 0.073366 0.113740 -0.224718
v 0.140834 0.005208 -0.092582
v 0.111306 0.080868 -0.171864
v 0.135316 -0.046748 -0.039727
v 0.046169 0.126043 -0.251145
v 0.135161 0.035770 -0.119009
v 0.090057 0.102531 -0.198291
v 0.141175 -0.015718 -0.066155
v 0.017172 0.132004 -0.277573
v 0.014272 0.131226 -0.304000
v 0.122994 0.064107 -0.145436
v 0.064766 0.118847 -0.224718
v 0.140065 0.015594 -0.092582
v 0.105030 0.088868 -0.171864
v 0.138399 -0.036627 -0.039727
v 0.036735 0.129108 -0.251145
v 0.132150 0.045655 -0.119009
v 0.082239 0.108902 -0.198291
v 0.141950 -0.005249 -0.066155
v 0.007376 0.132912 -0.277573
v 0.007146 0.131806 -0.304000
v 0.000000 0.132000 -0.304000
v 0.117923 0.073015 -0.145436
v 0.055812 0.123306 -0.224718
v 0.138531 0.025896 -0.092582
v 0.098180 0.096382 -0.171864
v 0.140726 -0.026306 -0.039727
v 0.027099 0.131469 -0.251145
v 0.128418 0.055290 -0.119009
v 0.073971 0.114678 -0.198291
v 0.141950 0.005249 -0.066155
v -0.002460 0.133094 -0.277573
v -0.007146 0.131806 -0.304000
v 0.112209 0.081525 -0.145436
v 0.046553 0.127091 -0.224718
v 0.136240 0.036056 -0.092582
v 0.090794 0.103369 -0.171864
v 0.142284 -0.015841 -0.039727
v 0.017316 0.133111 -0.251145
v 0.123984 0.064623 -0.119009
v 0.065300 0.119828 -0.198291
v 0.141175 0.015718 -0.066155
v -0.012282 0.132548 -0.277573
v -0.014272 0.131226 -0.304000
v 0.105882 0.089589 -0.145436
v 0.037040 0.130182 -0.224718
v 0.133205 0.046019 -0.092582
v 0.082911 0.109793 -0.171864
v 0.143066 -0.005290 -0.039727
v 0.007438 0.134026 -0.251145
v 0.118873 0.073603 -0.119009
v 0.056272 0.124323 -0.198291
v 0.139628 0.026101 -0.066155
v -0.022038 0.131279 -0.277573
v -0.021355 0.130261 -0.304000
v -0.028376 0.128914 -0.304000
v 0.098976 0.097164 -0.145436
v 0.027325 0.132562 -0.224718
v 0.129443 0.055731 -0.092582
v 0.074577 0.115616 -0.171864
v 0.143066 0.005290 -0.039727
v -0.002480 0.134210 -0.251145
v 0.113112 0.082181 -0.119009
v 0.046937 0.128139 -0.198291
v 0.137319 0.036342 -0.066155
v -0.031673 0.129293 -0.277573
v -0.035314 0.127189 -0.304000
v 0.091530 0.104208 -0.145436
v 0.017460 0.134218 -0.224718
v 0.124974 0.065139 -0.092582
v 0.065834 0.120808 -0.171864
v 0.142284 0.015841 -0.039727
v -0.012385 0.133660 -0.251145
v 0.106734 0.090310 -0.119009
v 0.037346 0.131256 -0.198291
v 0.134261 0.046384 -0.066155
v -0.041135 0.126601 -0.277573
v -0.042148 0.125090 -0.304000
v 0.083584 0.110683 -0.145436
v 0.007500 0.135141 -0.224718
v 0.119822 0.074190 -0.092582
v 0.056733 0.125340 -0.171864
v 0.140726 0.026306 -0.039727
v -0.022223 0.132380 -0.251145
v 0.099773 0.097946 -0.119009
v 0.027550 0.133655 -0.198291
v 0.130468 0.056173 -0.066155
v -0.050373 0.123217 -0.277573
v -0.048858 0.122625 -0.304000
v -0.055425 0.119800 -0.304000
v 0.075182 0.116554 -0.145436
v -0.002501 0.135326 -0.224718
v 0.114015 0.082837 -0.092582
v 0.047321 0.129188 -0.171864
v 0.138399 0.036627 -0.039727
v -0.031939 0.130378 -0.251145
v 0.092267 0.105047 -0.119009
v 0.017604 0.135325 -0.198291
v 0.125964 0.065655 -0.066155
v -0.059335 0.119161 -0.277573
v -0.061830 0.116624 -0.304000
v 0.066369 0.121788 -0.145436
v -0.012488 0.134772 -0.224718
v 0.107586 0.091031 -0.092582
v 0.037651 0.132330 -0.171864
v 0.135316 0.046748 -0.039727
v -0.041480 0.127663 -0.251145
v 0.084257 0.111574 -0.119009
v 0.007562 0.136256 -0.198291
v 0.120771 0.074778 -0.066155
v -0.067973 0.114453 -0.277573
v -0.068053 0.113105 -0.304000
v -0.074077 0.109255 -0.304000
v 0.057193 0.126357 -0.145436
v -0.022408 0.133481 -0.224718
v 0.100570 0.098728 -0.092582
v 0.027775 0.134749 -0.171864
v 0.131494 0.056614 -0.039727
v -0.050795 0.124251 -0.251145
v 0.075787 0.117492 -0.119009
v -0.002522 0.136442 -0.198291
v 0.114918 0.083493 -0.066155
v -0.076240 0.109121 -0.277573
v -0.079883 0.105084 -0.304000
v 0.047705 0.130236 -0.145436
v -0.032204 0.131462 -0.224718
v 0.093004 0.105886 -0.092582
v 0.017748 0.136432 -0.171864
v 0.126953 0.066171 -0.039727
v -0.059833 0.120160 -0.251145
v 0.066903 0.122768 -0.119009
v -0.012591 0.135883 -0.198291
v 0.108438 0.091752 -0.066155
v -0.084091 0.103192 -0.277573
v -0.085455 0.100605 -0.304000
v 0.037957 0.133403 -0.145436
v -0.041825 0.128725 -0.224718
v 0.084930 0.112465 -0.092582
v 0.007624 0.137370 -0.171864
v 0.121720 0.075366 -0.039727
v -0.068543 0.115413 -0.251145
v 0.057653 0.127374 -0.119009
v -0.022592 0.134582 -0.198291
v 0.101366 0.099510 -0.066155
v -0.091482 0.096700 -0.277573
v -0.090776 0.095831 -0.304000
v -0.095831 0.090776 -0.304000
v 0.028001 0.135842 -0.145436
v -0.051218 0.125284 -0.224718
v 0.076392 0.118430 -0.092582
v -0.002542 0.137558 -0.171864
v 0.115822 0.084149 -0.039727
v -0.076880 0.110036 -0.251145
v 0.048089 0.131284 -0.119009
v -0.032470 0.132546 -0.198291
v 0.093740 0.106724 -0.066155
v -0.098374 0.089680 -0.277573
v -0.100605 0.085455 -0.304000
v 0.017892 0.137539 -0.145436
v -0.060330 0.121159 -0.224718
v 0.067437 0.123749 -0.092582
v -0.012694 0.136995 -0.171864
v 0.109291 0.092473 -0.039727
v -0.084796 0.104058 -0.251145
v 0.038262 0.134477 -0.119009
v -0.042170 0.129786 -0.198291
v 0.085602 0.113356 -0.066155
v -0.104729 0.082170 -0.277573
v -0.105084 0.079883 -0.304000
v 0.007685 0.138485 -0.145436
v -0.069113 0.116373 -0.224718
v 0.058114 0.128391 -0.092582
v -0.022777 0.135683 -0.171864
v 0.102163 0.100292 -0.039727
v -0.092250 0.097511 -0.251145
v 0.028226 0.136936 -0.119009
v -0.051640 0.126317 -0.198291
v 0.076997 0.119368 -0.066155
v -0.110511 0.074211 -0.277573
v -0.109255 0.074077 -0.304000
v -0.113105 0.068053 -0.304000
v -0.002563 0.138674 -0.145436
v -0.077519 0.110951 -0.224718
v 0.048473 0.132332 -0.092582
v -0.032736 0.133630 -0.171864
v 0.094477 0.107563 -0.039727
v -0.099199 0.090432 -0.251145
v 0.018036 0.138646 -0.119009
v -0.060828 0.122159 -0.198291
v 0.067971 0.124729 -0.066155
v -0.115690 0.065847 -0.277573
v -0.116624 0.061830 -0.304000
v -0.012797 0.138106 -0.145436
v -0.085501 0.104923 -0.224718
v 0.038568 0.135551 -0.092582
v -0.042515 0.130848 -0.171864
v 0.086275 0.114247 -0.039727
v -0.105607 0.082859 -0.251145
v 0.007747 0.139600 -0.119009
v -0.069683 0.117333 -0.198291
v 0.058574 0.129408 -0.066155
v -0.120237 0.057123 -0.277573
v -0.119800 0.055425 -0.304000
v -0.022962 0.136784 -0.145436
v -0.093017 0.098322 -0.224718
v 0.028451 0.138029 -0.092582
v -0.052062 0.127351 -0.171864
v 0.077602 0.120306 -0.039727
v -0.111438 0.074833 -0.251145
v -0.002584 0.139790 -0.119009
v -0.078158 0.111866 -0.198291
v 0.048857 0.133380 -0.066155
v -0.124127 0.048087 -0.277573
v -0.122625 0.048858 -0.304000
v -0.125090 0.042148 -0.304000
v -0.033001 0.134715 -0.145436
v -0.100024 0.091184 -0.224718
v 0.018180 0.139753 -0.092582
v -0.061325 0.123158 -0.171864
v 0.068505 0.125709 -0.039727
v -0.116660 0.066399 -0.251145
v -0.012900 0.139218 -0.119009
v -0.086207 0.105788 -0.198291
v 0.038873 0.136624 -0.066155
v -0.127340 0.038789 -0.277573
v -0.127189 0.035314 -0.304000
v -0.042860 0.131910 -0.145436
v -0.106485 0.083548 -0.224718
v 0.007809 0.140714 -0.092582
v -0.070253 0.118293 -0.171864
v 0.059034 0.130425 -0.039727
v -0.121245 0.057602 -0.251145
v -0.023147 0.137885 -0.119009
v -0.093784 0.099133 -0.198291
v 0.028677 0.139122 -0.066155
v -0.129857 0.029278 -0.277573
v -0.128914 0.028376 -0.304000
v -0.130261 0.021355 -0.304000
v -0.052485 0.128384 -0.145436
v -0.112365 0.075456 -0.224718
v -0.002604 0.140907 -0.092582
v -0.078798 0.112781 -0.171864
v 0.049241 0.134429 -0.039727
v -0.125168 0.048490 -0.251145
v -0.033267 0.135799 -0.119009
v -0.100849 0.091936 -0.198291
v 0.018324 0.140860 -0.066155
v -0.131664 0.019608 -0.277573
v -0.131226 0.014272 -0.304000
v -0.061823 0.124157 -0.145436
v -0.117630 0.066951 -0.224718
v -0.013003 0.140329 -0.092582
v -0.086912 0.106654 -0.171864
v 0.039178 0.137698 -0.039727
v -0.128408 0.039114 -0.251145
v -0.043205 0.132971 -0.119009
v -0.107363 0.084237 -0.198291
v 0.007871 0.141829 -0.066155
v -0.132753 0.009831 -0.277573
v -0.070824 0.119253 -0.145436
v -0.122254 0.058081 -0.224718
v -0.023332 0.138986 -0.092582
v -0.094551 0.099944 -0.171864
v 0.028902 0.140216 -0.039727
v -0.130946 0.029524 -0.251145
v -0.052907 0.129417 -0.119009
v -0.113291 0.076078 -0.198291
v -0.002625 0.142023 -0.066155
v -0.079437 0.113696 -0.145436
v -0.126209 0.048894 -0.224718
v -0.033532 0.136883 -0.092582
v -0.101674 0.092688 -0.171864
v 0.018468 0.141967 -0.039727
v -0.132768 0.019773 -0.251145
v -0.062321 0.125157 -0.119009
v -0.118601 0.067503 -0.198291
v -0.013106 0.141441 -0.066155
v -0.087617 0.107519 -0.145436
v -0.129475 0.039439 -0.224718
v -0.043550 0.134033 -0.092582
v -0.108242 0.084926 -0.171864
v 0.007933 0.142943 -0.039727
v -0.133866 0.009913 -0.251145
v -0.071394 0.120212 -0.119009
v -0.123262 0.058560 -0.198291
v -0.023516 0.140087 -0.066155
v -0.095318 0.100755 -0.145436
v -0.132035 0.029770 -0.224718
v -0.053330 0.130451 -0.092582
v -0.114218 0.076700 -0.171864
v -0.002646 0.143139 -0.039727
v -0.080077 0.114611 -0.119009
v -0.127250 0.049297 -0.198291
v -0.033798 0.137968 -0.066155
v -0.102499 0.093440 -0.145436
v -0.133873 0.019937 -0.224718
v -0.062818 0.126156 -0.092582
v -0.119571 0.068056 -0.171864
v -0.013209 0.142553 -0.039727
v -0.088322 0.108385 -0.119009
v -0.130543 0.039765 -0.198291
v -0.043895 0.135095 -0.066155
v -0.109120 0.085615 -0.145436
v -0.134979 0.009996 -0.224718
v -0.071964 0.121172 -0.092582
v -0.124270 0.059039 -0.171864
v -0.023701 0.141188 -0.039727
v -0.096086 0.101566 -0.119009
v -0.133124 0.030015 -0.198291
v -0.053752 0.131484 -0.066155
v -0.115145 0.077323 -0.145436
v -0.080716 0.115527 -0.092582
v -0.128291 0.049700 -0.171864
v -0.034064 0.139052 -0.039727
v -0.103324 0.094192 -0.119009
v -0.134977 0.020102 -0.198291
v -0.063316 0.127155 -0.066155
v -0.120541 0.068608 -0.145436
v -0.089027 0.109250 -0.092582
v -0.131611 0.040090 -0.171864
v -0.044240 0.136156 -0.039727
v -0.109998 0.086304 -0.119009
v -0.136093 0.010078 -0.198291
v -0.072534 0.122132 -0.066155
v -0.125279 0.059518 -0.145436
v -0.096853 0.102377 -0.092582
v -0.134213 0.030261 -0.171864
v -0.054175 0.132517 -0.039727
v -0.116072 0.077945 -0.119009
v -0.081355 0.116442 -0.066155
v -0.129332 0.050103 -0.145436
v -0.104149 0.094944 -0.092582
v -0.136081 0.020266 -0.171864
v -0.063813 0.128155 -0.039727
v -0.121511 0.069160 -0.119009
v -0.089733 0.110115 -0.066155
v -0.132679 0.040415 -0.145436
v -0.110876 0.086993 -0.092582
v -0.137206 0.010161 -0.171864
v -0.073104 0.123092 -0.039727
v -0.126287 0.059997 -0.119009
v -0.097620 0.103188 -0.066155
v -0.135302 0.030506 -0.145436
v -0.116998 0.078567 -0.092582
v -0.081995 0.117357 -0.039727
v -0.130373 0.050507 -0.119009
v -0.104974 0.095696 -0.066155
v -0.137185 0.020430 -0.145436
v -0.122481 0.069712 -0.092582
v -0.090438 0.110981 -0.039727
v -0.133747 0.040740 -0.119009
v -0.111755 0.087683 -0.066155
v -0.138319 0.010243 -0.145436
v -0.127295 0.060476 -0.092582
v -0.098387 0.103999 -0.039727
v -0.136391 0.030752 -0.119009
v -0.117925 0.079190 -0.066155
v -0.131414 0.050910 -0.092582
v -0.105799 0.096448 -0.039727
v -0.138289 0.020595 -0.119009
v -0.123451 0.070264 -0.066155
v -0.134815 0.041066 -0.092582
v -0.112633 0.088372 -0.039727
v -0.139433 0.010326 -0.119009
v -0.128304 0.060955 -0.066155
v -0.137480 0.030997 -0.092582
v -0.118852 0.079812 -0.039727
v -0.132455 0.051313 -0.066155
v -0.139393 0.020759 -0.092582
v -0.124422 0.070817 -0.039727
v -0.135883 0.041391 -0.066155
v -0.140546 0.010408 -0.092582
v -0.129312 0.061434 -0.039727
v -0.138569 0.031243 -0.066155
v -0.133496 0.051717 -0.039727
v -0.140497 0.020924 -0.066155
v -0.136951 0.041716 -0.039727
v -0.141659 0.010491 -0.066155
v -0.139658 0.031488 -0.039727
v -0.141602 0.021088 -0.039727
v -0.142772 0.010573 -0.039727
v -0.091748 -0.089254 -0.304000
v -0.086692 -0.094173 -0.304000
v -0.096526 -0.084064 -0.304000
v -0.081373 -0.098805 -0.304000
v -0.101010 -0.078619 -0.304000
v -0.075806 -0.103138 -0.304000
v -0.105188 -0.072935 -0.304000
v -0.070009 -0.107157 -0.304000
v -0.109046 -0.067030 -0.304000
v -0.064000 -0.110851 -0.304000
v -0.112573 -0.060921 -0.304000
v -0.057796 -0.114209 -0.304000
v -0.115758 -0.054627 -0.304000
v -0.051417 -0.117219 -0.304000
v -0.118591 -0.048168 -0.304000
v -0.044882 -0.119873 -0.304000
v -0.121065 -0.041562 -0.304000
v -0.038210 -0.122164 -0.304000
v -0.123170 -0.034829 -0.304000
v -0.031422 -0.124083 -0.304000
v -0.124902 -0.027991 -0.304000
v -0.024539 -0.125626 -0.304000
v -0.126254 -0.021068 -0.304000
v -0.017581 -0.126787 -0.304000
v -0.127223 -0.014081 -0.304000
v -0.010570 -0.127563 -0.304000
v -0.127806 -0.007051 -0.304000
v -0.003527 -0.127951 -0.304000
v -0.128000 0.000000 -0.304000
v 0.003527 -0.127951 -0.304000
v -0.127806 0.007051 -0.304000
v 0.010570 -0.127563 -0.304000
v -0.127223 0.014081 -0.304000
v 0.017581 -0.126787 -0.304000
v -0.126254 0.021068 -0.304000
v 0.024539 -0.125626 -0.304000
v -0.124902 0.027991 -0.304000
v 0.031422 -0.124083 -0.304000
v -0.123170 0.034829 -0.304000
v 0.038210 -0.122164 -0.304000
v -0.121065 0.041562 -0.304000
v 0.044882 -0.119873 -0.304000
v -0.118591 0.048168 -0.304000
v 0.051417 -0.117219 -0.304000
v -0.115758 0.054627 -0.304000
v 0.057796 -0.114209 -0.304000
v -0.112573 0.060921 -0.304000
v 0.064000 -0.110851 -0.304000
v -0.109046 0.067030 -0.304000
v 0.070009 -0.107157 -0.304000
v -0.105188 0.072935 -0.304000
v 0.075806 -0.103138 -0.304000
v -0.101010 0.078619 -0.304000
v 0.081373 -0.098805 -0.304000
v -0.096526 0.084064 -0.304000
v 0.086692 -0.094173 -0.304000
v -0.091748 0.089254 -0.304000
v 0.091748 -0.089254 -0.304000
v -0.086692 0.094173 -0.304000
v 0.096526 -0.084064 -0.304000
v -0.081373 0.098805 -0.304000
v 0.101010 -0.078619 -0.304000
v -0.075806 0.103138 -0.304000
v 0.105188 -0.072935 -0.304000
v -0.070009 0.107157 -0.304000
v 0.109046 -0.067030 -0.304000
v -0.064000 0.110851 -0.304000
v 0.112573 -0.060921 -0.304000
v -0.057796 0.114209 -0.304000
v 0.115758 -0.054627 -0.304000
v -0.051417 0.117219 -0.304000
v 0.118591 -0.048168 -0.304000
v -0.044882 0.119873 -0.304000
v 0.121065 -0.041562 -0.304000
v -0.038210 0.122164 -0.304000
v 0.123170 -0.034829 -0.304000
v -0.031422 0.124083 -0.304000
v 0.124902 -0.027991 -0.304000
v -0.024539 0.125626 -0.304000
v 0.126254 -0.021068 -0.304000
v -0.017581 0.126787 -0.304000
v 0.127223 -0.014081 -0.304000
v -0.010570 0.127563 -0.304000
v 0.127806 -0.007051 -0.304000
v -0.003527 0.127951 -0.304000
v 0.128000 0.000000 -0.304000
v 0.003527 0.127951 -0.304000
v 0.127806 0.007051 -0.304000
v 0.010570 0.127563 -0.304000
v 0.127223 0.014081 -0.304000
v 0.017581 0.126787 -0.304000
v 0.126254 0.021068 -0.304000
v 0.024539 0.125626 -0.304000
v 0.124902 0.027991 -0.304000
v 0.031422 0.124083 -0.304000
v 0.123170 0.034829 -0.304000
v 0.038210 0.122164 -0.304000
v 0.121065 0.041562 -0.304000
v 0.044882 0.119873 -0.304000
v 0.118591 0.048168 -0.304000
v 0.051417 0.117219 -0.304000
v 0.115758 0.054627 -0.304000
v 0.057796 0.114209 -0.304000
v 0.112573 0.060921 -0.304000
v 0.064000 0.110851 -0.304000
v 0.109046 0.067030 -0.304000
v 0.070009 0.107157 -0.304000
v 0.105188 0.072935 -0.304000
v 0.075806 0.103138 -0.304000
v 0.101010 0.078619 -0.304000
v 0.081373 0.098805 -0.304000
v 0.096526 0.084064 -0.304000
v 0.086692 0.094173 -0.304000
v 0.091748 0.089254 -0.304000
v -0.128000 0.000000 -0.299000
v -0.127806 0.007051 -0.299000
v -0.127223 0.014081 -0.299000
v -0.126254 0.021068 -0.299000
v -0.124902 0.027991 -0.299000
v -0.123170 0.034829 -0.299000
v -0.121065 0.041562 -0.299000
v -0.118591 0.048168 -0.299000
v -0.115758 0.054627 -0.299000
v -0.112573 0.060921 -0.299000
v -0.109046 0.067030 -0.299000
v -0.105188 0.072935 -0.299000
v -0.101010 0.078619 -0.299000
v -0.096526 0.084064 -0.299000
v -0.091748 0.089254 -0.299000
v -0.086692 0.094173 -0.299000
v -0.081373 0.098805 -0.299000
v -0.075806 0.103138 -0.299000
v -0.070009 0.107157 -0.299000
v -0.064000 0.110851 -0.299000
v -0.057796 0.114209 -0.299000
v -0.051417 0.117219 -0.299000
v -0.044882 0.119873 -0.299000
v -0.038210 0.122164 -0.299000
v -0.031422 0.124083 -0.299000
v -0.024539 0.125626 -0.299000
v -0.017581 0.126787 -0.299000
v -0.010570 0.127563 -0.299000
v -0.003527 0.127951 -0.299000
v 0.003527 0.127951 -0.299000
v 0.010570 0.127563 -0.299000
v 0.017581 0.126787 -0.299000
v 0.024539 0.125626 -0.299000
v 0.031422 0.124083 -0.299000
v 0.038210 0.122164 -0.299000
v 0.044882 0.119873 -0.299000
v 0.051417 0.117219 -0.299000
v 0.057796 0.114209 -0.299000
v 0.064000 0.110851 -0.299000
v 0.070009 0.107157 -0.299000
v 0.075806 0.103138 -0.299000
v 0.081373 0.098805 -0.299000
v 0.086692 0.094173 -0.299000
v 0.091748 0.089254 -0.299000
v 0.096526 0.084064 -0.299000
v 0.101010 0.078619 -0.299000
v 0.105188 0.072935 -0.299000
v 0.109046 0.067030 -0.299000
v 0.112573 0.060921 -0.299000
v 0.115758 0.054627 -0.299000
v 0.118591 0.048168 -0.299000
v 0.121065 0.041562 -0.299000
v 0.123170 0.034829 -0.299000
v 0.124902 0.027991 -0.299000
v 0.126254 0.021068 -0.299000
v 0.127223 0.014081 -0.299000
v 0.127806 0.007051 -0.299000
v 0.128000 0.000000 -0.299000
v 0.127806 -0.007051 -0.299000
v 0.127223 -0.014081 -0.299000
v 0.126254 -0.021068 -0.299000
v 0.124902 -0.027991 -0.299000
v 0.123170 -0.034829 -0.299000
v 0.121065 -0.041562 -0.299000
v 0.118591 -0.048168 -0.299000
v 0.115758 -0.054627 -0.299000
v 0.112573 -0.060921 -0.299000
v 0.109046 -0.067030 -0.299000
v 0.105188 -0.072935 -0.299000
v 0.101010 -0.078619 -0.299000
v 0.096526 -0.084064 -0.299000
v 0.091748 -0.089254 -0.299000
v 0.086692 -0.094173 -0.299000
v 0.081373 -0.098805 -0.299000
v 0.075806 -0.103138 -0.299000
v 0.070009 -0.107157 -0.299000
v 0.064000 -0.110851 -0.299000
v 0.057796 -0.114209 -0.299000
v 0.051417 -0.117219 -0.299000
v 0.044882 -0.119873 -0.299000
v 0.038210 -0.122164 -0.299000
v 0.031422 -0.124083 -0.299000
v 0.024539 -0.125626 -0.299000
v 0.017581 -0.126787 -0.299000
v 0.010570 -0.127563 -0.299000
v 0.003527 -0.127951 -0.299000
v -0.003527 -0.127951 -0.299000
v -0.010570 -0.127563 -0.299000
v -0.017581 -0.126787 -0.299000
v -0.024539 -0.125626 -0.299000
v -0.031422 -0.124083 -0.299000
v -0.038210 -0.122164 -0.299000
v -0.044882 -0.119873 -0.299000
v -0.051417 -0.117219 -0.299000
v -0.057796 -0.114209 -0.299000
v -0.064000 -0.110851 -0.299000
v -0.070009 -0.107157 -0.299000
v -0.075806 -0.103138 -0.299000
v -0.081373 -0.098805 -0.299000
v -0.086692 -0.094173 -0.299000
v -0.091748 -0.089254 -0.299000
v -0.096526 -0.084064 -0.299000
v -0.101010 -0.078619 -0.299000
v -0.105188 -0.072935 -0.299000
v -0.109046 -0.067030 -0.299000
v -0.112573 -0.060921 -0.299000
v -0.115758 -0.054627 -0.299000
v -0.118591 -0.048168 -0.299000
v -0.121065 -0.041562 -0.299000
v -0.123170 -0.034829 -0.299000
v -0.124902 -0.027991 -0.299000
v -0.126254 -0.021068 -0.299000
v -0.127223 -0.014081 -0.299000
v -0.127806 -0.007051 -0.299000
vn -0.0000 0.0983 -0.9952
vn 0.0043 0.1305 -0.9914
vn 0.0058 0.3827 -0.9239
vn -0.0029 0.2912 -0.9567
vn 0.0056 0.6087 -0.7933
vn -0.0048 0.4910 -0.8712
vn 0.0051 0.7933 -0.6088
vn -0.0044 0.6826 -0.7308
vn 0.0042 0.9239 -0.3827
vn -0.0037 0.8356 -0.5493
vn 0.0029 0.9914 -0.1305
vn -0.0026 0.9416 -0.3368
vn -0.0010 0.9944 -0.1054
vn 0.0011 0.9913 0.1316
vn 0.0010 0.9914 0.1309
vn 0.0009 0.9914 0.1305
vn 0.0012 0.9913 0.1319
vn 0.0028 0.9239 0.3827
vn -0.0008 0.9322 0.3619
vn 0.0042 0.7933 0.6088
vn -0.0025 0.8206 0.5716
vn 0.0053 0.6088 0.7933
vn -0.0037 0.6626 0.7490
vn -0.0046 0.4672 0.8841
vn 0.0059 0.3827 0.9239
vn -0.0050 0.2452 0.9694
vn 0.0062 0.1305 0.9914
vn -0.0051 0.0094 0.9999
vn 0.0060 -0.1305 0.9914
vn -0.0047 -0.2270 0.9739
vn 0.0054 -0.3827 0.9239
vn -0.0040 -0.4504 0.8928
vn 0.0045 -0.6088 0.7933
vn -0.0028 -0.6485 0.7613
vn 0.0031 -0.7934 0.6088
vn -0.0012 -0.8097 0.5868
vn 0.0014 -0.9239 0.3827
vn 0.0012 -0.9243 0.3818
vn 0.0009 -0.9249 0.3801
vn 0.0007 -0.9253 0.3792
vn -0.0007 -0.9886 0.1503
vn 0.0026 -0.9914 0.1305
vn -0.0023 -0.9962 -0.0868
vn 0.0040 -0.9914 -0.1305
vn -0.0035 -0.9477 -0.3192
vn 0.0050 -0.9239 -0.3827
vn -0.0043 -0.8458 -0.5335
vn 0.0056 -0.7933 -0.6087
vn 0.0058 -0.6087 -0.7933
vn -0.0048 -0.6961 -0.7179
vn -0.0048 -0.5070 -0.8619
vn 0.0057 -0.3827 -0.9239
vn 0.0018 -0.3478 -0.9376
vn 0.0048 -0.1305 -0.9914
vn -0.0010 -0.2384 -0.9712
vn -0.0000 -0.0916 -0.9958
vn 1.0000 -0.0000 -0.0000
vn 1.0000 -0.0001 -0.0000
vn 1.0000 -0.0002 -0.0000
vn 1.0000 0.0001 -0.0000
vn -0.0000 1.0000 -0.0000
vn -0.0000 -1.0000 -0.0000
vn 0.9990 -0.0030 -0.0457
vn 0.9990 0.0001 -0.0457
vn 0.9990 -0.0000 -0.0457
vn 0.9989 0.0031 -0.0457
vn 0.9990 -0.0002 -0.0456
vn 0.9989 -0.0249 -0.0406
vn 0.9989 -0.0241 -0.0411
vn 0.9988 -0.0185 -0.0446
vn 0.9968 -0.0661 -0.0452
vn 0.9959 -0.0729 -0.0538
vn 0.9956 -0.0747 -0.0560
vn 0.9989 -0.0194 -0.0430
vn 0.9989 -0.0190 -0.0426
vn 0.9987 -0.0207 -0.0458
vn 0.9990 -0.0175 -0.0408
vn 0.9990 -0.0172 -0.0407
vn 0.9992 -0.0148 -0.0377
vn 0.9995 -0.0101 -0.0298
vn 0.9992 -0.0151 -0.0380
vn 0.9994 -0.0117 -0.0329
vn 0.9996 -0.0090 -0.0276
vn 0.9988 -0.0175 -0.0452
vn 0.9984 -0.0251 -0.0509
vn 0.9965 -0.0753 -0.0351
vn 0.9966 -0.0725 -0.0382
vn 0.9966 -0.0748 -0.0358
vn 0.9982 -0.0113 -0.0595
vn 0.9978 -0.0084 -0.0653
vn 0.9978 -0.0079 -0.0657
vn 0.9982 -0.0119 -0.0582
vn 0.9985 -0.0159 -0.0524
vn 0.9986 -0.0174 -0.0506
vn 0.9984 -0.0149 -0.0538
vn 0.9986 -0.0171 -0.0508
vn 0.9986 -0.0192 -0.0486
vn 0.9988 -0.0173 -0.0460
vn 0.9956 0.0747 -0.0560
vn 0.9959 0.0729 -0.0538
vn 0.9968 0.0661 -0.0452
vn 0.9988 0.0185 -0.0446
vn 0.9989 0.0241 -0.0411
vn 0.9989 0.0249 -0.0406
vn 0.9996 0.0078 -0.0254
vn 0.9996 0.0079 -0.0256
vn 0.9997 0.0077 -0.0253
vn 0.9996 0.0081 -0.0259
vn 0.9992 0.0151 -0.0381
vn 0.9991 0.0165 -0.0396
vn 0.9993 0.0135 -0.0357
vn 0.9991 0.0163 -0.0396
vn 0.9990 0.0175 -0.0411
vn 0.9989 0.0196 -0.0432
vn 0.9987 0.0207 -0.0460
vn 0.9988 0.0175 -0.0453
vn 0.9966 0.0725 -0.0382
vn 0.9966 0.0748 -0.0358
vn 0.9965 0.0753 -0.0351
vn 0.9984 0.0251 -0.0509
vn 0.9984 0.0242 -0.0503
vn 0.9987 0.0182 -0.0466
vn 0.9986 0.0191 -0.0488
vn 0.9986 0.0173 -0.0508
vn 0.9986 0.0169 -0.0510
vn 0.9985 0.0157 -0.0527
vn 0.9984 0.0146 -0.0541
vn 0.9981 0.0110 -0.0600
vn 0.9978 0.0079 -0.0660
vn 0.9982 0.0117 -0.0586
vn 0.9978 0.0075 -0.0665
vn 0.9988 0.0172 -0.0460
vn -0.0000 -0.0000 1.0000
vn -0.9822 -0.1814 -0.0481
vn -0.9911 -0.1299 -0.0289
vn -0.9893 -0.1396 -0.0421
vn -0.9893 -0.1397 -0.0420
vn -0.9893 -0.1395 -0.0422
vn -0.9828 -0.1809 -0.0362
vn -0.9901 -0.1290 -0.0561
vn -0.9715 -0.2326 -0.0463
vn -0.9768 -0.2117 -0.0316
vn -0.9764 -0.2116 -0.0431
vn -0.9769 -0.2117 -0.0302
vn -0.9719 -0.2321 -0.0382
vn -0.9765 -0.2116 -0.0410
vn -0.9759 -0.2115 -0.0530
vn -0.9759 -0.2115 -0.0541
vn -0.9418 -0.3330 -0.0460
vn -0.9584 -0.2830 -0.0363
vn -0.9585 -0.2829 -0.0362
vn -0.9583 -0.2833 -0.0367
vn -0.9583 -0.2826 -0.0423
vn -0.9581 -0.2825 -0.0479
vn -0.9581 -0.2826 -0.0479
vn -0.9423 -0.3325 -0.0382
vn -0.9580 -0.2825 -0.0481
vn -0.9580 -0.2826 -0.0481
vn -0.9230 -0.3818 -0.0482
vn -0.9354 -0.3523 -0.0314
vn -0.9350 -0.3521 -0.0434
vn -0.9354 -0.3523 -0.0304
vn -0.9237 -0.3814 -0.0362
vn -0.9350 -0.3521 -0.0413
vn -0.9345 -0.3519 -0.0541
vn -0.9345 -0.3519 -0.0528
vn -0.8747 -0.4830 -0.0396
vn -0.8783 -0.4763 -0.0419
vn -0.8779 -0.4770 -0.0412
vn -0.9020 -0.4297 -0.0424
vn -0.9068 -0.4198 -0.0387
vn -0.9067 -0.4197 -0.0417
vn -0.9070 -0.4199 -0.0328
vn -0.9070 -0.4199 -0.0321
vn -0.9063 -0.4195 -0.0508
vn -0.9063 -0.4195 -0.0521
vn -0.8785 -0.4759 -0.0422
vn -0.9022 -0.4292 -0.0422
vn -0.8519 -0.5215 -0.0481
vn -0.8738 -0.4852 -0.0330
vn -0.8735 -0.4851 -0.0417
vn -0.8526 -0.5214 -0.0362
vn -0.8731 -0.4848 -0.0521
vn -0.8731 -0.4849 -0.0508
vn -0.8235 -0.5655 -0.0463
vn -0.8359 -0.5480 -0.0316
vn -0.8355 -0.5478 -0.0431
vn -0.8359 -0.5480 -0.0303
vn -0.8356 -0.5478 -0.0410
vn -0.8351 -0.5475 -0.0541
vn -0.8351 -0.5475 -0.0530
vn -0.8240 -0.5653 -0.0382
vn -0.7598 -0.6485 -0.0460
vn -0.7932 -0.6079 -0.0364
vn -0.7932 -0.6078 -0.0362
vn -0.7931 -0.6080 -0.0365
vn -0.7932 -0.6075 -0.0423
vn -0.7930 -0.6074 -0.0479
vn -0.7604 -0.6484 -0.0382
vn -0.7929 -0.6074 -0.0481
vn -0.7248 -0.6873 -0.0482
vn -0.7468 -0.6643 -0.0314
vn -0.7464 -0.6640 -0.0434
vn -0.7468 -0.6643 -0.0303
vn -0.7465 -0.6641 -0.0413
vn -0.7461 -0.6637 -0.0541
vn -0.7461 -0.6637 -0.0528
vn -0.7254 -0.6874 -0.0362
vn -0.6880 -0.7245 -0.0424
vn -0.6959 -0.7171 -0.0388
vn -0.6961 -0.7172 -0.0328
vn -0.6961 -0.7173 -0.0322
vn -0.6958 -0.7170 -0.0417
vn -0.6433 -0.7646 -0.0396
vn -0.6491 -0.7595 -0.0420
vn -0.6485 -0.7601 -0.0413
vn -0.6955 -0.7167 -0.0508
vn -0.6494 -0.7593 -0.0422
vn -0.6883 -0.7242 -0.0422
vn -0.6955 -0.7167 -0.0521
vn -0.6416 -0.7663 -0.0330
vn -0.6083 -0.7923 -0.0481
vn -0.6088 -0.7925 -0.0362
vn -0.6414 -0.7661 -0.0417
vn -0.6411 -0.7657 -0.0521
vn -0.6411 -0.7658 -0.0508
vn -0.5837 -0.8113 -0.0316
vn -0.5835 -0.8110 -0.0431
vn -0.5837 -0.8114 -0.0303
vn -0.5660 -0.8231 -0.0462
vn -0.5665 -0.8232 -0.0382
vn -0.5835 -0.8111 -0.0410
vn -0.5832 -0.8106 -0.0541
vn -0.5832 -0.8106 -0.0530
vn -0.5225 -0.8519 -0.0364
vn -0.5225 -0.8516 -0.0423
vn -0.5225 -0.8519 -0.0362
vn -0.4768 -0.8778 -0.0461
vn -0.5224 -0.8520 -0.0364
vn -0.5223 -0.8514 -0.0479
vn -0.5223 -0.8514 -0.0481
vn -0.4772 -0.8780 -0.0382
vn -0.4588 -0.8880 -0.0314
vn -0.4586 -0.8876 -0.0434
vn -0.4588 -0.8880 -0.0303
vn -0.4302 -0.9015 -0.0481
vn -0.4587 -0.8877 -0.0413
vn -0.4584 -0.8872 -0.0528
vn -0.4584 -0.8871 -0.0541
vn -0.4306 -0.9018 -0.0362
vn -0.3925 -0.9192 -0.0336
vn -0.3923 -0.9188 -0.0426
vn -0.3925 -0.9192 -0.0322
vn -0.3336 -0.9418 -0.0421
vn -0.3825 -0.9230 -0.0423
vn -0.3923 -0.9187 -0.0456
vn -0.3338 -0.9417 -0.0422
vn -0.3827 -0.9229 -0.0422
vn -0.3922 -0.9185 -0.0515
vn -0.3921 -0.9184 -0.0521
vn -0.3240 -0.9455 -0.0329
vn -0.3240 -0.9453 -0.0388
vn -0.3240 -0.9455 -0.0323
vn -0.2838 -0.9577 -0.0481
vn -0.3239 -0.9452 -0.0417
vn -0.2841 -0.9581 -0.0362
vn -0.3238 -0.9448 -0.0508
vn -0.3238 -0.9447 -0.0521
vn -0.2539 -0.9667 -0.0317
vn -0.2538 -0.9663 -0.0431
vn -0.2539 -0.9668 -0.0303
vn -0.2333 -0.9713 -0.0462
vn -0.2538 -0.9664 -0.0410
vn -0.2536 -0.9658 -0.0530
vn -0.2335 -0.9716 -0.0382
vn -0.2536 -0.9658 -0.0541
vn -0.1823 -0.9826 -0.0364
vn -0.1822 -0.9823 -0.0423
vn -0.1822 -0.9826 -0.0362
vn -0.1304 -0.9904 -0.0461
vn -0.1822 -0.9826 -0.0363
vn -0.1306 -0.9907 -0.0382
vn -0.1822 -0.9821 -0.0479
vn -0.1822 -0.9821 -0.0481
vn -0.1097 -0.9930 -0.0431
vn -0.1097 -0.9931 -0.0410
vn -0.1098 -0.9935 -0.0317
vn -0.1098 -0.9935 -0.0303
vn -0.0784 -0.9958 -0.0481
vn -0.0785 -0.9963 -0.0362
vn -0.1097 -0.9926 -0.0530
vn -0.1097 -0.9925 -0.0541
vn -0.0367 -0.9988 -0.0336
vn -0.0366 -0.9984 -0.0427
vn -0.0367 -0.9988 -0.0323
vn 0.0262 -0.9988 -0.0422
vn -0.0262 -0.9988 -0.0422
vn -0.0366 -0.9983 -0.0456
vn -0.0366 -0.9980 -0.0521
vn -0.0366 -0.9980 -0.0515
vn 0.0784 -0.9958 -0.0481
vn 0.0367 -0.9988 -0.0329
vn 0.0367 -0.9986 -0.0388
vn 0.0367 -0.9988 -0.0323
vn 0.0366 -0.9985 -0.0417
vn 0.0366 -0.9980 -0.0521
vn 0.0366 -0.9980 -0.0508
vn 0.0785 -0.9963 -0.0362
vn 0.1098 -0.9935 -0.0317
vn 0.1097 -0.9930 -0.0431
vn 0.1098 -0.9935 -0.0303
vn 0.1822 -0.9826 -0.0364
vn 0.1822 -0.9826 -0.0363
vn 0.1822 -0.9826 -0.0362
vn 0.1304 -0.9904 -0.0461
vn 0.1097 -0.9931 -0.0410
vn 0.1097 -0.9925 -0.0541
vn 0.1097 -0.9925 -0.0530
vn 0.1822 -0.9821 -0.0480
vn 0.1822 -0.9821 -0.0481
vn 0.1306 -0.9907 -0.0382
vn 0.1823 -0.9826 -0.0364
vn 0.2333 -0.9713 -0.0462
vn 0.2335 -0.9716 -0.0382
vn 0.1822 -0.9824 -0.0421
vn 0.2539 -0.9667 -0.0313
vn 0.2538 -0.9663 -0.0434
vn 0.2539 -0.9668 -0.0303
vn 0.2838 -0.9577 -0.0481
vn 0.2841 -0.9581 -0.0362
vn 0.2538 -0.9664 -0.0413
vn 0.2536 -0.9658 -0.0541
vn 0.2536 -0.9659 -0.0528
vn 0.3240 -0.9453 -0.0388
vn 0.3240 -0.9455 -0.0330
vn 0.3240 -0.9455 -0.0323
vn 0.3239 -0.9452 -0.0417
vn 0.3825 -0.9230 -0.0423
vn 0.3336 -0.9418 -0.0421
vn 0.3827 -0.9229 -0.0422
vn 0.3338 -0.9417 -0.0422
vn 0.3238 -0.9448 -0.0508
vn 0.3238 -0.9447 -0.0521
vn 0.3925 -0.9192 -0.0328
vn 0.3924 -0.9190 -0.0388
vn 0.3925 -0.9192 -0.0322
vn 0.4302 -0.9015 -0.0481
vn 0.4306 -0.9018 -0.0362
vn 0.3923 -0.9189 -0.0417
vn 0.3921 -0.9184 -0.0521
vn 0.3922 -0.9185 -0.0508
vn 0.4588 -0.8880 -0.0317
vn 0.4586 -0.8876 -0.0431
vn 0.4588 -0.8880 -0.0303
vn 0.5224 -0.8519 -0.0364
vn 0.5224 -0.8520 -0.0364
vn 0.5225 -0.8519 -0.0362
vn 0.4768 -0.8778 -0.0461
vn 0.5223 -0.8514 -0.0480
vn 0.5223 -0.8514 -0.0481
vn 0.4772 -0.8780 -0.0382
vn 0.4587 -0.8877 -0.0410
vn 0.4584 -0.8871 -0.0541
vn 0.4584 -0.8872 -0.0530
vn 0.5660 -0.8231 -0.0462
vn 0.5226 -0.8518 -0.0363
vn 0.5665 -0.8232 -0.0382
vn 0.5225 -0.8516 -0.0421
vn 0.6083 -0.7923 -0.0481
vn 0.5837 -0.8113 -0.0313
vn 0.5835 -0.8110 -0.0434
vn 0.5837 -0.8114 -0.0303
vn 0.6088 -0.7925 -0.0362
vn 0.5835 -0.8111 -0.0413
vn 0.5832 -0.8106 -0.0541
vn 0.5832 -0.8106 -0.0528
vn 0.6880 -0.7245 -0.0424
vn 0.6474 -0.7613 -0.0354
vn 0.6485 -0.7601 -0.0413
vn 0.6491 -0.7595 -0.0420
vn 0.6414 -0.7661 -0.0426
vn 0.6883 -0.7242 -0.0422
vn 0.6494 -0.7593 -0.0422
vn 0.6413 -0.7660 -0.0456
vn 0.6411 -0.7657 -0.0521
vn 0.6411 -0.7657 -0.0515
vn 0.7248 -0.6873 -0.0482
vn 0.6961 -0.7172 -0.0328
vn 0.6959 -0.7171 -0.0388
vn 0.6961 -0.7173 -0.0322
vn 0.6958 -0.7170 -0.0417
vn 0.6955 -0.7167 -0.0508
vn 0.7254 -0.6874 -0.0362
vn 0.6955 -0.7167 -0.0521
vn 0.7468 -0.6643 -0.0317
vn 0.7465 -0.6640 -0.0431
vn 0.7468 -0.6643 -0.0303
vn 0.7932 -0.6079 -0.0364
vn 0.7931 -0.6080 -0.0365
vn 0.7932 -0.6078 -0.0362
vn 0.7598 -0.6485 -0.0460
vn 0.7465 -0.6641 -0.0410
vn 0.7461 -0.6637 -0.0541
vn 0.7461 -0.6637 -0.0530
vn 0.7930 -0.6074 -0.0480
vn 0.7929 -0.6074 -0.0481
vn 0.7604 -0.6484 -0.0382
vn 0.7934 -0.6077 -0.0362
vn 0.8235 -0.5655 -0.0463
vn 0.7932 -0.6076 -0.0421
vn 0.8240 -0.5653 -0.0382
vn 0.8359 -0.5480 -0.0313
vn 0.8355 -0.5477 -0.0434
vn 0.8359 -0.5480 -0.0303
vn 0.8519 -0.5215 -0.0481
vn 0.8526 -0.5214 -0.0362
vn 0.8356 -0.5478 -0.0413
vn 0.8352 -0.5475 -0.0528
vn 0.8351 -0.5475 -0.0541
vn 0.8773 -0.4786 -0.0354
vn 0.8735 -0.4850 -0.0426
vn 0.8779 -0.4770 -0.0412
vn 0.9020 -0.4297 -0.0424
vn 0.8783 -0.4763 -0.0419
vn 0.9022 -0.4292 -0.0422
vn 0.8785 -0.4759 -0.0422
vn 0.8733 -0.4850 -0.0456
vn 0.8731 -0.4848 -0.0521
vn 0.8731 -0.4848 -0.0515
vn 0.9070 -0.4198 -0.0328
vn 0.9068 -0.4198 -0.0387
vn 0.9070 -0.4199 -0.0321
vn 0.9230 -0.3818 -0.0482
vn 0.9067 -0.4197 -0.0417
vn 0.9063 -0.4195 -0.0508
vn 0.9237 -0.3814 -0.0362
vn 0.9063 -0.4195 -0.0521
vn 0.9354 -0.3522 -0.0317
vn 0.9350 -0.3521 -0.0430
vn 0.9354 -0.3523 -0.0304
vn 0.9584 -0.2831 -0.0364
vn 0.9583 -0.2833 -0.0367
vn 0.9585 -0.2829 -0.0362
vn 0.9418 -0.3330 -0.0460
vn 0.9423 -0.3325 -0.0382
vn 0.9351 -0.3521 -0.0410
vn 0.9345 -0.3519 -0.0541
vn 0.9345 -0.3519 -0.0530
vn 0.9585 -0.2827 -0.0362
vn 0.9715 -0.2326 -0.0463
vn 0.9719 -0.2321 -0.0382
vn 0.9581 -0.2825 -0.0479
vn 0.9580 -0.2825 -0.0481
vn 0.9580 -0.2826 -0.0481
vn 0.9581 -0.2826 -0.0479
vn 0.9893 -0.1396 -0.0421
vn 0.9893 -0.1397 -0.0420
vn 0.9768 -0.2117 -0.0313
vn 0.9764 -0.2116 -0.0433
vn 0.9769 -0.2117 -0.0302
vn 0.9911 -0.1299 -0.0289
vn 0.9822 -0.1814 -0.0481
vn 0.9901 -0.1290 -0.0561
vn 0.9828 -0.1809 -0.0362
vn 0.9893 -0.1395 -0.0422
vn 0.9765 -0.2116 -0.0413
vn 0.9759 -0.2115 -0.0541
vn 0.9760 -0.2115 -0.0528
vn -0.0000 -0.0000 -1.0000
vn -0.0000 0.1191 -0.9929
vn -0.0005 0.1220 -0.9925
vn -0.0014 0.1276 -0.9918
vn 0.0017 0.3505 -0.9366
vn -0.0019 0.1305 -0.9914
vn 0.0030 0.5620 -0.8271
vn -0.0034 0.3827 -0.9239
vn 0.0040 0.7415 -0.6709
vn -0.0045 0.6088 -0.7933
vn 0.0046 0.8790 -0.4769
vn -0.0054 0.7933 -0.6088
vn 0.0049 0.9667 -0.2558
vn -0.0058 0.9239 -0.3827
vn 0.0048 0.9998 -0.0204
vn -0.0059 0.9914 -0.1305
vn 0.0043 0.9763 0.2162
vn -0.0056 0.9914 0.1305
vn 0.0034 0.8977 0.4407
vn -0.0050 0.9239 0.3827
vn 0.0021 0.7682 0.6402
vn -0.0039 0.7933 0.6088
vn 0.0004 0.5952 0.8036
vn -0.0005 0.3885 0.9215
vn -0.0008 0.3870 0.9221
vn -0.0013 0.3842 0.9233
vn -0.0024 0.6088 0.7934
vn -0.0016 0.3827 0.9239
vn 0.0014 0.1595 0.9872
vn -0.0032 0.1305 0.9914
vn 0.0029 -0.0786 0.9969
vn 0.0040 -0.3121 0.9500
vn -0.0045 -0.1305 0.9914
vn -0.0054 -0.3827 0.9239
vn 0.0047 -0.5278 0.8494
vn 0.0050 -0.7136 0.7006
vn -0.0060 -0.6088 0.7933
vn -0.0061 -0.7933 0.6088
vn 0.0050 -0.8589 0.5122
vn 0.0045 -0.9555 0.2949
vn -0.0058 -0.9239 0.3827
vn 0.0037 -0.9981 0.0609
vn -0.0052 -0.9914 0.1305
vn 0.0025 -0.9843 -0.1765
vn -0.0041 -0.9914 -0.1305
vn 0.0009 -0.9148 -0.4040
vn -0.0027 -0.9239 -0.3827
vn -0.0010 -0.7934 -0.6087
vn -0.0010 -0.7934 -0.6088
vn 0.0007 -0.6450 -0.7641
vn 0.0031 -0.4871 -0.8733
vn -0.0050 -0.6088 -0.7933
vn 0.0017 -0.3154 -0.9490
vn -0.0016 -0.1711 -0.9853
vn -0.0057 -0.3827 -0.9239
vn -0.0000 -0.0573 -0.9984
vn -0.0057 -0.1305 -0.9914
vn -1.0000 -0.0000 -0.0000
vn -1.0000 -0.0002 -0.0000
vn -0.9988 0.0164 -0.0455
vn -0.9989 0.0037 -0.0457
vn -0.9989 0.0092 -0.0456
vn -0.9990 0.0009 -0.0456
vn -0.9943 -0.0829 -0.0664
vn -0.9977 -0.0498 -0.0457
vn -0.9988 -0.0167 -0.0457
vn -0.9988 -0.0166 -0.0458
vn -0.9988 -0.0167 -0.0458
vn -0.9997 -0.0062 -0.0221
vn -0.9998 -0.0058 -0.0213
vn -0.9996 -0.0092 -0.0281
vn -0.9995 -0.0101 -0.0298
vn -0.9991 -0.0167 -0.0398
vn -0.9993 -0.0134 -0.0356
vn -0.9991 -0.0158 -0.0387
vn -0.9990 -0.0169 -0.0404
vn -0.9990 -0.0181 -0.0418
vn -0.9988 -0.0202 -0.0438
vn -0.9987 -0.0206 -0.0468
vn -0.9988 -0.0168 -0.0457
vn -0.9962 -0.0837 -0.0246
vn -0.9977 -0.0502 -0.0456
vn -0.9988 -0.0169 -0.0457
vn -0.9967 -0.0666 -0.0458
vn -0.9967 -0.0667 -0.0458
vn -0.9985 -0.0167 -0.0515
vn -0.9986 -0.0185 -0.0493
vn -0.9986 -0.0173 -0.0506
vn -0.9985 -0.0163 -0.0521
vn -0.9984 -0.0139 -0.0552
vn -0.9976 -0.0061 -0.0692
vn -0.9981 -0.0107 -0.0604
vn -0.9980 -0.0098 -0.0622
vn -0.9975 -0.0058 -0.0701
vn -0.9967 -0.0664 -0.0456
vn -0.9988 -0.0169 -0.0458
vn -0.9988 0.0170 -0.0455
vn -0.9988 0.0166 -0.0458
vn -0.9977 0.0498 -0.0457
vn -0.9943 0.0829 -0.0664
vn -0.9997 0.0065 -0.0226
vn -0.9996 0.0082 -0.0260
vn -0.9997 0.0077 -0.0252
vn -0.9997 0.0061 -0.0220
vn -0.9991 0.0162 -0.0392
vn -0.9988 0.0206 -0.0451
vn -0.9989 0.0188 -0.0424
vn -0.9991 0.0167 -0.0402
vn -0.9991 0.0155 -0.0386
vn -0.9992 0.0144 -0.0370
vn -0.9993 0.0134 -0.0355
vn -0.9967 0.0666 -0.0458
vn -0.9967 0.0667 -0.0458
vn -0.9988 0.0169 -0.0458
vn -0.9988 0.0167 -0.0457
vn -0.9988 0.0175 -0.0462
vn -0.9977 0.0502 -0.0456
vn -0.9962 0.0837 -0.0246
vn -0.9980 0.0095 -0.0626
vn -0.9980 0.0094 -0.0630
vn -0.9983 0.0123 -0.0576
vn -0.9983 0.0129 -0.0567
vn -0.9986 0.0179 -0.0500
vn -0.9985 0.0155 -0.0528
vn -0.9985 0.0166 -0.0515
vn -0.9986 0.0178 -0.0500
vn -0.9987 0.0198 -0.0480
vn -0.9988 0.0176 -0.0462
vn -0.9967 0.0664 -0.0456
vn -0.0001 -0.0000 1.0000
vn 0.0001 -0.0000 1.0000
vn 0.0002 -0.0000 1.0000
vn -0.0002 -0.0000 1.0000
vn 0.9987 0.0275 0.0422
vn 0.9986 0.0318 0.0423
vn 0.9986 0.0348 0.0404
vn 0.9988 0.0262 0.0422
vn 0.9984 0.0346 0.0443
vn 0.9986 0.0302 0.0428
vn 0.9986 -0.0348 0.0404
vn 0.9986 -0.0318 0.0423
vn 0.9987 -0.0275 0.0422
vn 0.9984 -0.0346 0.0443
vn 0.9988 -0.0262 0.0422
vn 0.9986 -0.0302 0.0428
vn 0.9956 0.0825 0.0437
vn 0.9985 0.0369 0.0411
vn 0.9930 0.1106 0.0422
vn 0.9930 0.1106 0.0408
vn 0.9931 0.1106 0.0392
vn 0.9896 0.1372 0.0436
vn 0.9821 0.1836 0.0422
vn 0.9812 0.1886 0.0416
vn 0.9818 0.1854 0.0405
vn 0.9685 0.2453 0.0423
vn 0.9673 0.2500 0.0424
vn 0.9665 0.2534 0.0404
vn 0.9806 0.1915 0.0420
vn 0.9984 0.0369 0.0422
vn 0.9535 0.2982 0.0437
vn 0.9659 0.2556 0.0410
vn 0.9356 0.3503 0.0436
vn 0.9444 0.3263 0.0408
vn 0.9443 0.3263 0.0421
vn 0.9445 0.3263 0.0392
vn 0.9177 0.3951 0.0412
vn 0.9162 0.3985 0.0421
vn 0.9171 0.3965 0.0405
vn 0.8914 0.4511 0.0425
vn 0.8889 0.4561 0.0424
vn 0.8873 0.4595 0.0404
vn 0.9150 0.4013 0.0419
vn 0.9659 0.2556 0.0422
vn 0.9443 0.3262 0.0422
vn 0.8860 0.4618 0.0410
vn 0.8652 0.4995 0.0438
vn 0.9177 0.3951 0.0422
vn 0.8364 0.5464 0.0435
vn 0.8495 0.5260 0.0422
vn 0.8495 0.5260 0.0408
vn 0.8496 0.5260 0.0393
vn 0.7712 0.6351 0.0426
vn 0.7673 0.6399 0.0425
vn 0.7647 0.6432 0.0403
vn 0.8076 0.5883 0.0406
vn 0.8063 0.5901 0.0414
vn 0.8051 0.5917 0.0417
vn 0.8083 0.5873 0.0422
vn 0.8860 0.4618 0.0422
vn 0.7350 0.6766 0.0438
vn 0.7628 0.6454 0.0410
vn 0.6966 0.7161 0.0434
vn 0.7130 0.6999 0.0422
vn 0.7130 0.7000 0.0408
vn 0.7131 0.7000 0.0393
vn 0.6137 0.7884 0.0428
vn 0.6586 0.7514 0.0407
vn 0.6576 0.7522 0.0419
vn 0.6562 0.7535 0.0415
vn 0.6594 0.7507 0.0413
vn 0.7627 0.6454 0.0422
vn 0.5693 0.8210 0.0438
vn 0.6021 0.7973 0.0410
vn 0.6021 0.7973 0.0422
vn 0.6022 0.7974 0.0396
vn 0.6593 0.7507 0.0422
vn 0.5232 0.8511 0.0433
vn 0.5416 0.8396 0.0422
vn 0.5416 0.8396 0.0408
vn 0.5416 0.8397 0.0393
vn 0.4264 0.9035 0.0429
vn 0.4776 0.8777 0.0407
vn 0.4764 0.8782 0.0412
vn 0.4755 0.8787 0.0413
vn 0.4781 0.8773 0.0421
vn 0.4120 0.9103 0.0409
vn 0.4120 0.9102 0.0422
vn 0.4120 0.9103 0.0395
vn 0.3759 0.9256 0.0438
vn 0.3436 0.9382 0.0421
vn 0.3437 0.9382 0.0408
vn 0.3437 0.9383 0.0393
vn 0.3244 0.9449 0.0432
vn 0.4781 0.8773 0.0422
vn 0.2185 0.9749 0.0430
vn 0.2731 0.9611 0.0408
vn 0.2723 0.9613 0.0417
vn 0.2719 0.9615 0.0411
vn 0.2734 0.9610 0.0414
vn 0.1644 0.9854 0.0438
vn 0.2017 0.9785 0.0422
vn 0.2017 0.9786 0.0409
vn 0.2017 0.9786 0.0395
vn 0.2734 0.9610 0.0422
vn 0.3436 0.9382 0.0422
vn 0.1099 0.9930 0.0431
vn 0.1289 0.9908 0.0408
vn 0.1289 0.9908 0.0422
vn 0.1289 0.9909 0.0394
vn -0.0000 0.9991 0.0431
vn 0.0551 0.9976 0.0409
vn 0.0552 0.9976 0.0411
vn 0.0550 0.9976 0.0409
vn 0.0554 0.9976 0.0421
vn -0.0550 0.9975 0.0438
vn -0.0185 0.9990 0.0409
vn -0.0185 0.9989 0.0421
vn -0.0185 0.9991 0.0394
vn -0.1645 0.9855 0.0410
vn -0.1646 0.9855 0.0417
vn -0.1651 0.9854 0.0408
vn -0.1099 0.9930 0.0430
vn -0.0922 0.9948 0.0422
vn -0.0922 0.9949 0.0409
vn -0.0922 0.9950 0.0394
vn 0.0554 0.9976 0.0422
vn -0.0185 0.9989 0.0422
vn -0.1654 0.9854 0.0415
vn -0.2185 0.9749 0.0432
vn -0.2718 0.9613 0.0438
vn -0.2377 0.9704 0.0422
vn -0.2377 0.9705 0.0408
vn -0.2378 0.9705 0.0394
vn -0.3760 0.9257 0.0412
vn -0.3768 0.9254 0.0417
vn -0.3776 0.9251 0.0408
vn -0.3244 0.9449 0.0429
vn -0.3088 0.9503 0.0409
vn -0.3087 0.9502 0.0422
vn -0.3088 0.9503 0.0395
vn -0.1654 0.9853 0.0422
vn -0.4264 0.9035 0.0433
vn -0.3781 0.9248 0.0414
vn -0.4453 0.8944 0.0422
vn -0.4454 0.8944 0.0408
vn -0.4454 0.8945 0.0393
vn -0.4755 0.8786 0.0438
vn -0.5693 0.8211 0.0414
vn -0.5704 0.8203 0.0413
vn -0.5716 0.8195 0.0407
vn -0.5232 0.8511 0.0428
vn -0.5102 0.8591 0.0409
vn -0.5102 0.8590 0.0422
vn -0.5102 0.8591 0.0396
vn -0.3781 0.9248 0.0422
vn -0.6136 0.7884 0.0434
vn -0.5722 0.8190 0.0421
vn 0.9961 0.0784 0.0406
vn -0.6561 0.7534 0.0438
vn -0.6311 0.7745 0.0422
vn -0.6312 0.7746 0.0408
vn -0.6312 0.7746 0.0393
vn 0.9928 0.1105 0.0454
vn 0.9929 0.1105 0.0437
vn 0.9821 0.1832 0.0439
vn 0.9822 0.1825 0.0435
vn 0.9823 0.1821 0.0435
vn 0.9906 0.1304 0.0412
vn -0.5722 0.8190 0.0422
vn -0.7351 0.6767 0.0416
vn -0.7363 0.6754 0.0414
vn -0.7376 0.6740 0.0406
vn -0.6967 0.7161 0.0427
vn -0.6866 0.7258 0.0421
vn -0.6867 0.7258 0.0410
vn -0.6867 0.7259 0.0396
vn 0.9821 0.1836 0.0423
vn 0.9716 0.2332 0.0410
vn -0.7712 0.6351 0.0435
vn -0.7384 0.6731 0.0421
vn 0.9657 0.2556 0.0453
vn 0.9659 0.2556 0.0421
vn 0.9657 0.2556 0.0454
vn 0.9580 0.2838 0.0407
vn -0.8050 0.5917 0.0438
vn -0.7861 0.6168 0.0408
vn -0.7860 0.6167 0.0421
vn -0.7861 0.6168 0.0393
vn 0.9430 0.3302 0.0423
vn 0.9443 0.3262 0.0434
vn 0.9231 0.3824 0.0418
vn 0.9418 0.3335 0.0426
vn 0.9437 0.3278 0.0442
vn -0.6866 0.7258 0.0422
vn -0.7384 0.6731 0.0422
vn -0.8653 0.4996 0.0418
vn -0.8664 0.4976 0.0415
vn -0.8677 0.4954 0.0406
vn -0.8311 0.5547 0.0403
vn -0.8332 0.5513 0.0425
vn -0.8364 0.5465 0.0426
vn -0.8295 0.5570 0.0410
vn 0.9176 0.3950 0.0451
vn 0.9176 0.3950 0.0450
vn 0.9018 0.4302 0.0406
vn -0.7860 0.6167 0.0422
vn -0.8914 0.4511 0.0435
vn -0.8683 0.4942 0.0421
vn 0.8859 0.4617 0.0453
vn 0.8860 0.4618 0.0421
vn 0.8859 0.4618 0.0437
vn 0.8499 0.5251 0.0441
vn 0.8510 0.5234 0.0432
vn 0.8518 0.5220 0.0430
vn 0.8781 0.4767 0.0415
vn -0.8294 0.5570 0.0422
vn -0.9149 0.4013 0.0437
vn -0.9024 0.4287 0.0422
vn -0.9025 0.4288 0.0408
vn -0.9026 0.4288 0.0392
vn 0.8495 0.5260 0.0423
vn 0.8234 0.5659 0.0408
vn -0.8683 0.4942 0.0422
vn -0.9536 0.2983 0.0419
vn -0.9544 0.2956 0.0415
vn -0.9553 0.2927 0.0405
vn -0.9326 0.3586 0.0404
vn -0.9338 0.3552 0.0424
vn -0.9357 0.3503 0.0424
vn -0.9317 0.3609 0.0410
vn 0.8082 0.5872 0.0437
vn 0.8082 0.5872 0.0455
vn 0.7927 0.6083 0.0408
vn -0.9685 0.2453 0.0436
vn -0.9558 0.2911 0.0421
vn 0.7610 0.6473 0.0426
vn 0.7620 0.6460 0.0441
vn 0.7627 0.6453 0.0432
vn 0.7247 0.6878 0.0415
vn 0.7597 0.6488 0.0431
vn -0.9316 0.3609 0.0422
vn -0.9805 0.1915 0.0437
vn -0.9746 0.2197 0.0422
vn -0.9747 0.2198 0.0408
vn -0.9748 0.2198 0.0392
vn 0.7129 0.6998 0.0452
vn 0.6878 0.7248 0.0406
vn 0.7129 0.6998 0.0453
vn -0.9558 0.2911 0.0422
vn -0.9957 0.0825 0.0421
vn -0.9960 0.0792 0.0416
vn -0.9963 0.0757 0.0405
vn -0.9886 0.1450 0.0404
vn -0.9890 0.1418 0.0423
vn -0.9896 0.1372 0.0423
vn -0.9883 0.1472 0.0411
vn 0.6593 0.7506 0.0451
vn 0.6593 0.7507 0.0421
vn 0.6593 0.7506 0.0436
vn 0.6034 0.7962 0.0442
vn 0.6059 0.7944 0.0430
vn 0.6082 0.7926 0.0426
vn 0.6489 0.7597 0.0418
vn -0.9987 0.0275 0.0436
vn -0.9964 0.0738 0.0422
vn 0.6021 0.7973 0.0423
vn 0.5659 0.8234 0.0407
vn -0.9882 0.1472 0.0422
vn -0.9746 0.2198 0.0422
vn -0.9992 -0.0000 0.0408
vn -0.9991 -0.0000 0.0422
vn -0.9992 -0.0000 0.0392
vn -0.9987 -0.0275 0.0436
vn 0.5221 0.8519 0.0410
vn 0.5415 0.8395 0.0454
vn 0.5416 0.8396 0.0421
vn 0.5415 0.8395 0.0437
vn -0.9964 -0.0738 0.0423
vn -0.9960 -0.0792 0.0416
vn -0.9963 -0.0757 0.0405
vn -0.9896 -0.1372 0.0423
vn -0.9891 -0.1410 0.0417
vn -0.9886 -0.1450 0.0404
vn -0.9957 -0.0825 0.0421
vn 0.4781 0.8773 0.0431
vn 0.4771 0.8778 0.0428
vn 0.4301 0.9018 0.0412
vn 0.4767 0.8780 0.0435
vn 0.4777 0.8774 0.0439
vn -0.9805 -0.1915 0.0437
vn -0.9882 -0.1472 0.0422
vn 0.4119 0.9101 0.0452
vn 0.4119 0.9101 0.0454
vn 0.3824 0.9231 0.0406
vn -0.9746 -0.2198 0.0423
vn -0.9747 -0.2198 0.0408
vn -0.9748 -0.2198 0.0392
vn -0.9685 -0.2453 0.0436
vn 0.2756 0.9602 0.0443
vn 0.2791 0.9594 0.0421
vn 0.2838 0.9580 0.0422
vn 0.3335 0.9418 0.0422
vn 0.3381 0.9402 0.0421
vn 0.3414 0.9389 0.0443
vn 0.3436 0.9381 0.0435
vn -0.9964 -0.0738 0.0422
vn -0.9558 -0.2911 0.0412
vn -0.9546 -0.2950 0.0421
vn -0.9553 -0.2927 0.0405
vn -0.9357 -0.3503 0.0424
vn -0.9338 -0.3552 0.0424
vn -0.9326 -0.3586 0.0404
vn -0.9536 -0.2983 0.0419
vn 0.2734 0.9609 0.0435
vn 0.2333 0.9716 0.0406
vn -0.9149 -0.4013 0.0437
vn -0.9317 -0.3609 0.0410
vn 0.2017 0.9785 0.0437
vn 0.2017 0.9784 0.0454
vn 0.1291 0.9907 0.0439
vn 0.1300 0.9906 0.0436
vn 0.1304 0.9905 0.0435
vn 0.1821 0.9824 0.0412
vn -0.9746 -0.2198 0.0422
vn -0.9558 -0.2911 0.0422
vn -0.8914 -0.4511 0.0435
vn -0.9025 -0.4288 0.0408
vn -0.9024 -0.4287 0.0422
vn -0.9026 -0.4288 0.0392
vn 0.0784 0.9961 0.0410
vn -0.8684 -0.4942 0.0412
vn -0.8667 -0.4971 0.0420
vn -0.8677 -0.4955 0.0406
vn -0.8364 -0.5465 0.0426
vn -0.8338 -0.5505 0.0418
vn -0.8311 -0.5547 0.0403
vn -0.8653 -0.4996 0.0418
vn 0.0554 0.9974 0.0454
vn 0.0554 0.9975 0.0437
vn 0.0262 0.9988 0.0407
vn -0.9316 -0.3609 0.0422
vn -0.8050 -0.5917 0.0438
vn -0.8294 -0.5570 0.0421
vn -0.0922 0.9948 0.0421
vn -0.0201 0.9988 0.0442
vn -0.0227 0.9988 0.0423
vn -0.0185 0.9989 0.0434
vn -0.0784 0.9960 0.0418
vn -0.0262 0.9987 0.0426
vn -0.8683 -0.4942 0.0422
vn -0.7712 -0.6351 0.0435
vn -0.7860 -0.6167 0.0421
vn -0.7861 -0.6168 0.0408
vn -0.7861 -0.6168 0.0393
vn -0.0922 0.9948 0.0436
vn -0.1304 0.9906 0.0406
vn -0.0922 0.9947 0.0451
vn -0.8294 -0.5570 0.0422
vn -0.7384 -0.6731 0.0421
vn -0.7363 -0.6754 0.0414
vn -0.7377 -0.6739 0.0406
vn -0.6967 -0.7161 0.0427
vn -0.7351 -0.6767 0.0416
vn -0.2368 0.9706 0.0441
vn -0.2348 0.9711 0.0432
vn -0.2332 0.9715 0.0430
vn -0.1821 0.9824 0.0415
vn -0.1654 0.9853 0.0421
vn -0.1654 0.9852 0.0453
vn -0.1654 0.9853 0.0437
vn -0.6561 -0.7534 0.0438
vn -0.6866 -0.7258 0.0422
vn -0.6867 -0.7258 0.0409
vn -0.6867 -0.7259 0.0396
vn -0.2377 0.9704 0.0423
vn -0.2838 0.9580 0.0408
vn -0.3087 0.9502 0.0420
vn -0.7860 -0.6167 0.0422
vn -0.6136 -0.7884 0.0434
vn -0.6311 -0.7745 0.0422
vn -0.6312 -0.7746 0.0408
vn -0.6312 -0.7746 0.0393
vn -0.3335 0.9419 0.0408
vn -0.3087 0.9501 0.0437
vn -0.3087 0.9501 0.0455
vn -0.7384 -0.6731 0.0422
vn -0.5722 -0.8190 0.0422
vn -0.5703 -0.8204 0.0413
vn -0.5716 -0.8195 0.0407
vn -0.5232 -0.8511 0.0428
vn -0.5693 -0.8211 0.0414
vn -0.3805 0.9238 0.0425
vn -0.4301 0.9018 0.0415
vn -0.3823 0.9230 0.0431
vn -0.3789 0.9244 0.0441
vn -0.3781 0.9248 0.0432
vn -0.4755 -0.8786 0.0438
vn -0.5102 -0.8591 0.0410
vn -0.5102 -0.8590 0.0422
vn -0.5102 -0.8591 0.0396
vn -0.4453 0.8943 0.0451
vn -0.4453 0.8942 0.0453
vn -0.4768 0.8781 0.0406
vn -0.5102 0.8590 0.0421
vn -0.4264 -0.9035 0.0433
vn -0.4453 -0.8944 0.0422
vn -0.4454 -0.8944 0.0408
vn -0.4454 -0.8945 0.0393
vn -0.5708 0.8199 0.0442
vn -0.5688 0.8214 0.0423
vn -0.5659 0.8234 0.0426
vn -0.5220 0.8519 0.0418
vn -0.5101 0.8589 0.0451
vn -0.5101 0.8589 0.0450
vn -0.3781 -0.9248 0.0421
vn -0.3768 -0.9254 0.0412
vn -0.3776 -0.9251 0.0407
vn -0.3244 -0.9449 0.0429
vn -0.3760 -0.9257 0.0412
vn -0.5722 0.8190 0.0434
vn -0.6083 0.7927 0.0407
vn -0.2718 -0.9613 0.0438
vn -0.3087 -0.9502 0.0422
vn -0.3088 -0.9503 0.0409
vn -0.3088 -0.9503 0.0395
vn -0.6311 0.7745 0.0437
vn -0.6312 0.7745 0.0420
vn -0.6489 0.7598 0.0410
vn -0.6311 0.7744 0.0454
vn -0.9746 -0.2197 0.0422
vn -0.2185 -0.9749 0.0432
vn -0.2377 -0.9704 0.0422
vn -0.2377 -0.9705 0.0409
vn -0.2378 -0.9705 0.0394
vn -0.7248 0.6878 0.0412
vn -0.6877 0.7247 0.0435
vn -0.6874 0.7250 0.0436
vn -0.6868 0.7255 0.0439
vn -0.3781 -0.9248 0.0422
vn -0.1654 -0.9853 0.0420
vn -0.1648 -0.9855 0.0411
vn -0.1651 -0.9854 0.0408
vn -0.1099 -0.9930 0.0430
vn -0.1645 -0.9855 0.0410
vn -0.7598 0.6489 0.0406
vn -0.7383 0.6731 0.0437
vn -0.7382 0.6730 0.0454
vn -0.0922 -0.9948 0.0422
vn -0.0922 -0.9949 0.0409
vn -0.0922 -0.9950 0.0394
vn -0.0550 -0.9975 0.0438
vn -0.8281 0.5589 0.0443
vn -0.8257 0.5625 0.0428
vn -0.8234 0.5659 0.0422
vn -0.7926 0.6082 0.0422
vn -0.7897 0.6121 0.0421
vn -0.7874 0.6149 0.0443
vn -0.7860 0.6167 0.0435
vn 0.0550 -0.9976 0.0409
vn 0.0553 -0.9976 0.0415
vn 0.0551 -0.9976 0.0409
vn -0.0000 -0.9991 0.0431
vn -0.0185 -0.9989 0.0421
vn -0.0185 -0.9990 0.0409
vn -0.0185 -0.9991 0.0394
vn -0.8294 0.5570 0.0421
vn -0.8519 0.5221 0.0406
vn -0.1654 -0.9853 0.0422
vn 0.1099 -0.9930 0.0431
vn 0.0554 -0.9976 0.0415
vn -0.9022 0.4291 0.0439
vn -0.9019 0.4297 0.0436
vn -0.9017 0.4301 0.0435
vn -0.8781 0.4768 0.0412
vn -0.8682 0.4941 0.0454
vn -0.8682 0.4941 0.0453
vn 0.1644 -0.9854 0.0438
vn 0.1289 -0.9908 0.0421
vn 0.1289 -0.9908 0.0408
vn 0.1289 -0.9909 0.0394
vn -0.9231 0.3824 0.0410
vn -0.0185 -0.9989 0.0422
vn 0.2719 -0.9615 0.0411
vn 0.2723 -0.9613 0.0417
vn 0.2730 -0.9611 0.0408
vn 0.2185 -0.9749 0.0430
vn 0.2017 -0.9785 0.0423
vn 0.2017 -0.9786 0.0409
vn 0.2017 -0.9786 0.0395
vn -0.9315 0.3609 0.0453
vn -0.9316 0.3609 0.0421
vn -0.9419 0.3335 0.0407
vn -0.9315 0.3609 0.0454
vn 0.0554 -0.9976 0.0422
vn 0.3244 -0.9449 0.0432
vn 0.2734 -0.9610 0.0414
vn -0.9561 0.2895 0.0442
vn -0.9571 0.2865 0.0430
vn -0.9715 0.2332 0.0418
vn -0.9580 0.2838 0.0426
vn 0.1289 -0.9908 0.0422
vn 0.3759 -0.9256 0.0438
vn 0.3436 -0.9382 0.0421
vn 0.3437 -0.9382 0.0408
vn 0.3437 -0.9383 0.0393
vn -0.9745 0.2197 0.0449
vn -0.9746 0.2197 0.0421
vn -0.9824 0.1821 0.0406
vn -0.9745 0.2197 0.0451
vn 0.2017 -0.9785 0.0422
vn 0.4755 -0.8787 0.0413
vn 0.4764 -0.8782 0.0412
vn 0.4776 -0.8777 0.0407
vn 0.4264 -0.9035 0.0429
vn 0.4120 -0.9102 0.0422
vn 0.4120 -0.9103 0.0409
vn 0.4120 -0.9103 0.0395
vn -0.9962 0.0747 0.0441
vn -0.9961 0.0768 0.0432
vn -0.9960 0.0784 0.0431
vn -0.9906 0.1304 0.0415
vn -0.9881 0.1471 0.0450
vn -0.9881 0.1472 0.0453
vn 0.2734 -0.9610 0.0422
vn 0.4781 -0.8773 0.0421
vn 0.5232 -0.8511 0.0433
vn -0.9964 0.0738 0.0423
vn -0.9988 0.0262 0.0408
vn 0.3436 -0.9382 0.0422
vn 0.5693 -0.8210 0.0438
vn 0.5416 -0.8396 0.0422
vn 0.5416 -0.8396 0.0408
vn 0.5416 -0.8397 0.0393
vn -0.9988 -0.0262 0.0408
vn -0.9990 -0.0000 0.0437
vn -0.9990 -0.0000 0.0455
vn 0.4781 -0.8773 0.0422
vn 0.6562 -0.7535 0.0415
vn 0.6576 -0.7522 0.0419
vn 0.6587 -0.7513 0.0407
vn 0.6137 -0.7884 0.0428
vn 0.6021 -0.7973 0.0422
vn 0.6021 -0.7973 0.0410
vn 0.6022 -0.7974 0.0396
vn -0.9962 -0.0747 0.0441
vn -0.9962 -0.0764 0.0425
vn -0.9963 -0.0738 0.0432
vn -0.9906 -0.1304 0.0415
vn -0.9960 -0.0784 0.0431
vn 0.6966 -0.7161 0.0434
vn 0.6594 -0.7507 0.0413
vn -0.9824 -0.1821 0.0406
vn -0.9881 -0.1471 0.0450
vn -0.9881 -0.1472 0.0453
vn 0.7350 -0.6766 0.0438
vn 0.7130 -0.6999 0.0422
vn 0.7130 -0.7000 0.0408
vn 0.7131 -0.7000 0.0393
vn -0.9570 -0.2871 0.0423
vn -0.9561 -0.2895 0.0442
vn -0.9580 -0.2838 0.0426
vn -0.9715 -0.2332 0.0418
vn -0.9745 -0.2197 0.0451
vn -0.9746 -0.2198 0.0421
vn -0.9746 -0.2197 0.0436
vn 0.8051 -0.5917 0.0417
vn 0.8065 -0.5897 0.0420
vn 0.8076 -0.5883 0.0406
vn 0.7647 -0.6432 0.0403
vn 0.7680 -0.6391 0.0419
vn 0.7712 -0.6351 0.0426
vn 0.7627 -0.6454 0.0422
vn -0.9557 -0.2911 0.0434
vn -0.9419 -0.3335 0.0407
vn 0.6593 -0.7507 0.0422
vn 0.8364 -0.5464 0.0435
vn 0.8083 -0.5873 0.0412
vn -0.9315 -0.3609 0.0454
vn -0.9316 -0.3609 0.0421
vn -0.9316 -0.3609 0.0437
vn -0.9231 -0.3824 0.0410
vn 0.8652 -0.4995 0.0438
vn 0.8495 -0.5260 0.0421
vn 0.8495 -0.5260 0.0408
vn 0.8496 -0.5260 0.0393
vn -0.8781 -0.4768 0.0412
vn -0.9017 -0.4301 0.0435
vn -0.9019 -0.4298 0.0428
vn -0.9022 -0.4291 0.0439
vn -0.9024 -0.4287 0.0431
vn 0.8860 -0.4618 0.0422
vn 0.8894 -0.4552 0.0418
vn 0.8873 -0.4595 0.0404
vn 0.9150 -0.4013 0.0419
vn 0.9162 -0.3985 0.0421
vn 0.9171 -0.3965 0.0405
vn 0.8914 -0.4511 0.0425
vn -0.8519 -0.5221 0.0406
vn -0.8682 -0.4941 0.0454
vn -0.8682 -0.4941 0.0453
vn 0.8083 -0.5873 0.0422
vn 0.9356 -0.3503 0.0436
vn 0.9177 -0.3951 0.0412
vn -0.8257 -0.5625 0.0428
vn -0.7874 -0.6149 0.0443
vn -0.7902 -0.6114 0.0428
vn -0.7926 -0.6082 0.0422
vn -0.8234 -0.5659 0.0422
vn -0.8281 -0.5589 0.0443
vn 0.8495 -0.5260 0.0422
vn 0.9535 -0.2982 0.0437
vn 0.9443 -0.3262 0.0421
vn 0.9444 -0.3263 0.0408
vn 0.9445 -0.3263 0.0392
vn -0.7598 -0.6489 0.0406
vn 0.9806 -0.1915 0.0420
vn 0.9813 -0.1879 0.0422
vn 0.9818 -0.1854 0.0405
vn 0.9665 -0.2534 0.0404
vn 0.9676 -0.2492 0.0417
vn 0.9685 -0.2453 0.0423
vn 0.9659 -0.2556 0.0421
vn -0.6868 -0.7255 0.0439
vn -0.6875 -0.7249 0.0428
vn -0.6877 -0.7247 0.0435
vn -0.7248 -0.6878 0.0412
vn -0.7383 -0.6730 0.0452
vn -0.7382 -0.6730 0.0454
vn 0.9177 -0.3951 0.0422
vn 0.9896 -0.1372 0.0436
vn 0.9821 -0.1836 0.0411
vn -0.6866 -0.7258 0.0431
vn -0.6489 -0.7598 0.0410
vn -0.6311 -0.7745 0.0421
vn 0.9443 -0.3262 0.0422
vn 0.9956 -0.0825 0.0437
vn 0.9985 -0.0369 0.0411
vn 0.9930 -0.1106 0.0422
vn 0.9930 -0.1106 0.0408
vn 0.9931 -0.1106 0.0392
vn -0.6083 -0.7927 0.0407
vn -0.6311 -0.7744 0.0454
vn -0.6311 -0.7745 0.0437
vn 0.9659 -0.2556 0.0422
vn -0.5688 -0.8214 0.0423
vn -0.5220 -0.8519 0.0418
vn -0.5659 -0.8234 0.0426
vn -0.5708 -0.8199 0.0442
vn -0.5722 -0.8190 0.0434
vn 0.9821 -0.1836 0.0422
vn -0.5101 -0.8589 0.0450
vn -0.5102 -0.8590 0.0421
vn -0.4768 -0.8781 0.0406
vn -0.5101 -0.8589 0.0451
vn 0.9443 -0.3263 0.0422
vn 0.9984 -0.0369 0.0422
vn -0.3789 -0.9244 0.0441
vn -0.3808 -0.9236 0.0432
vn -0.3823 -0.9230 0.0431
vn -0.4301 -0.9018 0.0415
vn -0.4453 -0.8943 0.0451
vn -0.4453 -0.8942 0.0453
vn -0.3335 -0.9419 0.0408
vn -0.3087 -0.9502 0.0421
vn -0.2838 -0.9580 0.0408
vn -0.3087 -0.9501 0.0455
vn -0.3087 -0.9501 0.0437
vn -0.2352 -0.9710 0.0425
vn -0.1821 -0.9824 0.0415
vn -0.2332 -0.9715 0.0430
vn -0.2368 -0.9706 0.0441
vn -0.2377 -0.9704 0.0432
vn -0.1304 -0.9906 0.0406
vn -0.1654 -0.9852 0.0453
vn -0.1654 -0.9853 0.0421
vn -0.1654 -0.9852 0.0451
vn -0.0784 -0.9960 0.0418
vn -0.0922 -0.9947 0.0451
vn -0.0922 -0.9947 0.0450
vn -0.0201 -0.9988 0.0442
vn -0.0233 -0.9988 0.0430
vn -0.0262 -0.9988 0.0426
vn 0.0262 -0.9988 0.0407
vn 0.0554 -0.9974 0.0454
vn 0.0554 -0.9976 0.0421
vn 0.0554 -0.9975 0.0437
vn 0.0784 -0.9961 0.0410
vn 0.1300 -0.9906 0.0436
vn 0.1291 -0.9907 0.0439
vn 0.1821 -0.9824 0.0412
vn 0.1304 -0.9905 0.0435
vn 0.2017 -0.9784 0.0452
vn 0.2017 -0.9784 0.0454
vn 0.2333 -0.9716 0.0406
vn 0.3381 -0.9402 0.0421
vn 0.2734 -0.9609 0.0435
vn 0.2791 -0.9594 0.0421
vn 0.2756 -0.9602 0.0443
vn 0.3414 -0.9389 0.0443
vn 0.3335 -0.9418 0.0422
vn 0.2838 -0.9580 0.0422
vn 0.3436 -0.9381 0.0435
vn 0.3824 -0.9231 0.0406
vn 0.4119 -0.9101 0.0454
vn 0.4120 -0.9102 0.0437
vn 0.4778 -0.8774 0.0439
vn 0.4771 -0.8778 0.0435
vn 0.4767 -0.8780 0.0435
vn 0.4301 -0.9018 0.0412
vn 0.5416 -0.8396 0.0421
vn 0.5221 -0.8519 0.0410
vn 0.5415 -0.8395 0.0437
vn 0.5415 -0.8395 0.0454
vn 0.5659 -0.8234 0.0407
vn 0.6055 -0.7948 0.0423
vn 0.6021 -0.7973 0.0434
vn 0.6034 -0.7962 0.0442
vn 0.6489 -0.7597 0.0418
vn 0.6082 -0.7926 0.0426
vn 0.6593 -0.7507 0.0421
vn 0.6593 -0.7506 0.0450
vn 0.6593 -0.7506 0.0451
vn 0.6878 -0.7248 0.0406
vn 0.7129 -0.6998 0.0451
vn 0.7129 -0.6998 0.0453
vn 0.7620 -0.6460 0.0441
vn 0.7608 -0.6476 0.0432
vn 0.7597 -0.6488 0.0431
vn 0.7247 -0.6878 0.0415
vn 0.7927 -0.6083 0.0408
vn 0.8082 -0.5872 0.0455
vn 0.8082 -0.5872 0.0437
vn 0.8234 -0.5659 0.0408
vn 0.8499 -0.5251 0.0441
vn 0.8508 -0.5237 0.0425
vn 0.8494 -0.5259 0.0432
vn 0.8781 -0.4767 0.0415
vn 0.8518 -0.5220 0.0431
vn 0.8859 -0.4617 0.0452
vn 0.8860 -0.4618 0.0421
vn 0.8859 -0.4617 0.0453
vn 0.9018 -0.4302 0.0406
vn 0.9176 -0.3950 0.0451
vn 0.9176 -0.3950 0.0450
vn 0.9437 -0.3278 0.0442
vn 0.9427 -0.3308 0.0430
vn 0.9418 -0.3335 0.0426
vn 0.9231 -0.3824 0.0418
vn 0.9580 -0.2838 0.0407
vn 0.9657 -0.2556 0.0453
vn 0.9657 -0.2556 0.0454
vn 0.9716 -0.2332 0.0410
vn 0.9823 -0.1825 0.0428
vn 0.9821 -0.1836 0.0431
vn 0.9821 -0.1832 0.0439
vn 0.9906 -0.1304 0.0412
vn 0.9823 -0.1821 0.0435
vn 0.9930 -0.1106 0.0421
vn 0.9928 -0.1105 0.0451
vn 0.9928 -0.1105 0.0454
vn 0.9961 -0.0784 0.0406
vn -0.9997 0.0253 -0.0000
vn -0.9971 0.0759 -0.0000
vn -0.9920 0.1263 -0.0000
vn -0.9843 0.1764 -0.0000
vn -0.9741 0.2260 -0.0000
vn -0.9614 0.2751 -0.0000
vn -0.9462 0.3234 -0.0000
vn -0.9287 0.3709 -0.0000
vn -0.9287 0.3710 -0.0000
vn -0.9087 0.4175 -0.0000
vn -0.8864 0.4630 -0.0000
vn -0.8618 0.5073 -0.0000
vn -0.8350 0.5503 -0.0000
vn -0.8060 0.5919 -0.0000
vn -0.7750 0.6319 -0.0000
vn -0.7420 0.6704 -0.0000
vn -0.7071 0.7071 -0.0000
vn -0.6704 0.7420 -0.0000
vn -0.6319 0.7750 -0.0000
vn -0.5919 0.8060 -0.0000
vn -0.5503 0.8350 -0.0000
vn -0.5073 0.8618 -0.0000
vn -0.4630 0.8864 -0.0000
vn -0.4175 0.9087 -0.0000
vn -0.3709 0.9287 -0.0000
vn -0.3710 0.9287 -0.0000
vn -0.3234 0.9462 -0.0000
vn -0.2751 0.9614 -0.0000
vn -0.2260 0.9741 -0.0000
vn -0.1764 0.9843 -0.0000
vn -0.1263 0.9920 -0.0000
vn -0.0759 0.9971 -0.0000
vn -0.0253 0.9997 -0.0000
vn 0.0253 0.9997 -0.0000
vn 0.0759 0.9971 -0.0000
vn 0.1263 0.9920 -0.0000
vn 0.1764 0.9843 -0.0000
vn 0.2260 0.9741 -0.0000
vn 0.2751 0.9614 -0.0000
vn 0.3234 0.9462 -0.0000
vn 0.3709 0.9287 -0.0000
vn 0.4175 0.9087 -0.0000
vn 0.4630 0.8864 -0.0000
vn 0.5073 0.8618 -0.0000
vn 0.5503 0.8350 -0.0000
vn 0.5919 0.8060 -0.0000
vn 0.6319 0.7750 -0.0000
vn 0.6704 0.7420 -0.0000
vn 0.7071 0.7071 -0.0000
vn 0.7420 0.6704 -0.0000
vn 0.7750 0.6319 -0.0000
vn 0.8060 0.5919 -0.0000
vn 0.8350 0.5503 -0.0000
vn 0.8618 0.5073 -0.0000
vn 0.8864 0.4630 -0.0000
vn 0.9087 0.4175 -0.0000
vn 0.9287 0.3709 -0.0000
vn 0.9287 0.3710 -0.0000
vn 0.9462 0.3234 -0.0000
vn 0.9614 0.2751 -0.0000
vn 0.9741 0.2260 -0.0000
vn 0.9741 0.2261 -0.0000
vn 0.9843 0.1764 -0.0000
vn 0.9920 0.1263 -0.0000
vn 0.9971 0.0759 -0.0000
vn 0.9997 0.0253 -0.0000
vn 0.9997 -0.0253 -0.0000
vn 0.9971 -0.0759 -0.0000
vn 0.9920 -0.1263 -0.0000
vn 0.9843 -0.1764 -0.0000
vn 0.9741 -0.2260 -0.0000
vn 0.9614 -0.2751 -0.0000
vn 0.9462 -0.3234 -0.0000
vn 0.9287 -0.3709 -0.0000
vn 0.9287 -0.3710 -0.0000
vn 0.9087 -0.4175 -0.0000
vn 0.8864 -0.4630 -0.0000
vn 0.8618 -0.5073 -0.0000
vn 0.8350 -0.5503 -0.0000
vn 0.8060 -0.5919 -0.0000
vn 0.7750 -0.6319 -0.0000
vn 0.7420 -0.6704 -0.0000
vn 0.7071 -0.7071 -0.0000
vn 0.6704 -0.7420 -0.0000
vn 0.6319 -0.7750 -0.0000
vn 0.5919 -0.8060 -0.0000
vn 0.5503 -0.8350 -0.0000
vn 0.5073 -0.8618 -0.0000
vn 0.4630 -0.8864 -0.0000
vn 0.4175 -0.9087 -0.0000
vn 0.3709 -0.9287 -0.0000
vn 0.3710 -0.9287 -0.0000
vn 0.3234 -0.9462 -0.0000
vn 0.2751 -0.9614 -0.0000
vn 0.2260 -0.9741 -0.0000
vn 0.1764 -0.9843 -0.0000
vn 0.1263 -0.9920 -0.0000
vn 0.0759 -0.9971 -0.0000
vn 0.0253 -0.9997 -0.0000
vn -0.0253 -0.9997 -0.0000
vn -0.0759 -0.9971 -0.0000
vn -0.1263 -0.9920 -0.0000
vn -0.1764 -0.9843 -0.0000
vn -0.2260 -0.9741 -0.0000
vn -0.2751 -0.9614 -0.0000
vn -0.3234 -0.9462 -0.0000
vn -0.3709 -0.9287 -0.0000
vn -0.4175 -0.9087 -0.0000
vn -0.4630 -0.8864 -0.0000
vn -0.5073 -0.8618 -0.0000
vn -0.5503 -0.8350 -0.0000
vn -0.5919 -0.8060 -0.0000
vn -0.6319 -0.7750 -0.0000
vn -0.6704 -0.7420 -0.0000
vn -0.7071 -0.7071 -0.0000
vn -0.7420 -0.6704 -0.0000
vn -0.7750 -0.6319 -0.0000
vn -0.8060 -0.5919 -0.0000
vn -0.8350 -0.5503 -0.0000
vn -0.8618 -0.5073 -0.0000
vn -0.8864 -0.4630 -0.0000
vn -0.9087 -0.4175 -0.0000
vn -0.9287 -0.3709 -0.0000
vn -0.9287 -0.3710 -0.0000
vn -0.9462 -0.3234 -0.0000
vn -0.9614 -0.2751 -0.0000
vn -0.9741 -0.2260 -0.0000
vn -0.9741 -0.2261 -0.0000
vn -0.9843 -0.1764 -0.0000
vn -0.9920 -0.1263 -0.0000
vn -0.9971 -0.0759 -0.0000
vn -0.9997 -0.0253 -0.0000
vn -0.9988 -0.0257 -0.0422
vn -0.9988 0.0257 -0.0422
vn -0.9984 -0.0365 -0.0427
vn -0.9983 -0.0365 -0.0457
vn -0.9988 -0.0365 -0.0334
vn -0.9988 -0.0365 -0.0320
vn -0.9959 -0.0771 -0.0481
vn -0.9964 -0.0771 -0.0363
vn -0.9980 -0.0365 -0.0517
vn -0.9980 -0.0365 -0.0524
vn -0.9831 -0.1797 -0.0364
vn -0.9831 -0.1792 -0.0376
vn -0.9831 -0.1794 -0.0374
vn -0.9907 -0.1283 -0.0455
vn -0.9935 -0.1093 -0.0318
vn -0.9931 -0.1093 -0.0430
vn -0.9935 -0.1093 -0.0304
vn -0.9932 -0.1093 -0.0409
vn -0.9825 -0.1802 -0.0483
vn -0.9827 -0.1793 -0.0470
vn -0.9827 -0.1791 -0.0468
vn -0.9926 -0.1092 -0.0530
vn -0.9910 -0.1283 -0.0389
vn -0.9925 -0.1092 -0.0540
vn -0.9828 -0.1815 -0.0353
vn -0.9722 -0.2294 -0.0468
vn -0.9825 -0.1815 -0.0420
vn -0.9726 -0.2295 -0.0376
vn -0.9666 -0.2527 -0.0432
vn -0.9667 -0.2527 -0.0410
vn -0.9670 -0.2528 -0.0314
vn -0.9670 -0.2528 -0.0300
vn -0.9591 -0.2792 -0.0475
vn -0.9661 -0.2526 -0.0532
vn -0.9661 -0.2526 -0.0544
vn -0.9595 -0.2793 -0.0369
vn -0.9254 -0.3764 -0.0442
vn -0.9446 -0.3264 -0.0355
vn -0.9439 -0.3278 -0.0392
vn -0.9437 -0.3283 -0.0397
vn -0.9456 -0.3226 -0.0425
vn -0.9450 -0.3239 -0.0449
vn -0.9256 -0.3764 -0.0401
vn -0.9435 -0.3282 -0.0447
vn -0.9437 -0.3278 -0.0452
vn -0.9452 -0.3225 -0.0504
vn -0.9199 -0.3909 -0.0318
vn -0.9195 -0.3907 -0.0435
vn -0.9199 -0.3909 -0.0309
vn -0.9046 -0.4234 -0.0482
vn -0.9196 -0.3908 -0.0415
vn -0.9191 -0.3906 -0.0521
vn -0.9051 -0.4236 -0.0361
vn -0.9190 -0.3905 -0.0535
vn -0.8889 -0.4570 -0.0326
vn -0.8885 -0.4568 -0.0428
vn -0.8889 -0.4570 -0.0312
vn -0.8556 -0.5164 -0.0353
vn -0.8566 -0.5144 -0.0404
vn -0.8563 -0.5149 -0.0398
vn -0.8818 -0.4695 -0.0438
vn -0.8886 -0.4568 -0.0408
vn -0.8881 -0.4566 -0.0524
vn -0.8881 -0.4566 -0.0532
vn -0.8536 -0.5190 -0.0449
vn -0.8562 -0.5148 -0.0446
vn -0.8565 -0.5143 -0.0440
vn -0.8819 -0.4696 -0.0406
vn -0.8287 -0.5576 -0.0477
vn -0.8528 -0.5205 -0.0425
vn -0.8525 -0.5203 -0.0508
vn -0.8291 -0.5579 -0.0367
vn -0.8129 -0.5816 -0.0314
vn -0.8125 -0.5813 -0.0432
vn -0.8129 -0.5816 -0.0301
vn -0.7990 -0.5996 -0.0465
vn -0.8126 -0.5814 -0.0410
vn -0.8121 -0.5810 -0.0532
vn -0.7993 -0.5998 -0.0379
vn -0.8121 -0.5810 -0.0543
vn -0.7676 -0.6399 -0.0363
vn -0.7680 -0.6391 -0.0420
vn -0.7682 -0.6393 -0.0358
vn -0.7674 -0.6401 -0.0367
vn -0.7331 -0.6786 -0.0459
vn -0.7674 -0.6402 -0.0368
vn -0.7333 -0.6788 -0.0385
vn -0.7674 -0.6394 -0.0481
vn -0.7670 -0.6399 -0.0475
vn -0.7671 -0.6398 -0.0477
vn -0.6971 -0.7153 -0.0480
vn -0.7195 -0.6937 -0.0313
vn -0.7192 -0.6934 -0.0434
vn -0.7196 -0.6938 -0.0303
vn -0.7193 -0.6935 -0.0413
vn -0.6975 -0.7157 -0.0364
vn -0.7189 -0.6931 -0.0528
vn -0.7188 -0.6931 -0.0541
vn -0.6200 -0.7834 -0.0427
vn -0.6616 -0.7491 -0.0353
vn -0.6602 -0.7500 -0.0409
vn -0.6596 -0.7505 -0.0416
vn -0.6667 -0.7441 -0.0426
vn -0.6201 -0.7834 -0.0416
vn -0.6649 -0.7456 -0.0449
vn -0.6595 -0.7504 -0.0428
vn -0.6601 -0.7499 -0.0435
vn -0.6664 -0.7438 -0.0514
vn -0.6106 -0.7908 -0.0427
vn -0.6106 -0.7909 -0.0409
vn -0.6108 -0.7911 -0.0331
vn -0.5787 -0.8141 -0.0482
vn -0.6109 -0.7911 -0.0317
vn -0.5790 -0.8145 -0.0362
vn -0.6103 -0.7904 -0.0520
vn -0.6103 -0.7904 -0.0527
vn -0.4898 -0.8710 -0.0394
vn -0.4922 -0.8696 -0.0383
vn -0.4919 -0.8698 -0.0380
vn -0.5361 -0.8429 -0.0451
vn -0.5515 -0.8336 -0.0320
vn -0.5513 -0.8332 -0.0430
vn -0.5515 -0.8336 -0.0306
vn -0.4906 -0.8700 -0.0485
vn -0.4917 -0.8695 -0.0464
vn -0.4920 -0.8694 -0.0460
vn -0.5363 -0.8431 -0.0393
vn -0.5513 -0.8333 -0.0409
vn -0.5510 -0.8328 -0.0529
vn -0.5510 -0.8328 -0.0539
vn -0.4891 -0.8715 -0.0348
vn -0.4466 -0.8935 -0.0471
vn -0.4890 -0.8713 -0.0420
vn -0.4468 -0.8939 -0.0373
vn -0.4000 -0.9153 -0.0473
vn -0.4242 -0.9050 -0.0312
vn -0.4241 -0.9046 -0.0433
vn -0.4243 -0.9050 -0.0300
vn -0.4241 -0.9047 -0.0411
vn -0.4002 -0.9157 -0.0371
vn -0.4238 -0.9041 -0.0544
vn -0.4238 -0.9042 -0.0532
vn -0.3543 -0.9345 -0.0357
vn -0.3569 -0.9332 -0.0424
vn -0.3529 -0.9349 -0.0386
vn -0.3038 -0.9517 -0.0447
vn -0.3525 -0.9350 -0.0390
vn -0.3039 -0.9519 -0.0397
vn -0.3558 -0.9335 -0.0450
vn -0.3524 -0.9348 -0.0453
vn -0.3527 -0.9346 -0.0457
vn -0.3568 -0.9329 -0.0500
vn -0.2544 -0.9659 -0.0482
vn -0.2878 -0.9567 -0.0429
vn -0.2879 -0.9571 -0.0322
vn -0.2880 -0.9571 -0.0307
vn -0.2879 -0.9568 -0.0409
vn -0.2545 -0.9664 -0.0361
vn -0.2877 -0.9563 -0.0528
vn -0.2877 -0.9562 -0.0537
vn -0.1515 -0.9878 -0.0352
vn -0.1538 -0.9873 -0.0410
vn -0.1531 -0.9874 -0.0404
vn -0.2044 -0.9779 -0.0433
vn -0.2173 -0.9756 -0.0329
vn -0.2172 -0.9752 -0.0427
vn -0.2173 -0.9756 -0.0314
vn -0.1474 -0.9881 -0.0449
vn -0.1531 -0.9872 -0.0440
vn -0.1537 -0.9872 -0.0434
vn -0.2044 -0.9780 -0.0411
vn -0.2173 -0.9753 -0.0409
vn -0.2171 -0.9747 -0.0522
vn -0.2171 -0.9747 -0.0530
vn -0.1455 -0.9884 -0.0426
vn -0.1027 -0.9936 -0.0478
vn -0.1028 -0.9940 -0.0365
vn -0.1454 -0.9881 -0.0511
vn -0.0514 -0.9976 -0.0462
vn -0.0729 -0.9964 -0.0434
vn -0.0729 -0.9965 -0.0412
vn -0.0730 -0.9968 -0.0313
vn -0.0730 -0.9969 -0.0302
vn -0.0729 -0.9959 -0.0529
vn -0.0729 -0.9959 -0.0543
vn -0.0514 -0.9979 -0.0382
vn 0.0514 -0.9976 -0.0462
vn -0.0000 -0.9993 -0.0362
vn -0.0000 -0.9993 -0.0361
vn -0.0000 -0.9994 -0.0361
vn -0.0000 -0.9991 -0.0423
vn -0.0000 -0.9988 -0.0481
vn -0.0000 -0.9988 -0.0483
vn 0.0514 -0.9979 -0.0382
vn 0.0730 -0.9968 -0.0313
vn 0.0729 -0.9964 -0.0434
vn 0.0730 -0.9969 -0.0302
vn 0.1027 -0.9936 -0.0478
vn 0.0729 -0.9965 -0.0412
vn 0.0729 -0.9959 -0.0529
vn 0.1028 -0.9940 -0.0365
vn 0.0729 -0.9959 -0.0543
vn 0.1524 -0.9875 -0.0413
vn 0.1455 -0.9888 -0.0333
vn 0.1531 -0.9874 -0.0404
vn 0.2044 -0.9779 -0.0433
vn 0.1538 -0.9873 -0.0410
vn 0.1455 -0.9885 -0.0418
vn 0.2044 -0.9780 -0.0411
vn 0.1514 -0.9873 -0.0492
vn 0.1537 -0.9872 -0.0434
vn 0.1531 -0.9872 -0.0440
vn 0.2173 -0.9756 -0.0322
vn 0.2172 -0.9751 -0.0435
vn 0.2173 -0.9756 -0.0314
vn 0.2544 -0.9659 -0.0482
vn 0.2545 -0.9664 -0.0361
vn 0.2172 -0.9752 -0.0416
vn 0.2171 -0.9748 -0.0516
vn 0.2171 -0.9747 -0.0530
vn 0.3559 -0.9337 -0.0394
vn 0.3525 -0.9350 -0.0390
vn 0.3529 -0.9349 -0.0386
vn 0.3038 -0.9517 -0.0447
vn 0.2880 -0.9571 -0.0322
vn 0.2878 -0.9567 -0.0429
vn 0.2880 -0.9571 -0.0307
vn 0.3541 -0.9340 -0.0488
vn 0.3527 -0.9346 -0.0457
vn 0.3524 -0.9348 -0.0453
vn 0.3039 -0.9519 -0.0397
vn 0.2879 -0.9568 -0.0409
vn 0.2877 -0.9562 -0.0537
vn 0.2877 -0.9563 -0.0528
vn 0.4000 -0.9153 -0.0473
vn 0.3570 -0.9335 -0.0344
vn 0.4002 -0.9157 -0.0371
vn 0.3569 -0.9332 -0.0419
vn 0.4466 -0.8935 -0.0471
vn 0.4241 -0.9046 -0.0433
vn 0.4243 -0.9050 -0.0312
vn 0.4243 -0.9050 -0.0300
vn 0.4241 -0.9047 -0.0411
vn 0.4468 -0.8939 -0.0373
vn 0.4239 -0.9042 -0.0532
vn 0.4238 -0.9041 -0.0544
vn 0.5361 -0.8429 -0.0451
vn 0.4909 -0.8705 -0.0359
vn 0.4919 -0.8698 -0.0380
vn 0.4922 -0.8696 -0.0383
vn 0.4890 -0.8713 -0.0424
vn 0.5363 -0.8431 -0.0393
vn 0.4896 -0.8708 -0.0450
vn 0.4920 -0.8694 -0.0460
vn 0.4917 -0.8695 -0.0464
vn 0.4888 -0.8710 -0.0495
vn 0.5787 -0.8141 -0.0482
vn 0.5513 -0.8332 -0.0430
vn 0.5515 -0.8336 -0.0320
vn 0.5515 -0.8336 -0.0306
vn 0.5513 -0.8333 -0.0409
vn 0.5790 -0.8145 -0.0362
vn 0.5510 -0.8328 -0.0529
vn 0.5510 -0.8328 -0.0539
vn 0.6616 -0.7491 -0.0353
vn 0.6596 -0.7505 -0.0416
vn 0.6602 -0.7500 -0.0409
vn 0.6200 -0.7834 -0.0427
vn 0.6108 -0.7911 -0.0331
vn 0.6106 -0.7908 -0.0427
vn 0.6109 -0.7911 -0.0317
vn 0.6649 -0.7456 -0.0449
vn 0.6601 -0.7499 -0.0435
vn 0.6595 -0.7504 -0.0428
vn 0.6201 -0.7834 -0.0416
vn 0.6106 -0.7909 -0.0409
vn 0.6103 -0.7904 -0.0527
vn 0.6104 -0.7904 -0.0520
vn 0.6667 -0.7441 -0.0426
vn 0.6971 -0.7153 -0.0480
vn 0.6975 -0.7157 -0.0364
vn 0.6664 -0.7438 -0.0514
vn 0.7676 -0.6399 -0.0363
vn 0.7674 -0.6402 -0.0368
vn 0.7675 -0.6400 -0.0366
vn 0.7331 -0.6786 -0.0459
vn 0.7195 -0.6937 -0.0317
vn 0.7192 -0.6934 -0.0430
vn 0.7196 -0.6938 -0.0303
vn 0.7193 -0.6935 -0.0409
vn 0.7188 -0.6931 -0.0541
vn 0.7189 -0.6931 -0.0530
vn 0.7674 -0.6394 -0.0481
vn 0.7671 -0.6398 -0.0477
vn 0.7670 -0.6399 -0.0475
vn 0.7333 -0.6788 -0.0385
vn 0.7990 -0.5996 -0.0465
vn 0.7682 -0.6393 -0.0358
vn 0.7680 -0.6391 -0.0420
vn 0.7993 -0.5998 -0.0379
vn 0.8287 -0.5576 -0.0477
vn 0.8125 -0.5813 -0.0432
vn 0.8129 -0.5816 -0.0314
vn 0.8129 -0.5816 -0.0301
vn 0.8126 -0.5814 -0.0410
vn 0.8121 -0.5810 -0.0532
vn 0.8121 -0.5810 -0.0543
vn 0.8291 -0.5579 -0.0367
vn 0.8556 -0.5164 -0.0353
vn 0.8528 -0.5205 -0.0425
vn 0.8563 -0.5149 -0.0398
vn 0.8818 -0.4695 -0.0438
vn 0.8566 -0.5144 -0.0404
vn 0.8536 -0.5190 -0.0449
vn 0.8562 -0.5148 -0.0446
vn 0.8525 -0.5203 -0.0507
vn 0.8819 -0.4696 -0.0406
vn 0.8565 -0.5143 -0.0440
vn 0.9046 -0.4234 -0.0482
vn 0.8889 -0.4570 -0.0320
vn 0.8885 -0.4568 -0.0435
vn 0.8889 -0.4570 -0.0312
vn 0.8886 -0.4568 -0.0415
vn 0.9051 -0.4236 -0.0361
vn 0.8881 -0.4566 -0.0532
vn 0.8882 -0.4566 -0.0518
vn 0.9453 -0.3239 -0.0394
vn 0.9437 -0.3283 -0.0397
vn 0.9439 -0.3278 -0.0392
vn 0.9254 -0.3764 -0.0442
vn 0.9199 -0.3909 -0.0324
vn 0.9195 -0.3907 -0.0429
vn 0.9199 -0.3909 -0.0309
vn 0.9196 -0.3908 -0.0409
vn 0.9190 -0.3905 -0.0535
vn 0.9191 -0.3906 -0.0526
vn 0.9440 -0.3262 -0.0490
vn 0.9437 -0.3278 -0.0452
vn 0.9435 -0.3282 -0.0447
vn 0.9256 -0.3764 -0.0401
vn 0.9591 -0.2792 -0.0475
vn 0.9459 -0.3227 -0.0340
vn 0.9456 -0.3226 -0.0419
vn 0.9595 -0.2793 -0.0369
vn 0.9722 -0.2294 -0.0468
vn 0.9670 -0.2528 -0.0314
vn 0.9666 -0.2527 -0.0432
vn 0.9670 -0.2528 -0.0300
vn 0.9667 -0.2527 -0.0410
vn 0.9661 -0.2526 -0.0532
vn 0.9726 -0.2295 -0.0376
vn 0.9661 -0.2526 -0.0544
vn 0.9907 -0.1283 -0.0455
vn 0.9830 -0.1802 -0.0361
vn 0.9831 -0.1794 -0.0374
vn 0.9831 -0.1792 -0.0376
vn 0.9825 -0.1815 -0.0424
vn 0.9826 -0.1796 -0.0480
vn 0.9827 -0.1793 -0.0470
vn 0.9822 -0.1814 -0.0491
vn 0.9910 -0.1283 -0.0389
vn 0.9827 -0.1791 -0.0468
vn 0.9959 -0.0771 -0.0481
vn 0.9931 -0.1093 -0.0430
vn 0.9932 -0.1093 -0.0409
vn 0.9935 -0.1093 -0.0318
vn 0.9935 -0.1093 -0.0304
vn 0.9926 -0.1092 -0.0530
vn 0.9925 -0.1092 -0.0540
vn 0.9964 -0.0771 -0.0363
vn 0.9988 -0.0257 -0.0422
vn 0.9988 0.0257 -0.0422
vn 0.9988 -0.0365 -0.0334
vn 0.9984 -0.0365 -0.0427
vn 0.9988 -0.0365 -0.0320
vn 0.9983 -0.0365 -0.0457
vn 0.9980 -0.0365 -0.0524
vn 0.9980 -0.0365 -0.0517
vn 0.9959 0.0771 -0.0481
vn 0.9988 0.0365 -0.0327
vn 0.9986 0.0365 -0.0387
vn 0.9988 0.0365 -0.0320
vn 0.9985 0.0365 -0.0417
vn 0.9980 0.0365 -0.0510
vn 0.9980 0.0365 -0.0524
vn 0.9964 0.0771 -0.0363
vn 0.9935 0.1093 -0.0318
vn 0.9931 0.1093 -0.0430
vn 0.9935 0.1093 -0.0304
vn 0.9831 0.1797 -0.0364
vn 0.9831 0.1792 -0.0376
vn 0.9831 0.1794 -0.0374
vn 0.9907 0.1283 -0.0455
vn 0.9932 0.1093 -0.0409
vn 0.9926 0.1092 -0.0530
vn 0.9925 0.1092 -0.0540
vn 0.9825 0.1802 -0.0483
vn 0.9827 0.1793 -0.0470
vn 0.9827 0.1791 -0.0468
vn 0.9910 0.1283 -0.0389
vn 0.9722 0.2294 -0.0468
vn 0.9828 0.1815 -0.0353
vn 0.9825 0.1815 -0.0420
vn 0.9726 0.2295 -0.0376
vn 0.9591 0.2792 -0.0475
vn 0.9670 0.2528 -0.0312
vn 0.9666 0.2527 -0.0433
vn 0.9670 0.2528 -0.0300
vn 0.9667 0.2527 -0.0412
vn 0.9661 0.2526 -0.0531
vn 0.9661 0.2526 -0.0544
vn 0.9595 0.2793 -0.0369
vn 0.9254 0.3764 -0.0442
vn 0.9453 0.3239 -0.0394
vn 0.9439 0.3278 -0.0392
vn 0.9437 0.3283 -0.0397
vn 0.9459 0.3227 -0.0340
vn 0.9456 0.3226 -0.0419
vn 0.9440 0.3262 -0.0490
vn 0.9437 0.3278 -0.0452
vn 0.9256 0.3764 -0.0401
vn 0.9435 0.3282 -0.0447
vn 0.9046 0.4234 -0.0482
vn 0.9199 0.3909 -0.0318
vn 0.9195 0.3907 -0.0435
vn 0.9199 0.3909 -0.0309
vn 0.9196 0.3908 -0.0415
vn 0.9191 0.3906 -0.0521
vn 0.9190 0.3905 -0.0535
vn 0.9051 0.4236 -0.0361
vn 0.8538 0.5191 -0.0395
vn 0.8566 0.5144 -0.0404
vn 0.8563 0.5149 -0.0398
vn 0.8818 0.4695 -0.0438
vn 0.8889 0.4570 -0.0326
vn 0.8885 0.4568 -0.0428
vn 0.8889 0.4570 -0.0312
vn 0.8886 0.4568 -0.0408
vn 0.8551 0.5161 -0.0491
vn 0.8562 0.5148 -0.0446
vn 0.8565 0.5143 -0.0440
vn 0.8819 0.4696 -0.0406
vn 0.8881 0.4566 -0.0524
vn 0.8881 0.4566 -0.0532
vn 0.8287 0.5576 -0.0477
vn 0.8531 0.5207 -0.0336
vn 0.8528 0.5205 -0.0418
vn 0.8291 0.5579 -0.0367
vn 0.7990 0.5996 -0.0465
vn 0.8129 0.5816 -0.0314
vn 0.8125 0.5813 -0.0432
vn 0.8129 0.5816 -0.0301
vn 0.7993 0.5998 -0.0379
vn 0.8126 0.5814 -0.0410
vn 0.8121 0.5810 -0.0532
vn 0.8121 0.5810 -0.0543
vn 0.7331 0.6786 -0.0459
vn 0.7677 0.6397 -0.0362
vn 0.7674 0.6401 -0.0367
vn 0.7674 0.6402 -0.0368
vn 0.7680 0.6391 -0.0423
vn 0.7672 0.6395 -0.0481
vn 0.7671 0.6398 -0.0477
vn 0.7677 0.6389 -0.0486
vn 0.7333 0.6788 -0.0385
vn 0.7670 0.6399 -0.0475
vn 0.6971 0.7153 -0.0480
vn 0.7195 0.6937 -0.0313
vn 0.7192 0.6934 -0.0434
vn 0.7196 0.6938 -0.0303
vn 0.7193 0.6935 -0.0413
vn 0.7189 0.6931 -0.0528
vn 0.7188 0.6931 -0.0541
vn 0.6975 0.7157 -0.0364
vn 0.6616 0.7491 -0.0353
vn 0.6667 0.7441 -0.0426
vn 0.6602 0.7500 -0.0409
vn 0.6200 0.7834 -0.0427
vn 0.6596 0.7505 -0.0416
vn 0.6649 0.7456 -0.0449
vn 0.6664 0.7438 -0.0514
vn 0.6601 0.7499 -0.0435
vn 0.6201 0.7834 -0.0416
vn 0.6595 0.7504 -0.0428
vn 0.5787 0.8141 -0.0482
vn 0.6108 0.7911 -0.0325
vn 0.6106 0.7908 -0.0435
vn 0.6109 0.7911 -0.0317
vn 0.6106 0.7908 -0.0417
vn 0.6104 0.7905 -0.0513
vn 0.6103 0.7904 -0.0527
vn 0.5790 0.8145 -0.0362
vn 0.4898 0.8710 -0.0394
vn 0.4922 0.8696 -0.0383
vn 0.4919 0.8698 -0.0380
vn 0.5361 0.8429 -0.0451
vn 0.5515 0.8336 -0.0320
vn 0.5513 0.8332 -0.0430
vn 0.5515 0.8336 -0.0306
vn 0.5513 0.8333 -0.0409
vn 0.5510 0.8328 -0.0529
vn 0.5510 0.8328 -0.0539
vn 0.4906 0.8700 -0.0485
vn 0.4917 0.8695 -0.0464
vn 0.4920 0.8694 -0.0460
vn 0.5363 0.8431 -0.0393
vn 0.4466 0.8935 -0.0471
vn 0.4891 0.8715 -0.0348
vn 0.4890 0.8713 -0.0420
vn 0.4468 0.8939 -0.0373
vn 0.4242 0.9050 -0.0312
vn 0.4241 0.9046 -0.0433
vn 0.4243 0.9050 -0.0300
vn 0.4000 0.9153 -0.0473
vn 0.4241 0.9047 -0.0411
vn 0.4238 0.9042 -0.0532
vn 0.4238 0.9041 -0.0544
vn 0.4002 0.9157 -0.0371
vn 0.3559 0.9337 -0.0394
vn 0.3569 0.9332 -0.0419
vn 0.3570 0.9335 -0.0344
vn 0.3529 0.9349 -0.0386
vn 0.3038 0.9517 -0.0447
vn 0.3525 0.9350 -0.0390
vn 0.3541 0.9340 -0.0488
vn 0.3527 0.9346 -0.0457
vn 0.3039 0.9519 -0.0397
vn 0.3524 0.9348 -0.0453
vn 0.2879 0.9571 -0.0316
vn 0.2878 0.9567 -0.0435
vn 0.2880 0.9571 -0.0307
vn 0.2544 0.9659 -0.0482
vn 0.2879 0.9568 -0.0414
vn 0.2877 0.9563 -0.0523
vn 0.2877 0.9562 -0.0537
vn 0.2545 0.9664 -0.0361
vn 0.2173 0.9756 -0.0329
vn 0.2172 0.9752 -0.0427
vn 0.2173 0.9756 -0.0314
vn 0.1524 0.9875 -0.0413
vn 0.1538 0.9873 -0.0410
vn 0.1531 0.9874 -0.0404
vn 0.2044 0.9779 -0.0433
vn 0.2173 0.9753 -0.0409
vn 0.2171 0.9747 -0.0522
vn 0.2171 0.9747 -0.0530
vn 0.1514 0.9873 -0.0492
vn 0.1531 0.9872 -0.0440
vn 0.1537 0.9872 -0.0434
vn 0.2044 0.9780 -0.0411
vn 0.1455 0.9888 -0.0333
vn 0.1027 0.9936 -0.0478
vn 0.1455 0.9885 -0.0418
vn 0.1028 0.9940 -0.0365
vn 0.0729 0.9964 -0.0434
vn 0.0729 0.9965 -0.0412
vn 0.0730 0.9968 -0.0313
vn 0.0730 0.9969 -0.0302
vn 0.0514 0.9976 -0.0462
vn 0.0729 0.9959 -0.0529
vn 0.0514 0.9979 -0.0382
vn 0.0729 0.9959 -0.0543
vn -0.0000 0.9993 -0.0362
vn -0.0000 0.9991 -0.0423
vn -0.0000 0.9993 -0.0361
vn -0.0514 0.9976 -0.0462
vn -0.0000 0.9988 -0.0481
vn -0.0514 0.9979 -0.0382
vn -0.0000 0.9988 -0.0483
vn -0.0730 0.9968 -0.0313
vn -0.0729 0.9964 -0.0434
vn -0.0730 0.9969 -0.0302
vn -0.1027 0.9936 -0.0478
vn -0.0729 0.9965 -0.0412
vn -0.0729 0.9959 -0.0529
vn -0.1028 0.9940 -0.0365
vn -0.0729 0.9959 -0.0543
vn -0.1515 0.9878 -0.0352
vn -0.1455 0.9884 -0.0426
vn -0.1531 0.9874 -0.0404
vn -0.2044 0.9779 -0.0433
vn -0.1538 0.9873 -0.0410
vn -0.1474 0.9881 -0.0449
vn -0.1454 0.9880 -0.0511
vn -0.2044 0.9780 -0.0411
vn -0.1537 0.9872 -0.0434
vn -0.1531 0.9872 -0.0440
vn -0.2544 0.9659 -0.0482
vn -0.2173 0.9756 -0.0322
vn -0.2172 0.9751 -0.0435
vn -0.2173 0.9756 -0.0314
vn -0.2172 0.9752 -0.0416
vn -0.2171 0.9748 -0.0516
vn -0.2545 0.9664 -0.0361
vn -0.2171 0.9747 -0.0530
vn -0.3559 0.9337 -0.0394
vn -0.3525 0.9350 -0.0390
vn -0.3529 0.9349 -0.0386
vn -0.3038 0.9517 -0.0447
vn -0.2880 0.9571 -0.0322
vn -0.2878 0.9567 -0.0429
vn -0.2880 0.9571 -0.0307
vn -0.3541 0.9340 -0.0488
vn -0.3527 0.9346 -0.0457
vn -0.3524 0.9348 -0.0453
vn -0.3039 0.9519 -0.0397
vn -0.2879 0.9568 -0.0409
vn -0.2877 0.9563 -0.0528
vn -0.2877 0.9562 -0.0537
vn -0.3570 0.9335 -0.0344
vn -0.4000 0.9153 -0.0473
vn -0.3569 0.9332 -0.0419
vn -0.4002 0.9157 -0.0371
vn -0.4243 0.9050 -0.0313
vn -0.4241 0.9046 -0.0432
vn -0.4243 0.9050 -0.0300
vn -0.4466 0.8935 -0.0471
vn -0.4241 0.9047 -0.0411
vn -0.4238 0.9041 -0.0544
vn -0.4239 0.9042 -0.0532
vn -0.4468 0.8939 -0.0373
vn -0.4909 0.8705 -0.0359
vn -0.4890 0.8713 -0.0424
vn -0.4919 0.8698 -0.0380
vn -0.5361 0.8429 -0.0451
vn -0.4922 0.8696 -0.0383
vn -0.4896 0.8708 -0.0450
vn -0.4888 0.8710 -0.0495
vn -0.4917 0.8695 -0.0464
vn -0.5363 0.8431 -0.0393
vn -0.4920 0.8694 -0.0460
vn -0.5515 0.8336 -0.0315
vn -0.5513 0.8332 -0.0435
vn -0.5515 0.8336 -0.0306
vn -0.5787 0.8141 -0.0482
vn -0.5513 0.8333 -0.0414
vn -0.5510 0.8328 -0.0539
vn -0.5510 0.8328 -0.0525
vn -0.5790 0.8145 -0.0362
vn -0.6108 0.7911 -0.0331
vn -0.6106 0.7908 -0.0427
vn -0.6109 0.7911 -0.0317
vn -0.6651 0.7457 -0.0395
vn -0.6596 0.7505 -0.0416
vn -0.6602 0.7500 -0.0409
vn -0.6200 0.7834 -0.0427
vn -0.6106 0.7909 -0.0409
vn -0.6103 0.7904 -0.0527
vn -0.6104 0.7904 -0.0520
vn -0.6612 0.7486 -0.0492
vn -0.6601 0.7499 -0.0435
vn -0.6595 0.7504 -0.0428
vn -0.6201 0.7834 -0.0416
vn -0.6670 0.7444 -0.0330
vn -0.6971 0.7153 -0.0480
vn -0.6667 0.7441 -0.0417
vn -0.6975 0.7157 -0.0364
vn -0.7195 0.6937 -0.0317
vn -0.7192 0.6934 -0.0430
vn -0.7196 0.6938 -0.0303
vn -0.7676 0.6399 -0.0363
vn -0.7674 0.6402 -0.0368
vn -0.7675 0.6400 -0.0366
vn -0.7331 0.6786 -0.0459
vn -0.7193 0.6935 -0.0409
vn -0.7188 0.6931 -0.0541
vn -0.7189 0.6931 -0.0530
vn -0.7674 0.6394 -0.0481
vn -0.7671 0.6398 -0.0477
vn -0.7670 0.6399 -0.0475
vn -0.7333 0.6788 -0.0385
vn -0.7682 0.6393 -0.0358
vn -0.7990 0.5996 -0.0465
vn -0.7993 0.5998 -0.0379
vn -0.7680 0.6391 -0.0420
vn -0.8125 0.5813 -0.0432
vn -0.8129 0.5816 -0.0314
vn -0.8129 0.5816 -0.0301
vn -0.8126 0.5814 -0.0410
vn -0.8287 0.5576 -0.0477
vn -0.8121 0.5810 -0.0532
vn -0.8121 0.5810 -0.0543
vn -0.8291 0.5579 -0.0367
vn -0.8556 0.5164 -0.0353
vn -0.8528 0.5205 -0.0425
vn -0.8563 0.5149 -0.0398
vn -0.8818 0.4695 -0.0438
vn -0.8566 0.5144 -0.0404
vn -0.8536 0.5190 -0.0449
vn -0.8819 0.4696 -0.0406
vn -0.8565 0.5143 -0.0440
vn -0.8562 0.5148 -0.0446
vn -0.8525 0.5203 -0.0507
vn -0.8889 0.4570 -0.0320
vn -0.8885 0.4568 -0.0435
vn -0.8889 0.4570 -0.0312
vn -0.9046 0.4234 -0.0482
vn -0.9051 0.4236 -0.0361
vn -0.8886 0.4568 -0.0415
vn -0.8881 0.4566 -0.0532
vn -0.8882 0.4566 -0.0518
vn -0.9199 0.3909 -0.0324
vn -0.9195 0.3907 -0.0429
vn -0.9199 0.3909 -0.0309
vn -0.9453 0.3239 -0.0394
vn -0.9437 0.3283 -0.0397
vn -0.9439 0.3278 -0.0392
vn -0.9254 0.3764 -0.0442
vn -0.9440 0.3262 -0.0490
vn -0.9437 0.3278 -0.0452
vn -0.9435 0.3282 -0.0447
vn -0.9256 0.3764 -0.0401
vn -0.9196 0.3908 -0.0409
vn -0.9191 0.3906 -0.0526
vn -0.9190 0.3905 -0.0535
vn -0.9459 0.3227 -0.0340
vn -0.9591 0.2792 -0.0475
vn -0.9456 0.3226 -0.0419
vn -0.9595 0.2793 -0.0369
vn -0.9722 0.2294 -0.0468
vn -0.9670 0.2528 -0.0314
vn -0.9666 0.2527 -0.0432
vn -0.9670 0.2528 -0.0300
vn -0.9667 0.2527 -0.0410
vn -0.9661 0.2526 -0.0532
vn -0.9726 0.2295 -0.0376
vn -0.9661 0.2526 -0.0544
vn -0.9907 0.1283 -0.0455
vn -0.9830 0.1802 -0.0361
vn -0.9831 0.1794 -0.0374
vn -0.9831 0.1792 -0.0376
vn -0.9825 0.1815 -0.0424
vn -0.9910 0.1283 -0.0389
vn -0.9826 0.1796 -0.0480
vn -0.9827 0.1791 -0.0468
vn -0.9827 0.1793 -0.0470
vn -0.9822 0.1814 -0.0491
vn -0.9988 0.0365 -0.0327
vn -0.9988 0.0365 -0.0320
vn -0.9986 0.0365 -0.0387
vn -0.9935 0.1093 -0.0314
vn -0.9931 0.1093 -0.0434
vn -0.9935 0.1093 -0.0304
vn -0.9959 0.0771 -0.0481
vn -0.9985 0.0365 -0.0417
vn -0.9980 0.0365 -0.0510
vn -0.9964 0.0771 -0.0363
vn -0.9980 0.0365 -0.0524
vn -0.9932 0.1093 -0.0413
vn -0.9925 0.1092 -0.0540
vn -0.9926 0.1092 -0.0526
vn -0.9463 0.3234 -0.0000
vn 0.3710 0.9287 -0.0000
vn 0.9463 0.3234 -0.0000
vn 0.9463 -0.3234 -0.0000
vn -0.3710 -0.9287 -0.0000
vn -0.9463 -0.3234 -0.0000
vn -0.9988 -0.0262 -0.0422
vn -0.9988 0.0262 -0.0422
vn -0.9964 -0.0771 -0.0364
vn -0.9988 -0.0369 -0.0322
vn -0.9958 -0.0784 -0.0480
vn -0.9979 -0.0369 -0.0524
vn -0.9827 -0.1792 -0.0457
vn -0.9827 -0.1794 -0.0459
vn -0.9828 -0.1791 -0.0456
vn -0.9909 -0.1283 -0.0396
vn -0.9825 -0.1829 -0.0363
vn -0.9826 -0.1821 -0.0372
vn -0.9826 -0.1822 -0.0370
vn -0.9904 -0.1304 -0.0457
vn -0.9934 -0.1106 -0.0305
vn -0.9924 -0.1105 -0.0537
vn -0.9824 -0.1836 -0.0355
vn -0.9726 -0.2295 -0.0372
vn -0.9817 -0.1835 -0.0503
vn -0.9713 -0.2332 -0.0465
vn -0.9653 -0.2555 -0.0542
vn -0.9595 -0.2793 -0.0377
vn -0.9577 -0.2837 -0.0477
vn -0.9663 -0.2557 -0.0302
vn -0.9256 -0.3764 -0.0388
vn -0.9438 -0.3271 -0.0482
vn -0.9434 -0.3282 -0.0470
vn -0.9435 -0.3280 -0.0473
vn -0.9230 -0.3823 -0.0435
vn -0.9419 -0.3333 -0.0405
vn -0.9421 -0.3330 -0.0401
vn -0.9419 -0.3335 -0.0407
vn -0.9447 -0.3264 -0.0332
vn -0.9440 -0.3261 -0.0493
vn -0.9051 -0.4236 -0.0366
vn -0.9015 -0.4300 -0.0482
vn -0.9180 -0.3953 -0.0315
vn -0.9171 -0.3949 -0.0540
vn -0.8566 -0.5144 -0.0411
vn -0.8820 -0.4693 -0.0436
vn -0.8819 -0.4695 -0.0433
vn -0.8821 -0.4690 -0.0439
vn -0.8864 -0.4620 -0.0309
vn -0.8856 -0.4616 -0.0517
vn -0.8519 -0.5222 -0.0389
vn -0.8520 -0.5221 -0.0390
vn -0.8518 -0.5224 -0.0387
vn -0.8779 -0.4767 -0.0447
vn -0.8490 -0.5257 -0.0529
vn -0.8291 -0.5579 -0.0364
vn -0.8232 -0.5658 -0.0472
vn -0.8497 -0.5261 -0.0342
vn -0.7670 -0.6401 -0.0445
vn -0.7668 -0.6403 -0.0448
vn -0.7671 -0.6400 -0.0443
vn -0.7992 -0.5997 -0.0404
vn -0.7925 -0.6081 -0.0472
vn -0.8079 -0.5870 -0.0533
vn -0.8086 -0.5875 -0.0302
vn -0.7334 -0.6788 -0.0368
vn -0.7247 -0.6877 -0.0447
vn -0.7599 -0.6489 -0.0389
vn -0.7601 -0.6487 -0.0386
vn -0.7598 -0.6490 -0.0390
vn -0.7630 -0.6455 -0.0342
vn -0.7624 -0.6451 -0.0511
vn -0.7126 -0.6995 -0.0541
vn -0.7133 -0.7002 -0.0309
vn -0.6593 -0.7504 -0.0484
vn -0.6592 -0.7504 -0.0484
vn -0.6594 -0.7503 -0.0482
vn -0.6974 -0.7156 -0.0383
vn -0.6876 -0.7245 -0.0482
vn -0.6202 -0.7835 -0.0381
vn -0.6081 -0.7928 -0.0405
vn -0.6083 -0.7927 -0.0407
vn -0.6078 -0.7931 -0.0401
vn -0.6488 -0.7597 -0.0435
vn -0.6596 -0.7510 -0.0315
vn -0.6591 -0.7504 -0.0485
vn -0.5790 -0.8145 -0.0369
vn -0.5658 -0.8232 -0.0477
vn -0.6023 -0.7976 -0.0332
vn -0.6018 -0.7968 -0.0541
vn -0.5418 -0.8400 -0.0302
vn -0.4921 -0.8696 -0.0402
vn -0.5363 -0.8428 -0.0448
vn -0.5362 -0.8429 -0.0446
vn -0.5365 -0.8427 -0.0450
vn -0.5414 -0.8393 -0.0509
vn -0.5219 -0.8517 -0.0465
vn -0.4468 -0.8939 -0.0364
vn -0.4301 -0.9016 -0.0457
vn -0.4776 -0.8778 -0.0363
vn -0.4769 -0.8782 -0.0370
vn -0.4768 -0.8782 -0.0372
vn -0.4782 -0.8775 -0.0355
vn -0.4778 -0.8768 -0.0534
vn -0.3522 -0.9349 -0.0433
vn -0.3518 -0.9351 -0.0436
vn -0.3524 -0.9348 -0.0430
vn -0.4001 -0.9155 -0.0414
vn -0.3822 -0.9228 -0.0480
vn -0.4122 -0.9106 -0.0305
vn -0.4118 -0.9098 -0.0528
vn -0.3039 -0.9520 -0.0366
vn -0.2838 -0.9580 -0.0422
vn -0.3335 -0.9418 -0.0422
vn -0.3438 -0.9385 -0.0322
vn -0.3435 -0.9377 -0.0519
vn -0.2735 -0.9613 -0.0322
vn -0.2029 -0.9780 -0.0482
vn -0.2042 -0.9778 -0.0468
vn -0.2043 -0.9778 -0.0467
vn -0.2545 -0.9663 -0.0390
vn -0.2733 -0.9604 -0.0539
vn -0.2332 -0.9712 -0.0480
vn -0.1538 -0.9874 -0.0376
vn -0.2018 -0.9790 -0.0305
vn -0.2016 -0.9782 -0.0496
vn -0.1296 -0.9909 -0.0363
vn -0.1304 -0.9908 -0.0372
vn -0.1303 -0.9908 -0.0370
vn -0.1820 -0.9822 -0.0457
vn -0.1027 -0.9940 -0.0373
vn -0.1288 -0.9902 -0.0542
vn -0.0784 -0.9958 -0.0465
vn -0.1289 -0.9910 -0.0355
vn -0.0000 -0.9992 -0.0394
vn -0.0515 -0.9976 -0.0461
vn -0.0514 -0.9976 -0.0460
vn -0.0517 -0.9976 -0.0463
vn -0.0261 -0.9985 -0.0477
vn -0.0554 -0.9980 -0.0302
vn -0.0553 -0.9972 -0.0500
vn 0.0514 -0.9980 -0.0365
vn 0.0784 -0.9960 -0.0435
vn 0.0259 -0.9988 -0.0405
vn 0.0256 -0.9989 -0.0401
vn 0.0262 -0.9988 -0.0407
vn 0.0185 -0.9993 -0.0332
vn 0.0185 -0.9984 -0.0538
vn 0.1538 -0.9872 -0.0419
vn 0.1027 -0.9938 -0.0425
vn 0.0922 -0.9952 -0.0315
vn 0.1304 -0.9903 -0.0482
vn 0.0921 -0.9944 -0.0522
vn 0.1655 -0.9857 -0.0309
vn 0.2044 -0.9782 -0.0364
vn 0.1653 -0.9848 -0.0525
vn 0.2334 -0.9716 -0.0389
vn 0.2333 -0.9716 -0.0390
vn 0.2336 -0.9716 -0.0387
vn 0.1821 -0.9823 -0.0447
vn 0.3040 -0.9516 -0.0454
vn 0.3042 -0.9515 -0.0457
vn 0.3038 -0.9517 -0.0453
vn 0.2545 -0.9663 -0.0398
vn 0.2837 -0.9578 -0.0472
vn 0.2378 -0.9707 -0.0342
vn 0.2376 -0.9699 -0.0536
vn 0.3525 -0.9351 -0.0371
vn 0.3334 -0.9416 -0.0472
vn 0.3086 -0.9498 -0.0505
vn 0.3089 -0.9506 -0.0302
vn 0.4002 -0.9157 -0.0378
vn 0.4301 -0.9017 -0.0447
vn 0.3823 -0.9232 -0.0389
vn 0.3821 -0.9233 -0.0387
vn 0.3824 -0.9232 -0.0390
vn 0.3782 -0.9251 -0.0343
vn 0.3779 -0.9243 -0.0542
vn 0.4922 -0.8696 -0.0386
vn 0.4455 -0.8947 -0.0309
vn 0.4459 -0.8938 -0.0483
vn 0.4466 -0.8935 -0.0474
vn 0.4465 -0.8935 -0.0476
vn 0.4452 -0.8941 -0.0490
vn 0.4766 -0.8778 -0.0482
vn 0.5363 -0.8432 -0.0367
vn 0.5661 -0.8233 -0.0405
vn 0.5659 -0.8234 -0.0407
vn 0.5664 -0.8231 -0.0401
vn 0.5220 -0.8518 -0.0435
vn 0.5104 -0.8594 -0.0315
vn 0.5099 -0.8585 -0.0540
vn 0.5787 -0.8144 -0.0439
vn 0.5789 -0.8143 -0.0436
vn 0.5784 -0.8146 -0.0442
vn 0.6081 -0.7924 -0.0477
vn 0.5724 -0.8193 -0.0332
vn 0.5720 -0.8187 -0.0515
vn 0.6201 -0.7835 -0.0409
vn 0.6308 -0.7741 -0.0531
vn 0.6314 -0.7748 -0.0302
vn 0.6487 -0.7596 -0.0465
vn 0.6597 -0.7506 -0.0363
vn 0.7246 -0.6876 -0.0457
vn 0.6873 -0.7255 -0.0363
vn 0.6878 -0.7250 -0.0370
vn 0.6879 -0.7249 -0.0372
vn 0.6863 -0.7254 -0.0532
vn 0.6868 -0.7260 -0.0355
vn 0.7333 -0.6785 -0.0442
vn 0.7335 -0.6782 -0.0445
vn 0.7332 -0.6786 -0.0440
vn 0.6974 -0.7156 -0.0407
vn 0.7595 -0.6487 -0.0480
vn 0.7380 -0.6728 -0.0513
vn 0.7387 -0.6734 -0.0305
vn 0.8234 -0.5659 -0.0422
vn 0.7926 -0.6082 -0.0422
vn 0.7856 -0.6164 -0.0541
vn 0.7863 -0.6170 -0.0322
vn 0.8290 -0.5572 -0.0483
vn 0.8290 -0.5572 -0.0484
vn 0.8287 -0.5576 -0.0478
vn 0.7992 -0.5998 -0.0384
vn 0.8298 -0.5572 -0.0322
vn 0.8517 -0.5219 -0.0480
vn 0.8567 -0.5144 -0.0380
vn 0.8292 -0.5568 -0.0488
vn 0.9023 -0.4295 -0.0363
vn 0.9020 -0.4302 -0.0372
vn 0.9020 -0.4301 -0.0370
vn 0.8779 -0.4767 -0.0457
vn 0.8678 -0.4939 -0.0542
vn 0.8687 -0.4944 -0.0305
vn 0.8821 -0.4697 -0.0370
vn 0.9229 -0.3823 -0.0465
vn 0.9047 -0.4237 -0.0451
vn 0.9046 -0.4239 -0.0453
vn 0.9021 -0.4286 -0.0507
vn 0.9027 -0.4288 -0.0355
vn 0.9256 -0.3764 -0.0400
vn 0.9048 -0.4235 -0.0449
vn 0.9416 -0.3334 -0.0477
vn 0.9320 -0.3611 -0.0302
vn 0.9311 -0.3607 -0.0535
vn 0.9439 -0.3283 -0.0364
vn 0.9714 -0.2332 -0.0435
vn 0.9580 -0.2840 -0.0405
vn 0.9579 -0.2843 -0.0401
vn 0.9580 -0.2838 -0.0407
vn 0.9553 -0.2910 -0.0527
vn 0.9561 -0.2912 -0.0332
vn 0.9724 -0.2292 -0.0430
vn 0.9725 -0.2288 -0.0434
vn 0.9724 -0.2295 -0.0428
vn 0.9593 -0.2792 -0.0417
vn 0.9821 -0.1820 -0.0482
vn 0.9750 -0.2198 -0.0315
vn 0.9742 -0.2197 -0.0520
vn 0.9831 -0.1792 -0.0365
vn 0.9962 -0.0783 -0.0389
vn 0.9962 -0.0784 -0.0390
vn 0.9962 -0.0781 -0.0387
vn 0.9905 -0.1304 -0.0447
vn 0.9886 -0.1472 -0.0309
vn 0.9960 -0.0770 -0.0464
vn 0.9960 -0.0768 -0.0466
vn 0.9959 -0.0771 -0.0463
vn 0.9910 -0.1283 -0.0392
vn 0.9877 -0.1471 -0.0538
vn 0.9985 -0.0261 -0.0472
vn 0.9960 -0.0738 -0.0498
vn 0.9990 -0.0257 -0.0375
vn 0.9967 -0.0738 -0.0342
vn 0.9985 -0.0000 -0.0542
vn 0.9985 0.0261 -0.0472
vn 0.9995 -0.0000 -0.0302
vn 0.9990 0.0257 -0.0375
vn 0.9960 0.0770 -0.0464
vn 0.9960 0.0768 -0.0466
vn 0.9960 0.0738 -0.0498
vn 0.9905 0.1304 -0.0447
vn 0.9962 0.0783 -0.0389
vn 0.9962 0.0781 -0.0387
vn 0.9962 0.0784 -0.0390
vn 0.9967 0.0738 -0.0342
vn 0.9910 0.1283 -0.0392
vn 0.9959 0.0771 -0.0463
vn 0.9877 0.1471 -0.0538
vn 0.9821 0.1820 -0.0482
vn 0.9886 0.1472 -0.0309
vn 0.9831 0.1792 -0.0365
vn 0.9580 0.2840 -0.0405
vn 0.9580 0.2838 -0.0407
vn 0.9579 0.2843 -0.0401
vn 0.9714 0.2332 -0.0435
vn 0.9750 0.2198 -0.0315
vn 0.9724 0.2292 -0.0430
vn 0.9725 0.2288 -0.0434
vn 0.9742 0.2197 -0.0520
vn 0.9593 0.2792 -0.0417
vn 0.9724 0.2295 -0.0428
vn 0.9416 0.3334 -0.0477
vn 0.9561 0.2912 -0.0332
vn 0.9553 0.2910 -0.0527
vn 0.9439 0.3283 -0.0364
vn 0.9320 0.3611 -0.0302
vn 0.9229 0.3823 -0.0465
vn 0.9311 0.3607 -0.0535
vn 0.9036 0.4255 -0.0487
vn 0.9046 0.4239 -0.0453
vn 0.9048 0.4235 -0.0449
vn 0.9256 0.3764 -0.0400
vn 0.8779 0.4767 -0.0457
vn 0.9023 0.4296 -0.0361
vn 0.9020 0.4301 -0.0370
vn 0.9020 0.4302 -0.0372
vn 0.8821 0.4697 -0.0370
vn 0.8517 0.5219 -0.0480
vn 0.8687 0.4944 -0.0305
vn 0.8567 0.5144 -0.0380
vn 0.8678 0.4939 -0.0542
vn 0.7926 0.6082 -0.0422
vn 0.8234 0.5659 -0.0422
vn 0.8298 0.5572 -0.0322
vn 0.7992 0.5998 -0.0384
vn 0.8290 0.5572 -0.0483
vn 0.8287 0.5576 -0.0478
vn 0.8290 0.5572 -0.0484
vn 0.8292 0.5568 -0.0488
vn 0.7595 0.6487 -0.0480
vn 0.7856 0.6164 -0.0541
vn 0.7863 0.6170 -0.0322
vn 0.6873 0.7255 -0.0363
vn 0.6879 0.7249 -0.0372
vn 0.6878 0.7250 -0.0370
vn 0.7246 0.6876 -0.0457
vn 0.7333 0.6785 -0.0442
vn 0.7335 0.6782 -0.0445
vn 0.7380 0.6728 -0.0513
vn 0.7387 0.6734 -0.0305
vn 0.6974 0.7156 -0.0407
vn 0.7332 0.6786 -0.0440
vn 0.6487 0.7596 -0.0465
vn 0.6868 0.7260 -0.0355
vn 0.6597 0.7506 -0.0363
vn 0.6863 0.7254 -0.0532
vn 0.6081 0.7924 -0.0477
vn 0.6314 0.7748 -0.0302
vn 0.6308 0.7741 -0.0531
vn 0.5763 0.8157 -0.0492
vn 0.5784 0.8146 -0.0442
vn 0.5789 0.8143 -0.0436
vn 0.6201 0.7835 -0.0409
vn 0.5220 0.8518 -0.0435
vn 0.5684 0.8220 -0.0354
vn 0.5664 0.8231 -0.0401
vn 0.5659 0.8234 -0.0407
vn 0.5363 0.8432 -0.0367
vn 0.5104 0.8594 -0.0315
vn 0.5099 0.8585 -0.0540
vn 0.4459 0.8938 -0.0483
vn 0.4464 0.8935 -0.0476
vn 0.4466 0.8935 -0.0474
vn 0.4922 0.8696 -0.0386
vn 0.4766 0.8778 -0.0482
vn 0.4452 0.8941 -0.0490
vn 0.4002 0.9157 -0.0378
vn 0.4455 0.8947 -0.0309
vn 0.3823 0.9232 -0.0389
vn 0.3824 0.9232 -0.0390
vn 0.3821 0.9233 -0.0387
vn 0.4301 0.9017 -0.0447
vn 0.3779 0.9243 -0.0542
vn 0.3525 0.9351 -0.0371
vn 0.3782 0.9251 -0.0343
vn 0.3334 0.9416 -0.0472
vn 0.2545 0.9663 -0.0398
vn 0.3040 0.9516 -0.0454
vn 0.3038 0.9517 -0.0453
vn 0.3042 0.9515 -0.0457
vn 0.3086 0.9498 -0.0505
vn 0.3089 0.9506 -0.0302
vn 0.2837 0.9578 -0.0472
vn 0.2044 0.9782 -0.0364
vn 0.2334 0.9716 -0.0389
vn 0.2378 0.9707 -0.0342
vn 0.2336 0.9716 -0.0387
vn 0.2376 0.9699 -0.0536
vn 0.1821 0.9823 -0.0447
vn 0.2333 0.9716 -0.0390
vn 0.1653 0.9848 -0.0525
vn 0.1027 0.9938 -0.0425
vn 0.1538 0.9872 -0.0419
vn 0.1655 0.9857 -0.0309
vn 0.1304 0.9903 -0.0482
vn 0.0922 0.9952 -0.0315
vn 0.0514 0.9980 -0.0365
vn 0.0259 0.9988 -0.0405
vn 0.0262 0.9988 -0.0407
vn 0.0256 0.9989 -0.0401
vn 0.0784 0.9960 -0.0435
vn 0.0921 0.9944 -0.0522
vn 0.0185 0.9984 -0.0538
vn 0.0185 0.9993 -0.0332
vn -0.0515 0.9976 -0.0461
vn -0.0517 0.9976 -0.0463
vn -0.0514 0.9976 -0.0460
vn -0.0000 0.9992 -0.0394
vn -0.0261 0.9985 -0.0477
vn -0.0554 0.9980 -0.0302
vn -0.0553 0.9972 -0.0500
vn -0.1027 0.9940 -0.0373
vn -0.0784 0.9958 -0.0465
vn -0.1288 0.9902 -0.0542
vn -0.1538 0.9874 -0.0376
vn -0.1296 0.9909 -0.0363
vn -0.1289 0.9910 -0.0355
vn -0.1303 0.9908 -0.0370
vn -0.1820 0.9822 -0.0457
vn -0.1304 0.9908 -0.0372
vn -0.2018 0.9790 -0.0305
vn -0.2545 0.9663 -0.0390
vn -0.2029 0.9780 -0.0482
vn -0.2043 0.9778 -0.0467
vn -0.2042 0.9778 -0.0468
vn -0.2016 0.9782 -0.0496
vn -0.2332 0.9712 -0.0480
vn -0.2733 0.9604 -0.0539
vn -0.3039 0.9520 -0.0366
vn -0.2735 0.9613 -0.0322
vn -0.3335 0.9418 -0.0422
vn -0.2838 0.9580 -0.0422
vn -0.3522 0.9349 -0.0433
vn -0.3518 0.9351 -0.0436
vn -0.3435 0.9377 -0.0519
vn -0.4001 0.9155 -0.0414
vn -0.3524 0.9348 -0.0430
vn -0.3438 0.9385 -0.0322
vn -0.3822 0.9228 -0.0480
vn -0.4468 0.8939 -0.0364
vn -0.4118 0.9098 -0.0528
vn -0.4122 0.9106 -0.0305
vn -0.4776 0.8778 -0.0363
vn -0.4768 0.8782 -0.0372
vn -0.4769 0.8782 -0.0371
vn -0.4301 0.9016 -0.0457
vn -0.5363 0.8428 -0.0448
vn -0.5366 0.8427 -0.0451
vn -0.5362 0.8429 -0.0446
vn -0.4921 0.8696 -0.0402
vn -0.5219 0.8517 -0.0465
vn -0.4778 0.8768 -0.0534
vn -0.4782 0.8775 -0.0355
vn -0.5790 0.8145 -0.0369
vn -0.5658 0.8232 -0.0477
vn -0.5414 0.8393 -0.0509
vn -0.5418 0.8400 -0.0302
vn -0.6081 0.7928 -0.0405
vn -0.6023 0.7976 -0.0332
vn -0.6078 0.7931 -0.0401
vn -0.6202 0.7835 -0.0381
vn -0.6018 0.7968 -0.0541
vn -0.6488 0.7597 -0.0435
vn -0.6083 0.7927 -0.0407
vn -0.6593 0.7504 -0.0484
vn -0.6592 0.7504 -0.0484
vn -0.6591 0.7504 -0.0485
vn -0.6596 0.7510 -0.0315
vn -0.6974 0.7156 -0.0383
vn -0.6594 0.7503 -0.0482
vn -0.6876 0.7245 -0.0482
vn -0.7133 0.7002 -0.0309
vn -0.7126 0.6995 -0.0541
vn -0.7334 0.6788 -0.0368
vn -0.7599 0.6489 -0.0389
vn -0.7598 0.6490 -0.0390
vn -0.7601 0.6487 -0.0386
vn -0.7247 0.6877 -0.0447
vn -0.7992 0.5997 -0.0404
vn -0.7670 0.6401 -0.0445
vn -0.7671 0.6400 -0.0443
vn -0.7668 0.6403 -0.0448
vn -0.7624 0.6451 -0.0511
vn -0.7630 0.6455 -0.0342
vn -0.7925 0.6081 -0.0472
vn -0.8291 0.5579 -0.0364
vn -0.8079 0.5870 -0.0533
vn -0.8232 0.5658 -0.0472
vn -0.8086 0.5875 -0.0302
vn -0.8820 0.4693 -0.0436
vn -0.8821 0.4690 -0.0439
vn -0.8819 0.4695 -0.0433
vn -0.8566 0.5144 -0.0411
vn -0.8490 0.5257 -0.0529
vn -0.8519 0.5222 -0.0389
vn -0.8497 0.5261 -0.0342
vn -0.8518 0.5224 -0.0387
vn -0.8779 0.4767 -0.0447
vn -0.8520 0.5221 -0.0390
vn -0.9051 0.4236 -0.0366
vn -0.8864 0.4620 -0.0309
vn -0.8856 0.4616 -0.0517
vn -0.9015 0.4300 -0.0482
vn -0.9438 0.3271 -0.0482
vn -0.9435 0.3280 -0.0473
vn -0.9434 0.3282 -0.0470
vn -0.9256 0.3764 -0.0388
vn -0.9419 0.3333 -0.0405
vn -0.9419 0.3335 -0.0407
vn -0.9421 0.3330 -0.0401
vn -0.9230 0.3823 -0.0435
vn -0.9171 0.3949 -0.0540
vn -0.9180 0.3953 -0.0315
vn -0.9595 0.2793 -0.0377
vn -0.9440 0.3261 -0.0493
vn -0.9577 0.2837 -0.0477
vn -0.9447 0.3264 -0.0332
vn -0.9663 0.2557 -0.0302
vn -0.9726 0.2295 -0.0372
vn -0.9653 0.2555 -0.0542
vn -0.9713 0.2332 -0.0465
vn -0.9827 0.1792 -0.0457
vn -0.9827 0.1794 -0.0459
vn -0.9817 0.1835 -0.0503
vn -0.9825 0.1829 -0.0363
vn -0.9824 0.1836 -0.0355
vn -0.9826 0.1822 -0.0370
vn -0.9909 0.1283 -0.0396
vn -0.9828 0.1791 -0.0456
vn -0.9904 0.1304 -0.0457
vn -0.9826 0.1821 -0.0372
vn -0.9934 0.1106 -0.0305
vn -0.9964 0.0771 -0.0364
vn -0.9988 0.0369 -0.0322
vn -0.9979 0.0369 -0.0524
vn -0.9958 0.0784 -0.0480
vn -0.9924 0.1105 -0.0537
vn -0.9999 0.0166 -0.0000
vn -0.9994 0.0257 0.0228
vn -0.9987 0.0499 -0.0103
vn -0.9968 0.0772 0.0207
vn -0.9965 0.0831 0.0043
vn -0.9921 0.1257 -0.0025
vn -0.9918 0.1276 0.0040
vn -0.9917 0.1284 0.0070
vn -0.9922 0.1249 -0.0056
vn -0.9838 0.1793 0.0083
vn -0.9845 0.1750 -0.0069
vn -0.9732 0.2297 0.0095
vn -0.9744 0.2247 -0.0081
vn -0.9601 0.2795 0.0107
vn -0.9617 0.2738 -0.0093
vn -0.9444 0.3285 0.0118
vn -0.9466 0.3222 -0.0105
vn -0.9262 0.3767 0.0128
vn -0.9290 0.3698 -0.0116
vn -0.9056 0.4239 0.0139
vn -0.9091 0.4164 -0.0126
vn -0.8826 0.4699 0.0149
vn -0.8868 0.4620 -0.0136
vn -0.8572 0.5147 0.0158
vn -0.8622 0.5063 -0.0146
vn -0.8354 0.5494 -0.0155
vn -0.8296 0.5582 0.0167
vn -0.8065 0.5910 -0.0164
vn -0.7997 0.6001 0.0175
vn -0.7755 0.6312 -0.0172
vn -0.7678 0.6405 0.0183
vn -0.7425 0.6696 -0.0180
vn -0.7338 0.6791 0.0191
vn -0.7075 0.7064 -0.0187
vn -0.6978 0.7160 0.0198
vn -0.6708 0.7414 -0.0194
vn -0.6600 0.7510 0.0204
vn -0.6324 0.7744 -0.0200
vn -0.6205 0.7839 0.0211
vn -0.5923 0.8055 -0.0206
vn -0.5793 0.8148 0.0216
vn -0.5507 0.8345 -0.0212
vn -0.5366 0.8436 0.0222
vn -0.5076 0.8613 -0.0217
vn -0.4924 0.8701 0.0226
vn -0.4633 0.8859 -0.0221
vn -0.4470 0.8942 0.0231
vn -0.4178 0.9083 -0.0225
vn -0.4003 0.9161 0.0234
vn -0.3712 0.9283 -0.0229
vn -0.3527 0.9355 0.0238
vn -0.3237 0.9459 -0.0232
vn -0.3040 0.9524 0.0241
vn -0.2753 0.9611 -0.0235
vn -0.2546 0.9667 0.0244
vn -0.2262 0.9738 -0.0237
vn -0.2045 0.9786 0.0246
vn -0.1765 0.9840 -0.0239
vn -0.1538 0.9878 0.0247
vn -0.1264 0.9917 -0.0240
vn -0.1028 0.9944 0.0249
vn -0.0760 0.9968 -0.0241
vn -0.0515 0.9984 0.0249
vn -0.0254 0.9994 -0.0242
vn -0.0000 0.9997 0.0249
vn 0.0254 0.9994 -0.0242
vn 0.0515 0.9984 0.0249
vn 0.0760 0.9968 -0.0241
vn 0.1028 0.9944 0.0249
vn 0.1264 0.9917 -0.0240
vn 0.1538 0.9878 0.0247
vn 0.1765 0.9840 -0.0239
vn 0.2045 0.9786 0.0246
vn 0.2262 0.9738 -0.0237
vn 0.2546 0.9667 0.0244
vn 0.2753 0.9611 -0.0235
vn 0.3040 0.9524 0.0241
vn 0.3237 0.9459 -0.0232
vn 0.3527 0.9355 0.0238
vn 0.4003 0.9161 0.0234
vn 0.3712 0.9283 -0.0229
vn 0.4470 0.8942 0.0231
vn 0.4178 0.9083 -0.0225
vn 0.4924 0.8701 0.0226
vn 0.4633 0.8859 -0.0221
vn 0.5366 0.8436 0.0222
vn 0.5076 0.8613 -0.0217
vn 0.5793 0.8148 0.0216
vn 0.5507 0.8345 -0.0212
vn 0.6205 0.7839 0.0211
vn 0.5923 0.8055 -0.0206
vn 0.6600 0.7510 0.0204
vn 0.6324 0.7744 -0.0200
vn 0.6978 0.7160 0.0198
vn 0.6708 0.7414 -0.0194
vn 0.7338 0.6791 0.0191
vn 0.7075 0.7064 -0.0187
vn 0.7678 0.6405 0.0183
vn 0.7425 0.6696 -0.0180
vn 0.7997 0.6001 0.0175
vn 0.7755 0.6312 -0.0172
vn 0.8296 0.5582 0.0167
vn 0.8065 0.5910 -0.0164
vn 0.8572 0.5147 0.0158
vn 0.8354 0.5494 -0.0155
vn 0.8826 0.4699 0.0149
vn 0.8622 0.5063 -0.0146
vn 0.9056 0.4239 0.0139
vn 0.8868 0.4620 -0.0136
vn 0.9262 0.3767 0.0128
vn 0.9091 0.4164 -0.0126
vn 0.9444 0.3285 0.0118
vn 0.9290 0.3698 -0.0116
vn 0.9601 0.2795 0.0107
vn 0.9466 0.3222 -0.0105
vn 0.9732 0.2297 0.0095
vn 0.9617 0.2738 -0.0093
vn 0.9838 0.1793 0.0083
vn 0.9744 0.2247 -0.0081
vn 0.9921 0.1257 -0.0025
vn 0.9917 0.1284 0.0070
vn 0.9918 0.1276 0.0040
vn 0.9845 0.1750 -0.0069
vn 0.9972 0.0754 -0.0008
vn 0.9970 0.0772 0.0057
vn 0.9971 0.0766 0.0037
vn 0.9922 0.1249 -0.0056
vn 0.9997 0.0251 0.0007
vn 0.9997 0.0257 0.0030
vn 0.9997 0.0256 0.0023
vn 0.9972 0.0748 -0.0029
vn 0.9997 0.0250 -0.0000
vn 0.9997 -0.0251 0.0007
vn 0.9997 -0.0250 -0.0000
vn 0.9997 -0.0256 0.0023
vn 0.9997 -0.0257 0.0030
vn 0.9972 -0.0754 -0.0008
vn 0.9972 -0.0748 -0.0029
vn 0.9971 -0.0766 0.0037
vn 0.9970 -0.0772 0.0057
vn 0.9921 -0.1257 -0.0025
vn 0.9922 -0.1249 -0.0056
vn 0.9918 -0.1276 0.0040
vn 0.9917 -0.1284 0.0070
vn 0.9845 -0.1750 -0.0069
vn 0.9838 -0.1793 0.0083
vn 0.9744 -0.2247 -0.0081
vn 0.9732 -0.2297 0.0095
vn 0.9617 -0.2738 -0.0093
vn 0.9601 -0.2795 0.0107
vn 0.9466 -0.3222 -0.0105
vn 0.9444 -0.3285 0.0118
vn 0.9262 -0.3767 0.0128
vn 0.9290 -0.3698 -0.0116
vn 0.9056 -0.4239 0.0139
vn 0.9091 -0.4164 -0.0126
vn 0.8868 -0.4620 -0.0136
vn 0.8826 -0.4699 0.0149
vn 0.8572 -0.5147 0.0158
vn 0.8622 -0.5063 -0.0146
vn 0.8296 -0.5582 0.0167
vn 0.8354 -0.5494 -0.0155
vn 0.7997 -0.6001 0.0175
vn 0.8065 -0.5910 -0.0164
vn 0.7678 -0.6405 0.0183
vn 0.7755 -0.6312 -0.0172
vn 0.7338 -0.6791 0.0191
vn 0.7425 -0.6696 -0.0180
vn 0.6978 -0.7160 0.0198
vn 0.7075 -0.7064 -0.0187
vn 0.6600 -0.7510 0.0204
vn 0.6708 -0.7414 -0.0194
vn 0.6205 -0.7839 0.0211
vn 0.6324 -0.7744 -0.0200
vn 0.5793 -0.8148 0.0216
vn 0.5923 -0.8055 -0.0206
vn 0.5366 -0.8436 0.0222
vn 0.5507 -0.8345 -0.0212
vn 0.4924 -0.8701 0.0226
vn 0.5076 -0.8613 -0.0217
vn 0.4470 -0.8942 0.0231
vn 0.4633 -0.8859 -0.0221
vn 0.4003 -0.9161 0.0234
vn 0.4178 -0.9083 -0.0225
vn 0.3527 -0.9355 0.0238
vn 0.3712 -0.9283 -0.0229
vn 0.3040 -0.9524 0.0241
vn 0.3237 -0.9459 -0.0232
vn 0.2546 -0.9667 0.0244
vn 0.2753 -0.9611 -0.0235
vn 0.2262 -0.9738 -0.0237
vn 0.2045 -0.9786 0.0246
vn 0.1765 -0.9840 -0.0239
vn 0.1538 -0.9878 0.0247
vn 0.1264 -0.9917 -0.0240
vn 0.1028 -0.9944 0.0249
vn 0.0760 -0.9968 -0.0241
vn 0.0515 -0.9984 0.0249
vn 0.0254 -0.9994 -0.0242
vn -0.0000 -0.9997 0.0249
vn -0.0254 -0.9994 -0.0242
vn -0.0515 -0.9984 0.0249
vn -0.0760 -0.9968 -0.0241
vn -0.1028 -0.9944 0.0249
vn -0.1264 -0.9917 -0.0240
vn -0.1538 -0.9878 0.0247
vn -0.1765 -0.9840 -0.0239
vn -0.2045 -0.9786 0.0246
vn -0.2262 -0.9738 -0.0237
vn -0.2546 -0.9667 0.0244
vn -0.2753 -0.9611 -0.0235
vn -0.3040 -0.9524 0.0241
vn -0.3237 -0.9459 -0.0232
vn -0.3527 -0.9355 0.0238
vn -0.3712 -0.9283 -0.0229
vn -0.4003 -0.9161 0.0234
vn -0.4178 -0.9083 -0.0225
vn -0.4470 -0.8942 0.0231
vn -0.4633 -0.8859 -0.0221
vn -0.4924 -0.8701 0.0226
vn -0.5366 -0.8436 0.0222
vn -0.5076 -0.8613 -0.0217
vn -0.5793 -0.8148 0.0216
vn -0.5507 -0.8345 -0.0212
vn -0.6205 -0.7839 0.0211
vn -0.5923 -0.8055 -0.0206
vn -0.6600 -0.7510 0.0204
vn -0.6324 -0.7744 -0.0200
vn -0.6978 -0.7160 0.0198
vn -0.6708 -0.7414 -0.0194
vn -0.7338 -0.6791 0.0191
vn -0.7075 -0.7064 -0.0187
vn -0.7678 -0.6405 0.0183
vn -0.7425 -0.6696 -0.0180
vn -0.7997 -0.6001 0.0175
vn -0.7755 -0.6312 -0.0172
vn -0.8296 -0.5582 0.0167
vn -0.8065 -0.5910 -0.0164
vn -0.8572 -0.5147 0.0158
vn -0.8354 -0.5494 -0.0155
vn -0.8622 -0.5063 -0.0146
vn -0.8826 -0.4699 0.0149
vn -0.8868 -0.4620 -0.0136
vn -0.9056 -0.4239 0.0139
vn -0.9091 -0.4164 -0.0126
vn -0.9262 -0.3767 0.0128
vn -0.9290 -0.3698 -0.0116
vn -0.9444 -0.3285 0.0118
vn -0.9466 -0.3222 -0.0105
vn -0.9601 -0.2795 0.0107
vn -0.9617 -0.2738 -0.0093
vn -0.9732 -0.2297 0.0095
vn -0.9744 -0.2247 -0.0081
vn -0.9838 -0.1793 0.0083
vn -0.9845 -0.1750 -0.0069
vn -0.9921 -0.1257 -0.0025
vn -0.9917 -0.1284 0.0070
vn -0.9918 -0.1276 0.0040
vn -0.9922 -0.1249 -0.0056
vn -0.9965 -0.0831 0.0043
vn -0.9968 -0.0772 0.0207
vn -0.9987 -0.0499 -0.0103
vn -0.9994 -0.0257 0.0228
vn -0.9999 -0.0166 -0.0000
vn 0.9893 0.1396 -0.0421
vn 0.9893 0.1397 -0.0420
vn 0.9822 0.1814 -0.0481
vn 0.9911 0.1299 -0.0289
vn 0.9828 0.1809 -0.0362
vn 0.9901 0.1290 -0.0561
vn 0.9893 0.1395 -0.0422
vn 0.9768 0.2117 -0.0316
vn 0.9764 0.2116 -0.0431
vn 0.9769 0.2117 -0.0302
vn 0.9715 0.2326 -0.0463
vn 0.9580 0.2826 -0.0480
vn 0.9580 0.2826 -0.0481
vn 0.9580 0.2825 -0.0481
vn 0.9719 0.2321 -0.0382
vn 0.9765 0.2116 -0.0410
vn 0.9759 0.2115 -0.0530
vn 0.9759 0.2115 -0.0541
vn 0.9418 0.3330 -0.0460
vn 0.9584 0.2830 -0.0363
vn 0.9585 0.2829 -0.0362
vn 0.9583 0.2833 -0.0367
vn 0.9583 0.2826 -0.0423
vn 0.9583 0.2826 -0.0421
vn 0.9423 0.3325 -0.0382
vn 0.9230 0.3818 -0.0482
vn 0.9354 0.3523 -0.0314
vn 0.9350 0.3521 -0.0434
vn 0.9354 0.3523 -0.0304
vn 0.9237 0.3814 -0.0362
vn 0.9350 0.3521 -0.0413
vn 0.9345 0.3519 -0.0541
vn 0.9345 0.3519 -0.0528
vn 0.9068 0.4198 -0.0387
vn 0.9067 0.4197 -0.0417
vn 0.9070 0.4199 -0.0328
vn 0.9070 0.4199 -0.0321
vn 0.8773 0.4786 -0.0354
vn 0.8783 0.4763 -0.0419
vn 0.8779 0.4770 -0.0412
vn 0.9020 0.4297 -0.0424
vn 0.8785 0.4759 -0.0422
vn 0.9022 0.4292 -0.0422
vn 0.9063 0.4195 -0.0508
vn 0.9063 0.4195 -0.0521
vn 0.8735 0.4850 -0.0426
vn 0.8519 0.5215 -0.0481
vn 0.8733 0.4850 -0.0456
vn 0.8731 0.4848 -0.0515
vn 0.8731 0.4848 -0.0521
vn 0.8526 0.5214 -0.0362
vn 0.8235 0.5655 -0.0463
vn 0.8359 0.5480 -0.0316
vn 0.8355 0.5477 -0.0431
vn 0.8359 0.5480 -0.0303
vn 0.7930 0.6074 -0.0479
vn 0.7929 0.6074 -0.0481
vn 0.7930 0.6074 -0.0481
vn 0.8240 0.5653 -0.0382
vn 0.8356 0.5478 -0.0410
vn 0.8351 0.5475 -0.0530
vn 0.8351 0.5475 -0.0541
vn 0.7598 0.6485 -0.0460
vn 0.7932 0.6079 -0.0364
vn 0.7932 0.6078 -0.0362
vn 0.7931 0.6080 -0.0365
vn 0.7933 0.6077 -0.0363
vn 0.7604 0.6484 -0.0382
vn 0.7248 0.6873 -0.0482
vn 0.7468 0.6643 -0.0314
vn 0.7464 0.6640 -0.0434
vn 0.7468 0.6643 -0.0303
vn 0.7254 0.6874 -0.0362
vn 0.7465 0.6641 -0.0413
vn 0.7461 0.6637 -0.0528
vn 0.7461 0.6637 -0.0541
vn 0.6960 0.7172 -0.0335
vn 0.6958 0.7170 -0.0426
vn 0.6961 0.7173 -0.0322
vn 0.6433 0.7646 -0.0396
vn 0.6491 0.7595 -0.0420
vn 0.6485 0.7601 -0.0413
vn 0.6880 0.7245 -0.0424
vn 0.6883 0.7242 -0.0422
vn 0.6957 0.7169 -0.0456
vn 0.6955 0.7167 -0.0515
vn 0.6955 0.7167 -0.0521
vn 0.6494 0.7593 -0.0422
vn 0.6083 0.7923 -0.0481
vn 0.6416 0.7663 -0.0330
vn 0.6414 0.7661 -0.0417
vn 0.6411 0.7658 -0.0508
vn 0.6411 0.7657 -0.0521
vn 0.6088 0.7925 -0.0362
vn 0.5660 0.8231 -0.0462
vn 0.5835 0.8110 -0.0434
vn 0.5837 0.8113 -0.0313
vn 0.5837 0.8114 -0.0303
vn 0.5835 0.8111 -0.0413
vn 0.5832 0.8106 -0.0528
vn 0.5832 0.8106 -0.0541
vn 0.5223 0.8514 -0.0479
vn 0.5223 0.8514 -0.0481
vn 0.5665 0.8232 -0.0382
vn 0.4768 0.8778 -0.0461
vn 0.5224 0.8519 -0.0364
vn 0.5225 0.8519 -0.0362
vn 0.5224 0.8520 -0.0364
vn 0.5226 0.8518 -0.0363
vn 0.4772 0.8780 -0.0382
vn 0.4588 0.8880 -0.0314
vn 0.4586 0.8876 -0.0434
vn 0.4588 0.8880 -0.0303
vn 0.4302 0.9015 -0.0481
vn 0.4587 0.8877 -0.0413
vn 0.4584 0.8871 -0.0541
vn 0.4584 0.8872 -0.0528
vn 0.4306 0.9018 -0.0362
vn 0.3336 0.9418 -0.0421
vn 0.3825 0.9230 -0.0423
vn 0.3924 0.9190 -0.0388
vn 0.3923 0.9189 -0.0417
vn 0.3925 0.9192 -0.0328
vn 0.3925 0.9192 -0.0322
vn 0.3922 0.9185 -0.0508
vn 0.3921 0.9184 -0.0521
vn 0.3338 0.9417 -0.0422
vn 0.3827 0.9229 -0.0422
vn 0.2838 0.9577 -0.0481
vn 0.3240 0.9455 -0.0329
vn 0.3240 0.9453 -0.0388
vn 0.3240 0.9455 -0.0323
vn 0.3239 0.9452 -0.0417
vn 0.3238 0.9447 -0.0521
vn 0.3238 0.9448 -0.0508
vn 0.2841 0.9581 -0.0362
vn 0.2539 0.9667 -0.0317
vn 0.2538 0.9663 -0.0431
vn 0.2539 0.9668 -0.0303
vn 0.2333 0.9713 -0.0462
vn 0.2538 0.9664 -0.0410
vn 0.2536 0.9658 -0.0541
vn 0.2536 0.9658 -0.0530
vn 0.1822 0.9821 -0.0480
vn 0.1822 0.9821 -0.0481
vn 0.2335 0.9716 -0.0382
vn 0.1304 0.9904 -0.0461
vn 0.1823 0.9826 -0.0364
vn 0.1822 0.9826 -0.0362
vn 0.1822 0.9826 -0.0363
vn 0.1822 0.9823 -0.0423
vn 0.1822 0.9824 -0.0421
vn 0.1306 0.9907 -0.0382
vn 0.1098 0.9935 -0.0314
vn 0.1097 0.9930 -0.0434
vn 0.1098 0.9935 -0.0303
vn 0.0784 0.9958 -0.0481
vn 0.1097 0.9931 -0.0413
vn 0.1097 0.9925 -0.0541
vn 0.1097 0.9926 -0.0528
vn 0.0785 0.9963 -0.0362
vn 0.0367 0.9988 -0.0336
vn 0.0366 0.9984 -0.0427
vn 0.0367 0.9988 -0.0323
vn -0.0262 0.9988 -0.0422
vn 0.0262 0.9988 -0.0422
vn 0.0366 0.9983 -0.0456
vn 0.0366 0.9980 -0.0515
vn 0.0366 0.9980 -0.0521
vn -0.0784 0.9958 -0.0481
vn -0.0367 0.9988 -0.0329
vn -0.0367 0.9986 -0.0388
vn -0.0367 0.9988 -0.0323
vn -0.0366 0.9985 -0.0417
vn -0.0366 0.9980 -0.0508
vn -0.0366 0.9980 -0.0521
vn -0.0785 0.9963 -0.0362
vn -0.1097 0.9930 -0.0434
vn -0.1098 0.9935 -0.0314
vn -0.1098 0.9935 -0.0303
vn -0.1822 0.9826 -0.0364
vn -0.1822 0.9826 -0.0363
vn -0.1822 0.9826 -0.0362
vn -0.1304 0.9904 -0.0461
vn -0.1097 0.9931 -0.0413
vn -0.1097 0.9926 -0.0528
vn -0.1097 0.9925 -0.0541
vn -0.1822 0.9821 -0.0480
vn -0.1822 0.9821 -0.0481
vn -0.1306 0.9907 -0.0382
vn -0.2333 0.9713 -0.0462
vn -0.1823 0.9826 -0.0364
vn -0.1822 0.9824 -0.0421
vn -0.2335 0.9716 -0.0382
vn -0.2838 0.9577 -0.0481
vn -0.2538 0.9663 -0.0431
vn -0.2539 0.9667 -0.0317
vn -0.2539 0.9668 -0.0303
vn -0.2538 0.9664 -0.0410
vn -0.2536 0.9658 -0.0530
vn -0.2536 0.9658 -0.0541
vn -0.2841 0.9581 -0.0362
vn -0.3825 0.9230 -0.0423
vn -0.3336 0.9418 -0.0421
vn -0.3240 0.9453 -0.0388
vn -0.3240 0.9455 -0.0330
vn -0.3240 0.9455 -0.0323
vn -0.3239 0.9452 -0.0417
vn -0.3238 0.9448 -0.0508
vn -0.3238 0.9447 -0.0521
vn -0.3827 0.9229 -0.0422
vn -0.3338 0.9417 -0.0422
vn -0.4302 0.9015 -0.0481
vn -0.3925 0.9192 -0.0328
vn -0.3924 0.9190 -0.0388
vn -0.3925 0.9192 -0.0322
vn -0.3923 0.9189 -0.0417
vn -0.3922 0.9185 -0.0508
vn -0.3921 0.9184 -0.0521
vn -0.4306 0.9018 -0.0362
vn -0.5224 0.8519 -0.0364
vn -0.5224 0.8520 -0.0364
vn -0.5225 0.8519 -0.0362
vn -0.4768 0.8778 -0.0461
vn -0.4588 0.8880 -0.0317
vn -0.4586 0.8876 -0.0431
vn -0.4588 0.8880 -0.0303
vn -0.4587 0.8877 -0.0410
vn -0.4584 0.8872 -0.0530
vn -0.4772 0.8780 -0.0382
vn -0.4584 0.8871 -0.0541
vn -0.5660 0.8231 -0.0462
vn -0.5226 0.8518 -0.0363
vn -0.5665 0.8232 -0.0382
vn -0.5223 0.8514 -0.0479
vn -0.5223 0.8514 -0.0481
vn -0.6083 0.7923 -0.0481
vn -0.5837 0.8113 -0.0313
vn -0.5835 0.8110 -0.0434
vn -0.5837 0.8114 -0.0303
vn -0.6088 0.7925 -0.0362
vn -0.5835 0.8111 -0.0413
vn -0.5832 0.8106 -0.0541
vn -0.5832 0.8106 -0.0528
vn -0.6880 0.7245 -0.0424
vn -0.6433 0.7646 -0.0396
vn -0.6485 0.7601 -0.0413
vn -0.6491 0.7595 -0.0420
vn -0.6416 0.7663 -0.0330
vn -0.6414 0.7661 -0.0417
vn -0.6883 0.7242 -0.0422
vn -0.6494 0.7593 -0.0422
vn -0.6411 0.7658 -0.0508
vn -0.6411 0.7657 -0.0521
vn -0.7248 0.6873 -0.0482
vn -0.6961 0.7172 -0.0328
vn -0.6959 0.7171 -0.0388
vn -0.6961 0.7173 -0.0322
vn -0.6958 0.7170 -0.0417
vn -0.7254 0.6874 -0.0362
vn -0.6955 0.7167 -0.0521
vn -0.6955 0.7167 -0.0508
vn -0.7932 0.6079 -0.0364
vn -0.7931 0.6080 -0.0365
vn -0.7932 0.6078 -0.0362
vn -0.7598 0.6485 -0.0460
vn -0.7468 0.6643 -0.0317
vn -0.7465 0.6640 -0.0431
vn -0.7468 0.6643 -0.0303
vn -0.7465 0.6641 -0.0410
vn -0.7461 0.6637 -0.0530
vn -0.7461 0.6637 -0.0541
vn -0.7604 0.6484 -0.0382
vn -0.7934 0.6077 -0.0362
vn -0.8235 0.5655 -0.0463
vn -0.7930 0.6074 -0.0479
vn -0.7929 0.6074 -0.0481
vn -0.8240 0.5653 -0.0382
vn -0.7930 0.6074 -0.0481
vn -0.8359 0.5480 -0.0313
vn -0.8355 0.5477 -0.0434
vn -0.8359 0.5480 -0.0303
vn -0.8519 0.5215 -0.0481
vn -0.8356 0.5478 -0.0413
vn -0.8352 0.5475 -0.0528
vn -0.8351 0.5475 -0.0541
vn -0.8526 0.5214 -0.0362
vn -0.9020 0.4297 -0.0424
vn -0.8773 0.4786 -0.0354
vn -0.8779 0.4770 -0.0412
vn -0.8783 0.4763 -0.0419
vn -0.8735 0.4850 -0.0426
vn -0.8733 0.4850 -0.0456
vn -0.8731 0.4848 -0.0515
vn -0.8731 0.4848 -0.0521
vn -0.9022 0.4292 -0.0422
vn -0.8785 0.4759 -0.0422
vn -0.9230 0.3818 -0.0482
vn -0.9070 0.4198 -0.0328
vn -0.9068 0.4198 -0.0387
vn -0.9070 0.4199 -0.0321
vn -0.9067 0.4197 -0.0417
vn -0.9063 0.4195 -0.0508
vn -0.9063 0.4195 -0.0521
vn -0.9237 0.3814 -0.0362
vn -0.9584 0.2831 -0.0364
vn -0.9583 0.2833 -0.0367
vn -0.9585 0.2829 -0.0362
vn -0.9418 0.3330 -0.0460
vn -0.9354 0.3522 -0.0317
vn -0.9350 0.3521 -0.0430
vn -0.9354 0.3523 -0.0304
vn -0.9351 0.3521 -0.0410
vn -0.9345 0.3519 -0.0530
vn -0.9345 0.3519 -0.0541
vn -0.9423 0.3325 -0.0382
vn -0.9715 0.2326 -0.0463
vn -0.9585 0.2827 -0.0362
vn -0.9581 0.2825 -0.0479
vn -0.9581 0.2826 -0.0479
vn -0.9580 0.2826 -0.0481
vn -0.9719 0.2321 -0.0382
vn -0.9580 0.2825 -0.0481
vn -0.9911 0.1299 -0.0289
vn -0.9822 0.1814 -0.0481
vn -0.9764 0.2116 -0.0431
vn -0.9768 0.2117 -0.0316
vn -0.9769 0.2117 -0.0302
vn -0.9765 0.2116 -0.0410
vn -0.9893 0.1396 -0.0421
vn -0.9893 0.1397 -0.0420
vn -0.9759 0.2115 -0.0530
vn -0.9759 0.2115 -0.0541
vn -0.9893 0.1395 -0.0422
vn -0.9901 0.1290 -0.0561
vn -0.9828 0.1809 -0.0362
vn -0.9999 0.0168 -0.0000
vn -0.9987 0.0503 0.0104
vn -0.9994 0.0257 -0.0225
vn -0.9965 0.0837 -0.0032
vn -0.9918 0.1278 -0.0022
vn -0.9920 0.1261 0.0044
vn -0.9919 0.1266 0.0023
vn -0.9968 0.0772 -0.0209
vn -0.9839 0.1787 -0.0021
vn -0.9842 0.1770 0.0043
vn -0.9841 0.1776 0.0023
vn -0.9917 0.1284 -0.0043
vn -0.9734 0.2292 -0.0020
vn -0.9738 0.2275 0.0041
vn -0.9736 0.2281 0.0022
vn -0.9838 0.1793 -0.0041
vn -0.9603 0.2790 -0.0019
vn -0.9607 0.2775 0.0040
vn -0.9606 0.2779 0.0021
vn -0.9733 0.2297 -0.0040
vn -0.9446 0.3281 -0.0019
vn -0.9451 0.3266 0.0038
vn -0.9450 0.3271 0.0020
vn -0.9601 0.2795 -0.0038
vn -0.9265 0.3763 -0.0018
vn -0.9270 0.3749 0.0037
vn -0.9269 0.3754 0.0019
vn -0.9445 0.3285 -0.0037
vn -0.9059 0.4235 -0.0017
vn -0.9065 0.4222 0.0035
vn -0.9063 0.4226 0.0019
vn -0.9263 0.3767 -0.0035
vn -0.8829 0.4696 -0.0017
vn -0.8835 0.4684 0.0034
vn -0.8833 0.4688 0.0018
vn -0.9057 0.4239 -0.0034
vn -0.8575 0.5144 -0.0015
vn -0.8582 0.5133 0.0032
vn -0.8580 0.5137 0.0017
vn -0.8827 0.4700 -0.0032
vn -0.8299 0.5579 -0.0015
vn -0.8306 0.5569 0.0031
vn -0.8304 0.5572 0.0017
vn -0.8573 0.5148 -0.0031
vn -0.8297 0.5582 -0.0029
vn -0.8001 0.5999 -0.0014
vn -0.8007 0.5990 0.0029
vn -0.8005 0.5993 0.0016
vn -0.7998 0.6002 -0.0028
vn -0.7681 0.6403 -0.0013
vn -0.7688 0.6395 0.0028
vn -0.7686 0.6397 0.0015
vn -0.7679 0.6406 -0.0026
vn -0.7341 0.6790 -0.0012
vn -0.7348 0.6783 0.0026
vn -0.7346 0.6785 0.0014
vn -0.7339 0.6793 -0.0025
vn -0.6982 0.7159 -0.0012
vn -0.6988 0.7153 0.0025
vn -0.6986 0.7155 0.0013
vn -0.6979 0.7161 -0.0023
vn -0.6604 0.7509 -0.0011
vn -0.6610 0.7503 0.0023
vn -0.6608 0.7505 0.0012
vn -0.6601 0.7511 -0.0021
vn -0.6208 0.7840 -0.0010
vn -0.6215 0.7834 0.0021
vn -0.6213 0.7836 0.0011
vn -0.6206 0.7841 -0.0020
vn -0.5796 0.8149 -0.0009
vn -0.5802 0.8144 0.0020
vn -0.5800 0.8146 0.0010
vn -0.5794 0.8150 -0.0018
vn -0.5369 0.8437 -0.0009
vn -0.5375 0.8433 0.0018
vn -0.5373 0.8434 0.0010
vn -0.5367 0.8438 -0.0017
vn -0.4927 0.8702 -0.0007
vn -0.4933 0.8699 0.0017
vn -0.4931 0.8700 0.0008
vn -0.4925 0.8703 -0.0015
vn -0.4472 0.8944 -0.0007
vn -0.4478 0.8941 0.0015
vn -0.4476 0.8942 0.0008
vn -0.4471 0.8945 -0.0014
vn -0.4006 0.9162 -0.0006
vn -0.4011 0.9160 0.0014
vn -0.4009 0.9161 0.0007
vn -0.4005 0.9163 -0.0012
vn -0.3529 0.9357 -0.0004
vn -0.3533 0.9355 0.0012
vn -0.3532 0.9356 0.0006
vn -0.3042 0.9526 -0.0004
vn -0.3046 0.9525 0.0010
vn -0.3045 0.9525 0.0006
vn -0.3527 0.9357 -0.0010
vn -0.2548 0.9670 -0.0003
vn -0.2551 0.9669 0.0009
vn -0.2550 0.9669 0.0005
vn -0.3041 0.9526 -0.0009
vn -0.2047 0.9788 -0.0001
vn -0.2049 0.9788 0.0007
vn -0.2048 0.9788 0.0004
vn -0.2547 0.9670 -0.0007
vn -0.1540 0.9881 0.0001
vn -0.1541 0.9880 0.0006
vn -0.1540 0.9881 0.0002
vn -0.2046 0.9789 -0.0006
vn -0.1030 0.9947 0.0003
vn -0.1030 0.9947 0.0004
vn -0.1028 0.9947 -0.0001
vn -0.1539 0.9881 -0.0004
vn -0.0515 0.9987 0.0002
vn -0.0516 0.9987 0.0002
vn -0.0515 0.9987 -0.0000
vn -0.1028 0.9947 -0.0002
vn -0.0000 1.0000 0.0001
vn -0.0515 0.9987 -0.0001
vn 0.0515 0.9987 0.0002
vn 0.0515 0.9987 -0.0000
vn 0.0516 0.9987 0.0002
vn 0.0515 0.9987 -0.0001
vn 0.1030 0.9947 0.0003
vn 0.1028 0.9947 -0.0001
vn 0.1030 0.9947 0.0004
vn 0.1028 0.9947 -0.0002
vn 0.1540 0.9881 0.0001
vn 0.1540 0.9881 0.0002
vn 0.1541 0.9880 0.0006
vn 0.1539 0.9881 -0.0004
vn 0.2047 0.9788 -0.0001
vn 0.2048 0.9788 0.0004
vn 0.2049 0.9788 0.0007
vn 0.2046 0.9789 -0.0006
vn 0.2548 0.9670 -0.0003
vn 0.2550 0.9669 0.0005
vn 0.2551 0.9669 0.0009
vn 0.2547 0.9670 -0.0007
vn 0.3042 0.9526 -0.0004
vn 0.3045 0.9525 0.0006
vn 0.3046 0.9525 0.0010
vn 0.3041 0.9526 -0.0009
vn 0.3529 0.9357 -0.0004
vn 0.3527 0.9357 -0.0011
vn 0.3532 0.9356 0.0006
vn 0.3533 0.9355 0.0012
vn 0.4006 0.9162 -0.0006
vn 0.4005 0.9163 -0.0012
vn 0.4009 0.9161 0.0007
vn 0.4011 0.9160 0.0014
vn 0.4472 0.8944 -0.0007
vn 0.4471 0.8945 -0.0014
vn 0.4476 0.8942 0.0008
vn 0.4478 0.8941 0.0015
vn 0.4927 0.8702 -0.0008
vn 0.4925 0.8703 -0.0015
vn 0.4931 0.8700 0.0009
vn 0.4933 0.8699 0.0017
vn 0.5369 0.8437 -0.0008
vn 0.5367 0.8438 -0.0017
vn 0.5373 0.8434 0.0010
vn 0.5375 0.8433 0.0018
vn 0.5796 0.8149 -0.0009
vn 0.5794 0.8150 -0.0018
vn 0.5801 0.8146 0.0011
vn 0.5802 0.8144 0.0020
vn 0.6208 0.7840 -0.0010
vn 0.6206 0.7841 -0.0020
vn 0.6213 0.7836 0.0011
vn 0.6215 0.7834 0.0021
vn 0.6604 0.7509 -0.0011
vn 0.6601 0.7511 -0.0021
vn 0.6608 0.7505 0.0012
vn 0.6610 0.7503 0.0023
vn 0.6982 0.7159 -0.0012
vn 0.6979 0.7161 -0.0023
vn 0.6986 0.7155 0.0013
vn 0.6988 0.7153 0.0025
vn 0.7341 0.6790 -0.0012
vn 0.7339 0.6793 -0.0025
vn 0.7346 0.6785 0.0014
vn 0.7348 0.6783 0.0026
vn 0.7681 0.6403 -0.0013
vn 0.7679 0.6406 -0.0026
vn 0.7686 0.6397 0.0015
vn 0.7688 0.6395 0.0028
vn 0.8001 0.5999 -0.0014
vn 0.7998 0.6002 -0.0028
vn 0.8005 0.5993 0.0016
vn 0.8007 0.5990 0.0029
vn 0.8299 0.5579 -0.0015
vn 0.8297 0.5582 -0.0029
vn 0.8304 0.5572 0.0017
vn 0.8306 0.5569 0.0031
vn 0.8575 0.5144 -0.0015
vn 0.8573 0.5148 -0.0031
vn 0.8580 0.5137 0.0017
vn 0.8582 0.5133 0.0032
vn 0.8829 0.4696 -0.0017
vn 0.8827 0.4700 -0.0032
vn 0.8833 0.4688 0.0018
vn 0.8835 0.4684 0.0034
vn 0.9059 0.4235 -0.0017
vn 0.9057 0.4239 -0.0034
vn 0.9063 0.4226 0.0019
vn 0.9065 0.4222 0.0035
vn 0.9265 0.3763 -0.0018
vn 0.9263 0.3767 -0.0035
vn 0.9269 0.3754 0.0019
vn 0.9270 0.3749 0.0037
vn 0.9446 0.3281 -0.0019
vn 0.9445 0.3285 -0.0037
vn 0.9450 0.3271 0.0020
vn 0.9451 0.3266 0.0038
vn 0.9603 0.2790 -0.0019
vn 0.9601 0.2795 -0.0038
vn 0.9606 0.2779 0.0021
vn 0.9607 0.2775 0.0040
vn 0.9734 0.2292 -0.0020
vn 0.9736 0.2281 0.0022
vn 0.9738 0.2275 0.0041
vn 0.9733 0.2297 -0.0040
vn 0.9839 0.1787 -0.0021
vn 0.9841 0.1776 0.0023
vn 0.9842 0.1770 0.0043
vn 0.9838 0.1793 -0.0041
vn 0.9918 0.1278 -0.0022
vn 0.9919 0.1266 0.0023
vn 0.9920 0.1261 0.0044
vn 0.9917 0.1284 -0.0043
vn 0.9970 0.0767 -0.0028
vn 0.9971 0.0758 0.0006
vn 0.9972 0.0754 0.0022
vn 0.9970 0.0772 -0.0044
vn 0.9997 0.0256 -0.0017
vn 0.9997 0.0253 -0.0006
vn 0.9997 0.0251 -0.0000
vn 0.9997 -0.0256 -0.0017
vn 0.9997 -0.0251 -0.0000
vn 0.9997 -0.0253 -0.0006
vn 0.9997 0.0257 -0.0023
vn 0.9970 -0.0767 -0.0028
vn 0.9972 -0.0754 0.0022
vn 0.9971 -0.0758 0.0006
vn 0.9997 -0.0257 -0.0023
vn 0.9970 -0.0772 -0.0044
vn 0.9918 -0.1278 -0.0022
vn 0.9920 -0.1261 0.0044
vn 0.9919 -0.1266 0.0023
vn 0.9917 -0.1284 -0.0043
vn 0.9839 -0.1787 -0.0021
vn 0.9842 -0.1770 0.0043
vn 0.9841 -0.1776 0.0023
vn 0.9838 -0.1793 -0.0041
vn 0.9734 -0.2292 -0.0020
vn 0.9738 -0.2275 0.0041
vn 0.9736 -0.2281 0.0022
vn 0.9733 -0.2297 -0.0040
vn 0.9603 -0.2790 -0.0019
vn 0.9607 -0.2775 0.0040
vn 0.9606 -0.2779 0.0021
vn 0.9601 -0.2795 -0.0038
vn 0.9446 -0.3281 -0.0019
vn 0.9451 -0.3266 0.0038
vn 0.9450 -0.3271 0.0020
vn 0.9445 -0.3285 -0.0037
vn 0.9265 -0.3763 -0.0018
vn 0.9270 -0.3749 0.0037
vn 0.9269 -0.3754 0.0019
vn 0.9263 -0.3767 -0.0035
vn 0.9059 -0.4235 -0.0017
vn 0.9065 -0.4222 0.0035
vn 0.9063 -0.4226 0.0019
vn 0.9057 -0.4239 -0.0034
vn 0.8829 -0.4696 -0.0017
vn 0.8835 -0.4684 0.0034
vn 0.8833 -0.4688 0.0018
vn 0.8827 -0.4700 -0.0032
vn 0.8575 -0.5144 -0.0015
vn 0.8582 -0.5133 0.0032
vn 0.8580 -0.5137 0.0017
vn 0.8573 -0.5148 -0.0031
vn 0.8299 -0.5579 -0.0015
vn 0.8306 -0.5569 0.0031
vn 0.8304 -0.5572 0.0017
vn 0.8297 -0.5582 -0.0029
vn 0.8001 -0.5999 -0.0014
vn 0.8007 -0.5990 0.0029
vn 0.8005 -0.5993 0.0016
vn 0.7998 -0.6002 -0.0028
vn 0.7681 -0.6403 -0.0013
vn 0.7688 -0.6395 0.0028
vn 0.7686 -0.6397 0.0015
vn 0.7679 -0.6406 -0.0026
vn 0.7341 -0.6790 -0.0012
vn 0.7348 -0.6783 0.0026
vn 0.7346 -0.6785 0.0014
vn 0.7339 -0.6793 -0.0025
vn 0.6982 -0.7159 -0.0012
vn 0.6988 -0.7153 0.0025
vn 0.6986 -0.7155 0.0013
vn 0.6604 -0.7509 -0.0011
vn 0.6610 -0.7503 0.0023
vn 0.6608 -0.7505 0.0012
vn 0.6979 -0.7161 -0.0023
vn 0.6208 -0.7840 -0.0010
vn 0.6215 -0.7834 0.0021
vn 0.6213 -0.7836 0.0011
vn 0.6601 -0.7511 -0.0021
vn 0.5796 -0.8149 -0.0009
vn 0.5802 -0.8144 0.0020
vn 0.5800 -0.8146 0.0010
vn 0.6206 -0.7841 -0.0020
vn 0.5369 -0.8437 -0.0009
vn 0.5375 -0.8433 0.0018
vn 0.5373 -0.8434 0.0010
vn 0.5794 -0.8150 -0.0018
vn 0.4927 -0.8702 -0.0007
vn 0.4933 -0.8699 0.0017
vn 0.4931 -0.8700 0.0008
vn 0.5367 -0.8438 -0.0017
vn 0.4472 -0.8944 -0.0007
vn 0.4478 -0.8941 0.0015
vn 0.4476 -0.8942 0.0008
vn 0.4925 -0.8703 -0.0015
vn 0.4006 -0.9162 -0.0006
vn 0.4011 -0.9160 0.0014
vn 0.4009 -0.9161 0.0007
vn 0.4471 -0.8945 -0.0014
vn 0.3529 -0.9357 -0.0004
vn 0.3533 -0.9355 0.0012
vn 0.3532 -0.9356 0.0006
vn 0.4005 -0.9163 -0.0012
vn 0.3042 -0.9526 -0.0004
vn 0.3046 -0.9525 0.0010
vn 0.3045 -0.9525 0.0006
vn 0.3527 -0.9357 -0.0010
vn 0.2548 -0.9670 -0.0003
vn 0.2551 -0.9669 0.0009
vn 0.2550 -0.9669 0.0005
vn 0.3041 -0.9526 -0.0009
vn 0.2047 -0.9788 -0.0001
vn 0.2049 -0.9788 0.0007
vn 0.2048 -0.9788 0.0004
vn 0.2547 -0.9670 -0.0007
vn 0.1540 -0.9881 0.0001
vn 0.1541 -0.9880 0.0006
vn 0.1540 -0.9881 0.0002
vn 0.2046 -0.9789 -0.0006
vn 0.1539 -0.9881 -0.0004
vn 0.1030 -0.9947 0.0003
vn 0.1030 -0.9947 0.0004
vn 0.1028 -0.9947 -0.0001
vn 0.1028 -0.9947 -0.0002
vn 0.0515 -0.9987 0.0002
vn 0.0516 -0.9987 0.0002
vn 0.0515 -0.9987 -0.0000
vn 0.0515 -0.9987 -0.0001
vn -0.0000 -1.0000 0.0001
vn -0.0515 -0.9987 0.0002
vn -0.0515 -0.9987 -0.0000
vn -0.0516 -0.9987 0.0002
vn -0.0515 -0.9987 -0.0001
vn -0.1030 -0.9947 0.0003
vn -0.1028 -0.9947 -0.0001
vn -0.1030 -0.9947 0.0004
vn -0.1028 -0.9947 -0.0002
vn -0.1540 -0.9881 0.0001
vn -0.1540 -0.9881 0.0002
vn -0.1541 -0.9880 0.0006
vn -0.1539 -0.9881 -0.0004
vn -0.2047 -0.9788 -0.0001
vn -0.2048 -0.9788 0.0004
vn -0.2049 -0.9788 0.0007
vn -0.2046 -0.9789 -0.0006
vn -0.2548 -0.9670 -0.0003
vn -0.2550 -0.9669 0.0005
vn -0.2551 -0.9669 0.0009
vn -0.2547 -0.9670 -0.0007
vn -0.3042 -0.9526 -0.0004
vn -0.3045 -0.9525 0.0006
vn -0.3046 -0.9525 0.0010
vn -0.3041 -0.9526 -0.0009
vn -0.3529 -0.9357 -0.0004
vn -0.3532 -0.9356 0.0006
vn -0.3533 -0.9355 0.0012
vn -0.3527 -0.9357 -0.0011
vn -0.4006 -0.9162 -0.0006
vn -0.4009 -0.9161 0.0007
vn -0.4011 -0.9160 0.0014
vn -0.4005 -0.9163 -0.0012
vn -0.4472 -0.8944 -0.0007
vn -0.4476 -0.8942 0.0008
vn -0.4478 -0.8941 0.0015
vn -0.4471 -0.8945 -0.0014
vn -0.4927 -0.8702 -0.0008
vn -0.4931 -0.8700 0.0009
vn -0.4933 -0.8699 0.0017
vn -0.4925 -0.8703 -0.0015
vn -0.5369 -0.8437 -0.0008
vn -0.5373 -0.8434 0.0010
vn -0.5375 -0.8433 0.0018
vn -0.5367 -0.8438 -0.0017
vn -0.5796 -0.8149 -0.0009
vn -0.5801 -0.8146 0.0011
vn -0.5802 -0.8144 0.0020
vn -0.5794 -0.8150 -0.0018
vn -0.6208 -0.7840 -0.0010
vn -0.6213 -0.7836 0.0011
vn -0.6215 -0.7834 0.0021
vn -0.6206 -0.7841 -0.0020
vn -0.6604 -0.7509 -0.0011
vn -0.6608 -0.7505 0.0012
vn -0.6610 -0.7503 0.0023
vn -0.6601 -0.7511 -0.0021
vn -0.6982 -0.7159 -0.0012
vn -0.6986 -0.7155 0.0013
vn -0.6988 -0.7153 0.0025
vn -0.6979 -0.7161 -0.0023
vn -0.7341 -0.6790 -0.0012
vn -0.7346 -0.6785 0.0014
vn -0.7348 -0.6783 0.0026
vn -0.7339 -0.6793 -0.0025
vn -0.7681 -0.6403 -0.0013
vn -0.7686 -0.6397 0.0015
vn -0.7688 -0.6395 0.0028
vn -0.7679 -0.6406 -0.0026
vn -0.8001 -0.5999 -0.0014
vn -0.8005 -0.5993 0.0016
vn -0.8007 -0.5990 0.0029
vn -0.7998 -0.6002 -0.0028
vn -0.8299 -0.5579 -0.0015
vn -0.8304 -0.5572 0.0017
vn -0.8306 -0.5569 0.0031
vn -0.8297 -0.5582 -0.0029
vn -0.8575 -0.5144 -0.0015
vn -0.8580 -0.5137 0.0017
vn -0.8582 -0.5133 0.0032
vn -0.8573 -0.5148 -0.0031
vn -0.8829 -0.4696 -0.0017
vn -0.8833 -0.4688 0.0018
vn -0.8835 -0.4684 0.0034
vn -0.8827 -0.4700 -0.0032
vn -0.9059 -0.4235 -0.0017
vn -0.9057 -0.4239 -0.0034
vn -0.9063 -0.4226 0.0019
vn -0.9065 -0.4222 0.0035
vn -0.9265 -0.3763 -0.0018
vn -0.9263 -0.3767 -0.0035
vn -0.9269 -0.3754 0.0019
vn -0.9270 -0.3749 0.0037
vn -0.9446 -0.3281 -0.0019
vn -0.9445 -0.3285 -0.0037
vn -0.9450 -0.3271 0.0020
vn -0.9451 -0.3266 0.0038
vn -0.9603 -0.2790 -0.0019
vn -0.9601 -0.2795 -0.0038
vn -0.9606 -0.2779 0.0021
vn -0.9607 -0.2775 0.0040
vn -0.9734 -0.2292 -0.0020
vn -0.9733 -0.2297 -0.0040
vn -0.9736 -0.2281 0.0022
vn -0.9738 -0.2275 0.0041
vn -0.9839 -0.1787 -0.0021
vn -0.9838 -0.1793 -0.0041
vn -0.9841 -0.1776 0.0023
vn -0.9842 -0.1770 0.0043
vn -0.9918 -0.1278 -0.0022
vn -0.9917 -0.1284 -0.0043
vn -0.9919 -0.1266 0.0023
vn -0.9920 -0.1261 0.0044
vn -0.9965 -0.0837 -0.0032
vn -0.9968 -0.0772 -0.0209
vn -0.9987 -0.0503 0.0104
vn -0.9994 -0.0257 -0.0225
vn -0.9999 -0.0168 -0.0000
vn -0.9986 -0.0315 -0.0423
vn -0.9987 -0.0271 -0.0422
vn -0.9986 -0.0349 -0.0401
vn -0.9984 -0.0347 -0.0446
vn -0.9986 -0.0301 -0.0429
vn -0.9986 0.0315 -0.0423
vn -0.9986 0.0349 -0.0401
vn -0.9987 0.0271 -0.0422
vn -0.9984 0.0347 -0.0446
vn -0.9986 0.0301 -0.0429
vn -0.9957 -0.0811 -0.0439
vn -0.9985 -0.0369 -0.0409
vn -0.9899 -0.1349 -0.0436
vn -0.9931 -0.1106 -0.0389
vn -0.9930 -0.1106 -0.0422
vn -0.9931 -0.1106 -0.0388
vn -0.9816 -0.1866 -0.0412
vn -0.9821 -0.1836 -0.0421
vn -0.9820 -0.1846 -0.0403
vn -0.9696 -0.2411 -0.0428
vn -0.9812 -0.1883 -0.0414
vn -0.9984 -0.0369 -0.0422
vn -0.9659 -0.2556 -0.0407
vn -0.9659 -0.2556 -0.0422
vn -0.9660 -0.2556 -0.0391
vn -0.9550 -0.2932 -0.0440
vn -0.9177 -0.3951 -0.0414
vn -0.9179 -0.3948 -0.0407
vn -0.9178 -0.3949 -0.0406
vn -0.9378 -0.3445 -0.0433
vn -0.9445 -0.3263 -0.0390
vn -0.9443 -0.3263 -0.0422
vn -0.9445 -0.3263 -0.0389
vn -0.9821 -0.1836 -0.0422
vn -0.8950 -0.4439 -0.0433
vn -0.8860 -0.4618 -0.0421
vn -0.8861 -0.4619 -0.0390
vn -0.8861 -0.4619 -0.0389
vn -0.8697 -0.4917 -0.0440
vn -0.9443 -0.3262 -0.0422
vn -0.8101 -0.5848 -0.0419
vn -0.8115 -0.5829 -0.0415
vn -0.8090 -0.5864 -0.0403
vn -0.8418 -0.5381 -0.0427
vn -0.8496 -0.5260 -0.0394
vn -0.8495 -0.5260 -0.0422
vn -0.8496 -0.5260 -0.0392
vn -0.8860 -0.4618 -0.0422
vn -0.9177 -0.3951 -0.0422
vn -0.7787 -0.6259 -0.0437
vn -0.8083 -0.5873 -0.0411
vn -0.7436 -0.6671 -0.0439
vn -0.7627 -0.6453 -0.0423
vn -0.7628 -0.6454 -0.0389
vn -0.7628 -0.6454 -0.0388
vn -0.7089 -0.7041 -0.0415
vn -0.7130 -0.6999 -0.0421
vn -0.7117 -0.7014 -0.0401
vn -0.6636 -0.7469 -0.0424
vn -0.6672 -0.7437 -0.0423
vn -0.6610 -0.7493 -0.0400
vn -0.7065 -0.7065 -0.0421
vn -0.8083 -0.5873 -0.0422
vn -0.7627 -0.6454 -0.0422
vn -0.6259 -0.7787 -0.0439
vn -0.6594 -0.7507 -0.0409
vn -0.6021 -0.7973 -0.0423
vn -0.6021 -0.7974 -0.0406
vn -0.6022 -0.7974 -0.0388
vn -0.5828 -0.8114 -0.0436
vn -0.7130 -0.6999 -0.0422
vn -0.5394 -0.8411 -0.0411
vn -0.5416 -0.8396 -0.0422
vn -0.5409 -0.8401 -0.0403
vn -0.4917 -0.8697 -0.0429
vn -0.5381 -0.8419 -0.0413
vn -0.6593 -0.7507 -0.0422
vn -0.6021 -0.7973 -0.0422
vn -0.4439 -0.8950 -0.0440
vn -0.4781 -0.8774 -0.0407
vn -0.4781 -0.8773 -0.0422
vn -0.4781 -0.8774 -0.0391
vn -0.4120 -0.9103 -0.0391
vn -0.4120 -0.9102 -0.0422
vn -0.4120 -0.9103 -0.0389
vn -0.3445 -0.9379 -0.0416
vn -0.3446 -0.9379 -0.0408
vn -0.3441 -0.9381 -0.0406
vn -0.3948 -0.9178 -0.0432
vn -0.2932 -0.9551 -0.0434
vn -0.3437 -0.9382 -0.0413
vn -0.2411 -0.9695 -0.0440
vn -0.2734 -0.9610 -0.0422
vn -0.2734 -0.9611 -0.0390
vn -0.2735 -0.9611 -0.0389
vn -0.1322 -0.9903 -0.0420
vn -0.1349 -0.9900 -0.0416
vn -0.1301 -0.9907 -0.0402
vn -0.1933 -0.9803 -0.0418
vn -0.1989 -0.9792 -0.0399
vn -0.1883 -0.9812 -0.0427
vn -0.2017 -0.9785 -0.0422
vn -0.3436 -0.9382 -0.0422
vn -0.0811 -0.9957 -0.0437
vn -0.1289 -0.9908 -0.0411
vn -0.0271 -0.9987 -0.0438
vn -0.0554 -0.9977 -0.0389
vn -0.0554 -0.9976 -0.0423
vn -0.0554 -0.9977 -0.0388
vn 0.0861 -0.9954 -0.0424
vn 0.0811 -0.9958 -0.0424
vn 0.0899 -0.9951 -0.0400
vn 0.0232 -0.9988 -0.0422
vn 0.0203 -0.9990 -0.0401
vn 0.0271 -0.9988 -0.0420
vn 0.0185 -0.9990 -0.0409
vn -0.1289 -0.9908 -0.0422
vn 0.0922 -0.9949 -0.0408
vn 0.1349 -0.9899 -0.0439
vn 0.0185 -0.9989 -0.0422
vn -0.0554 -0.9976 -0.0422
vn 0.1883 -0.9812 -0.0436
vn 0.1654 -0.9855 -0.0389
vn 0.1654 -0.9853 -0.0423
vn 0.1654 -0.9855 -0.0388
vn -0.9961 -0.0784 -0.0404
vn -0.9984 -0.0369 -0.0421
vn -0.9930 -0.1106 -0.0421
vn 0.2933 -0.9551 -0.0430
vn 0.2400 -0.9699 -0.0411
vn 0.2385 -0.9703 -0.0404
vn 0.2411 -0.9696 -0.0412
vn 0.2377 -0.9704 -0.0422
vn -0.9928 -0.1105 -0.0456
vn -0.9928 -0.1105 -0.0458
vn -0.9822 -0.1825 -0.0438
vn -0.9821 -0.1833 -0.0441
vn -0.9823 -0.1821 -0.0437
vn -0.9906 -0.1304 -0.0411
vn 0.0922 -0.9948 -0.0422
vn 0.3445 -0.9377 -0.0440
vn 0.3088 -0.9503 -0.0407
vn 0.3087 -0.9502 -0.0421
vn 0.3088 -0.9503 -0.0391
vn -0.9821 -0.1836 -0.0423
vn -0.9716 -0.2332 -0.0409
vn 0.1654 -0.9853 -0.0422
vn 0.3781 -0.9249 -0.0391
vn 0.3781 -0.9248 -0.0423
vn 0.3781 -0.9249 -0.0390
vn 0.4443 -0.8949 -0.0416
vn 0.4439 -0.8951 -0.0409
vn 0.4450 -0.8946 -0.0405
vn 0.3948 -0.9178 -0.0431
vn -0.9657 -0.2555 -0.0457
vn -0.9657 -0.2556 -0.0459
vn -0.9580 -0.2838 -0.0405
vn 0.4917 -0.8697 -0.0434
vn 0.4454 -0.8944 -0.0413
vn -0.9231 -0.3823 -0.0418
vn -0.9429 -0.3303 -0.0423
vn -0.9418 -0.3335 -0.0427
vn -0.9437 -0.3277 -0.0445
vn -0.9443 -0.3262 -0.0435
vn 0.3087 -0.9502 -0.0422
vn 0.5380 -0.8418 -0.0440
vn 0.5102 -0.8590 -0.0422
vn 0.5102 -0.8592 -0.0390
vn 0.5102 -0.8592 -0.0389
vn -0.9177 -0.3951 -0.0421
vn -0.9019 -0.4302 -0.0403
vn -0.9175 -0.3950 -0.0454
vn -0.9175 -0.3950 -0.0455
vn 0.3781 -0.9248 -0.0422
vn 0.6279 -0.7772 -0.0413
vn 0.6260 -0.7787 -0.0417
vn 0.6301 -0.7755 -0.0402
vn 0.5789 -0.8143 -0.0418
vn 0.5745 -0.8175 -0.0400
vn 0.5829 -0.8115 -0.0426
vn 0.5722 -0.8190 -0.0422
vn -0.8858 -0.4617 -0.0457
vn -0.8859 -0.4618 -0.0438
vn -0.8510 -0.5233 -0.0434
vn -0.8499 -0.5251 -0.0443
vn -0.8518 -0.5220 -0.0432
vn -0.8781 -0.4768 -0.0414
vn 0.4453 -0.8944 -0.0422
vn 0.6671 -0.7436 -0.0438
vn 0.6312 -0.7745 -0.0422
vn -0.8234 -0.5659 -0.0407
vn 0.7064 -0.7064 -0.0438
vn 0.6867 -0.7259 -0.0389
vn 0.6866 -0.7258 -0.0422
vn 0.6867 -0.7259 -0.0388
vn -0.7927 -0.6083 -0.0407
vn -0.8083 -0.5873 -0.0421
vn -0.8082 -0.5872 -0.0457
vn -0.8082 -0.5872 -0.0459
vn 0.6311 -0.7745 -0.0422
vn 0.7821 -0.6218 -0.0425
vn 0.7787 -0.6259 -0.0424
vn 0.7846 -0.6187 -0.0400
vn 0.7418 -0.6694 -0.0414
vn 0.7395 -0.6719 -0.0402
vn 0.7437 -0.6672 -0.0419
vn 0.7384 -0.6731 -0.0422
vn -0.7610 -0.6474 -0.0426
vn -0.7627 -0.6453 -0.0434
vn -0.7248 -0.6878 -0.0414
vn -0.7597 -0.6488 -0.0432
vn -0.7620 -0.6460 -0.0443
vn 0.8114 -0.5828 -0.0440
vn 0.7861 -0.6168 -0.0408
vn -0.6878 -0.7248 -0.0403
vn -0.7129 -0.6998 -0.0455
vn -0.7129 -0.6998 -0.0457
vn 0.8296 -0.5571 -0.0389
vn 0.8294 -0.5570 -0.0422
vn 0.8296 -0.5571 -0.0388
vn 0.8418 -0.5381 -0.0435
vn -0.6055 -0.7947 -0.0423
vn -0.6033 -0.7963 -0.0445
vn -0.6082 -0.7926 -0.0427
vn -0.6489 -0.7597 -0.0418
vn -0.6593 -0.7507 -0.0421
vn -0.6592 -0.7506 -0.0455
vn -0.6593 -0.7506 -0.0438
vn 0.8950 -0.4439 -0.0430
vn 0.8693 -0.4925 -0.0410
vn 0.8687 -0.4937 -0.0404
vn 0.8698 -0.4917 -0.0411
vn 0.8683 -0.4942 -0.0421
vn -0.5659 -0.8235 -0.0405
vn -0.6021 -0.7973 -0.0435
vn 0.7860 -0.6167 -0.0422
vn 0.9177 -0.3948 -0.0440
vn 0.9025 -0.4288 -0.0407
vn 0.9024 -0.4287 -0.0423
vn 0.9026 -0.4288 -0.0390
vn -0.5221 -0.8519 -0.0409
vn -0.5416 -0.8396 -0.0421
vn -0.5415 -0.8395 -0.0458
vn -0.5415 -0.8395 -0.0459
vn 0.9554 -0.2926 -0.0409
vn 0.9551 -0.2933 -0.0410
vn 0.9557 -0.2916 -0.0405
vn 0.9378 -0.3445 -0.0431
vn 0.9318 -0.3610 -0.0392
vn 0.9316 -0.3609 -0.0421
vn 0.9318 -0.3610 -0.0390
vn -0.4301 -0.9018 -0.0411
vn -0.4770 -0.8778 -0.0429
vn -0.4767 -0.8780 -0.0437
vn -0.4777 -0.8774 -0.0441
vn -0.4781 -0.8773 -0.0432
vn -0.4120 -0.9102 -0.0421
vn 0.8683 -0.4942 -0.0422
vn 0.9695 -0.2411 -0.0435
vn 0.9558 -0.2911 -0.0422
vn -0.3824 -0.9231 -0.0404
vn -0.4120 -0.9101 -0.0439
vn -0.4119 -0.9101 -0.0458
vn 0.9024 -0.4287 -0.0422
vn 0.9811 -0.1883 -0.0440
vn 0.9747 -0.2198 -0.0406
vn 0.9746 -0.2198 -0.0423
vn 0.9748 -0.2198 -0.0388
vn -0.3381 -0.9402 -0.0420
vn -0.3416 -0.9388 -0.0446
vn -0.3436 -0.9381 -0.0437
vn -0.2800 -0.9590 -0.0429
vn -0.2755 -0.9603 -0.0446
vn 0.9316 -0.3609 -0.0422
vn 0.9961 -0.0785 -0.0414
vn 0.9958 -0.0811 -0.0418
vn 0.9964 -0.0753 -0.0402
vn 0.9893 -0.1395 -0.0417
vn 0.9887 -0.1446 -0.0400
vn 0.9899 -0.1349 -0.0425
vn 0.9882 -0.1472 -0.0422
vn -0.2333 -0.9716 -0.0404
vn -0.2017 -0.9785 -0.0421
vn 0.9987 -0.0271 -0.0438
vn 0.9964 -0.0738 -0.0421
vn -0.1300 -0.9906 -0.0438
vn -0.1292 -0.9906 -0.0441
vn -0.1304 -0.9905 -0.0437
vn -0.1821 -0.9824 -0.0411
vn -0.2017 -0.9784 -0.0457
vn -0.2017 -0.9784 -0.0458
vn 0.9746 -0.2198 -0.0422
vn 0.9987 0.0271 -0.0438
vn 0.9992 -0.0000 -0.0389
vn 0.9991 -0.0000 -0.0423
vn 0.9992 -0.0000 -0.0388
vn -0.1289 -0.9908 -0.0421
vn -0.0784 -0.9961 -0.0409
vn 0.9964 -0.0738 -0.0422
vn 0.9892 0.1405 -0.0425
vn 0.9899 0.1349 -0.0425
vn 0.9887 0.1446 -0.0400
vn 0.9961 0.0778 -0.0421
vn 0.9964 0.0753 -0.0402
vn 0.9958 0.0811 -0.0418
vn 0.9964 0.0738 -0.0410
vn -0.0262 -0.9988 -0.0405
vn -0.0554 -0.9976 -0.0421
vn -0.0554 -0.9974 -0.0458
vn -0.0554 -0.9974 -0.0459
vn 0.9883 0.1472 -0.0408
vn 0.9811 0.1883 -0.0440
vn 0.0227 -0.9988 -0.0423
vn 0.0185 -0.9989 -0.0435
vn 0.0784 -0.9960 -0.0418
vn 0.0262 -0.9987 -0.0427
vn 0.0200 -0.9988 -0.0445
vn 0.0922 -0.9948 -0.0421
vn 0.9991 -0.0000 -0.0422
vn 0.9964 0.0738 -0.0422
vn 0.9695 0.2411 -0.0435
vn 0.9746 0.2198 -0.0423
vn 0.9747 0.2198 -0.0406
vn 0.9748 0.2198 -0.0388
vn 0.0922 -0.9948 -0.0438
vn 0.0922 -0.9947 -0.0455
vn 0.1304 -0.9906 -0.0403
vn 0.9378 0.3445 -0.0431
vn 0.9554 0.2926 -0.0410
vn 0.9557 0.2916 -0.0405
vn 0.9551 0.2933 -0.0410
vn 0.9558 0.2911 -0.0422
vn 0.2351 -0.9710 -0.0426
vn 0.2368 -0.9705 -0.0443
vn 0.2332 -0.9715 -0.0432
vn 0.1821 -0.9824 -0.0414
vn 0.1654 -0.9853 -0.0421
vn 0.1654 -0.9853 -0.0438
vn 0.1654 -0.9852 -0.0457
vn 0.9746 0.2198 -0.0422
vn 0.9882 0.1472 -0.0422
vn 0.9746 -0.2197 -0.0422
vn 0.9177 0.3948 -0.0440
vn 0.9316 0.3609 -0.0421
vn 0.9318 0.3610 -0.0392
vn 0.9318 0.3610 -0.0390
vn 0.2838 -0.9580 -0.0407
vn 0.2377 -0.9704 -0.0434
vn 0.8692 0.4927 -0.0417
vn 0.8698 0.4917 -0.0411
vn 0.8687 0.4937 -0.0404
vn 0.8950 0.4439 -0.0430
vn 0.9026 0.4288 -0.0391
vn 0.9024 0.4287 -0.0423
vn 0.9026 0.4288 -0.0390
vn 0.3335 -0.9419 -0.0407
vn 0.3087 -0.9501 -0.0457
vn 0.3087 -0.9501 -0.0459
vn 0.9316 0.3609 -0.0422
vn 0.8418 0.5381 -0.0435
vn 0.8683 0.4942 -0.0412
vn 0.4301 -0.9018 -0.0414
vn 0.3805 -0.9238 -0.0426
vn 0.3823 -0.9230 -0.0432
vn 0.3789 -0.9244 -0.0443
vn 0.3781 -0.9248 -0.0434
vn 0.8295 0.5570 -0.0406
vn 0.8294 0.5570 -0.0422
vn 0.8296 0.5571 -0.0388
vn 0.8114 0.5828 -0.0440
vn 0.4768 -0.8781 -0.0403
vn 0.4453 -0.8942 -0.0455
vn 0.4453 -0.8942 -0.0457
vn 0.9024 0.4287 -0.0422
vn 0.7413 0.6698 -0.0422
vn 0.7437 0.6672 -0.0419
vn 0.7395 0.6719 -0.0402
vn 0.7815 0.6225 -0.0417
vn 0.7846 0.6187 -0.0400
vn 0.7787 0.6259 -0.0424
vn 0.7860 0.6167 -0.0422
vn 0.5682 -0.8218 -0.0431
vn 0.5709 -0.8198 -0.0445
vn 0.5659 -0.8234 -0.0427
vn 0.5220 -0.8519 -0.0418
vn 0.5101 -0.8589 -0.0455
vn 0.5101 -0.8590 -0.0438
vn 0.8683 0.4942 -0.0422
vn 0.7064 0.7064 -0.0438
vn 0.7384 0.6731 -0.0410
vn 0.6083 -0.7927 -0.0405
vn 0.5722 -0.8190 -0.0423
vn 0.6312 -0.7745 -0.0421
vn 0.9746 0.2197 -0.0422
vn 0.6671 0.7436 -0.0438
vn 0.6867 0.7259 -0.0389
vn 0.6866 0.7258 -0.0423
vn 0.6867 0.7259 -0.0388
vn 0.6489 -0.7598 -0.0409
vn 0.6311 -0.7744 -0.0458
vn 0.6310 -0.7744 -0.0459
vn 0.6279 0.7772 -0.0413
vn 0.6311 0.7745 -0.0422
vn 0.6301 0.7755 -0.0402
vn 0.5780 0.8149 -0.0426
vn 0.5829 0.8115 -0.0426
vn 0.5745 0.8175 -0.0400
vn 0.6260 0.7787 -0.0417
vn 0.7248 -0.6878 -0.0411
vn 0.6875 -0.7249 -0.0428
vn 0.6877 -0.7247 -0.0437
vn 0.6868 -0.7255 -0.0441
vn 0.6866 -0.7258 -0.0432
vn 0.7384 0.6731 -0.0422
vn 0.5723 0.8191 -0.0408
vn 0.5380 0.8418 -0.0440
vn 0.7384 -0.6731 -0.0421
vn 0.7382 -0.6730 -0.0458
vn 0.7382 -0.6730 -0.0457
vn 0.7598 -0.6489 -0.0404
vn 0.6866 0.7258 -0.0422
vn 0.5102 0.8591 -0.0390
vn 0.5102 0.8590 -0.0422
vn 0.5102 0.8592 -0.0389
vn 0.4917 0.8697 -0.0434
vn 0.7902 -0.6113 -0.0429
vn 0.7873 -0.6150 -0.0446
vn 0.8261 -0.5619 -0.0420
vn 0.8281 -0.5587 -0.0446
vn 0.4444 0.8949 -0.0409
vn 0.4453 0.8944 -0.0421
vn 0.4450 0.8946 -0.0405
vn 0.3948 0.9178 -0.0431
vn 0.4439 0.8951 -0.0409
vn 0.8294 -0.5570 -0.0437
vn 0.8519 -0.5221 -0.0404
vn 0.5722 0.8190 -0.0422
vn 0.3781 0.9249 -0.0406
vn 0.3781 0.9248 -0.0422
vn 0.3781 0.9249 -0.0390
vn 0.3445 0.9377 -0.0440
vn 0.8682 -0.4941 -0.0456
vn 0.8682 -0.4941 -0.0458
vn 0.9019 -0.4297 -0.0438
vn 0.9022 -0.4290 -0.0441
vn 0.9017 -0.4301 -0.0437
vn 0.8781 -0.4768 -0.0411
vn 0.2397 0.9700 -0.0418
vn 0.2411 0.9696 -0.0412
vn 0.2385 0.9703 -0.0404
vn 0.2933 0.9551 -0.0430
vn 0.3088 0.9503 -0.0393
vn 0.3087 0.9502 -0.0422
vn 0.3088 0.9503 -0.0391
vn 0.9024 -0.4287 -0.0421
vn 0.9231 -0.3824 -0.0409
vn 0.4453 0.8944 -0.0422
vn 0.2377 0.9705 -0.0412
vn 0.1883 0.9812 -0.0436
vn 0.9315 -0.3609 -0.0458
vn 0.9315 -0.3609 -0.0459
vn 0.9419 -0.3335 -0.0405
vn 0.1654 0.9854 -0.0406
vn 0.1654 0.9853 -0.0422
vn 0.1654 0.9855 -0.0388
vn 0.1349 0.9899 -0.0439
vn 0.9746 -0.2198 -0.0421
vn 0.9571 -0.2864 -0.0431
vn 0.9561 -0.2896 -0.0445
vn 0.9715 -0.2332 -0.0418
vn 0.9579 -0.2838 -0.0427
vn 0.0852 0.9955 -0.0416
vn 0.0922 0.9948 -0.0422
vn 0.0899 0.9951 -0.0400
vn 0.0239 0.9989 -0.0415
vn 0.0271 0.9988 -0.0420
vn 0.0203 0.9990 -0.0401
vn 0.0811 0.9958 -0.0424
vn 0.9746 -0.2197 -0.0438
vn 0.9745 -0.2197 -0.0455
vn 0.9825 -0.1821 -0.0403
vn 0.2377 0.9704 -0.0422
vn 0.0185 0.9989 -0.0421
vn -0.0271 0.9987 -0.0438
vn 0.9882 -0.1472 -0.0421
vn 0.9881 -0.1472 -0.0438
vn 0.9881 -0.1471 -0.0457
vn 0.9962 -0.0764 -0.0426
vn 0.9962 -0.0747 -0.0443
vn 0.9960 -0.0784 -0.0432
vn 0.9906 -0.1304 -0.0414
vn -0.0554 0.9977 -0.0388
vn -0.0554 0.9976 -0.0423
vn -0.0811 0.9957 -0.0437
vn 0.9963 -0.0738 -0.0434
vn 0.9991 -0.0000 -0.0421
vn 0.9988 -0.0262 -0.0407
vn 0.0185 0.9989 -0.0422
vn -0.1328 0.9903 -0.0413
vn -0.1289 0.9908 -0.0421
vn -0.1301 0.9907 -0.0402
vn -0.1944 0.9800 -0.0426
vn -0.1883 0.9812 -0.0427
vn -0.1989 0.9792 -0.0399
vn -0.1349 0.9900 -0.0416
vn 0.9990 -0.0000 -0.0458
vn 0.9988 0.0262 -0.0407
vn 0.9989 -0.0000 -0.0459
vn 0.9964 0.0738 -0.0421
vn -0.2017 0.9786 -0.0408
vn -0.2411 0.9695 -0.0440
vn 0.9961 0.0768 -0.0434
vn 0.9962 0.0747 -0.0443
vn 0.9882 0.1472 -0.0421
vn 0.9906 0.1304 -0.0414
vn 0.9960 0.0784 -0.0432
vn -0.0554 0.9976 -0.0422
vn -0.2735 0.9611 -0.0390
vn -0.2734 0.9610 -0.0423
vn -0.2735 0.9611 -0.0389
vn -0.2932 0.9551 -0.0434
vn 0.9881 0.1472 -0.0438
vn 0.9881 0.1471 -0.0457
vn 0.9825 0.1821 -0.0403
vn -0.1289 0.9908 -0.0422
vn -0.3443 0.9380 -0.0408
vn -0.3436 0.9382 -0.0419
vn -0.3441 0.9381 -0.0406
vn -0.3948 0.9178 -0.0432
vn -0.3446 0.9379 -0.0408
vn 0.9746 0.2198 -0.0421
vn 0.9746 0.2197 -0.0438
vn 0.9745 0.2197 -0.0455
vn 0.9571 0.2864 -0.0431
vn 0.9561 0.2896 -0.0445
vn 0.9579 0.2838 -0.0427
vn 0.9715 0.2332 -0.0418
vn -0.2017 0.9785 -0.0422
vn -0.4439 0.8950 -0.0440
vn -0.4120 0.9102 -0.0421
vn -0.4120 0.9103 -0.0391
vn -0.4120 0.9103 -0.0389
vn 0.9419 0.3335 -0.0405
vn -0.2734 0.9610 -0.0422
vn -0.4781 0.8774 -0.0393
vn -0.4781 0.8773 -0.0422
vn -0.4781 0.8774 -0.0391
vn -0.5396 0.8409 -0.0418
vn -0.5381 0.8419 -0.0413
vn -0.5409 0.8401 -0.0403
vn -0.4917 0.8697 -0.0429
vn 0.9315 0.3609 -0.0459
vn 0.9315 0.3609 -0.0458
vn 0.9024 0.4287 -0.0421
vn 0.9231 0.3824 -0.0409
vn -0.3436 0.9382 -0.0422
vn -0.4120 0.9102 -0.0422
vn -0.5416 0.8396 -0.0412
vn -0.5828 0.8114 -0.0436
vn 0.9019 0.4297 -0.0438
vn 0.9022 0.4290 -0.0441
vn 0.8781 0.4768 -0.0411
vn 0.9017 0.4301 -0.0437
vn -0.6259 0.7787 -0.0439
vn -0.6021 0.7973 -0.0423
vn -0.6022 0.7974 -0.0389
vn -0.6022 0.7974 -0.0388
vn 0.8519 0.5221 -0.0404
vn 0.8682 0.4941 -0.0456
vn 0.8682 0.4941 -0.0458
vn -0.6643 0.7463 -0.0416
vn -0.6593 0.7507 -0.0421
vn -0.6610 0.7493 -0.0400
vn -0.7094 0.7035 -0.0423
vn -0.7065 0.7065 -0.0421
vn -0.7117 0.7014 -0.0401
vn -0.6672 0.7437 -0.0423
vn 0.8261 0.5619 -0.0420
vn 0.8294 0.5570 -0.0437
vn 0.8281 0.5587 -0.0446
vn 0.7897 0.6121 -0.0420
vn 0.7873 0.6150 -0.0446
vn -0.6021 0.7973 -0.0422
vn -0.5416 0.8396 -0.0422
vn -0.7130 0.7000 -0.0409
vn -0.7436 0.6671 -0.0439
vn 0.7860 0.6167 -0.0437
vn 0.7598 0.6489 -0.0404
vn -0.7787 0.6259 -0.0437
vn -0.7628 0.6454 -0.0389
vn -0.7627 0.6453 -0.0423
vn -0.7628 0.6454 -0.0388
vn 0.7384 0.6731 -0.0421
vn 0.7383 0.6730 -0.0439
vn 0.6875 0.7249 -0.0428
vn 0.6868 0.7255 -0.0441
vn 0.6877 0.7247 -0.0437
vn 0.7248 0.6878 -0.0411
vn 0.7382 0.6730 -0.0458
vn -0.6593 0.7507 -0.0422
vn -0.8101 0.5848 -0.0419
vn -0.8083 0.5873 -0.0411
vn -0.8090 0.5864 -0.0403
vn -0.8418 0.5381 -0.0427
vn -0.8115 0.5829 -0.0415
vn 0.6866 0.7258 -0.0432
vn 0.6489 0.7598 -0.0409
vn -0.7130 0.6999 -0.0422
vn -0.8495 0.5260 -0.0407
vn -0.8495 0.5260 -0.0422
vn -0.8496 0.5260 -0.0392
vn -0.8697 0.4917 -0.0440
vn 0.6312 0.7745 -0.0421
vn 0.6310 0.7744 -0.0458
vn 0.6310 0.7744 -0.0459
vn 0.6083 0.7927 -0.0405
vn -0.7627 0.6454 -0.0422
vn -0.8083 0.5873 -0.0422
vn -0.8860 0.4618 -0.0422
vn -0.8860 0.4618 -0.0406
vn -0.8861 0.4619 -0.0389
vn -0.8950 0.4439 -0.0433
vn 0.5687 0.8214 -0.0423
vn 0.5102 0.8590 -0.0421
vn 0.5722 0.8190 -0.0435
vn 0.5220 0.8519 -0.0418
vn 0.5659 0.8234 -0.0427
vn 0.5709 0.8198 -0.0445
vn -0.9378 0.3445 -0.0433
vn -0.9178 0.3949 -0.0407
vn -0.9178 0.3949 -0.0406
vn -0.9179 0.3948 -0.0407
vn -0.9177 0.3951 -0.0422
vn 0.5101 0.8590 -0.0438
vn 0.4768 0.8781 -0.0403
vn 0.5101 0.8589 -0.0455
vn -0.9443 0.3263 -0.0422
vn -0.9445 0.3263 -0.0390
vn -0.9445 0.3263 -0.0389
vn -0.9550 0.2932 -0.0440
vn 0.4453 0.8944 -0.0420
vn 0.4453 0.8942 -0.0457
vn 0.4453 0.8943 -0.0438
vn 0.3805 0.9238 -0.0426
vn 0.3789 0.9244 -0.0443
vn 0.3823 0.9230 -0.0432
vn 0.4301 0.9018 -0.0414
vn -0.9660 0.2556 -0.0393
vn -0.9659 0.2556 -0.0422
vn -0.9660 0.2556 -0.0391
vn -0.9816 0.1862 -0.0419
vn -0.9812 0.1883 -0.0414
vn -0.9820 0.1846 -0.0403
vn -0.9696 0.2411 -0.0428
vn 0.3781 0.9248 -0.0434
vn 0.3335 0.9419 -0.0407
vn -0.9443 0.3262 -0.0422
vn -0.9821 0.1836 -0.0411
vn -0.9899 0.1349 -0.0436
vn 0.3087 0.9502 -0.0421
vn 0.3087 0.9501 -0.0457
vn 0.2838 0.9580 -0.0407
vn 0.3087 0.9501 -0.0459
vn -0.9930 0.1106 -0.0422
vn -0.9931 0.1106 -0.0389
vn -0.9931 0.1106 -0.0388
vn -0.9957 0.0811 -0.0439
vn -0.9985 0.0369 -0.0409
vn 0.2351 0.9710 -0.0426
vn 0.2368 0.9705 -0.0443
vn 0.2377 0.9704 -0.0434
vn 0.1821 0.9824 -0.0414
vn 0.2332 0.9715 -0.0432
vn 0.1654 0.9852 -0.0455
vn 0.1654 0.9852 -0.0457
vn 0.1304 0.9906 -0.0403
vn -0.9821 0.1836 -0.0422
vn 0.0227 0.9988 -0.0423
vn 0.0922 0.9948 -0.0421
vn 0.0922 0.9948 -0.0438
vn 0.0200 0.9988 -0.0445
vn 0.0262 0.9987 -0.0427
vn 0.0784 0.9960 -0.0418
vn 0.0922 0.9947 -0.0455
vn -0.9984 0.0369 -0.0422
vn 0.0185 0.9989 -0.0435
vn -0.0262 0.9988 -0.0405
vn -0.0554 0.9976 -0.0421
vn -0.0554 0.9974 -0.0459
vn -0.0554 0.9974 -0.0458
vn -0.0784 0.9961 -0.0409
vn -0.1821 0.9824 -0.0411
vn -0.1300 0.9906 -0.0438
vn -0.1304 0.9905 -0.0437
vn -0.1292 0.9906 -0.0441
vn -0.2017 0.9785 -0.0421
vn -0.2017 0.9784 -0.0457
vn -0.2017 0.9784 -0.0458
vn -0.2333 0.9716 -0.0404
vn -0.2791 0.9593 -0.0420
vn -0.2755 0.9603 -0.0446
vn -0.2734 0.9609 -0.0437
vn -0.3372 0.9404 -0.0429
vn -0.3416 0.9388 -0.0446
vn -0.3824 0.9231 -0.0404
vn -0.4119 0.9101 -0.0457
vn -0.4119 0.9101 -0.0458
vn -0.4771 0.8778 -0.0438
vn -0.4777 0.8774 -0.0441
vn -0.4767 0.8780 -0.0437
vn -0.4301 0.9018 -0.0411
vn -0.4781 0.8773 -0.0421
vn -0.5221 0.8519 -0.0409
vn -0.5416 0.8396 -0.0421
vn -0.5415 0.8395 -0.0459
vn -0.5415 0.8395 -0.0458
vn -0.5659 0.8235 -0.0405
vn -0.6021 0.7973 -0.0421
vn -0.6489 0.7597 -0.0418
vn -0.6060 0.7943 -0.0431
vn -0.6082 0.7926 -0.0427
vn -0.6033 0.7963 -0.0445
vn -0.6592 0.7506 -0.0454
vn -0.6878 0.7248 -0.0403
vn -0.6592 0.7506 -0.0455
vn -0.7130 0.6999 -0.0421
vn -0.7129 0.6998 -0.0457
vn -0.7129 0.6999 -0.0438
vn -0.7607 0.6476 -0.0434
vn -0.7621 0.6460 -0.0443
vn -0.7597 0.6488 -0.0432
vn -0.7248 0.6878 -0.0414
vn -0.7927 0.6083 -0.0407
vn -0.8083 0.5873 -0.0421
vn -0.8234 0.5659 -0.0407
vn -0.8082 0.5872 -0.0457
vn -0.8082 0.5872 -0.0459
vn -0.8509 0.5237 -0.0426
vn -0.8781 0.4768 -0.0414
vn -0.8518 0.5220 -0.0432
vn -0.8499 0.5251 -0.0443
vn -0.8494 0.5259 -0.0434
vn -0.9019 0.4302 -0.0403
vn -0.8859 0.4617 -0.0455
vn -0.8858 0.4617 -0.0457
vn -0.9427 0.3309 -0.0431
vn -0.9437 0.3277 -0.0445
vn -0.9418 0.3335 -0.0427
vn -0.9231 0.3823 -0.0418
vn -0.9177 0.3951 -0.0421
vn -0.9176 0.3951 -0.0438
vn -0.9175 0.3950 -0.0455
vn -0.9580 0.2838 -0.0405
vn -0.9716 0.2332 -0.0409
vn -0.9657 0.2555 -0.0458
vn -0.9657 0.2556 -0.0459
vn -0.9906 0.1304 -0.0411
vn -0.9822 0.1825 -0.0438
vn -0.9823 0.1821 -0.0437
vn -0.9821 0.1833 -0.0441
vn -0.9930 0.1106 -0.0421
vn -0.9961 0.0784 -0.0404
vn -0.9929 0.1105 -0.0439
vn -0.9928 0.1105 -0.0458
vn 0.9996 -0.0276 -0.0000
vn 0.9966 -0.0826 -0.0000
vn 0.9905 -0.1374 -0.0000
vn 0.9815 -0.1917 -0.0000
vn 0.9694 -0.2455 -0.0000
vn 0.9544 -0.2985 -0.0000
vn 0.9365 -0.3506 -0.0000
vn 0.9158 -0.4017 -0.0000
vn 0.8923 -0.4515 -0.0000
vn 0.8660 -0.5000 -0.0000
vn 0.8372 -0.5469 -0.0000
vn 0.8058 -0.5922 -0.0000
vn 0.7719 -0.6357 -0.0000
vn 0.7357 -0.6773 -0.0000
vn 0.6973 -0.7168 -0.0000
vn 0.6567 -0.7541 -0.0000
vn 0.6568 -0.7541 -0.0000
vn 0.6142 -0.7891 -0.0000
vn 0.5698 -0.8218 -0.0000
vn 0.5237 -0.8519 -0.0000
vn 0.4759 -0.8795 -0.0000
vn 0.4268 -0.9044 -0.0000
vn 0.3763 -0.9265 -0.0000
vn 0.3247 -0.9458 -0.0000
vn 0.2721 -0.9623 -0.0000
vn 0.2187 -0.9758 -0.0000
vn 0.1646 -0.9864 -0.0000
vn 0.1100 -0.9939 -0.0000
vn 0.0551 -0.9985 -0.0000
vn -0.0551 -0.9985 -0.0000
vn -0.1100 -0.9939 -0.0000
vn -0.1646 -0.9864 -0.0000
vn -0.2187 -0.9758 -0.0000
vn -0.2721 -0.9623 -0.0000
vn -0.3247 -0.9458 -0.0000
vn -0.3763 -0.9265 -0.0000
vn -0.4268 -0.9044 -0.0000
vn -0.4759 -0.8795 -0.0000
vn -0.5237 -0.8519 -0.0000
vn -0.5698 -0.8218 -0.0000
vn -0.6142 -0.7891 -0.0000
vn -0.6568 -0.7541 -0.0000
vn -0.6973 -0.7168 -0.0000
vn -0.6567 -0.7541 -0.0000
vn -0.7357 -0.6773 -0.0000
vn -0.7719 -0.6357 -0.0000
vn -0.8058 -0.5922 -0.0000
vn -0.8372 -0.5469 -0.0000
vn -0.8660 -0.5000 -0.0000
vn -0.8923 -0.4515 -0.0000
vn -0.9158 -0.4017 -0.0000
vn -0.9365 -0.3506 -0.0000
vn -0.9544 -0.2985 -0.0000
vn -0.9694 -0.2455 -0.0000
vn -0.9815 -0.1917 -0.0000
vn -0.9905 -0.1374 -0.0000
vn -0.9966 -0.0826 -0.0000
vn -0.9996 -0.0276 -0.0000
vn -0.9996 0.0276 -0.0000
vn -0.9966 0.0826 -0.0000
vn -0.9905 0.1374 -0.0000
vn -0.9815 0.1917 -0.0000
vn -0.9694 0.2455 -0.0000
vn -0.9544 0.2985 -0.0000
vn -0.9365 0.3506 -0.0000
vn -0.9158 0.4017 -0.0000
vn -0.8923 0.4515 -0.0000
vn -0.8660 0.5000 -0.0000
vn -0.8372 0.5469 -0.0000
vn -0.8058 0.5922 -0.0000
vn -0.7719 0.6357 -0.0000
vn -0.7357 0.6773 -0.0000
vn -0.6973 0.7168 -0.0000
vn -0.6568 0.7541 -0.0000
vn -0.6567 0.7541 -0.0000
vn -0.6142 0.7891 -0.0000
vn -0.5698 0.8218 -0.0000
vn -0.5237 0.8519 -0.0000
vn -0.4759 0.8795 -0.0000
vn -0.4268 0.9044 -0.0000
vn -0.3763 0.9265 -0.0000
vn -0.3247 0.9458 -0.0000
vn -0.2721 0.9623 -0.0000
vn -0.2187 0.9758 -0.0000
vn -0.1646 0.9864 -0.0000
vn -0.1100 0.9939 -0.0000
vn -0.0551 0.9985 -0.0000
vn 0.0551 0.9985 -0.0000
vn 0.1100 0.9939 -0.0000
vn 0.1646 0.9864 -0.0000
vn 0.2187 0.9758 -0.0000
vn 0.2721 0.9623 -0.0000
vn 0.3247 0.9458 -0.0000
vn 0.3763 0.9265 -0.0000
vn 0.4268 0.9044 -0.0000
vn 0.4759 0.8795 -0.0000
vn 0.5237 0.8519 -0.0000
vn 0.5698 0.8218 -0.0000
vn 0.6142 0.7891 -0.0000
vn 0.6567 0.7541 -0.0000
vn 0.6568 0.7541 -0.0000
vn 0.6973 0.7168 -0.0000
vn 0.7357 0.6773 -0.0000
vn 0.7719 0.6357 -0.0000
vn 0.8058 0.5922 -0.0000
vn 0.8372 0.5469 -0.0000
vn 0.8660 0.5000 -0.0000
vn 0.8923 0.4515 -0.0000
vn 0.9158 0.4017 -0.0000
vn 0.9365 0.3506 -0.0000
vn 0.9544 0.2985 -0.0000
vn 0.9694 0.2455 -0.0000
vn 0.9815 0.1917 -0.0000
vn 0.9905 0.1374 -0.0000
vn 0.9966 0.0826 -0.0000
vn 0.9996 0.0276 -0.0000
vn -0.0001 -0.0000 -1.0000
vn 0.0002 -0.0000 -1.0000
vn -0.0002 -0.0000 -1.0000
vn 0.0001 -0.0000 -1.0000
s 1
f 1//1 2//1 3//1
f 3//2 2//2 4//2
f 4//3 5//3 6//3
f 2//4 5//4 4//4
f 6//5 7//5 8//5
f 5//6 7//6 6//6
f 8//7 9//7 10//7
f 7//8 9//8 8//8
f 10//9 11//9 12//9
f 9//10 11//10 10//10
f 12//11 13//11 14//11
f 11//12 13//12 12//12
f 13//13 15//13 14//13
f 14//14 16//15 17//16
f 15//17 16//15 14//14
f 17//18 18//18 19//18
f 16//19 18//19 17//19
f 19//20 20//20 21//20
f 18//21 20//21 19//21
f 21//22 22//22 23//22
f 20//23 22//23 21//23
f 22//24 24//24 23//24
f 23//25 24//25 25//25
f 24//26 26//26 25//26
f 25//27 26//27 27//27
f 26//28 28//28 27//28
f 27//29 28//29 29//29
f 28//30 30//30 29//30
f 29//31 30//31 31//31
f 30//32 32//32 31//32
f 31//33 32//33 33//33
f 32//34 34//34 33//34
f 33//35 34//35 35//35
f 34//36 36//36 35//36
f 35//37 36//38 37//39
f 36//38 38//40 37//39
f 38//41 39//41 37//41
f 37//42 39//42 40//42
f 39//43 41//43 40//43
f 40//44 41//44 42//44
f 41//45 43//45 42//45
f 42//46 43//46 44//46
f 43//47 45//47 44//47
f 44//48 45//48 46//48
f 46//49 47//49 48//49
f 45//50 47//50 46//50
f 47//51 49//51 48//51
f 48//52 49//52 50//52
f 49//53 51//53 50//53
f 50//54 52//54 3//54
f 51//55 52//55 50//55
f 52//56 1//56 3//56
f 31//57 27//57 29//57
f 10//57 12//58 14//58
f 10//57 14//58 17//57
f 10//57 17//57 19//57
f 6//57 8//57 10//57
f 37//57 31//57 33//57
f 37//57 33//57 35//58
f 4//57 19//57 21//57
f 4//57 21//57 23//57
f 4//57 10//57 19//57
f 4//57 6//57 10//57
f 3//57 23//57 25//57
f 3//57 25//57 27//57
f 3//57 4//57 23//57
f 42//57 37//57 40//59
f 46//57 42//57 44//57
f 46//57 48//60 50//57
f 46//57 50//57 3//57
f 46//57 27//57 31//57
f 46//57 3//57 27//57
f 46//57 31//57 37//57
f 46//57 37//57 42//57
f 53//61 54//61 55//61
f 54//61 56//61 55//61
f 57//62 58//62 59//62
f 59//62 58//62 60//62
f 2//63 1//64 61//65
f 1//64 52//66 61//65
f 26//67 62//67 28//67
f 63//68 64//69 61//70
f 57//71 64//72 63//73
f 13//74 64//75 15//76
f 11//77 64//75 13//74
f 9//78 64//75 11//77
f 7//79 64//80 9//81
f 5//82 64//80 7//79
f 2//83 64//80 5//82
f 61//70 64//69 2//84
f 62//85 65//85 66//85
f 66//86 65//87 59//88
f 59//88 65//87 57//71
f 57//71 65//87 64//72
f 24//89 65//90 26//91
f 22//92 65//90 24//89
f 20//93 65//94 22//95
f 18//96 65//94 20//93
f 16//97 65//94 18//96
f 15//76 65//94 16//97
f 64//75 65//94 15//76
f 26//98 65//98 62//98
f 67//99 68//100 56//101
f 61//102 68//103 67//104
f 51//105 68//106 52//107
f 49//108 68//106 51//105
f 47//109 68//110 49//111
f 45//112 68//110 47//109
f 43//113 68//110 45//112
f 41//114 68//110 43//113
f 39//115 68//110 41//114
f 52//116 68//103 61//102
f 56//101 69//117 55//118
f 55//118 69//117 70//119
f 70//120 69//121 62//122
f 38//123 69//124 39//115
f 36//125 69//124 38//123
f 34//126 69//124 36//125
f 32//127 69//124 34//126
f 30//128 69//129 32//130
f 28//131 69//129 30//128
f 39//115 69//124 68//110
f 68//100 69//117 56//101
f 62//122 69//121 28//132
f 71//133 72//133 73//133
f 74//133 72//133 71//133
f 75//133 74//133 71//133
f 76//133 74//133 75//133
f 77//133 76//133 75//133
f 78//133 76//133 77//133
f 79//133 78//133 77//133
f 80//133 78//133 79//133
f 81//133 80//133 79//133
f 82//133 80//133 81//133
f 83//133 82//133 81//133
f 84//133 82//133 83//133
f 85//133 84//133 83//133
f 86//133 84//133 85//133
f 87//133 86//133 85//133
f 88//133 86//133 87//133
f 89//133 88//133 87//133
f 90//133 88//133 89//133
f 91//133 90//133 89//133
f 92//133 90//133 91//133
f 93//133 92//133 91//133
f 94//133 92//133 93//133
f 95//133 94//133 93//133
f 96//133 94//133 95//133
f 97//133 96//133 95//133
f 98//133 96//133 97//133
f 99//133 98//133 97//133
f 100//133 98//133 99//133
f 101//133 100//133 99//133
f 102//133 100//133 101//133
f 103//133 102//133 101//133
f 104//133 102//133 103//133
f 105//133 104//133 103//133
f 106//133 104//133 105//133
f 107//133 106//133 105//133
f 108//133 106//133 107//133
f 109//133 108//133 107//133
f 110//133 108//133 109//133
f 111//133 110//133 109//133
f 112//133 110//133 111//133
f 113//133 112//133 111//133
f 114//133 112//133 113//133
f 115//133 114//133 113//133
f 116//133 114//133 115//133
f 117//133 116//133 115//133
f 118//133 116//133 117//133
f 119//133 118//133 117//133
f 120//133 118//133 119//133
f 121//133 122//133 120//133
f 121//133 120//133 119//133
f 123//133 122//133 121//133
f 123//133 124//133 122//133
f 125//133 124//133 123//133
f 125//133 126//133 124//133
f 127//133 126//133 125//133
f 127//133 128//133 126//133
f 129//133 130//133 128//133
f 129//133 128//133 127//133
f 131//133 132//133 130//133
f 131//133 130//133 129//133
f 133//133 134//133 132//133
f 133//133 132//133 131//133
f 135//133 59//133 60//133
f 135//133 60//133 136//133
f 137//133 138//133 134//133
f 137//133 134//133 133//133
f 139//133 136//133 140//133
f 139//133 135//133 136//133
f 141//133 142//133 138//133
f 141//133 138//133 137//133
f 143//133 140//133 144//133
f 143//133 139//133 140//133
f 145//133 146//133 142//133
f 145//133 142//133 141//133
f 147//133 144//133 148//133
f 147//133 143//133 144//133
f 149//133 150//133 146//133
f 149//133 146//133 145//133
f 151//133 148//133 152//133
f 151//133 147//133 148//133
f 153//133 154//133 150//133
f 153//133 150//133 149//133
f 155//133 152//133 156//133
f 155//133 151//133 152//133
f 157//133 158//133 154//133
f 157//133 154//133 153//133
f 159//133 156//133 160//133
f 159//133 155//133 156//133
f 161//133 158//133 157//133
f 161//133 162//133 158//133
f 163//133 160//133 164//133
f 163//133 159//133 160//133
f 165//133 162//133 161//133
f 165//133 166//133 162//133
f 167//133 164//133 168//133
f 167//133 163//133 164//133
f 169//133 170//133 166//133
f 169//133 166//133 165//133
f 171//133 168//133 172//133
f 171//133 167//133 168//133
f 173//133 170//133 169//133
f 173//133 174//133 170//133
f 175//133 172//133 176//133
f 175//133 171//133 172//133
f 177//133 178//133 174//133
f 177//133 174//133 173//133
f 179//133 176//133 180//133
f 179//133 175//133 176//133
f 181//133 182//133 178//133
f 181//133 178//133 177//133
f 183//133 180//133 182//133
f 183//133 179//133 180//133
f 183//133 182//133 181//133
f 184//134 74//134 76//134
f 184//135 72//135 74//135
f 184//136 185//136 72//137
f 186//138 185//136 184//136
f 186//139 187//139 188//139
f 186//140 188//140 185//140
f 189//141 76//141 78//141
f 189//142 184//143 76//144
f 190//145 191//145 187//145
f 190//146 186//147 184//143
f 190//146 184//143 189//142
f 190//146 187//148 186//147
f 192//149 80//149 82//149
f 192//150 78//151 80//152
f 192//150 189//153 78//151
f 193//154 189//153 192//150
f 193//154 190//155 189//153
f 193//156 194//156 195//156
f 193//154 195//157 191//158
f 193//154 191//158 190//155
f 196//159 82//159 84//159
f 196//160 192//161 82//162
f 197//163 198//163 194//163
f 197//164 192//161 196//160
f 197//164 194//165 193//166
f 197//164 193//166 192//161
f 199//167 86//168 88//169
f 199//170 84//170 86//170
f 199//171 197//172 196//173
f 199//171 196//173 84//174
f 200//175 197//172 199//171
f 200//175 198//176 197//172
f 200//177 201//177 202//177
f 200//178 202//178 198//178
f 203//179 88//179 90//179
f 203//180 199//167 88//169
f 204//181 199//167 203//180
f 204//182 205//182 201//182
f 204//181 201//183 200//184
f 204//181 200//184 199//167
f 206//185 90//185 92//185
f 206//186 203//187 90//188
f 207//189 205//190 204//191
f 207//189 204//191 203//187
f 207//192 208//192 205//192
f 207//189 203//187 206//186
f 209//193 94//193 96//193
f 209//194 92//195 94//196
f 209//194 206//197 92//195
f 210//198 206//197 209//194
f 210//199 211//199 212//199
f 210//198 212//200 208//200
f 210//198 207//198 206//197
f 210//198 208//200 207//198
f 213//201 96//201 98//201
f 213//202 209//203 96//204
f 214//205 211//206 210//207
f 214//205 210//207 209//203
f 214//205 209//203 213//202
f 214//208 215//208 211//208
f 216//209 98//209 100//209
f 216//210 213//211 98//212
f 216//210 214//213 213//211
f 216//214 100//215 102//216
f 217//217 214//213 216//210
f 217//218 218//218 219//218
f 217//219 219//219 215//219
f 217//217 215//220 214//213
f 220//221 216//214 102//216
f 220//222 102//222 104//222
f 221//223 222//223 218//223
f 221//224 216//214 220//221
f 221//224 218//225 217//226
f 221//224 217//226 216//214
f 223//227 220//228 104//229
f 223//230 104//230 106//230
f 224//231 225//231 222//231
f 224//232 222//233 221//234
f 224//232 221//234 220//228
f 224//232 220//228 223//227
f 226//235 223//236 106//237
f 226//238 108//238 110//238
f 226//235 106//237 108//239
f 227//240 225//241 224//240
f 227//242 228//242 229//242
f 227//240 229//241 225//241
f 227//240 223//236 226//235
f 227//240 224//240 223//236
f 230//243 226//244 110//245
f 230//246 110//246 112//246
f 231//247 227//248 226//244
f 231//247 228//249 227//248
f 231//247 226//244 230//243
f 231//250 232//250 228//250
f 233//251 230//252 112//253
f 233//254 114//254 116//254
f 233//255 112//255 114//255
f 234//256 230//252 233//251
f 234//257 235//257 236//257
f 234//258 236//258 232//258
f 234//256 231//259 230//252
f 234//256 232//260 231//259
f 237//261 233//262 116//263
f 237//264 116//264 118//264
f 238//265 233//262 237//261
f 238//266 239//266 235//266
f 238//265 234//267 233//262
f 238//265 235//268 234//267
f 240//269 237//270 118//271
f 240//272 118//272 120//272
f 241//273 237//270 240//269
f 241//273 238//274 237//270
f 241//275 242//275 239//275
f 241//273 239//276 238//274
f 243//277 240//278 120//279
f 243//280 122//280 124//280
f 243//277 120//279 122//281
f 244//282 245//282 246//282
f 244//283 246//284 242//284
f 244//283 241//283 240//278
f 244//283 240//278 243//277
f 244//283 242//284 241//283
f 247//285 244//286 243//287
f 247//285 243//287 124//288
f 247//289 124//289 126//289
f 248//290 249//290 245//290
f 248//291 245//292 244//286
f 248//291 244//286 247//285
f 250//293 247//294 126//295
f 250//296 128//296 130//296
f 250//297 126//297 128//297
f 251//298 247//294 250//293
f 251//298 249//299 248//300
f 251//298 248//300 247//294
f 251//296 252//296 253//296
f 251//297 253//297 249//297
f 254//301 130//301 132//301
f 254//302 250//303 130//304
f 255//305 252//306 251//307
f 255//308 256//308 252//308
f 255//305 251//307 250//303
f 255//305 250//303 254//302
f 257//309 254//310 132//311
f 257//312 134//313 138//314
f 257//315 132//315 134//315
f 258//316 256//317 255//318
f 258//319 259//320 260//320
f 258//321 260//321 256//321
f 258//316 254//310 257//309
f 258//316 255//318 254//310
f 261//322 257//312 138//314
f 261//323 138//323 142//323
f 262//324 263//324 259//324
f 262//325 257//312 261//322
f 262//325 258//319 257//312
f 262//325 259//320 258//319
f 264//326 261//327 142//328
f 264//329 142//329 146//329
f 265//330 266//330 263//330
f 265//331 263//332 262//333
f 265//331 262//333 261//327
f 265//331 261//327 264//326
f 267//334 264//335 146//336
f 267//334 265//337 264//335
f 267//338 150//338 154//338
f 267//339 146//339 150//339
f 268//340 269//340 270//340
f 268//341 270//341 266//341
f 268//342 266//343 265//337
f 268//342 265//337 267//334
f 271//344 267//345 154//346
f 271//347 154//347 158//347
f 272//348 273//348 269//348
f 272//349 269//350 268//351
f 272//349 268//351 267//345
f 272//349 267//345 271//344
f 274//352 271//353 158//354
f 274//355 162//356 166//357
f 274//358 158//358 162//358
f 275//359 276//360 277//360
f 275//361 277//361 273//361
f 275//362 273//363 272//364
f 275//362 271//353 274//352
f 275//362 272//364 271//353
f 278//365 166//365 170//365
f 278//366 274//355 166//357
f 279//367 280//367 276//367
f 279//368 276//360 275//359
f 279//368 275//359 274//355
f 279//368 274//355 278//366
f 281//369 170//369 174//369
f 281//370 278//371 170//372
f 282//373 283//373 280//373
f 282//374 280//375 279//376
f 282//374 279//376 278//371
f 282//374 278//371 281//370
f 284//377 178//377 182//377
f 284//378 174//379 178//380
f 284//378 281//381 174//379
f 285//382 286//382 287//382
f 285//383 287//383 283//383
f 285//384 283//385 282//386
f 285//384 282//386 281//381
f 285//384 281//381 284//378
f 288//387 182//387 180//387
f 288//388 284//389 182//390
f 289//391 285//392 284//389
f 289//393 290//393 286//393
f 289//391 286//394 285//392
f 289//391 284//389 288//388
f 291//395 288//396 180//397
f 291//398 176//399 172//400
f 291//401 180//401 176//401
f 292//402 288//396 291//395
f 292//402 290//403 289//404
f 292//402 289//404 288//396
f 292//405 293//406 294//406
f 292//407 294//407 290//407
f 295//408 291//398 172//400
f 295//409 172//409 168//409
f 296//410 292//405 291//398
f 296//410 291//398 295//408
f 296//411 297//411 293//411
f 296//410 293//406 292//405
f 298//412 295//413 168//414
f 298//415 168//415 164//415
f 299//416 300//416 297//416
f 299//417 296//418 295//413
f 299//417 297//419 296//418
f 299//417 295//413 298//412
f 301//420 298//421 164//422
f 301//423 160//423 156//423
f 301//420 164//422 160//424
f 302//425 303//425 304//425
f 302//426 304//426 300//426
f 302//427 300//428 299//429
f 302//427 298//421 301//420
f 302//427 299//429 298//421
f 305//430 301//431 156//432
f 305//433 156//433 152//433
f 306//434 302//435 301//431
f 306//436 307//436 303//436
f 306//434 303//437 302//435
f 306//434 301//431 305//430
f 308//438 305//439 152//440
f 308//441 148//442 144//443
f 308//444 152//444 148//444
f 309//445 310//445 307//445
f 309//446 307//447 306//448
f 309//446 306//448 305//439
f 309//446 305//439 308//438
f 311//449 308//441 144//443
f 311//450 144//450 140//450
f 312//451 313//451 314//451
f 312//452 314//453 310//454
f 312//452 310//454 309//455
f 312//452 308//441 311//449
f 312//452 309//455 308//441
f 315//456 60//457 58//456
f 315//458 311//459 140//460
f 315//461 136//461 60//461
f 315//462 140//462 136//462
f 316//463 58//463 317//463
f 316//464 317//464 313//464
f 316//465 315//456 58//456
f 316//466 313//467 312//468
f 316//466 312//468 311//459
f 316//466 311//459 315//458
f 318//469 319//469 320//469
f 321//469 319//469 318//469
f 322//469 321//469 318//469
f 323//469 321//469 322//469
f 324//469 323//469 322//469
f 325//469 323//469 324//469
f 326//469 325//469 324//469
f 327//469 325//469 326//469
f 328//469 327//469 326//469
f 329//469 327//469 328//469
f 330//469 329//469 328//469
f 331//469 329//469 330//469
f 332//469 331//469 330//469
f 333//469 331//469 332//469
f 334//469 333//469 332//469
f 335//469 333//469 334//469
f 336//469 335//469 334//469
f 337//469 335//469 336//469
f 338//469 337//469 336//469
f 339//469 337//469 338//469
f 340//469 339//469 338//469
f 341//469 339//469 340//469
f 342//469 341//469 340//469
f 343//469 341//469 342//469
f 344//469 343//469 342//469
f 345//469 343//469 344//469
f 346//469 345//469 344//469
f 347//469 345//469 346//469
f 348//469 347//469 346//469
f 349//469 347//469 348//469
f 350//469 349//469 348//469
f 351//469 349//469 350//469
f 352//469 351//469 350//469
f 353//469 351//469 352//469
f 354//469 353//469 352//469
f 355//469 353//469 354//469
f 356//469 355//469 354//469
f 357//469 355//469 356//469
f 358//469 357//469 356//469
f 359//469 357//469 358//469
f 360//469 359//469 358//469
f 361//469 359//469 360//469
f 362//469 361//469 360//469
f 363//469 361//469 362//469
f 364//469 363//469 362//469
f 365//469 363//469 364//469
f 366//469 365//469 364//469
f 367//469 365//469 366//469
f 368//469 367//469 366//469
f 369//469 367//469 368//469
f 370//469 369//469 368//469
f 371//469 369//469 370//469
f 372//469 371//469 370//469
f 373//469 371//469 372//469
f 374//469 373//469 372//469
f 375//469 373//469 374//469
f 376//469 375//469 374//469
f 377//469 378//469 375//469
f 377//469 375//469 376//469
f 379//469 380//469 378//469
f 379//469 378//469 377//469
f 381//469 56//469 54//469
f 381//469 54//469 382//469
f 383//469 384//469 380//469
f 383//469 380//469 379//469
f 385//469 381//469 382//469
f 385//469 382//469 386//469
f 387//469 388//469 384//469
f 387//469 384//469 383//469
f 389//469 386//469 390//469
f 389//469 385//469 386//469
f 391//469 392//469 388//469
f 391//469 388//469 387//469
f 393//469 390//469 394//469
f 393//469 389//469 390//469
f 395//469 396//469 392//469
f 395//469 392//469 391//469
f 397//469 394//469 398//469
f 397//469 393//469 394//469
f 399//469 400//469 396//469
f 399//469 396//469 395//469
f 401//469 398//469 402//469
f 401//469 397//469 398//469
f 403//469 404//469 400//469
f 403//469 400//469 399//469
f 405//469 402//469 406//469
f 405//469 401//469 402//469
f 407//469 408//469 404//469
f 407//469 404//469 403//469
f 409//469 405//469 406//469
f 409//469 406//469 410//469
f 411//469 408//469 407//469
f 411//469 412//469 408//469
f 413//469 409//469 410//469
f 413//469 410//469 414//469
f 415//469 412//469 411//469
f 415//469 416//469 412//469
f 417//469 413//469 414//469
f 417//469 414//469 418//469
f 419//469 416//469 415//469
f 419//469 420//469 416//469
f 421//469 417//469 418//469
f 421//469 418//469 422//469
f 423//469 420//469 419//469
f 423//469 424//469 420//469
f 425//469 421//469 422//469
f 425//469 422//469 426//469
f 427//469 424//469 423//469
f 427//469 428//469 424//469
f 429//469 425//469 426//469
f 429//469 426//469 430//469
f 431//469 430//469 428//469
f 431//469 428//469 427//469
f 431//469 429//469 430//469
f 432//470 433//471 434//472
f 434//473 435//473 436//473
f 433//471 435//474 434//472
f 436//475 437//475 438//475
f 435//476 437//476 436//476
f 438//477 439//477 440//477
f 437//478 439//478 438//478
f 440//479 441//479 442//479
f 439//480 441//480 440//480
f 442//481 443//481 444//481
f 441//482 443//482 442//482
f 444//483 445//483 446//483
f 443//484 445//484 444//484
f 446//485 447//485 448//485
f 445//486 447//486 446//486
f 448//487 449//487 450//487
f 447//488 449//488 448//488
f 450//489 451//489 452//489
f 449//490 451//490 450//490
f 452//491 453//491 454//491
f 454//492 453//493 455//494
f 451//495 453//495 452//495
f 453//493 456//496 455//494
f 455//497 456//497 457//497
f 456//498 458//498 457//498
f 457//499 458//499 459//499
f 459//500 460//500 461//500
f 458//501 460//501 459//501
f 460//502 462//502 461//502
f 461//503 462//503 463//503
f 463//504 464//504 465//504
f 462//505 464//505 463//505
f 464//506 466//506 465//506
f 465//507 466//507 467//507
f 467//508 468//508 469//508
f 466//509 468//509 467//509
f 469//510 470//510 471//510
f 468//511 470//511 469//511
f 471//512 472//512 473//512
f 470//513 472//513 471//513
f 473//514 474//514 475//514
f 472//515 474//515 473//515
f 475//516 476//517 477//516
f 477//518 476//518 478//518
f 474//517 476//517 475//516
f 478//519 479//519 480//519
f 476//520 479//520 478//520
f 480//521 481//521 482//521
f 482//522 481//522 483//522
f 479//523 481//523 480//523
f 483//524 433//524 432//524
f 481//525 433//525 483//525
f 458//526 462//526 460//526
f 443//526 441//526 445//526
f 445//526 441//526 447//526
f 447//526 441//526 449//526
f 439//526 437//526 441//526
f 462//526 468//526 464//526
f 464//526 468//526 466//527
f 449//526 435//526 451//526
f 451//526 435//526 453//526
f 441//526 435//526 449//526
f 437//526 435//526 441//526
f 453//526 433//526 456//526
f 456//526 433//526 458//526
f 435//526 433//526 453//526
f 468//526 472//526 470//527
f 472//526 476//526 474//526
f 479//526 476//526 481//526
f 481//526 476//526 433//526
f 458//526 476//526 462//526
f 433//526 476//526 458//526
f 462//526 476//526 468//526
f 468//526 476//526 472//526
f 319//61 484//61 485//61
f 320//61 319//61 485//61
f 185//62 486//62 73//62
f 185//62 73//62 72//62
f 483//528 432//529 487//530
f 488//531 457//531 459//531
f 489//532 486//532 490//532
f 489//533 490//533 491//533
f 489//534 491//535 487//536
f 489//537 432//538 434//539
f 489//537 434//539 436//540
f 489//541 436//542 438//543
f 489//541 438//543 440//544
f 489//541 440//544 442//545
f 489//541 442//545 444//546
f 489//541 444//546 446//547
f 489//534 487//536 432//548
f 492//549 493//549 73//549
f 492//550 494//550 493//550
f 492//551 488//548 494//534
f 492//552 73//553 486//552
f 492//554 446//547 448//555
f 492//554 448//555 450//556
f 492//554 450//556 452//557
f 492//554 452//557 454//558
f 492//559 454//560 455//561
f 492//559 455//561 457//562
f 492//552 486//552 489//563
f 492//554 489//541 446//547
f 492//551 457//564 488//548
f 495//565 487//530 496//566
f 495//567 496//567 497//567
f 495//568 497//568 320//568
f 495//569 480//570 482//571
f 495//569 482//571 483//572
f 495//573 471//574 473//575
f 495//573 473//575 475//576
f 495//573 475//576 477//577
f 495//573 477//577 478//578
f 495//573 478//578 480//579
f 495//565 483//528 487//530
f 498//580 320//580 485//581
f 498//582 499//583 488//584
f 498//585 500//585 499//585
f 498//586 485//586 500//586
f 498//587 459//588 461//589
f 498//587 461//589 463//590
f 498//591 463//592 465//593
f 498//591 465//593 467//594
f 498//591 467//594 469//595
f 498//591 469//595 471//574
f 498//591 471//574 495//573
f 498//582 488//584 459//596
f 498//580 495//597 320//580
f 501//133 502//133 503//133
f 504//133 505//133 506//598
f 504//133 507//133 505//133
f 504//133 508//133 507//133
f 504//133 509//133 508//133
f 510//133 501//133 503//133
f 510//133 503//133 509//133
f 511//133 504//133 512//598
f 513//133 514//133 510//133
f 515//598 511//133 516//598
f 517//133 518//133 513//133
f 519//133 504//133 511//133
f 519//133 511//133 515//598
f 520//599 521//133 522//600
f 520//599 519//133 521//133
f 523//133 504//133 519//133
f 523//133 519//133 520//599
f 524//133 525//133 526//133
f 527//133 517//133 513//133
f 527//133 524//133 526//133
f 527//133 528//133 517//133
f 527//133 529//133 528//133
f 527//133 526//133 529//133
f 530//133 523//133 531//133
f 532//133 533//133 527//133
f 534//133 530//133 535//133
f 534//133 523//133 530//133
f 536//133 534//133 537//600
f 538//133 532//133 527//133
f 538//133 539//133 532//133
f 538//133 540//133 539//133
f 541//133 510//133 509//133
f 541//133 509//133 504//133
f 541//133 513//133 510//133
f 541//133 504//133 523//133
f 541//133 527//133 513//133
f 541//133 538//133 527//133
f 541//133 523//133 534//133
f 541//133 542//133 538//133
f 543//133 544//598 545//598
f 543//133 536//133 544//598
f 543//133 534//133 536//133
f 546//133 547//133 541//133
f 548//133 543//133 549//598
f 550//133 546//133 541//133
f 550//133 551//133 546//133
f 552//133 548//133 553//598
f 554//133 543//133 548//133
f 554//133 548//133 552//133
f 555//133 550//133 541//133
f 555//133 556//599 550//133
f 557//133 554//133 558//599
f 559//133 560//598 555//133
f 561//133 554//133 557//133
f 561//133 557//133 562//598
f 563//133 564//598 559//133
f 563//133 555//133 541//133
f 563//133 559//133 555//133
f 565//133 534//133 543//133
f 565//133 554//133 561//133
f 565//133 543//133 554//133
f 565//133 561//133 566//133
f 567//133 568//599 563//133
f 569//133 570//599 567//133
f 569//133 567//133 563//133
f 571//133 572//133 573//133
f 571//133 565//133 572//133
f 574//133 571//133 575//133
f 574//133 565//133 571//133
f 576//133 577//598 569//133
f 576//133 578//599 577//598
f 576//133 579//601 578//599
f 576//133 563//133 541//133
f 576//133 569//133 563//133
f 580//133 574//133 581//133
f 582//133 576//133 541//133
f 583//133 534//133 565//133
f 583//133 574//133 580//133
f 583//133 565//133 574//133
f 584//133 585//601 582//133
f 586//133 583//133 587//133
f 588//133 583//133 586//133
f 589//133 590//601 584//133
f 589//133 582//133 541//133
f 589//133 584//133 582//133
f 591//133 592//133 593//133
f 594//133 595//133 589//133
f 594//133 596//601 595//133
f 597//133 598//133 599//133
f 600//599 601//599 602//598
f 603//133 597//133 604//133
f 605//133 606//133 594//133
f 605//133 594//133 589//133
f 605//133 602//598 606//133
f 605//133 600//599 602//598
f 605//133 534//133 583//133
f 605//133 583//133 588//133
f 605//133 589//133 541//133
f 605//133 541//133 534//133
f 607//133 598//133 597//133
f 607//133 597//133 603//133
f 607//133 591//133 598//133
f 608//133 591//133 607//133
f 608//133 588//133 592//133
f 608//133 592//133 591//133
f 609//133 588//133 608//133
f 610//133 611//133 605//133
f 610//133 612//133 611//133
f 610//133 613//133 612//133
f 610//133 605//133 588//133
f 610//133 609//133 614//133
f 610//133 588//133 609//133
f 531//602 615//603 530//604
f 616//605 617//606 618//607
f 523//608 615//609 531//610
f 619//611 616//612 618//613
f 530//614 620//614 535//614
f 615//603 620//615 530//604
f 620//616 621//617 535//618
f 535//619 621//619 534//619
f 621//620 622//621 534//622
f 537//623 622//624 536//625
f 534//622 622//621 537//626
f 615//603 623//627 620//615
f 624//627 623//627 615//603
f 536//628 625//628 544//628
f 622//624 625//629 536//625
f 623//616 626//616 620//616
f 620//616 626//616 621//617
f 544//630 627//630 545//630
f 625//631 627//632 544//633
f 621//620 628//620 622//621
f 626//620 628//620 621//620
f 627//634 629//635 545//636
f 543//637 629//638 549//639
f 545//636 629//635 543//640
f 624//627 630//627 623//627
f 631//627 630//627 624//627
f 632//627 630//627 631//627
f 628//641 633//641 622//624
f 622//624 633//641 625//629
f 625//631 633//642 627//632
f 629//638 634//643 549//639
f 549//644 634//644 548//644
f 630//616 635//616 623//616
f 623//616 635//616 626//616
f 627//634 636//645 629//635
f 633//642 636//642 627//632
f 548//646 637//646 553//646
f 634//647 637//648 548//649
f 635//620 638//620 626//620
f 628//641 638//641 633//641
f 626//620 638//620 628//620
f 636//645 639//645 629//635
f 552//650 640//651 554//652
f 553//653 640//654 552//655
f 637//656 640//654 553//653
f 632//627 641//627 630//627
f 638//641 642//641 633//641
f 639//657 643//657 629//638
f 629//638 643//657 634//643
f 554//658 644//658 558//658
f 640//651 644//659 554//652
f 630//616 645//616 635//616
f 641//616 645//616 630//616
f 633//642 646//642 636//642
f 642//642 646//642 633//642
f 634//647 647//647 637//648
f 643//647 647//647 634//647
f 558//660 648//660 557//660
f 644//661 648//662 558//663
f 645//620 649//620 635//620
f 635//620 649//620 638//620
f 636//645 650//645 639//645
f 646//645 650//645 636//645
f 637//656 651//656 640//654
f 647//656 651//656 637//656
f 562//664 652//664 561//664
f 557//665 652//666 562//667
f 648//668 652//666 557//665
f 641//616 653//616 645//616
f 632//627 653//627 641//627
f 654//627 653//627 632//627
f 649//641 655//641 638//641
f 638//641 655//641 642//641
f 650//657 656//657 639//657
f 639//657 656//657 643//657
f 640//651 657//669 644//659
f 651//669 657//669 640//651
f 561//670 658//670 566//670
f 652//671 658//672 561//673
f 653//616 659//616 645//616
f 642//642 660//642 646//642
f 646//645 660//645 650//645
f 655//642 660//642 642//642
f 656//647 661//647 643//647
f 643//647 661//647 647//647
f 647//656 661//656 651//656
f 648//668 662//674 652//666
f 657//661 662//661 644//661
f 644//661 662//661 648//662
f 566//675 663//675 565//675
f 658//676 663//677 566//678
f 645//620 664//620 649//620
f 659//620 664//620 645//620
f 660//645 665//645 650//645
f 661//656 666//656 651//656
f 652//671 667//672 658//672
f 662//674 667//674 652//666
f 572//679 668//679 573//679
f 565//680 668//681 572//682
f 663//683 668//681 565//680
f 654//627 669//627 653//627
f 670//627 669//627 654//627
f 671//627 669//627 670//627
f 664//641 672//641 649//641
f 649//641 672//641 655//641
f 655//642 672//642 660//642
f 665//657 673//657 650//657
f 650//657 673//657 656//657
f 656//647 673//647 661//647
f 666//669 674//669 651//669
f 651//669 674//669 657//669
f 667//672 675//672 658//672
f 668//684 676//685 573//686
f 573//687 676//687 571//687
f 669//616 677//616 653//616
f 653//616 677//616 659//616
f 672//642 678//642 660//642
f 673//647 679//647 661//647
f 674//661 680//661 657//661
f 657//661 680//661 662//661
f 658//676 681//676 663//677
f 675//676 681//676 658//676
f 676//688 682//689 571//690
f 571//691 682//691 575//691
f 659//620 683//620 664//620
f 677//620 683//620 659//620
f 660//645 684//645 665//645
f 665//657 684//657 673//657
f 678//645 684//645 660//645
f 661//656 685//656 666//656
f 679//656 685//656 661//656
f 666//669 685//669 674//669
f 662//674 686//674 667//674
f 680//674 686//674 662//674
f 663//683 687//692 668//681
f 668//684 687//685 676//685
f 681//692 687//692 663//683
f 574//693 688//693 581//693
f 575//694 688//695 574//696
f 682//697 688//695 575//694
f 671//627 689//627 669//627
f 683//641 690//641 664//641
f 664//641 690//641 672//641
f 684//657 691//657 673//657
f 685//669 692//669 674//669
f 667//672 693//672 675//672
f 686//672 693//672 667//672
f 687//685 694//685 676//685
f 581//698 695//698 580//698
f 688//699 695//700 581//701
f 689//616 696//616 669//616
f 677//620 696//620 683//620
f 669//616 696//616 677//616
f 672//642 697//642 678//642
f 690//642 697//642 672//642
f 679//656 698//656 685//656
f 673//647 698//647 679//647
f 691//647 698//647 673//647
f 692//661 699//661 674//661
f 674//661 699//661 680//661
f 675//676 700//676 681//676
f 681//692 700//692 687//692
f 693//676 700//676 675//676
f 682//697 701//702 688//695
f 694//703 701//703 676//688
f 676//688 701//703 682//689
f 580//704 702//704 583//704
f 695//705 702//706 580//707
f 696//620 703//620 683//620
f 678//645 704//645 684//645
f 697//645 704//645 678//645
f 698//656 705//656 685//656
f 699//674 706//674 680//674
f 680//674 706//674 686//674
f 700//692 707//692 687//692
f 701//702 708//702 688//695
f 587//708 709//708 586//708
f 583//709 709//710 587//711
f 702//712 709//710 583//709
f 671//627 710//627 689//627
f 711//627 710//627 671//627
f 683//641 712//641 690//641
f 703//641 712//641 683//641
f 684//657 713//657 691//657
f 704//657 713//657 684//657
f 685//669 714//669 692//669
f 705//669 714//669 685//669
f 693//676 715//676 700//676
f 706//672 715//672 686//672
f 686//672 715//672 693//672
f 694//703 716//703 701//703
f 687//685 716//685 694//685
f 707//685 716//685 687//685
f 695//705 717//706 702//706
f 688//699 717//699 695//700
f 708//699 717//699 688//699
f 586//713 718//713 588//713
f 709//714 718//715 586//716
f 689//616 719//616 696//616
f 710//616 719//616 689//616
f 712//642 720//642 690//642
f 690//642 720//642 697//642
f 698//656 721//656 705//656
f 713//647 721//647 691//647
f 691//647 721//647 698//647
f 692//661 722//661 699//661
f 714//661 722//661 692//661
f 715//676 723//676 700//676
f 716//703 724//703 701//703
f 717//706 725//706 702//706
f 592//717 726//718 593//719
f 588//720 726//720 592//720
f 718//721 726//722 588//723
f 719//620 727//620 696//620
f 696//620 727//620 703//620
f 720//645 728//645 697//645
f 697//645 728//645 704//645
f 721//656 729//656 705//656
f 699//674 730//674 706//674
f 706//672 730//672 715//672
f 722//674 730//674 699//674
f 723//692 731//692 700//692
f 700//692 731//692 707//692
f 708//699 732//699 717//699
f 701//702 732//702 708//702
f 724//702 732//702 701//702
f 702//712 733//724 709//710
f 709//714 733//725 718//715
f 725//724 733//724 702//712
f 726//718 734//726 593//719
f 593//727 734//727 591//727
f 710//616 735//616 719//616
f 711//627 735//627 710//627
f 736//627 735//627 711//627
f 727//641 737//641 703//641
f 712//642 737//642 720//642
f 703//641 737//641 712//641
f 728//657 738//657 704//657
f 713//647 738//647 721//647
f 704//657 738//657 713//657
f 705//669 739//669 714//669
f 714//661 739//661 722//661
f 729//669 739//669 705//669
f 730//672 740//672 715//672
f 731//685 741//685 707//685
f 707//685 741//685 716//685
f 717//706 742//706 725//706
f 732//699 742//699 717//699
f 733//725 743//725 718//715
f 591//728 744//728 598//728
f 734//729 744//730 591//731
f 735//616 745//616 719//616
f 737//642 746//642 720//642
f 738//647 747//647 721//647
f 739//661 748//661 722//661
f 723//692 749//692 731//692
f 715//676 749//676 723//676
f 740//676 749//676 715//676
f 724//702 750//702 732//702
f 741//703 750//703 716//703
f 716//703 750//703 724//703
f 742//706 751//706 725//706
f 718//721 752//721 726//722
f 743//721 752//721 718//721
f 599//732 753//733 597//734
f 598//735 753//735 599//735
f 744//736 753//737 598//738
f 727//641 754//641 737//641
f 745//620 754//620 719//620
f 719//620 754//620 727//620
f 746//645 755//645 720//645
f 720//645 755//645 728//645
f 747//656 756//656 721//656
f 729//669 756//669 739//669
f 721//656 756//656 729//656
f 722//674 757//674 730//674
f 748//674 757//674 722//674
f 730//672 757//672 740//672
f 749//692 758//692 731//692
f 750//702 759//702 732//702
f 725//724 760//724 733//724
f 751//724 760//724 725//724
f 733//725 760//725 743//725
f 752//739 761//739 726//718
f 726//718 761//739 734//726
f 597//740 762//740 604//740
f 753//733 762//741 597//734
f 735//616 763//616 745//616
f 736//627 763//627 735//627
f 764//627 763//627 736//627
f 754//641 765//641 737//641
f 737//642 765//642 746//642
f 728//657 766//657 738//657
f 755//657 766//657 728//657
f 756//669 767//669 739//669
f 757//672 768//672 740//672
f 741//703 769//703 750//703
f 758//685 769//685 731//685
f 731//685 769//685 741//685
f 732//699 770//699 742//699
f 759//699 770//699 732//699
f 760//725 771//725 743//725
f 734//729 772//729 744//730
f 744//736 772//737 753//737
f 761//729 772//729 734//729
f 762//742 773//743 604//744
f 604//745 773//745 603//745
f 763//616 774//616 745//616
f 765//642 775//642 746//642
f 738//647 776//647 747//647
f 766//647 776//647 738//647
f 739//661 777//661 748//661
f 767//661 777//661 739//661
f 740//676 778//676 749//676
f 768//676 778//676 740//676
f 769//703 779//703 750//703
f 770//706 780//706 742//706
f 751//724 780//724 760//724
f 742//706 780//706 751//706
f 771//721 781//721 743//721
f 743//721 781//721 752//721
f 772//737 782//737 753//737
f 607//746 783//747 608//748
f 603//749 783//749 607//749
f 773//750 783//751 603//752
f 774//620 784//620 745//620
f 745//620 784//620 754//620
f 755//657 785//657 766//657
f 746//645 785//645 755//645
f 775//645 785//645 746//645
f 776//656 786//656 747//656
f 747//656 786//656 756//656
f 777//674 787//674 748//674
f 748//674 787//674 757//674
f 749//692 788//692 758//692
f 778//692 788//692 749//692
f 750//702 789//702 759//702
f 759//699 789//699 770//699
f 779//702 789//702 750//702
f 780//724 790//724 760//724
f 781//739 791//739 752//739
f 752//739 791//739 761//739
f 782//753 792//753 753//733
f 753//733 792//753 762//741
f 608//754 793//754 609//754
f 783//747 793//755 608//748
f 764//627 794//627 763//627
f 617//606 794//627 618//607
f 795//756 794//756 617//756
f 618//607 794//627 764//627
f 784//641 796//641 754//641
f 754//641 796//641 765//641
f 785//657 797//657 766//657
f 756//669 798//669 767//669
f 786//669 798//669 756//669
f 757//672 799//672 768//672
f 787//672 799//672 757//672
f 758//685 800//685 769//685
f 788//685 800//685 758//685
f 770//706 801//706 780//706
f 789//699 801//699 770//699
f 760//725 802//725 771//725
f 771//721 802//721 781//721
f 790//725 802//725 760//725
f 761//729 803//729 772//729
f 772//737 803//737 782//737
f 791//729 803//729 761//729
f 762//742 804//742 773//743
f 792//742 804//742 762//742
f 773//750 804//751 783//751
f 609//757 805//757 614//757
f 793//758 805//759 609//760
f 795//761 806//616 794//762
f 794//762 806//616 763//616
f 763//616 806//616 774//616
f 807//763 806//764 808//765
f 808//766 806//766 795//766
f 796//642 809//642 765//642
f 765//642 809//642 775//642
f 797//647 810//647 766//647
f 766//647 810//647 776//647
f 767//661 811//661 777//661
f 777//674 811//674 787//674
f 798//661 811//661 767//661
f 799//676 812//676 768//676
f 768//676 812//676 778//676
f 769//703 813//703 779//703
f 779//702 813//702 789//702
f 800//703 813//703 769//703
f 801//706 814//706 780//706
f 802//721 815//721 781//721
f 803//737 816//737 782//737
f 804//751 817//751 783//751
f 783//747 817//767 793//755
f 610//768 818//769 613//770
f 614//771 818//771 610//771
f 805//772 818//773 614//774
f 807//763 819//775 806//764
f 774//620 819//775 784//620
f 820//776 819//776 807//776
f 806//764 819//775 774//620
f 809//645 821//645 775//645
f 775//645 821//645 785//645
f 776//656 822//656 786//656
f 810//656 822//656 776//656
f 786//669 822//669 798//669
f 811//674 823//674 787//674
f 812//692 824//692 778//692
f 778//692 824//692 788//692
f 813//702 825//702 789//702
f 814//724 826//724 780//724
f 790//725 826//725 802//725
f 780//724 826//724 790//724
f 781//739 827//739 791//739
f 815//739 827//739 781//739
f 816//753 828//753 782//753
f 782//753 828//753 792//753
f 817//767 829//767 793//755
f 613//777 830//777 612//777
f 818//769 830//778 613//770
f 819//779 831//780 784//641
f 784//641 831//780 796//641
f 820//781 831//780 819//779
f 832//782 831//782 820//782
f 821//657 833//657 785//657
f 785//657 833//657 797//657
f 822//669 834//669 798//669
f 787//672 835//672 799//672
f 823//672 835//672 787//672
f 788//685 836//685 800//685
f 824//685 836//685 788//685
f 789//699 837//699 801//699
f 825//699 837//699 789//699
f 826//725 838//725 802//725
f 791//729 839//729 803//729
f 803//737 839//737 816//737
f 827//729 839//729 791//729
f 792//742 840//742 804//742
f 828//742 840//742 792//742
f 793//758 841//758 805//759
f 829//758 841//758 793//758
f 612//783 842//783 611//783
f 830//784 842//785 612//786
f 796//642 843//787 809//642
f 831//788 843//787 796//642
f 844//789 843//789 845//789
f 845//790 843//787 832//791
f 832//791 843//787 831//788
f 833//647 846//647 797//647
f 797//647 846//647 810//647
f 810//656 846//656 822//656
f 798//661 847//661 811//661
f 834//661 847//661 798//661
f 799//676 848//676 812//676
f 835//676 848//676 799//676
f 800//703 849//703 813//703
f 813//702 849//702 825//702
f 836//703 849//703 800//703
f 814//724 850//724 826//724
f 801//706 850//706 814//706
f 837//706 850//706 801//706
f 838//721 851//721 802//721
f 802//721 851//721 815//721
f 839//737 852//737 816//737
f 840//751 853//751 804//751
f 804//751 853//751 817//751
f 817//767 853//767 829//767
f 841//792 854//792 805//772
f 805//772 854//792 818//773
f 818//769 854//793 830//778
f 605//794 855//795 600//796
f 611//797 855//798 605//799
f 842//800 855//798 611//797
f 844//801 856//645 843//802
f 843//802 856//645 809//645
f 809//645 856//645 821//645
f 857//803 856//803 844//803
f 846//656 858//656 822//656
f 811//674 859//674 823//674
f 847//674 859//674 811//674
f 848//692 860//692 812//692
f 824//685 860//685 836//685
f 812//692 860//692 824//692
f 849//702 861//702 825//702
f 850//724 862//724 826//724
f 851//739 863//739 815//739
f 815//739 863//739 827//739
f 816//753 864//753 828//753
f 852//753 864//753 816//753
f 853//767 865//767 829//767
f 830//784 866//804 842//785
f 854//793 866//793 830//778
f 600//805 867//805 601//805
f 855//795 867//806 600//796
f 857//807 868//808 856//809
f 856//809 868//808 821//657
f 869//810 868//811 870//812
f 870//813 868//813 857//813
f 821//657 868//808 833//657
f 858//669 871//669 822//669
f 822//669 871//669 834//669
f 859//672 872//672 823//672
f 835//676 872//676 848//676
f 823//672 872//672 835//672
f 860//685 873//685 836//685
f 861//699 874//699 825//699
f 825//699 874//699 837//699
f 826//725 875//725 838//725
f 862//725 875//725 826//725
f 838//721 875//721 851//721
f 827//729 876//729 839//729
f 839//737 876//737 852//737
f 863//729 876//729 827//729
f 864//742 877//742 828//742
f 840//751 877//751 853//751
f 828//742 877//742 840//742
f 829//758 878//758 841//758
f 865//758 878//758 829//758
f 842//800 879//814 855//798
f 866//804 879//804 842//785
f 601//815 880//815 602//815
f 867//816 880//817 601//818
f 833//647 881//819 846//647
f 868//811 881//819 833//647
f 846//656 881//656 858//656
f 882//820 881//820 869//820
f 869//810 881//819 868//811
f 834//661 883//661 847//661
f 871//661 883//661 834//661
f 848//692 884//692 860//692
f 872//676 884//676 848//676
f 836//703 885//703 849//703
f 873//703 885//703 836//703
f 837//706 886//706 850//706
f 874//706 886//706 837//706
f 850//724 886//724 862//724
f 875//721 887//721 851//721
f 876//737 888//737 852//737
f 877//751 889//751 853//751
f 853//767 889//767 865//767
f 841//792 890//792 854//792
f 878//792 890//792 841//792
f 879//814 891//814 855//798
f 855//795 891//821 867//806
f 606//822 892//823 594//824
f 602//825 892//826 606//827
f 880//828 892//826 602//825
f 881//656 893//829 858//656
f 882//830 893//829 881//656
f 894//831 893//831 882//831
f 883//674 895//674 847//674
f 847//674 895//674 859//674
f 884//692 896//692 860//692
f 885//702 897//702 849//702
f 849//702 897//702 861//702
f 886//724 898//724 862//724
f 887//739 899//739 851//739
f 851//739 899//739 863//739
f 864//742 900//742 877//742
f 888//753 900//753 852//753
f 852//753 900//753 864//753
f 889//767 901//767 865//767
f 890//793 902//793 854//793
f 854//793 902//793 866//793
f 866//804 902//804 879//804
f 891//821 903//821 867//806
f 594//832 904//832 596//832
f 892//823 904//833 594//824
f 858//669 905//834 871//669
f 894//835 905//834 893//836
f 906//837 905//837 907//837
f 907//838 905//834 894//835
f 893//836 905//834 858//669
f 895//672 908//672 859//672
f 859//672 908//672 872//672
f 896//685 909//685 860//685
f 860//685 909//685 873//685
f 897//699 910//699 861//699
f 861//699 910//699 874//699
f 862//725 911//725 875//725
f 875//721 911//721 887//721
f 898//725 911//725 862//725
f 899//729 912//729 863//729
f 863//729 912//729 876//729
f 876//737 912//737 888//737
f 900//742 913//742 877//742
f 865//758 914//758 878//758
f 878//792 914//792 890//792
f 901//758 914//758 865//758
f 902//804 915//804 879//804
f 867//816 916//816 880//817
f 903//816 916//816 867//816
f 880//828 916//839 892//826
f 596//840 917//840 595//840
f 904//841 917//842 596//843
f 871//661 918//661 883//661
f 905//844 918//661 871//661
f 919//845 918//845 906//845
f 906//846 918//661 905//844
f 872//676 920//676 884//676
f 908//676 920//676 872//676
f 909//703 921//703 873//703
f 873//703 921//703 885//703
f 885//702 921//702 897//702
f 886//724 922//724 898//724
f 874//706 922//706 886//706
f 910//706 922//706 874//706
f 911//721 923//721 887//721
f 912//737 924//737 888//737
f 877//751 925//751 889//751
f 913//751 925//751 877//751
f 889//767 925//767 901//767
f 914//792 926//792 890//792
f 890//793 926//793 902//793
f 915//814 927//814 879//814
f 879//814 927//814 891//814
f 916//839 928//839 892//826
f 892//823 928//847 904//833
f 589//848 929//849 590//850
f 595//851 929//852 589//853
f 917//854 929//852 595//851
f 919//855 930//856 918//857
f 883//674 930//856 895//674
f 931//858 930//859 932//860
f 932//861 930//861 919//861
f 918//857 930//856 883//674
f 884//692 933//692 896//692
f 920//692 933//692 884//692
f 921//702 934//702 897//702
f 922//724 935//724 898//724
f 923//739 936//739 887//739
f 887//739 936//739 899//739
f 924//753 937//753 888//753
f 888//753 937//753 900//753
f 925//767 938//767 901//767
f 926//793 939//793 902//793
f 902//804 939//804 915//804
f 891//821 940//821 903//821
f 927//821 940//821 891//821
f 928//847 941//847 904//833
f 590//862 942//862 584//862
f 929//849 942//863 590//850
f 930//859 943//864 895//672
f 931//858 943//864 930//859
f 944//865 943//865 931//865
f 895//672 943//864 908//672
f 933//685 945//685 896//685
f 896//685 945//685 909//685
f 897//699 946//699 910//699
f 934//699 946//699 897//699
f 935//725 947//725 898//725
f 911//721 947//721 923//721
f 898//725 947//725 911//725
f 912//737 948//737 924//737
f 936//729 948//729 899//729
f 899//729 948//729 912//729
f 913//751 949//751 925//751
f 900//742 949//742 913//742
f 937//742 949//742 900//742
f 938//758 950//758 901//758
f 901//758 950//758 914//758
f 939//804 951//804 915//804
f 903//816 952//816 916//816
f 940//816 952//816 903//816
f 917//854 953//866 929//852
f 941//867 953//867 904//841
f 904//841 953//867 917//842
f 942//868 954//869 584//870
f 584//871 954//871 585//871
f 955//872 956//872 944//872
f 944//873 956//874 943//875
f 943//875 956//874 908//676
f 908//676 956//874 920//676
f 909//703 957//703 921//703
f 945//703 957//703 909//703
f 946//706 958//706 910//706
f 910//706 958//706 922//706
f 947//721 959//721 923//721
f 948//737 960//737 924//737
f 925//767 961//767 938//767
f 949//751 961//751 925//751
f 950//792 962//792 914//792
f 914//792 962//792 926//792
f 951//814 963//814 915//814
f 915//814 963//814 927//814
f 927//821 963//821 940//821
f 916//839 964//839 928//839
f 952//839 964//839 916//839
f 929//849 965//863 942//863
f 953//866 965//866 929//852
f 954//876 966//877 585//878
f 582//879 966//880 576//881
f 585//878 966//877 582//882
f 956//883 967//884 920//692
f 968//885 967//885 969//885
f 920//692 967//884 933//692
f 969//886 967//884 955//887
f 955//887 967//884 956//883
f 921//702 970//702 934//702
f 957//702 970//702 921//702
f 922//724 971//724 935//724
f 958//724 971//724 922//724
f 959//739 972//739 923//739
f 923//739 972//739 936//739
f 960//753 973//753 924//753
f 924//753 973//753 937//753
f 937//742 973//742 949//742
f 961//767 974//767 938//767
f 939//804 975//804 951//804
f 962//793 975//793 926//793
f 926//793 975//793 939//793
f 940//816 976//816 952//816
f 963//821 976//821 940//821
f 964//847 977//847 928//847
f 928//847 977//847 941//847
f 965//863 978//863 942//863
f 942//868 978//869 954//869
f 576//888 979//888 579//888
f 966//880 979//889 576//881
f 967//890 980//685 933//685
f 968//891 980//685 967//890
f 981//892 980//892 968//892
f 933//685 980//685 945//685
f 970//699 982//699 934//699
f 934//699 982//699 946//699
f 947//721 983//721 959//721
f 971//725 983//725 935//725
f 935//725 983//725 947//725
f 936//729 984//729 948//729
f 948//737 984//737 960//737
f 972//729 984//729 936//729
f 949//751 985//751 961//751
f 973//742 985//742 949//742
f 950//792 986//792 962//792
f 974//758 986//758 938//758
f 938//758 986//758 950//758
f 975//804 987//804 951//804
f 976//816 988//816 952//816
f 953//866 989//866 965//866
f 941//867 989//867 953//867
f 977//867 989//867 941//867
f 978//869 990//869 954//869
f 979//893 991//894 579//895
f 579//896 991//896 578//896
f 992//897 993//898 994//899
f 994//900 993//901 981//902
f 981//902 993//901 980//903
f 980//903 993//901 945//703
f 957//702 993//898 970//702
f 945//703 993//901 957//703
f 958//724 995//724 971//724
f 982//706 995//706 946//706
f 946//706 995//706 958//706
f 959//739 996//739 972//739
f 983//721 996//721 959//721
f 984//737 997//737 960//737
f 985//751 998//751 961//751
f 961//767 998//767 974//767
f 986//792 999//792 962//792
f 962//793 999//793 975//793
f 951//814 1000//814 963//814
f 987//814 1000//814 951//814
f 963//821 1000//821 976//821
f 988//839 1001//839 952//839
f 952//839 1001//839 964//839
f 964//847 1001//847 977//847
f 989//866 1002//866 965//866
f 954//876 1003//904 966//877
f 990//904 1003//904 954//876
f 966//880 1003//889 979//889
f 991//905 1004//906 578//907
f 577//908 1004//909 569//910
f 578//907 1004//906 577//911
f 993//898 1005//912 970//702
f 1006//913 1005//913 992//913
f 992//897 1005//912 993//898
f 995//724 1007//724 971//724
f 996//739 1008//739 972//739
f 997//753 1009//753 960//753
f 960//753 1009//753 973//753
f 998//767 1010//767 974//767
f 999//793 1011//793 975//793
f 1000//821 1012//821 976//821
f 1001//847 1013//847 977//847
f 965//863 1014//863 978//863
f 1002//863 1014//863 965//863
f 1003//889 1015//889 979//889
f 569//914 1016//914 570//914
f 1004//909 1016//915 569//910
f 1005//916 1017//699 970//699
f 1006//917 1017//699 1005//916
f 1018//918 1017//919 1019//920
f 1019//921 1017//921 1006//921
f 970//699 1017//699 982//699
f 983//721 1020//721 996//721
f 971//725 1020//725 983//725
f 1007//725 1020//725 971//725
f 972//729 1021//729 984//729
f 984//737 1021//737 997//737
f 1008//729 1021//729 972//729
f 985//751 1022//751 998//751
f 973//742 1022//742 985//742
f 1009//742 1022//742 973//742
f 1010//758 1023//758 974//758
f 974//758 1023//758 986//758
f 975//804 1024//804 987//804
f 1011//804 1024//804 975//804
f 976//816 1025//816 988//816
f 1012//816 1025//816 976//816
f 977//867 1026//867 989//867
f 1013//867 1026//867 977//867
f 1014//869 1027//869 978//869
f 978//869 1027//869 990//869
f 979//893 1028//922 991//894
f 991//905 1028//923 1004//906
f 1015//922 1028//922 979//893
f 570//924 1029//924 567//924
f 1016//925 1029//926 570//927
f 995//724 1030//712 1007//724
f 1031//928 1030//928 1018//928
f 1018//918 1030//706 1017//919
f 1017//919 1030//706 982//706
f 982//706 1030//706 995//706
f 1020//721 1032//721 996//721
f 1021//737 1033//737 997//737
f 1022//751 1034//751 998//751
f 998//767 1034//767 1010//767
f 986//792 1035//792 999//792
f 999//793 1035//793 1011//793
f 1023//792 1035//792 986//792
f 987//814 1036//814 1000//814
f 1024//814 1036//814 987//814
f 1000//821 1036//821 1012//821
f 1025//839 1037//839 988//839
f 988//839 1037//839 1001//839
f 989//866 1038//866 1002//866
f 1026//866 1038//866 989//866
f 1003//889 1039//889 1015//889
f 1027//904 1039//904 990//904
f 990//904 1039//904 1003//904
f 1028//923 1040//923 1004//906
f 1029//929 1041//930 567//931
f 568//932 1041//933 563//934
f 567//931 1041//930 568//935
f 1031//936 1042//937 1030//712
f 1043//938 1042//938 1031//938
f 1030//712 1042//937 1007//724
f 996//739 1044//739 1008//739
f 1032//739 1044//739 996//739
f 1009//742 1045//742 1022//742
f 997//753 1045//753 1009//753
f 1033//753 1045//753 997//753
f 1034//767 1046//767 1010//767
f 1035//793 1047//793 1011//793
f 1011//804 1047//804 1024//804
f 1036//821 1048//821 1012//821
f 1013//867 1049//841 1026//867
f 1037//847 1049//847 1001//847
f 1001//847 1049//847 1013//847
f 1002//863 1050//863 1014//863
f 1038//863 1050//863 1002//863
f 1039//889 1051//889 1015//889
f 1004//909 1052//939 1016//915
f 1040//939 1052//939 1004//909
f 1016//925 1052//926 1029//926
f 563//940 1053//940 564//940
f 1041//933 1053//941 563//934
f 1020//721 1054//942 1032//721
f 1043//943 1054//944 1042//945
f 1042//945 1054//944 1007//725
f 1055//946 1054//946 1056//946
f 1056//947 1054//944 1043//943
f 1007//725 1054//944 1020//725
f 1044//729 1057//729 1008//729
f 1008//729 1057//729 1021//729
f 1045//742 1058//742 1022//742
f 1022//751 1058//751 1034//751
f 1046//758 1059//758 1010//758
f 1010//758 1059//758 1023//758
f 1047//804 1060//804 1024//804
f 1012//816 1061//816 1025//816
f 1048//816 1061//816 1012//816
f 1049//841 1062//841 1026//867
f 1026//866 1062//866 1038//866
f 1050//869 1063//869 1014//869
f 1014//869 1063//869 1027//869
f 1015//922 1064//922 1028//922
f 1051//922 1064//922 1015//922
f 1029//929 1065//948 1041//930
f 1052//926 1065//926 1029//926
f 564//949 1066//949 559//949
f 1053//950 1066//951 564//952
f 1054//942 1067//953 1032//721
f 1068//954 1067//954 1055//954
f 1055//955 1067//953 1054//942
f 1057//737 1069//737 1021//737
f 1021//737 1069//737 1033//737
f 1058//751 1070//751 1034//751
f 1023//792 1071//792 1035//792
f 1059//792 1071//792 1023//792
f 1035//793 1071//793 1047//793
f 1024//814 1072//814 1036//814
f 1036//821 1072//821 1048//821
f 1060//814 1072//814 1024//814
f 1061//839 1073//839 1025//839
f 1025//839 1073//839 1037//839
f 1037//847 1073//847 1049//847
f 1062//866 1074//866 1038//866
f 1038//863 1074//863 1050//863
f 1063//904 1075//904 1027//904
f 1027//904 1075//904 1039//904
f 1028//923 1076//923 1040//923
f 1064//923 1076//923 1028//923
f 1065//948 1077//948 1041//930
f 1041//933 1077//956 1053//941
f 1066//957 1078//958 559//959
f 560//960 1078//960 555//960
f 559//959 1078//958 560//961
f 1079//962 1080//963 1081//964
f 1081//965 1080//965 1068//965
f 1032//739 1080//966 1044//739
f 1068//967 1080//966 1067//968
f 1067//968 1080//966 1032//739
f 1033//753 1082//753 1045//753
f 1069//753 1082//753 1033//753
f 1034//767 1083//767 1046//767
f 1070//767 1083//767 1034//767
f 1071//793 1084//793 1047//793
f 1047//804 1084//804 1060//804
f 1072//821 1085//821 1048//821
f 1073//847 1086//847 1049//847
f 1074//863 1087//863 1050//863
f 1075//889 1088//889 1039//889
f 1039//889 1088//889 1051//889
f 1040//939 1089//939 1052//939
f 1076//939 1089//939 1040//939
f 1077//956 1090//956 1053//941
f 555//969 1091//969 556//969
f 1078//970 1091//971 555//972
f 1080//963 1092//973 1044//729
f 1093//974 1092//974 1079//974
f 1079//962 1092//973 1080//963
f 1057//737 1092//975 1069//737
f 1044//729 1092//973 1057//729
f 1045//742 1094//742 1058//742
f 1058//751 1094//751 1070//751
f 1082//742 1094//742 1045//742
f 1083//758 1095//758 1046//758
f 1059//792 1095//792 1071//792
f 1046//758 1095//758 1059//758
f 1084//804 1096//804 1060//804
f 1048//816 1097//816 1061//816
f 1085//816 1097//816 1048//816
f 1086//867 1098//867 1049//841
f 1049//841 1098//867 1062//841
f 1062//866 1098//866 1074//866
f 1050//869 1099//869 1063//869
f 1087//869 1099//869 1050//869
f 1051//922 1100//922 1064//922
f 1088//922 1100//922 1051//922
f 1089//926 1101//926 1052//926
f 1052//926 1101//926 1065//926
f 1053//950 1102//976 1066//951
f 1090//976 1102//976 1053//950
f 556//977 1103//977 550//977
f 1091//978 1103//979 556//980
f 1104//981 1105//981 1093//981
f 1092//975 1105//982 1069//737
f 1093//983 1105//982 1092//975
f 1070//767 1106//767 1083//767
f 1094//751 1106//751 1070//751
f 1095//792 1107//792 1071//792
f 1060//814 1108//814 1072//814
f 1096//814 1108//814 1060//814
f 1072//821 1108//821 1085//821
f 1061//839 1109//839 1073//839
f 1097//839 1109//839 1061//839
f 1073//847 1109//847 1086//847
f 1098//866 1110//866 1074//866
f 1099//904 1111//904 1063//904
f 1063//904 1111//904 1075//904
f 1100//923 1112//923 1064//923
f 1064//923 1112//923 1076//923
f 1076//939 1112//939 1089//939
f 1065//948 1113//948 1077//948
f 1101//948 1113//948 1065//948
f 1066//957 1114//984 1078//958
f 1102//984 1114//984 1066//957
f 1103//985 1115//986 550//987
f 551//988 1115//988 546//988
f 550//987 1115//986 551//989
f 1069//753 1116//990 1082//753
f 1117//991 1116//991 1118//991
f 1118//992 1116//990 1104//993
f 1104//993 1116//990 1105//994
f 1105//994 1116//990 1069//753
f 1106//767 1119//767 1083//767
f 1071//793 1120//793 1084//793
f 1107//793 1120//793 1071//793
f 1084//804 1120//804 1096//804
f 1108//821 1121//821 1085//821
f 1086//867 1122//841 1098//867
f 1109//847 1122//847 1086//847
f 1087//869 1123//869 1099//869
f 1110//863 1123//863 1074//863
f 1074//863 1123//863 1087//863
f 1075//889 1124//889 1088//889
f 1111//889 1124//889 1075//889
f 1112//939 1125//939 1089//939
f 1113//956 1126//956 1077//956
f 1077//956 1126//956 1090//956
f 1114//970 1127//970 1078//970
f 1078//970 1127//970 1091//971
f 546//995 1128//995 547//995
f 1115//996 1128//997 546//998
f 1116//999 1129//742 1082//742
f 1117//1000 1129//742 1116//999
f 1130//1001 1129//1001 1117//1001
f 1094//751 1129//1002 1106//751
f 1082//742 1129//742 1094//742
f 1119//758 1131//758 1083//758
f 1095//792 1131//792 1107//792
f 1083//758 1131//758 1095//758
f 1120//804 1132//804 1096//804
f 1121//816 1133//816 1085//816
f 1085//816 1133//816 1097//816
f 1122//841 1134//841 1098//867
f 1098//866 1134//866 1110//866
f 1123//869 1135//869 1099//869
f 1099//904 1135//904 1111//904
f 1088//922 1136//922 1100//922
f 1124//922 1136//922 1088//922
f 1125//926 1137//926 1089//926
f 1089//926 1137//926 1101//926
f 1126//976 1138//976 1090//976
f 1090//976 1138//976 1102//976
f 1091//978 1139//978 1103//979
f 1127//978 1139//978 1091//978
f 547//1003 1140//1003 541//1003
f 1128//1004 1140//1005 547//1006
f 1141//1007 1142//1008 1143//1009
f 1143//1010 1142//1010 1130//1010
f 1130//1011 1142//1012 1129//1002
f 1129//1002 1142//1012 1106//751
f 1106//767 1142//1008 1119//767
f 1131//792 1144//792 1107//792
f 1096//814 1145//814 1108//814
f 1132//814 1145//814 1096//814
f 1097//839 1146//839 1109//839
f 1133//839 1146//839 1097//839
f 1134//866 1147//866 1110//866
f 1135//904 1148//904 1111//904
f 1100//923 1149//923 1112//923
f 1136//923 1149//923 1100//923
f 1137//948 1150//948 1101//948
f 1101//948 1150//948 1113//948
f 1102//984 1151//984 1114//984
f 1138//984 1151//984 1102//984
f 1103//985 1152//985 1115//986
f 1115//996 1152//997 1128//997
f 1139//985 1152//985 1103//985
f 1140//1013 1153//1014 541//1015
f 542//1016 1153//1016 538//1016
f 541//1015 1153//1014 542//1017
f 1142//1008 1154//1018 1119//767
f 1141//1007 1154//1018 1142//1008
f 1155//1019 1154//1019 1141//1019
f 1107//793 1156//793 1120//793
f 1144//793 1156//793 1107//793
f 1108//821 1157//821 1121//821
f 1145//821 1157//821 1108//821
f 1146//847 1158//847 1109//847
f 1109//847 1158//847 1122//847
f 1147//863 1159//863 1110//863
f 1123//869 1159//869 1135//869
f 1110//863 1159//863 1123//863
f 1148//889 1160//889 1111//889
f 1111//889 1160//889 1124//889
f 1149//939 1161//939 1112//939
f 1112//939 1161//939 1125//939
f 1150//956 1162//956 1113//956
f 1113//956 1162//956 1126//956
f 1151//970 1163//970 1114//970
f 1114//970 1163//970 1127//970
f 1152//997 1164//997 1128//997
f 538//1020 1165//1020 540//1020
f 1153//1021 1165//1022 538//1023
f 1154//1024 1166//1025 1119//758
f 1131//792 1166//792 1144//792
f 1167//1026 1166//1026 1155//1026
f 1155//1027 1166//1025 1154//1024
f 1119//758 1166//1025 1131//758
f 1156//804 1168//804 1120//804
f 1120//804 1168//804 1132//804
f 1157//816 1169//816 1121//816
f 1121//816 1169//816 1133//816
f 1158//867 1170//841 1122//841
f 1122//841 1170//841 1134//841
f 1134//866 1170//866 1147//866
f 1159//869 1171//869 1135//869
f 1136//923 1172//923 1149//923
f 1124//922 1172//1028 1136//922
f 1160//1028 1172//1028 1124//922
f 1125//926 1173//926 1137//926
f 1161//926 1173//926 1125//926
f 1137//948 1173//948 1150//948
f 1162//976 1174//976 1126//976
f 1126//976 1174//976 1138//976
f 1163//978 1175//978 1127//978
f 1127//978 1175//978 1139//978
f 1164//1004 1176//1004 1128//1004
f 1128//1004 1176//1004 1140//1005
f 540//1029 1177//1029 539//1029
f 1165//1030 1177//1031 540//1032
f 1144//793 1178//793 1156//793
f 1179//1033 1178//1033 1180//1033
f 1180//1034 1178//1035 1167//1036
f 1167//1036 1178//1035 1166//792
f 1166//792 1178//1035 1144//792
f 1145//821 1181//821 1157//821
f 1132//814 1181//814 1145//814
f 1168//814 1181//814 1132//814
f 1169//839 1182//839 1133//839
f 1133//839 1182//839 1146//839
f 1146//847 1182//847 1158//847
f 1170//866 1183//866 1147//866
f 1135//904 1184//904 1148//904
f 1171//904 1184//904 1135//904
f 1172//923 1185//923 1149//923
f 1173//948 1186//948 1150//948
f 1138//984 1187//984 1151//984
f 1174//984 1187//984 1138//984
f 1151//970 1187//970 1163//970
f 1139//985 1188//985 1152//985
f 1175//985 1188//985 1139//985
f 1152//997 1188//997 1164//997
f 1176//1037 1189//1037 1140//1013
f 1140//1013 1189//1037 1153//1014
f 1177//1038 1190//1039 539//1040
f 532//1041 1190//1041 533//1041
f 539//1040 1190//1039 532//1042
f 1191//1043 1192//1043 1179//1043
f 1178//793 1192//1044 1156//793
f 1179//1045 1192//1044 1178//793
f 1181//821 1193//821 1157//821
f 1182//847 1194//847 1158//847
f 1147//863 1195//863 1159//863
f 1183//863 1195//863 1147//863
f 1184//889 1196//889 1148//889
f 1148//889 1196//889 1160//889
f 1149//939 1197//939 1161//939
f 1185//939 1197//939 1149//939
f 1186//956 1198//956 1150//956
f 1150//956 1198//956 1162//956
f 1163//978 1199//978 1175//978
f 1187//970 1199//970 1163//970
f 1188//997 1200//997 1164//997
f 1189//1021 1201//1021 1153//1021
f 1153//1021 1201//1021 1165//1022
f 1190//1046 1202//1047 533//1048
f 533//1049 1202//1049 527//1049
f 1203//1050 1204//1051 1205//1052
f 1205//1053 1204//1054 1191//1055
f 1192//1056 1204//1054 1156//804
f 1156//804 1204//1054 1168//804
f 1191//1055 1204//1054 1192//1056
f 1193//816 1206//816 1157//816
f 1157//816 1206//816 1169//816
f 1194//841 1207//841 1158//867
f 1158//867 1207//841 1170//841
f 1195//869 1208//869 1159//869
f 1159//869 1208//869 1171//869
f 1171//904 1208//904 1184//904
f 1172//923 1209//923 1185//923
f 1196//922 1209//1028 1160//1028
f 1160//1028 1209//1028 1172//1028
f 1161//926 1210//926 1173//926
f 1197//926 1210//926 1161//926
f 1162//976 1211//976 1174//976
f 1198//976 1211//976 1162//976
f 1199//978 1212//978 1175//978
f 1200//1004 1213//1004 1164//1004
f 1164//1004 1213//1004 1176//1004
f 1165//1030 1214//1030 1177//1031
f 1201//1030 1214//1030 1165//1030
f 524//1057 1215//1058 525//1059
f 527//1060 1215//1060 524//1060
f 1202//1061 1215//1062 527//1063
f 1168//814 1216//1064 1181//814
f 1181//821 1216//821 1193//821
f 1217//1065 1216//1065 1203//1065
f 1204//1051 1216//1064 1168//814
f 1203//1050 1216//1064 1204//1051
f 1182//847 1218//847 1194//847
f 1206//839 1218//839 1169//839
f 1169//839 1218//839 1182//839
f 1170//866 1219//866 1183//866
f 1207//866 1219//866 1170//866
f 1208//904 1220//904 1184//904
f 1209//923 1221//923 1185//923
f 1186//956 1222//956 1198//956
f 1173//948 1222//948 1186//948
f 1210//948 1222//948 1173//948
f 1174//984 1223//984 1187//984
f 1211//984 1223//984 1174//984
f 1175//985 1224//985 1188//985
f 1212//985 1224//985 1175//985
f 1176//1037 1225//1037 1189//1037
f 1213//1037 1225//1037 1176//1037
f 1214//1066 1226//1066 1177//1038
f 1177//1038 1226//1066 1190//1039
f 525//1067 1227//1067 526//1067
f 1215//1058 1227//1068 525//1059
f 1228//1069 1229//1070 1230//1071
f 1230//1072 1229//1072 1217//1072
f 1217//1073 1229//1074 1216//821
f 1216//821 1229//1074 1193//821
f 1218//847 1231//847 1194//847
f 1194//841 1231//841 1207//841
f 1219//863 1232//863 1183//863
f 1195//869 1232//869 1208//869
f 1183//863 1232//863 1195//863
f 1220//889 1233//889 1184//889
f 1184//889 1233//889 1196//889
f 1221//939 1234//939 1185//939
f 1185//939 1234//939 1197//939
f 1222//956 1235//956 1198//956
f 1223//970 1236//970 1187//970
f 1187//970 1236//970 1199//970
f 1224//997 1237//997 1188//997
f 1200//1004 1237//1004 1213//1004
f 1188//997 1237//997 1200//997
f 1189//1021 1238//1021 1201//1021
f 1225//1021 1238//1021 1189//1021
f 1226//1046 1239//1046 1190//1046
f 1190//1046 1239//1046 1202//1047
f 526//1075 1240//1075 529//1075
f 1227//1076 1240//1077 526//1078
f 1228//1069 1241//816 1229//1070
f 1242//1079 1241//1079 1228//1079
f 1229//1070 1241//816 1193//816
f 1193//816 1241//816 1206//816
f 1231//841 1243//841 1207//841
f 1232//869 1244//869 1208//869
f 1233//922 1245//1028 1196//922
f 1196//922 1245//1028 1209//1028
f 1210//948 1246//948 1222//948
f 1234//926 1246//926 1197//926
f 1197//926 1246//926 1210//926
f 1235//976 1247//976 1198//976
f 1211//984 1247//984 1223//984
f 1198//976 1247//976 1211//976
f 1236//978 1248//978 1199//978
f 1199//978 1248//978 1212//978
f 1237//1004 1249//1004 1213//1004
f 1238//1030 1250//1030 1201//1030
f 1214//1066 1250//1066 1226//1066
f 1201//1030 1250//1030 1214//1030
f 1239//1080 1251//1080 1202//1061
f 1202//1061 1251//1080 1215//1062
f 528//1081 1252//1082 517//1083
f 529//1084 1252//1084 528//1084
f 1240//1085 1252//1086 529//1087
f 1241//1088 1253//1089 1206//839
f 1206//839 1253//1089 1218//839
f 1254//1090 1253//1090 1242//1090
f 1218//847 1253//847 1231//847
f 1242//1091 1253//1089 1241//1088
f 1243//866 1255//866 1207//866
f 1207//866 1255//866 1219//866
f 1208//904 1256//904 1220//904
f 1244//904 1256//904 1208//904
f 1221//939 1257//939 1234//939
f 1245//923 1257//923 1209//923
f 1209//923 1257//923 1221//923
f 1222//956 1258//956 1235//956
f 1246//948 1258//948 1222//948
f 1247//984 1259//984 1223//984
f 1223//970 1259//970 1236//970
f 1248//985 1260//985 1212//985
f 1212//985 1260//985 1224//985
f 1213//1037 1261//1037 1225//1037
f 1225//1021 1261//1021 1238//1021
f 1249//1037 1261//1037 1213//1037
f 1250//1066 1262//1066 1226//1066
f 1251//1092 1263//1092 1215//1058
f 1215//1058 1263//1092 1227//1068
f 517//1093 1264//1093 518//1093
f 1252//1082 1264//1094 517//1083
f 1254//1095 1265//1096 1253//847
f 1253//847 1265//1096 1231//847
f 1266//1097 1265//1097 1267//1097
f 1267//1098 1265//1096 1254//1095
f 1219//863 1268//863 1232//863
f 1255//863 1268//863 1219//863
f 1232//869 1268//869 1244//869
f 1256//889 1269//889 1220//889
f 1220//889 1269//889 1233//889
f 1257//939 1270//939 1234//939
f 1258//956 1271//956 1235//956
f 1259//970 1272//970 1236//970
f 1236//978 1272//978 1248//978
f 1260//997 1273//997 1224//997
f 1224//997 1273//997 1237//997
f 1261//1021 1274//1021 1238//1021
f 1262//1046 1275//1046 1226//1046
f 1226//1046 1275//1046 1239//1046
f 1263//1099 1276//1099 1227//1076
f 1227//1076 1276//1099 1240//1077
f 518//1100 1277//1100 513//1100
f 1264//1101 1277//1102 518//1103
f 1243//866 1278//866 1255//866
f 1265//1104 1278//1105 1231//841
f 1279//1106 1278//1106 1266//1106
f 1266//1107 1278//1105 1265//1104
f 1231//841 1278//1105 1243//841
f 1268//869 1280//869 1244//869
f 1269//1028 1281//1028 1233//922
f 1233//922 1281//1028 1245//1028
f 1270//926 1282//926 1234//926
f 1234//926 1282//926 1246//926
f 1271//976 1283//976 1235//976
f 1235//976 1283//976 1247//976
f 1272//978 1284//978 1248//978
f 1273//1004 1285//1004 1237//1004
f 1237//1004 1285//1004 1249//1004
f 1238//1030 1286//1030 1250//1030
f 1274//1030 1286//1030 1238//1030
f 1251//1092 1287//1092 1263//1092
f 1239//1080 1287//1080 1251//1080
f 1275//1080 1287//1080 1239//1080
f 1240//1085 1288//1108 1252//1086
f 1276//1108 1288//1108 1240//1085
f 514//1109 1289//1110 510//1111
f 513//1112 1289//1112 514//1112
f 1277//1113 1289//1114 513//1115
f 1290//1116 1291//1117 1292//1118
f 1292//1119 1291//1119 1279//1119
f 1278//866 1291//1120 1255//866
f 1279//1121 1291//1120 1278//866
f 1280//904 1293//904 1244//904
f 1244//904 1293//904 1256//904
f 1245//923 1294//923 1257//923
f 1257//939 1294//939 1270//939
f 1281//923 1294//923 1245//923
f 1258//956 1295//956 1271//956
f 1246//948 1295//948 1258//948
f 1282//948 1295//948 1246//948
f 1283//984 1296//984 1247//984
f 1247//984 1296//984 1259//984
f 1248//985 1297//985 1260//985
f 1284//985 1297//985 1248//985
f 1285//1037 1298//1037 1249//1037
f 1261//1021 1298//1021 1274//1021
f 1249//1037 1298//1037 1261//1037
f 1250//1066 1299//1066 1262//1066
f 1262//1046 1299//1046 1275//1046
f 1286//1066 1299//1066 1250//1066
f 1287//1092 1300//1092 1263//1092
f 1252//1082 1301//1122 1264//1094
f 1288//1122 1301//1122 1252//1082
f 1289//1110 1302//1123 510//1111
f 510//1124 1302//1124 501//1124
f 1255//863 1303//1125 1268//863
f 1304//1126 1303//1126 1290//1126
f 1290//1116 1303//1125 1291//1117
f 1291//1117 1303//1125 1255//863
f 1268//869 1303//869 1280//869
f 1293//889 1305//889 1256//889
f 1256//889 1305//889 1269//889
f 1269//1028 1305//1028 1281//1028
f 1294//939 1306//939 1270//939
f 1295//956 1307//956 1271//956
f 1296//970 1308//970 1259//970
f 1259//970 1308//970 1272//970
f 1272//978 1308//978 1284//978
f 1273//1004 1309//1004 1285//1004
f 1297//997 1309//997 1260//997
f 1260//997 1309//997 1273//997
f 1298//1021 1310//1021 1274//1021
f 1299//1046 1311//1046 1275//1046
f 1300//1099 1312//1099 1263//1099
f 1276//1108 1312//1108 1288//1108
f 1263//1099 1312//1099 1276//1099
f 1301//1127 1313//1127 1264//1101
f 1264//1101 1313//1127 1277//1102
f 501//1128 1314//1128 502//1128
f 1302//1129 1314//1130 501//1131
f 1315//1132 1316//1132 1304//1132
f 1303//869 1316//1133 1280//869
f 1304//1134 1316//1133 1303//869
f 1305//1028 1317//1028 1281//1028
f 1306//926 1318//926 1270//926
f 1270//926 1318//926 1282//926
f 1271//976 1319//976 1283//976
f 1307//976 1319//976 1271//976
f 1283//984 1319//984 1296//984
f 1308//978 1320//978 1284//978
f 1309//1004 1321//1004 1285//1004
f 1286//1066 1322//1066 1299//1066
f 1274//1030 1322//1030 1286//1030
f 1310//1030 1322//1030 1274//1030
f 1311//1080 1323//1080 1275//1080
f 1275//1080 1323//1080 1287//1080
f 1312//1108 1324//1108 1288//1108
f 1277//1113 1325//1113 1289//1114
f 1313//1113 1325//1113 1277//1113
f 1289//1110 1325//1135 1302//1123
f 503//1136 1326//1137 509//1138
f 502//1139 1326//1139 503//1139
f 1314//1140 1326//1141 502//1142
f 1315//1143 1327//1144 1316//1145
f 1328//1146 1327//1146 1329//1146
f 1329//1147 1327//1144 1315//1143
f 1316//1145 1327//1144 1280//904
f 1280//904 1327//1144 1293//904
f 1294//939 1330//939 1306//939
f 1281//923 1330//923 1294//923
f 1317//923 1330//923 1281//923
f 1282//948 1331//948 1295//948
f 1318//948 1331//948 1282//948
f 1319//984 1332//984 1296//984
f 1296//970 1332//970 1308//970
f 1320//985 1333//985 1284//985
f 1284//985 1333//985 1297//985
f 1298//1021 1334//1021 1310//1021
f 1321//1037 1334//1037 1285//1037
f 1285//1037 1334//1037 1298//1037
f 1322//1066 1335//1066 1299//1066
f 1323//1092 1336//1092 1287//1092
f 1300//1099 1336//1099 1312//1099
f 1287//1092 1336//1092 1300//1092
f 1288//1122 1337//1122 1301//1122
f 1324//1122 1337//1122 1288//1122
f 1325//1135 1338//1135 1302//1123
f 509//1148 1339//1148 508//1148
f 1326//1137 1339//1149 509//1138
f 1293//889 1340//889 1305//889
f 1341//1150 1340//1150 1328//1150
f 1327//1151 1340//889 1293//889
f 1328//1152 1340//889 1327//1151
f 1330//939 1342//939 1306//939
f 1331//956 1343//956 1295//956
f 1295//956 1343//956 1307//956
f 1332//970 1344//970 1308//970
f 1308//978 1344//978 1320//978
f 1309//1004 1345//1004 1321//1004
f 1333//997 1345//997 1297//997
f 1297//997 1345//997 1309//997
f 1334//1021 1346//1021 1310//1021
f 1335//1046 1347//1046 1299//1046
f 1299//1046 1347//1046 1311//1046
f 1336//1099 1348//1099 1312//1099
f 1301//1127 1349//1127 1313//1127
f 1337//1127 1349//1127 1301//1127
f 1338//1129 1350//1129 1302//1129
f 1302//1129 1350//1129 1314//1130
f 508//1153 1351//1153 507//1153
f 1339//1154 1351//1155 508//1156
f 1317//923 1352//1157 1330//923
f 1353//1158 1352//1157 1354//1159
f 1354//1160 1352//1160 1341//1160
f 1341//1161 1352//1162 1340//1163
f 1340//1163 1352//1162 1305//1028
f 1305//1028 1352//1162 1317//1028
f 1306//926 1355//926 1318//926
f 1342//926 1355//926 1306//926
f 1343//976 1356//976 1307//976
f 1307//976 1356//976 1319//976
f 1344//978 1357//978 1320//978
f 1345//1004 1358//1004 1321//1004
f 1346//1030 1359//1030 1310//1030
f 1310//1030 1359//1030 1322//1030
f 1347//1080 1360//1080 1311//1080
f 1311//1080 1360//1080 1323//1080
f 1323//1092 1360//1092 1336//1092
f 1348//1108 1361//1108 1312//1108
f 1312//1108 1361//1108 1324//1108
f 1349//1113 1362//1113 1313//1113
f 1313//1113 1362//1113 1325//1113
f 1350//1140 1363//1140 1314//1140
f 1314//1140 1363//1140 1326//1141
f 505//1164 1364//1165 506//1166
f 507//1167 1364//1168 505//1169
f 1351//1170 1364//1168 507//1167
f 1353//1158 1365//1171 1352//1157
f 1366//1172 1365//1172 1353//1172
f 1352//1157 1365//1171 1330//923
f 1355//948 1367//948 1318//948
f 1318//948 1367//948 1331//948
f 1356//984 1368//984 1319//984
f 1319//984 1368//984 1332//984
f 1357//985 1369//985 1320//985
f 1320//985 1369//985 1333//985
f 1358//1037 1370//1037 1321//1037
f 1334//1021 1370//1021 1346//1021
f 1321//1037 1370//1037 1334//1037
f 1335//1046 1371//1046 1347//1046
f 1359//1066 1371//1066 1322//1066
f 1322//1066 1371//1066 1335//1066
f 1360//1092 1372//1092 1336//1092
f 1337//1127 1373//1127 1349//1127
f 1324//1122 1373//1122 1337//1122
f 1361//1122 1373//1122 1324//1122
f 1338//1129 1374//1129 1350//1129
f 1325//1135 1374//1135 1338//1135
f 1362//1135 1374//1135 1325//1135
f 1363//1173 1375//1173 1326//1137
f 1326//1137 1375//1173 1339//1149
f 506//1174 1376//1174 504//1174
f 1364//1165 1376//1175 506//1166
f 1366//1176 1377//1177 1365//1178
f 1330//939 1377//1177 1342//939
f 1378//1179 1377//1179 1366//1179
f 1365//1178 1377//1177 1330//939
f 1367//956 1379//956 1331//956
f 1331//956 1379//956 1343//956
f 1368//970 1380//970 1332//970
f 1332//970 1380//970 1344//970
f 1369//997 1381//997 1333//997
f 1345//1004 1381//1004 1358//1004
f 1333//997 1381//997 1345//997
f 1370//1021 1382//1021 1346//1021
f 1371//1046 1383//1046 1347//1046
f 1336//1099 1384//1099 1348//1099
f 1372//1099 1384//1099 1336//1099
f 1348//1108 1384//1108 1361//1108
f 1373//1127 1385//1127 1349//1127
f 1374//1129 1386//1129 1350//1129
f 1339//1154 1387//1154 1351//1155
f 1375//1154 1387//1154 1339//1154
f 504//1180 1388//1180 512//1180
f 1376//1181 1388//1182 504//1183
f 1389//1184 1390//1184 1391//1184
f 1391//1185 1390//1186 1378//1187
f 1378//1187 1390//1186 1377//1188
f 1342//926 1390//1186 1355//926
f 1377//1188 1390//1186 1342//926
f 1379//976 1392//976 1343//976
f 1343//976 1392//976 1356//976
f 1380//978 1393//978 1344//978
f 1357//985 1393//985 1369//985
f 1344//978 1393//978 1357//978
f 1381//1004 1394//1004 1358//1004
f 1346//1030 1395//1030 1359//1030
f 1382//1030 1395//1030 1346//1030
f 1383//1080 1396//1080 1347//1080
f 1347//1080 1396//1080 1360//1080
f 1384//1108 1397//1108 1361//1108
f 1385//1113 1398//1113 1349//1113
f 1349//1113 1398//1113 1362//1113
f 1386//1140 1399//1140 1350//1140
f 1350//1140 1399//1140 1363//1140
f 1351//1170 1400//1170 1364//1168
f 1387//1170 1400//1170 1351//1170
f 1388//1189 1401//1190 512//1191
f 511//1192 1401//1193 516//1194
f 512//1191 1401//1190 511//1195
f 1402//1196 1403//1196 1389//1196
f 1389//1197 1403//948 1390//1198
f 1367//956 1403//956 1379//956
f 1390//1198 1403//948 1355//948
f 1355//948 1403//948 1367//948
f 1368//970 1404//970 1380//970
f 1356//984 1404//984 1368//984
f 1392//984 1404//984 1356//984
f 1393//985 1405//985 1369//985
f 1370//1021 1406//1021 1382//1021
f 1394//1037 1406//1037 1358//1037
f 1358//1037 1406//1037 1370//1037
f 1395//1066 1407//1066 1359//1066
f 1371//1046 1407//1046 1383//1046
f 1359//1066 1407//1066 1371//1066
f 1372//1099 1408//1099 1384//1099
f 1396//1092 1408//1092 1360//1092
f 1360//1092 1408//1092 1372//1092
f 1361//1122 1409//1122 1373//1122
f 1397//1122 1409//1122 1361//1122
f 1374//1129 1410//1129 1386//1129
f 1362//1135 1410//1135 1374//1135
f 1398//1135 1410//1135 1362//1135
f 1399//1173 1411//1173 1363//1173
f 1363//1173 1411//1173 1375//1173
f 1375//1154 1411//1154 1387//1154
f 1400//1199 1412//1199 1364//1165
f 1364//1165 1412//1199 1376//1175
f 516//1200 1413//1200 515//1200
f 1401//1193 1413//1201 516//1194
f 1403//956 1414//1202 1379//956
f 1415//1203 1414//1204 1416//1205
f 1416//1206 1414//1202 1402//1207
f 1402//1207 1414//1202 1403//956
f 1380//978 1417//978 1393//978
f 1404//970 1417//970 1380//970
f 1405//997 1418//997 1369//997
f 1369//997 1418//997 1381//997
f 1406//1021 1419//1021 1382//1021
f 1407//1046 1420//1046 1383//1046
f 1408//1099 1421//1099 1384//1099
f 1373//1127 1422//1127 1385//1127
f 1409//1127 1422//1127 1373//1127
f 1385//1113 1422//1113 1398//1113
f 1410//1129 1423//1129 1386//1129
f 1411//1154 1424//1154 1387//1154
f 1376//1181 1425//1208 1388//1182
f 1412//1208 1425//1208 1376//1181
f 515//1209 1426//1209 519//1209
f 1413//1210 1426//1211 515//1212
f 1392//984 1427//984 1404//984
f 1428//1213 1427//1213 1415//1213
f 1415//1203 1427//976 1414//1204
f 1379//976 1427//976 1392//976
f 1414//1204 1427//976 1379//976
f 1417//978 1429//978 1393//978
f 1418//1004 1430//1004 1381//1004
f 1381//1004 1430//1004 1394//1004
f 1394//1037 1430//1037 1406//1037
f 1419//1030 1431//1030 1382//1030
f 1382//1030 1431//1030 1395//1030
f 1420//1080 1432//1080 1383//1080
f 1383//1080 1432//1080 1396//1080
f 1384//1108 1433//1108 1397//1108
f 1421//1108 1433//1108 1384//1108
f 1422//1113 1434//1113 1398//1113
f 1423//1140 1435//1140 1386//1140
f 1386//1140 1435//1140 1399//1140
f 1387//1170 1436//1170 1400//1170
f 1424//1170 1436//1170 1387//1170
f 1400//1199 1436//1199 1412//1199
f 1425//1189 1437//1189 1388//1189
f 1388//1189 1437//1189 1401//1190
f 521//1214 1438//1215 522//1216
f 519//1217 1438//1218 521//1219
f 1426//1220 1438//1218 519//1217
f 1439//1221 1440//1222 1441//1223
f 1441//1224 1440//1224 1428//1224
f 1427//984 1440//1225 1404//984
f 1404//970 1440//1222 1417//970
f 1428//1226 1440//1225 1427//984
f 1393//985 1442//985 1405//985
f 1429//985 1442//985 1393//985
f 1430//1037 1443//1037 1406//1037
f 1407//1046 1444//1046 1420//1046
f 1431//1066 1444//1066 1395//1066
f 1395//1066 1444//1066 1407//1066
f 1408//1099 1445//1099 1421//1099
f 1432//1092 1445//1092 1396//1092
f 1396//1092 1445//1092 1408//1092
f 1397//1122 1446//1122 1409//1122
f 1433//1122 1446//1122 1397//1122
f 1409//1127 1446//1127 1422//1127
f 1434//1135 1447//1135 1398//1135
f 1398//1135 1447//1135 1410//1135
f 1399//1173 1448//1173 1411//1173
f 1435//1173 1448//1173 1399//1173
f 1411//1154 1448//1154 1424//1154
f 1436//1199 1449//1199 1412//1199
f 1401//1193 1450//1227 1413//1201
f 1437//1227 1450//1227 1401//1193
f 522//1228 1451//1228 520//1228
f 1438//1215 1451//1229 522//1216
f 1440//1222 1452//1230 1417//970
f 1453//1231 1452//1231 1439//1231
f 1439//1221 1452//1230 1440//1222
f 1417//978 1452//1232 1429//978
f 1405//997 1454//997 1418//997
f 1442//997 1454//997 1405//997
f 1418//1004 1454//1004 1430//1004
f 1419//1030 1455//1030 1431//1030
f 1406//1021 1455//1021 1419//1021
f 1443//1021 1455//1021 1406//1021
f 1444//1046 1456//1046 1420//1046
f 1445//1099 1457//1099 1421//1099
f 1446//1127 1458//1127 1422//1127
f 1410//1129 1459//1129 1423//1129
f 1423//1140 1459//1140 1435//1140
f 1447//1129 1459//1129 1410//1129
f 1448//1154 1460//1154 1424//1154
f 1412//1208 1461//1208 1425//1208
f 1449//1208 1461//1208 1412//1208
f 1413//1210 1462//1233 1426//1211
f 1450//1233 1462//1233 1413//1210
f 520//1234 1463//1234 523//1234
f 523//608 1463//1235 615//609
f 1451//1236 1463//1237 520//1238
f 1464//1239 1465//1239 1453//1239
f 1453//1240 1465//1241 1452//1232
f 1452//1232 1465//1241 1429//978
f 1454//1004 1466//1004 1430//1004
f 1455//1030 1467//1030 1431//1030
f 1456//1080 1468//1080 1420//1080
f 1420//1080 1468//1080 1432//1080
f 1421//1108 1469//1108 1433//1108
f 1457//1108 1469//1108 1421//1108
f 1422//1113 1470//1113 1434//1113
f 1458//1113 1470//1113 1422//1113
f 1459//1140 1471//1140 1435//1140
f 1460//1170 1472//1170 1424//1170
f 1424//1170 1472//1170 1436//1170
f 1436//1199 1472//1199 1449//1199
f 1437//1227 1473//1227 1450//1227
f 1461//1189 1473//1189 1425//1189
f 1425//1189 1473//1189 1437//1189
f 1462//1242 1474//1242 1426//1220
f 1426//1220 1474//1242 1438//1218
f 1429//985 1475//1243 1442//985
f 1476//1244 1475//1244 1477//1244
f 1477//1245 1475//1243 1464//1246
f 1465//1247 1475//1243 1429//985
f 1464//1246 1475//1243 1465//1247
f 1466//1037 1478//1037 1430//1037
f 1430//1037 1478//1037 1443//1037
f 1443//1021 1478//1021 1455//1021
f 1467//1066 1479//1066 1431//1066
f 1431//1066 1479//1066 1444//1066
f 1444//1046 1479//1046 1456//1046
f 1445//1099 1480//1099 1457//1099
f 1468//1092 1480//1092 1432//1092
f 1432//1092 1480//1092 1445//1092
f 1433//1122 1481//1122 1446//1122
f 1469//1122 1481//1122 1433//1122
f 1446//1127 1481//1127 1458//1127
f 1470//1135 1482//1135 1434//1135
f 1447//1129 1482//1129 1459//1129
f 1434//1135 1482//1135 1447//1135
f 1448//1154 1483//1154 1460//1154
f 1471//1173 1483//1173 1435//1173
f 1435//1173 1483//1173 1448//1173
f 1472//1199 1484//1199 1449//1199
f 1473//1227 1485//1227 1450//1227
f 1438//1215 1486//1248 1451//1229
f 1474//1248 1486//1248 1438//1215
f 1475//1249 1487//1250 1442//997
f 1488//1251 1487//1251 1476//1251
f 1476//1252 1487//1250 1475//1249
f 1442//997 1487//1250 1454//997
f 1454//1004 1487//1004 1466//1004
f 1478//1021 1489//1021 1455//1021
f 1479//1046 1490//1046 1456//1046
f 1480//1099 1491//1099 1457//1099
f 1481//1127 1492//1127 1458//1127
f 1482//1129 1493//1129 1459//1129
f 1483//1154 1494//1154 1460//1154
f 1484//1208 1495//1208 1449//1208
f 1449//1208 1495//1208 1461//1208
f 1485//1253 1496//1253 1450//1233
f 1462//1242 1496//1242 1474//1242
f 1450//1233 1496//1253 1462//1233
f 1486//1236 1497//1236 1451//1236
f 615//609 1497//1254 624//1254
f 1463//1235 1497//1254 615//609
f 1451//1236 1497//1236 1463//1237
f 1498//1255 1499//1256 1500//1257
f 1500//1258 1499//1258 1488//1258
f 1487//1004 1499//1259 1466//1004
f 1488//1260 1499//1259 1487//1004
f 1455//1030 1501//1030 1467//1030
f 1489//1030 1501//1030 1455//1030
f 1490//1080 1502//1080 1456//1080
f 1456//1080 1502//1080 1468//1080
f 1457//1108 1503//1108 1469//1108
f 1491//1108 1503//1108 1457//1108
f 1492//1113 1504//1113 1458//1113
f 1458//1113 1504//1113 1470//1113
f 1470//1135 1504//1135 1482//1135
f 1493//1140 1505//1140 1459//1140
f 1459//1140 1505//1140 1471//1140
f 1494//1170 1506//1170 1460//1170
f 1472//1199 1506//1199 1484//1199
f 1460//1170 1506//1170 1472//1170
f 1473//1227 1507//1227 1485//1227
f 1461//1189 1507//1189 1473//1189
f 1495//1189 1507//1189 1461//1189
f 1496//1242 1508//1242 1474//1242
f 1509//1261 1510//1261 1498//1261
f 1498//1255 1510//1037 1499//1256
f 1466//1037 1510//1037 1478//1037
f 1478//1021 1510//1262 1489//1021
f 1499//1256 1510//1037 1466//1037
f 1479//1046 1511//1046 1490//1046
f 1467//1066 1511//1066 1479//1066
f 1501//1066 1511//1066 1467//1066
f 1502//1092 1512//1092 1468//1092
f 1480//1099 1512//1099 1491//1099
f 1468//1092 1512//1092 1480//1092
f 1503//1122 1513//1122 1469//1122
f 1481//1127 1513//1127 1492//1127
f 1469//1122 1513//1122 1481//1122
f 1504//1135 1514//1135 1482//1135
f 1505//1173 1515//1173 1471//1173
f 1471//1173 1515//1173 1483//1173
f 1506//1199 1516//1199 1484//1199
f 1507//1227 1517//1227 1485//1227
f 1474//1248 1518//1248 1486//1248
f 1486//1236 1518//1236 1497//1236
f 1508//1248 1518//1248 1474//1248
f 1519//1263 1520//1263 1509//1263
f 1509//1264 1520//1265 1510//1262
f 1510//1262 1520//1265 1489//1021
f 1511//1046 1521//1046 1490//1046
f 1512//1099 1522//1099 1491//1099
f 1492//1113 1523//1113 1504//1113
f 1513//1127 1523//1127 1492//1127
f 1482//1129 1524//1129 1493//1129
f 1514//1129 1524//1129 1482//1129
f 1494//1170 1525//1170 1506//1170
f 1483//1154 1525//1154 1494//1154
f 1515//1154 1525//1154 1483//1154
f 1484//1208 1526//1208 1495//1208
f 1516//1208 1526//1208 1484//1208
f 1517//1233 1527//1233 1485//1253
f 1496//1242 1527//1242 1508//1242
f 1485//1253 1527//1233 1496//1253
f 1518//1236 1528//1236 1497//1236
f 1497//1254 1528//1254 624//1254
f 624//1254 1528//1254 631//1254
f 1489//1030 1529//1266 1501//1030
f 1530//1267 1529//1267 1531//1267
f 1531//1268 1529//1266 1519//1269
f 1520//1270 1529//1266 1489//1030
f 1519//1269 1529//1266 1520//1270
f 1490//1080 1532//1080 1502//1080
f 1521//1080 1532//1080 1490//1080
f 1503//1122 1533//1122 1513//1122
f 1491//1108 1533//1108 1503//1108
f 1522//1108 1533//1108 1491//1108
f 1523//1113 1534//1113 1504//1113
f 1493//1140 1535//1140 1505//1140
f 1524//1140 1535//1140 1493//1140
f 1525//1170 1536//1170 1506//1170
f 1526//1189 1537//1189 1495//1189
f 1495//1189 1537//1189 1507//1189
f 1507//1227 1537//1227 1517//1227
f 1527//1242 1538//1242 1508//1242
f 1539//1271 1540//1271 1530//1271
f 1530//1272 1540//1273 1529//1274
f 1501//1066 1540//1273 1511//1066
f 1529//1274 1540//1273 1501//1066
f 1511//1046 1540//1046 1521//1046
f 1502//1092 1541//1092 1512//1092
f 1532//1092 1541//1092 1502//1092
f 1512//1099 1541//1099 1522//1099
f 1533//1122 1542//1122 1513//1122
f 1534//1135 1543//1135 1504//1135
f 1514//1129 1543//1129 1524//1129
f 1504//1135 1543//1135 1514//1135
f 1535//1173 1544//1173 1505//1173
f 1515//1154 1544//1154 1525//1154
f 1505//1173 1544//1173 1515//1173
f 1536//1199 1545//1199 1506//1199
f 1506//1199 1545//1199 1516//1199
f 1537//1227 1546//1227 1517//1227
f 1538//1248 1547//1248 1508//1248
f 1508//1248 1547//1248 1518//1248
f 1548//1275 1549//1275 1539//1275
f 1539//1276 1549//1277 1540//1046
f 1540//1046 1549//1277 1521//1046
f 1550//1278 1549//1279 1548//1280
f 1541//1099 1551//1099 1522//1099
f 1542//1127 1552//1127 1513//1127
f 1513//1127 1552//1127 1523//1127
f 1523//1113 1552//1113 1534//1113
f 1543//1129 1553//1129 1524//1129
f 1544//1154 1554//1154 1525//1154
f 1545//1208 1555//1208 1516//1208
f 1516//1208 1555//1208 1526//1208
f 1546//1233 1556//1233 1517//1233
f 1517//1233 1556//1233 1527//1233
f 1527//1242 1556//1242 1538//1242
f 1518//1236 1557//1236 1528//1236
f 1528//1254 1557//1254 631//1254
f 1547//1236 1557//1236 1518//1236
f 631//1254 1557//1254 632//1254
f 1521//1080 1558//1061 1532//1080
f 1549//1279 1558//1061 1521//1080
f 1550//1278 1558//1061 1549//1279
f 1559//1281 1558//1281 1550//1281
f 1551//1108 1560//1108 1522//1108
f 1522//1108 1560//1108 1533//1108
f 1552//1113 1561//1113 1534//1113
f 1553//1140 1562//1140 1524//1140
f 1524//1140 1562//1140 1535//1140
f 1525//1170 1563//1170 1536//1170
f 1536//1199 1563//1199 1545//1199
f 1554//1170 1563//1170 1525//1170
f 1537//1227 1564//1227 1546//1227
f 1526//1189 1564//1189 1537//1189
f 1555//1189 1564//1189 1526//1189
f 1556//1242 1565//1242 1538//1242
f 1559//1282 1566//1283 1558//1284
f 1541//1099 1566//1099 1551//1099
f 1532//1092 1566//1283 1541//1092
f 1558//1284 1566//1283 1532//1092
f 1567//1285 1566//1285 1559//1285
f 1542//1127 1568//1127 1552//1127
f 1533//1122 1568//1122 1542//1122
f 1560//1122 1568//1122 1533//1122
f 1561//1135 1569//1135 1534//1135
f 1534//1135 1569//1135 1543//1135
f 1535//1173 1570//1173 1544//1173
f 1562//1173 1570//1173 1535//1173
f 1544//1154 1570//1154 1554//1154
f 1563//1199 1571//1199 1545//1199
f 1564//1227 1572//1227 1546//1227
f 1538//1248 1573//1248 1547//1248
f 1565//1248 1573//1248 1538//1248
f 1566//1099 1574//1286 1551//1099
f 1567//1287 1574//1286 1566//1099
f 1575//1288 1574//1288 1576//1288
f 1576//1289 1574//1286 1567//1287
f 1568//1127 1577//1127 1552//1127
f 1569//1129 1578//1129 1543//1129
f 1543//1129 1578//1129 1553//1129
f 1553//1140 1578//1140 1562//1140
f 1570//1154 1579//1154 1554//1154
f 1571//1208 1580//1208 1545//1208
f 1545//1208 1580//1208 1555//1208
f 1556//1242 1581//1242 1565//1242
f 1546//1233 1581//1233 1556//1233
f 1572//1233 1581//1233 1546//1233
f 1547//1236 1582//1236 1557//1236
f 1557//1254 1582//1254 632//1254
f 1573//1236 1582//1236 1547//1236
f 632//1254 1582//1254 654//1254
f 1574//1290 1583//1108 1551//1108
f 1575//1291 1583//1108 1574//1290
f 1551//1108 1583//1108 1560//1108
f 1584//1292 1583//1292 1575//1292
f 1577//1113 1585//1113 1552//1113
f 1552//1113 1585//1113 1561//1113
f 1578//1140 1586//1140 1562//1140
f 1563//1199 1587//1199 1571//1199
f 1579//1170 1587//1170 1554//1170
f 1554//1170 1587//1170 1563//1170
f 1580//1189 1588//1189 1555//1189
f 1564//1227 1588//1227 1572//1227
f 1555//1189 1588//1189 1564//1189
f 1581//1242 1589//1242 1565//1242
f 1568//1127 1590//1293 1577//1127
f 1583//1294 1590//1295 1560//1122
f 1584//1296 1590//1295 1583//1294
f 1560//1122 1590//1295 1568//1122
f 1591//1297 1590//1293 1592//1298
f 1592//1299 1590//1295 1584//1296
f 1585//1135 1593//1135 1561//1135
f 1561//1135 1593//1135 1569//1135
f 1569//1129 1593//1129 1578//1129
f 1570//1154 1594//1154 1579//1154
f 1562//1173 1594//1173 1570//1173
f 1586//1173 1594//1173 1562//1173
f 1587//1199 1595//1199 1571//1199
f 1588//1227 1596//1227 1572//1227
f 1565//1248 1597//1248 1573//1248
f 1589//1248 1597//1248 1565//1248
f 1573//1236 1597//1236 1582//1236
f 1590//1293 1598//1300 1577//1127
f 1591//1297 1598//1300 1590//1293
f 1599//1301 1598//1301 1591//1301
f 1593//1129 1600//1129 1578//1129
f 1594//1154 1601//1154 1579//1154
f 1571//1208 1602//1208 1580//1208
f 1595//1208 1602//1208 1571//1208
f 1581//1242 1603//1242 1589//1242
f 1572//1233 1603//1233 1581//1233
f 1596//1233 1603//1233 1572//1233
f 1597//1236 1604//1236 1582//1236
f 654//1254 1604//1254 670//1254
f 1582//1254 1604//1254 654//1254
f 1599//1302 1605//1113 1598//1303
f 1577//1113 1605//1113 1585//1113
f 1598//1303 1605//1113 1577//1113
f 1606//1304 1605//1305 1607//1306
f 1607//1307 1605//1307 1599//1307
f 1578//1140 1608//1140 1586//1140
f 1600//1140 1608//1140 1578//1140
f 1601//1170 1609//1170 1579//1170
f 1587//1199 1609//1199 1595//1199
f 1579//1170 1609//1170 1587//1170
f 1580//1189 1610//1189 1588//1189
f 1602//1189 1610//1189 1580//1189
f 1588//1227 1610//1227 1596//1227
f 1603//1242 1611//1242 1589//1242
f 1606//1304 1612//1135 1605//1305
f 1593//1129 1612//1308 1600//1129
f 1605//1305 1612//1135 1585//1135
f 1585//1135 1612//1135 1593//1135
f 1613//1309 1612//1309 1606//1309
f 1608//1173 1614//1173 1586//1173
f 1586//1173 1614//1173 1594//1173
f 1594//1154 1614//1154 1601//1154
f 1609//1199 1615//1199 1595//1199
f 1610//1227 1616//1227 1596//1227
f 1611//1248 1617//1248 1589//1248
f 1589//1248 1617//1248 1597//1248
f 1612//1308 1618//1310 1600//1129
f 1613//1311 1618//1310 1612//1308
f 1619//1312 1618//1312 1613//1312
f 1614//1154 1620//1154 1601//1154
f 1615//1208 1621//1208 1595//1208
f 1602//1189 1621//1189 1610//1189
f 1595//1208 1621//1208 1602//1208
f 1616//1233 1622//1233 1596//1233
f 1603//1242 1622//1242 1611//1242
f 1596//1233 1622//1233 1603//1233
f 1597//1236 1623//1236 1604//1236
f 1604//1254 1623//1254 670//1254
f 1617//1236 1623//1236 1597//1236
f 670//1254 1623//1254 671//1254
f 1600//1140 1624//1313 1608//1140
f 1618//1314 1624//1313 1600//1140
f 1619//1315 1624//1313 1618//1314
f 1625//1316 1624//1316 1626//1316
f 1626//1317 1624//1313 1619//1315
f 1609//1199 1627//1199 1615//1199
f 1601//1170 1627//1170 1609//1170
f 1620//1170 1627//1170 1601//1170
f 1621//1189 1628//1189 1610//1189
f 1622//1242 1629//1242 1611//1242
f 1614//1154 1630//1154 1620//1154
f 1608//1173 1630//1318 1614//1173
f 1624//1319 1630//1318 1608//1173
f 1625//1320 1630//1318 1624//1319
f 1631//1321 1630//1321 1625//1321
f 1627//1199 1632//1199 1615//1199
f 1628//1227 1633//1227 1610//1227
f 1610//1227 1633//1227 1616//1227
f 1629//1248 1634//1248 1611//1248
f 1611//1248 1634//1248 1617//1248
f 1630//1154 1635//1322 1620//1154
f 1631//1323 1635//1322 1630//1154
f 1636//1324 1635//1325 1637//1326
f 1637//1327 1635//1327 1631//1327
f 1615//1208 1638//1208 1621//1208
f 1632//1208 1638//1208 1615//1208
f 1622//1242 1639//1242 1629//1242
f 1616//1233 1639//1233 1622//1233
f 1633//1233 1639//1233 1616//1233
f 1634//1236 1640//1236 1617//1236
f 1617//1236 1640//1236 1623//1236
f 1623//1254 1640//1254 671//1254
f 671//1254 1640//1254 711//1254
f 711//1254 1640//1254 736//1254
f 1627//1199 1641//1199 1632//1199
f 1620//1170 1641//1170 1627//1170
f 1635//1325 1641//1170 1620//1170
f 1642//1328 1641//1328 1636//1328
f 1636//1324 1641//1170 1635//1325
f 1621//1189 1643//1189 1628//1189
f 1638//1189 1643//1189 1621//1189
f 1628//1227 1643//1227 1633//1227
f 1639//1242 1644//1242 1629//1242
f 1642//1329 1645//1330 1641//1199
f 1646//1331 1645//1331 1642//1331
f 1641//1199 1645//1330 1632//1199
f 1643//1227 1647//1227 1633//1227
f 1644//1248 1648//1248 1629//1248
f 1629//1248 1648//1248 1634//1248
f 1634//1236 1648//1236 1640//1236
f 1646//1332 1649//1333 1645//1334
f 1645//1334 1649//1333 1632//1208
f 1632//1208 1649//1333 1638//1208
f 1650//1335 1649//1335 1651//1335
f 1651//1336 1649//1333 1646//1332
f 1647//1233 1652//1233 1633//1233
f 1633//1233 1652//1233 1639//1233
f 1639//1242 1652//1242 1644//1242
f 1648//1236 1653//1236 1640//1236
f 1640//1254 1653//1254 736//1254
f 1649//1337 1654//1338 1638//1189
f 1650//1339 1654//1338 1649//1337
f 1638//1189 1654//1338 1643//1189
f 1655//1340 1654//1340 1650//1340
f 1643//1227 1654//1227 1647//1227
f 1652//1242 1656//1242 1644//1242
f 1655//1341 1657//1342 1654//1227
f 1654//1227 1657//1342 1647//1227
f 1658//1343 1657//1344 1659//1345
f 1659//1346 1657//1346 1655//1346
f 1656//1248 1660//1248 1644//1248
f 1644//1248 1660//1248 1648//1248
f 1647//1233 1661//1233 1652//1233
f 1652//1242 1661//1242 1656//1242
f 1658//1343 1661//1233 1657//1344
f 1657//1344 1661//1233 1647//1233
f 1662//1347 1661//1347 1658//1347
f 1648//1236 1663//1236 1653//1236
f 1653//1254 1663//1254 736//1254
f 1660//1236 1663//1236 1648//1236
f 736//1254 1663//1254 764//1254
f 1661//1242 1664//1348 1656//1242
f 1662//1349 1664//1348 1661//1242
f 1665//1350 1664//1350 1662//1350
f 1656//1248 1666//1351 1660//1248
f 1664//1352 1666//1351 1656//1248
f 1665//1353 1666//1351 1664//1352
f 1667//1354 1666//1354 1668//1354
f 1668//1355 1666//1351 1665//1353
f 1660//1236 1669//1356 1663//1236
f 1663//1254 1669//1254 764//1254
f 1666//1357 1669//1356 1660//1236
f 1667//1358 1669//1356 1666//1357
f 618//613 1669//1254 619//611
f 764//1254 1669//1254 618//613
f 619//1359 1669//1359 1667//1359
f 1631//133 1670//133 1671//133
f 1625//133 1670//133 1631//133
f 1625//133 1672//133 1670//133
f 1637//133 1631//133 1671//133
f 1637//133 1671//133 1673//133
f 1626//133 1672//133 1625//133
f 1626//133 1674//133 1672//133
f 1636//133 1673//133 1675//133
f 1636//133 1637//133 1673//133
f 1619//133 1674//133 1626//133
f 1619//133 1676//133 1674//133
f 1642//133 1675//133 1677//133
f 1642//133 1636//133 1675//133
f 1613//133 1678//133 1676//133
f 1613//133 1676//133 1619//133
f 1646//133 1677//133 1679//133
f 1646//133 1642//133 1677//133
f 1606//133 1678//133 1613//133
f 1606//133 1680//133 1678//133
f 1651//133 1646//133 1679//133
f 1651//133 1679//133 1681//133
f 1607//133 1682//133 1680//133
f 1607//133 1680//133 1606//133
f 1650//133 1681//133 1683//133
f 1650//133 1651//133 1681//133
f 1599//133 1684//133 1682//133
f 1599//133 1682//133 1607//133
f 1655//133 1650//133 1683//133
f 1655//133 1683//133 1685//133
f 1591//133 1684//133 1599//133
f 1591//133 1686//133 1684//133
f 1659//133 1655//133 1685//133
f 1659//133 1685//133 1687//133
f 1592//133 1686//133 1591//133
f 1592//133 1688//133 1686//133
f 1658//133 1659//133 1687//133
f 1658//133 1687//133 1689//133
f 1584//133 1688//133 1592//133
f 1584//133 1690//133 1688//133
f 1662//133 1658//133 1689//133
f 1662//133 1689//133 1691//133
f 1575//133 1690//133 1584//133
f 1575//133 1692//133 1690//133
f 1665//133 1662//133 1691//133
f 1665//133 1691//133 1693//133
f 1668//133 1665//133 1693//133
f 1668//133 1693//133 1694//133
f 1576//133 1692//133 1575//133
f 1576//133 1695//133 1692//133
f 1667//133 1668//133 1694//133
f 1667//133 1694//133 1696//133
f 1567//133 1695//133 1576//133
f 1567//133 1697//133 1695//133
f 619//133 1667//133 1696//133
f 619//133 1696//133 1698//133
f 1559//133 1697//133 1567//133
f 1559//133 1699//133 1697//133
f 616//133 1698//133 1700//133
f 616//133 619//133 1698//133
f 1550//133 1699//133 1559//133
f 1550//133 1701//133 1699//133
f 1702//133 616//133 1700//133
f 1703//133 1701//133 1550//133
f 1548//133 1703//133 1550//133
f 617//133 616//133 1702//133
f 1704//133 617//133 1702//133
f 1705//133 1703//133 1548//133
f 795//133 617//133 1704//133
f 1539//133 1705//133 1548//133
f 1706//133 795//133 1704//133
f 1707//133 1705//133 1539//133
f 808//133 795//133 1706//133
f 1530//133 1707//133 1539//133
f 1708//133 808//133 1706//133
f 1709//133 1707//133 1530//133
f 807//133 808//133 1708//133
f 1531//133 1709//133 1530//133
f 1710//133 807//133 1708//133
f 1711//133 1709//133 1531//133
f 820//133 807//133 1710//133
f 1519//133 1711//133 1531//133
f 1712//133 820//133 1710//133
f 1713//133 1711//133 1519//133
f 832//133 820//133 1712//133
f 1509//133 1713//133 1519//133
f 1714//133 832//133 1712//133
f 1715//133 1713//133 1509//133
f 845//133 832//133 1714//133
f 1498//133 1715//133 1509//133
f 1716//133 845//133 1714//133
f 1717//133 1715//133 1498//133
f 844//133 845//133 1716//133
f 1500//133 1717//133 1498//133
f 1718//133 844//133 1716//133
f 1719//133 1717//133 1500//133
f 857//133 844//133 1718//133
f 1488//133 1719//133 1500//133
f 1720//133 857//133 1718//133
f 1721//133 1719//133 1488//133
f 870//133 857//133 1720//133
f 1476//133 1721//133 1488//133
f 1722//133 1721//133 1476//133
f 1723//133 870//133 1720//133
f 869//133 870//133 1723//133
f 1477//133 1722//133 1476//133
f 1724//133 1722//133 1477//133
f 1725//133 869//133 1723//133
f 882//133 869//133 1725//133
f 1464//133 1724//133 1477//133
f 1726//133 1724//133 1464//133
f 1727//133 882//133 1725//133
f 894//133 882//133 1727//133
f 1453//133 1726//133 1464//133
f 1728//133 1726//133 1453//133
f 1729//133 894//133 1727//133
f 907//133 894//133 1729//133
f 1439//133 1728//133 1453//133
f 1730//133 1728//133 1439//133
f 1731//133 907//133 1729//133
f 906//133 907//133 1731//133
f 1441//133 1730//133 1439//133
f 1732//133 1730//133 1441//133
f 1733//133 906//133 1731//133
f 919//133 906//133 1733//133
f 1428//133 1732//133 1441//133
f 1734//133 1732//133 1428//133
f 1735//133 919//133 1733//133
f 932//133 919//133 1735//133
f 1415//133 1734//133 1428//133
f 1736//133 1734//133 1415//133
f 1737//133 932//133 1735//133
f 931//133 932//133 1737//133
f 1416//133 1736//133 1415//133
f 1738//133 1736//133 1416//133
f 1739//133 931//133 1737//133
f 944//133 931//133 1739//133
f 1402//133 1738//133 1416//133
f 1740//133 1738//133 1402//133
f 1741//133 944//133 1739//133
f 955//133 944//133 1741//133
f 1389//133 1740//133 1402//133
f 1742//133 1740//133 1389//133
f 1743//133 955//133 1741//133
f 969//133 955//133 1743//133
f 1391//133 1742//133 1389//133
f 1744//133 1742//133 1391//133
f 1745//133 969//133 1743//133
f 968//133 969//133 1745//133
f 1378//133 1744//133 1391//133
f 1746//133 1744//133 1378//133
f 1747//133 968//133 1745//133
f 981//133 968//133 1747//133
f 1366//133 1746//133 1378//133
f 1748//133 1746//133 1366//133
f 1749//133 981//133 1747//133
f 994//133 981//133 1749//133
f 1353//133 1748//133 1366//133
f 1750//133 1748//133 1353//133
f 1751//133 994//133 1749//133
f 992//133 994//133 1751//133
f 1354//133 1750//133 1353//133
f 1752//133 1750//133 1354//133
f 1753//133 992//133 1751//133
f 1006//133 992//133 1753//133
f 1341//133 1752//133 1354//133
f 1754//133 1752//133 1341//133
f 1755//133 1006//133 1753//133
f 1019//133 1006//133 1755//133
f 1328//133 1754//133 1341//133
f 1756//133 1754//133 1328//133
f 1757//133 1019//133 1755//133
f 1018//133 1019//133 1757//133
f 1329//133 1756//133 1328//133
f 1758//133 1756//133 1329//133
f 1759//133 1018//133 1757//133
f 1031//133 1018//133 1759//133
f 1315//133 1758//133 1329//133
f 1760//133 1758//133 1315//133
f 1761//133 1031//133 1759//133
f 1043//133 1031//133 1761//133
f 1304//133 1760//133 1315//133
f 1762//133 1043//133 1761//133
f 1763//133 1760//133 1304//133
f 1764//133 1763//133 1304//133
f 1764//133 1304//133 1290//133
f 1765//133 1043//133 1762//133
f 1765//133 1056//133 1043//133
f 1766//133 1764//133 1290//133
f 1766//133 1290//133 1292//133
f 1767//133 1056//133 1765//133
f 1767//133 1055//133 1056//133
f 1768//133 1292//133 1279//133
f 1768//133 1766//133 1292//133
f 1769//133 1055//133 1767//133
f 1769//133 1068//133 1055//133
f 1770//133 1279//133 1266//133
f 1770//133 1768//133 1279//133
f 1771//133 1068//133 1769//133
f 1771//133 1081//133 1068//133
f 1772//133 1266//133 1267//133
f 1772//133 1770//133 1266//133
f 1773//133 1081//133 1771//133
f 1773//133 1079//133 1081//133
f 1774//133 1079//133 1773//133
f 1774//133 1093//133 1079//133
f 1775//133 1267//133 1254//133
f 1775//133 1772//133 1267//133
f 1776//133 1254//133 1242//133
f 1776//133 1775//133 1254//133
f 1777//133 1104//133 1093//133
f 1777//133 1093//133 1774//133
f 1778//133 1242//133 1228//133
f 1778//133 1776//133 1242//133
f 1779//133 1118//133 1104//133
f 1779//133 1104//133 1777//133
f 1780//133 1228//133 1230//133
f 1780//133 1778//133 1228//133
f 1781//133 1117//133 1118//133
f 1781//133 1118//133 1779//133
f 1782//133 1230//133 1217//133
f 1782//133 1780//133 1230//133
f 1783//133 1130//133 1117//133
f 1783//133 1117//133 1781//133
f 1784//133 1143//133 1130//133
f 1784//133 1130//133 1783//133
f 1785//133 1782//133 1217//133
f 1785//133 1217//133 1203//133
f 1786//133 1143//133 1784//133
f 1786//133 1141//133 1143//133
f 1787//133 1203//133 1205//133
f 1787//133 1785//133 1203//133
f 1788//133 1141//133 1786//133
f 1788//133 1155//133 1141//133
f 1789//133 1787//133 1205//133
f 1789//133 1205//133 1191//133
f 1790//133 1155//133 1788//133
f 1790//133 1167//133 1155//133
f 1791//133 1191//133 1179//133
f 1791//133 1789//133 1191//133
f 1792//133 1791//133 1179//133
f 1792//133 1179//133 1180//133
f 1793//133 1792//133 1180//133
f 1793//133 1167//133 1790//133
f 1793//133 1180//133 1167//133
f 1794//1360 1795//1360 1700//1360
f 1794//1360 1700//1360 1698//1360
f 1796//1361 1698//1361 1696//1361
f 1796//1361 1794//1361 1698//1361
f 1797//1362 1696//1362 1694//1362
f 1797//1362 1796//1362 1696//1362
f 1798//1363 1694//1363 1693//1363
f 1798//1363 1797//1363 1694//1363
f 1799//1364 1693//1364 1691//1364
f 1799//1364 1798//1364 1693//1364
f 1800//1365 1691//1365 1689//1365
f 1800//1365 1799//1365 1691//1365
f 1801//1366 1689//1366 1687//1366
f 1801//1366 1800//1366 1689//1366
f 1802//1367 1687//1367 1685//1367
f 1802//1367 1801//1368 1687//1367
f 1803//1369 1685//1369 1683//1369
f 1803//1369 1802//1369 1685//1369
f 1804//1370 1683//1370 1681//1370
f 1804//1370 1803//1370 1683//1370
f 1805//1371 1681//1371 1679//1371
f 1805//1371 1804//1371 1681//1371
f 1806//1372 1679//1372 1677//1372
f 1806//1372 1805//1372 1679//1372
f 1807//1373 1806//1373 1677//1373
f 1807//1373 1677//1373 1675//1373
f 1808//1374 1807//1374 1675//1374
f 1808//1374 1675//1374 1673//1374
f 1809//1375 1808//1375 1673//1375
f 1809//1375 1673//1375 1671//1375
f 1810//1376 1809//1376 1671//1376
f 1810//1376 1671//1376 1670//1376
f 1811//1377 1810//1377 1670//1377
f 1811//1377 1670//1377 1672//1377
f 1811//1378 1672//1378 1674//1378
f 1812//1378 1811//1378 1674//1378
f 1813//1379 1812//1379 1674//1379
f 1813//1379 1674//1379 1676//1379
f 1814//1380 1813//1380 1676//1380
f 1814//1380 1676//1380 1678//1380
f 1815//1381 1814//1381 1678//1381
f 1815//1381 1678//1381 1680//1381
f 1815//1382 1680//1382 1682//1382
f 1816//1382 1815//1382 1682//1382
f 1817//1383 1816//1383 1682//1383
f 1817//1383 1682//1383 1684//1383
f 1818//1384 1684//1384 1686//1384
f 1818//1384 1817//1385 1684//1384
f 1819//1386 1818//1386 1686//1386
f 1819//1386 1686//1386 1688//1386
f 1820//1387 1688//1387 1690//1387
f 1820//1388 1690//1388 1692//1388
f 1820//1387 1819//1387 1688//1387
f 1821//1388 1820//1388 1692//1388
f 1822//1389 1692//1389 1695//1389
f 1822//1390 1695//1390 1697//1390
f 1822//1389 1821//1389 1692//1389
f 1823//1390 1822//1390 1697//1390
f 1824//1391 1697//1391 1699//1391
f 1824//1392 1699//1392 1701//1392
f 1824//1391 1823//1391 1697//1391
f 1825//1392 1824//1392 1701//1392
f 1826//1393 1701//1393 1703//1393
f 1826//1393 1825//1393 1701//1393
f 1827//1394 1703//1394 1705//1394
f 1827//1395 1705//1395 1707//1395
f 1827//1394 1826//1394 1703//1394
f 1828//1396 1707//1396 1709//1396
f 1828//1395 1827//1395 1707//1395
f 1829//1396 1828//1396 1709//1396
f 1830//1397 1709//1397 1711//1397
f 1830//1397 1829//1397 1709//1397
f 1831//1398 1711//1398 1713//1398
f 1831//1398 1830//1398 1711//1398
f 1832//1399 1831//1399 1713//1399
f 1832//1399 1713//1399 1715//1399
f 1833//1400 1832//1400 1715//1400
f 1833//1400 1715//1400 1717//1400
f 1834//1401 1833//1401 1717//1401
f 1834//1401 1717//1401 1719//1401
f 1835//1402 1834//1402 1719//1402
f 1835//1402 1719//1402 1721//1402
f 1836//1403 1835//1403 1721//1403
f 1836//1403 1721//1403 1722//1403
f 1837//1404 1836//1404 1722//1404
f 1837//1404 1722//1404 1724//1404
f 1838//1405 1837//1405 1724//1405
f 1838//1405 1724//1405 1726//1405
f 1839//1406 1838//1406 1726//1406
f 1839//1406 1726//1406 1728//1406
f 1840//1407 1839//1407 1728//1407
f 1840//1407 1728//1407 1730//1407
f 1841//1408 1840//1408 1730//1408
f 1841//1408 1730//1408 1732//1408
f 1842//1409 1841//1409 1732//1409
f 1842//1409 1732//1409 1734//1409
f 1843//1410 1842//1410 1734//1410
f 1843//1410 1734//1410 1736//1410
f 1844//1411 1843//1411 1736//1411
f 1844//1411 1736//1411 1738//1411
f 1845//1412 1844//1412 1738//1412
f 1845//1412 1738//1412 1740//1412
f 1845//1413 1740//1413 1742//1413
f 1846//1413 1845//1413 1742//1413
f 1847//1414 1846//1414 1742//1414
f 1847//1414 1742//1414 1744//1414
f 1848//1415 1847//1415 1744//1415
f 1848//1415 1744//1415 1746//1415
f 1849//1416 1848//1417 1746//1416
f 1849//1416 1746//1416 1748//1416
f 1849//1418 1748//1418 1750//1418
f 1850//1418 1849//1418 1750//1418
f 1851//1419 1850//1419 1750//1419
f 1851//1419 1750//1419 1752//1419
f 1852//1420 1752//1420 1754//1420
f 1852//1420 1851//1421 1752//1420
f 1853//1422 1754//1422 1756//1422
f 1853//1422 1852//1422 1754//1422
f 1854//1423 1756//1423 1758//1423
f 1854//1423 1853//1423 1756//1423
f 1855//1424 1758//1424 1760//1424
f 1855//1424 1854//1424 1758//1424
f 1856//1425 1760//1425 1763//1425
f 1856//1425 1855//1425 1760//1425
f 1857//1426 1856//1426 1763//1426
f 1857//1426 1763//1426 1764//1426
f 1858//1427 1857//1427 1764//1427
f 1858//1427 1764//1427 1766//1427
f 1859//1428 1858//1428 1766//1428
f 1859//1428 1766//1428 1768//1428
f 1860//1429 1859//1429 1768//1429
f 1860//1429 1768//1429 1770//1429
f 1861//1430 1860//1430 1770//1430
f 1861//1430 1770//1430 1772//1430
f 1862//1431 1861//1431 1772//1431
f 1862//1431 1772//1431 1775//1431
f 1863//1432 1862//1432 1775//1432
f 1863//1432 1775//1432 1776//1432
f 1864//1433 1863//1434 1776//1433
f 1864//1433 1776//1433 1778//1433
f 1865//1435 1864//1435 1778//1435
f 1865//1435 1778//1435 1780//1435
f 1866//1436 1865//1436 1780//1436
f 1866//1436 1780//1436 1782//1436
f 1867//1437 1866//1437 1782//1437
f 1867//1437 1782//1437 1785//1437
f 1868//1438 1867//1438 1785//1438
f 1868//1438 1785//1438 1787//1438
f 1869//1439 1868//1439 1787//1439
f 1869//1439 1787//1439 1789//1439
f 1870//1440 1869//1440 1789//1440
f 1870//1440 1789//1440 1791//1440
f 1871//1441 1791//1441 1792//1441
f 1871//1441 1870//1441 1791//1441
f 1872//1442 1792//1442 1793//1442
f 1872//1442 1871//1442 1792//1442
f 1873//1443 1793//1443 1790//1443
f 1873//1444 1790//1444 1788//1444
f 1873//1443 1872//1443 1793//1443
f 1874//1444 1873//1444 1788//1444
f 1875//1445 1788//1445 1786//1445
f 1875//1445 1874//1445 1788//1445
f 1876//1446 1786//1446 1784//1446
f 1876//1446 1875//1446 1786//1446
f 1877//1447 1784//1447 1783//1447
f 1877//1447 1876//1447 1784//1447
f 1878//1448 1783//1448 1781//1448
f 1878//1448 1877//1448 1783//1448
f 1879//1449 1781//1449 1779//1449
f 1879//1449 1878//1449 1781//1449
f 1880//1450 1779//1450 1777//1450
f 1880//1450 1879//1451 1779//1450
f 1881//1452 1777//1452 1774//1452
f 1881//1452 1880//1452 1777//1452
f 1882//1453 1774//1453 1773//1453
f 1882//1453 1881//1453 1774//1453
f 1883//1454 1882//1454 1773//1454
f 1883//1454 1773//1454 1771//1454
f 1883//1455 1771//1455 1769//1455
f 1884//1455 1883//1455 1769//1455
f 1885//1456 1884//1456 1769//1456
f 1885//1456 1769//1456 1767//1456
f 1886//1457 1885//1457 1767//1457
f 1886//1457 1767//1457 1765//1457
f 1887//1458 1765//1458 1762//1458
f 1887//1458 1886//1458 1765//1458
f 1888//1459 1762//1459 1761//1459
f 1888//1459 1887//1459 1762//1459
f 1889//1460 1761//1460 1759//1460
f 1889//1460 1888//1460 1761//1460
f 1890//1461 1759//1461 1757//1461
f 1890//1461 1889//1461 1759//1461
f 1891//1462 1757//1462 1755//1462
f 1891//1462 1890//1462 1757//1462
f 1892//1463 1755//1463 1753//1463
f 1892//1463 1891//1463 1755//1463
f 1893//1464 1753//1464 1751//1464
f 1893//1464 1892//1464 1753//1464
f 1894//1465 1751//1465 1749//1465
f 1894//1465 1893//1465 1751//1465
f 1895//1466 1749//1466 1747//1466
f 1895//1467 1747//1467 1745//1467
f 1895//1466 1894//1466 1749//1466
f 1896//1467 1895//1467 1745//1467
f 1897//1468 1745//1468 1743//1468
f 1897//1468 1896//1468 1745//1468
f 1898//1469 1743//1469 1741//1469
f 1898//1469 1897//1469 1743//1469
f 1899//1470 1741//1470 1739//1470
f 1899//1470 1898//1470 1741//1470
f 1900//1471 1739//1471 1737//1471
f 1900//1471 1899//1471 1739//1471
f 1901//1472 1737//1472 1735//1472
f 1901//1472 1900//1472 1737//1472
f 1902//1473 1735//1473 1733//1473
f 1902//1473 1901//1473 1735//1473
f 1903//1474 1733//1474 1731//1474
f 1903//1474 1902//1474 1733//1474
f 1904//1475 1731//1475 1729//1475
f 1904//1475 1903//1475 1731//1475
f 1905//1476 1729//1476 1727//1476
f 1905//1476 1904//1476 1729//1476
f 1906//1477 1727//1477 1725//1477
f 1906//1477 1905//1477 1727//1477
f 1907//1478 1725//1478 1723//1478
f 1907//1478 1906//1478 1725//1478
f 1908//1479 1907//1479 1723//1479
f 1908//1479 1723//1479 1720//1479
f 1909//1480 1908//1480 1720//1480
f 1909//1480 1720//1480 1718//1480
f 1910//1481 1909//1481 1718//1481
f 1910//1481 1718//1481 1716//1481
f 1911//1482 1910//1483 1716//1482
f 1911//1482 1716//1482 1714//1482
f 1912//1484 1911//1484 1714//1484
f 1912//1484 1714//1484 1712//1484
f 1913//1485 1912//1485 1712//1485
f 1913//1485 1712//1485 1710//1485
f 1914//1486 1913//1487 1710//1486
f 1914//1486 1710//1486 1708//1486
f 1915//1488 1914//1488 1708//1488
f 1915//1488 1708//1488 1706//1488
f 1916//1489 1915//1489 1706//1489
f 1916//1489 1706//1489 1704//1489
f 1917//1490 1916//1490 1704//1490
f 1917//1490 1704//1490 1702//1490
f 1795//1491 1917//1491 1702//1491
f 1795//1491 1702//1491 1700//1491
f 1918//469 1902//469 1903//469
f 1919//469 1901//469 1902//469
f 1919//469 1902//469 1918//469
f 1920//469 1903//469 1904//469
f 1920//469 1918//469 1903//469
f 1921//469 1900//469 1901//469
f 1921//469 1901//469 1919//469
f 1922//469 1904//469 1905//469
f 1922//469 1920//469 1904//469
f 1923//469 1899//469 1900//469
f 1923//469 1900//469 1921//469
f 1924//469 1905//469 1906//469
f 1924//469 1922//469 1905//469
f 1925//469 1898//469 1899//469
f 1925//469 1899//469 1923//469
f 1926//469 1906//469 1907//469
f 1926//469 1924//469 1906//469
f 1927//469 1897//469 1898//469
f 1927//469 1898//469 1925//469
f 1928//469 1907//469 1908//469
f 1928//469 1926//469 1907//469
f 1929//469 1896//469 1897//469
f 1929//469 1897//469 1927//469
f 1930//469 1908//469 1909//469
f 1930//469 1928//469 1908//469
f 1931//469 1895//469 1896//469
f 1931//469 1896//469 1929//469
f 1932//469 1930//469 1909//469
f 1932//469 1909//469 1910//469
f 1933//469 1895//469 1931//469
f 1933//469 1894//469 1895//469
f 1934//469 1932//469 1910//469
f 1934//469 1910//469 1911//469
f 1935//469 1893//469 1894//469
f 1935//469 1894//469 1933//469
f 1936//469 1911//469 1912//469
f 1936//469 1934//469 1911//469
f 1937//469 1893//469 1935//469
f 1937//469 1892//469 1893//469
f 1938//469 1912//469 1913//469
f 1938//469 1936//469 1912//469
f 1939//469 1892//469 1937//469
f 1939//469 1891//469 1892//469
f 1940//469 1938//469 1913//469
f 1940//469 1913//469 1914//469
f 1941//469 1890//469 1891//469
f 1941//469 1891//469 1939//469
f 1942//469 1940//469 1914//469
f 1942//469 1914//469 1915//469
f 1943//469 1890//469 1941//469
f 1943//469 1889//469 1890//469
f 1944//469 1942//469 1915//469
f 1944//469 1915//469 1916//469
f 1945//469 1888//469 1889//469
f 1945//469 1889//469 1943//469
f 1946//469 1944//469 1916//469
f 1946//469 1916//469 1917//469
f 1947//469 1887//469 1888//469
f 1947//469 1888//469 1945//469
f 1948//469 1917//469 1795//469
f 1948//469 1946//469 1917//469
f 1794//469 1948//469 1795//469
f 1949//469 1886//469 1887//469
f 1949//469 1887//469 1947//469
f 1950//469 1948//469 1794//469
f 1796//469 1950//469 1794//469
f 1951//469 1885//469 1886//469
f 1951//469 1886//469 1949//469
f 1952//469 1950//469 1796//469
f 1797//469 1952//469 1796//469
f 1953//469 1884//469 1885//469
f 1953//469 1885//469 1951//469
f 1954//469 1952//469 1797//469
f 1798//469 1954//469 1797//469
f 1955//469 1883//469 1884//469
f 1955//469 1884//469 1953//469
f 1956//469 1954//469 1798//469
f 1957//469 1883//469 1955//469
f 1882//469 1883//469 1957//469
f 1799//469 1956//469 1798//469
f 1958//469 1956//469 1799//469
f 1959//469 1882//469 1957//469
f 1881//469 1882//469 1959//469
f 1800//469 1958//469 1799//469
f 1960//469 1958//469 1800//469
f 1961//469 1881//469 1959//469
f 1880//469 1881//469 1961//469
f 1801//469 1960//469 1800//469
f 1962//469 1960//469 1801//469
f 1963//469 1880//469 1961//469
f 1879//469 1880//469 1963//469
f 1802//469 1962//469 1801//469
f 1964//469 1962//469 1802//469
f 1965//469 1879//469 1963//469
f 1878//469 1879//469 1965//469
f 1803//469 1964//469 1802//469
f 1966//469 1964//469 1803//469
f 1967//469 1878//469 1965//469
f 1877//469 1878//469 1967//469
f 1804//469 1966//469 1803//469
f 1968//469 1966//469 1804//469
f 1969//469 1877//469 1967//469
f 1876//469 1877//469 1969//469
f 1805//469 1968//469 1804//469
f 1970//469 1968//469 1805//469
f 1971//469 1876//469 1969//469
f 1875//469 1876//469 1971//469
f 1806//469 1970//469 1805//469
f 1972//469 1970//469 1806//469
f 1973//469 1875//469 1971//469
f 1874//469 1875//469 1973//469
f 1807//469 1972//469 1806//469
f 1974//469 1972//469 1807//469
f 1975//469 1874//469 1973//469
f 1873//469 1874//469 1975//469
f 1808//469 1974//469 1807//469
f 1976//469 1974//469 1808//469
f 1977//469 1873//469 1975//469
f 1872//469 1873//469 1977//469
f 1809//469 1976//469 1808//469
f 1978//469 1976//469 1809//469
f 1979//469 1872//469 1977//469
f 1871//469 1872//469 1979//469
f 1810//469 1978//469 1809//469
f 1980//469 1978//469 1810//469
f 1981//469 1871//469 1979//469
f 1870//469 1871//469 1981//469
f 1811//469 1980//469 1810//469
f 1982//469 1980//469 1811//469
f 1983//469 1870//469 1981//469
f 1869//469 1870//469 1983//469
f 1812//469 1982//469 1811//469
f 1984//469 1982//469 1812//469
f 1985//469 1869//469 1983//469
f 1868//469 1869//469 1985//469
f 1813//469 1984//469 1812//469
f 1986//469 1984//469 1813//469
f 1987//469 1868//469 1985//469
f 1867//469 1868//469 1987//469
f 1814//469 1986//469 1813//469
f 1988//469 1986//469 1814//469
f 1989//469 1867//469 1987//469
f 1866//469 1867//469 1989//469
f 1815//469 1988//469 1814//469
f 1990//469 1988//469 1815//469
f 1991//469 1866//469 1989//469
f 1865//469 1866//469 1991//469
f 1816//469 1990//469 1815//469
f 1992//469 1990//469 1816//469
f 1993//469 1865//469 1991//469
f 1864//469 1865//469 1993//469
f 1817//469 1992//469 1816//469
f 1994//469 1992//469 1817//469
f 1995//469 1864//469 1993//469
f 1863//469 1864//469 1995//469
f 1818//469 1994//469 1817//469
f 1996//469 1994//469 1818//469
f 1997//469 1863//469 1995//469
f 1862//469 1863//469 1997//469
f 1819//469 1996//469 1818//469
f 1998//469 1996//469 1819//469
f 1999//469 1862//469 1997//469
f 1861//469 1862//469 1999//469
f 1820//469 1998//469 1819//469
f 2000//469 1998//469 1820//469
f 2001//469 1861//469 1999//469
f 1860//469 1861//469 2001//469
f 1821//469 2002//469 2000//469
f 1821//469 2000//469 1820//469
f 2003//469 1860//469 2001//469
f 1859//469 1860//469 2003//469
f 1822//469 2004//469 2002//469
f 1822//469 2002//469 1821//469
f 2005//469 1859//469 2003//469
f 1823//469 2006//469 2004//469
f 1823//469 2004//469 1822//469
f 1858//469 1859//469 2005//469
f 2007//469 1858//469 2005//469
f 1857//469 1858//469 2007//469
f 1824//469 2008//469 2006//469
f 1824//469 2006//469 1823//469
f 2009//469 1857//469 2007//469
f 1825//469 2008//469 1824//469
f 1825//469 2010//469 2008//469
f 1856//469 1857//469 2009//469
f 1826//469 2011//469 2010//469
f 1826//469 2010//469 1825//469
f 1855//469 1856//469 2009//469
f 1855//469 2009//469 2012//469
f 1827//469 2013//469 2011//469
f 1827//469 2011//469 1826//469
f 1854//469 1855//469 2012//469
f 1854//469 2012//469 2014//469
f 1828//469 2015//469 2013//469
f 1828//469 2013//469 1827//469
f 1853//469 1854//469 2014//469
f 1853//469 2014//469 2016//469
f 1829//469 2017//469 2015//469
f 1829//469 2015//469 1828//469
f 1852//469 2016//469 2018//469
f 1852//469 1853//469 2016//469
f 1830//469 2019//469 2017//469
f 1830//469 2017//469 1829//469
f 1851//469 2018//469 2020//469
f 1851//469 1852//469 2018//469
f 1831//469 2021//469 2019//469
f 1831//469 2019//469 1830//469
f 1850//469 2020//469 2022//469
f 1850//469 1851//469 2020//469
f 1832//469 2023//469 2021//469
f 1832//469 2021//469 1831//469
f 1849//469 2022//469 2024//469
f 1849//469 1850//469 2022//469
f 1833//469 2025//469 2023//469
f 1833//469 2023//469 1832//469
f 1848//469 2024//469 2026//469
f 1848//469 1849//469 2024//469
f 1834//469 2027//469 2025//469
f 1834//469 2025//469 1833//469
f 1847//469 2026//469 2028//469
f 1847//469 1848//469 2026//469
f 1835//469 2029//469 2027//469
f 1835//469 2027//469 1834//469
f 1846//469 2028//469 2030//469
f 1846//469 1847//469 2028//469
f 1836//469 2029//469 1835//469
f 1836//469 2031//469 2029//469
f 1845//469 1846//469 2030//469
f 1845//469 2030//469 2032//469
f 1837//469 2033//469 2031//469
f 1837//469 2031//469 1836//469
f 1844//469 1845//469 2032//469
f 1844//469 2032//469 2034//469
f 1838//469 2033//469 1837//469
f 1838//469 2035//469 2033//469
f 1843//469 1844//469 2034//469
f 1843//469 2034//469 2036//469
f 1839//469 2035//469 1838//469
f 1839//469 2037//469 2035//469
f 1842//469 1843//469 2036//469
f 1842//469 2036//469 2038//469
f 1840//469 2037//469 1839//469
f 1840//469 2039//469 2037//469
f 1841//469 2038//469 2039//469
f 1841//469 1842//469 2038//469
f 1841//469 2039//469 1840//469
f 2040//1492 2041//1492 2042//1492
f 1946//1492 1948//1492 2043//1492
f 2040//1493 2044//1493 2041//1493
f 1948//1493 1950//1493 2043//1493
f 2045//1494 2043//1495 2040//1496
f 2045//1494 2040//1496 2042//1497
f 2045//1498 2042//1498 2046//1498
f 2047//1499 1944//1499 1946//1499
f 2047//1500 1946//1501 2043//1495
f 2047//1500 2043//1495 2045//1494
f 2048//1502 2049//1503 2050//1504
f 2048//1505 2046//1505 2049//1505
f 2048//1506 2045//1507 2046//1508
f 2051//1509 2045//1507 2048//1506
f 2051//1510 1940//1511 1942//1512
f 2051//1509 2047//1513 2045//1507
f 2051//1514 1942//1514 1944//1514
f 2051//1509 1944//1515 2047//1513
f 2052//1516 2048//1502 2050//1504
f 2052//1517 2050//1517 2053//1517
f 2054//1518 2051//1510 2048//1502
f 2054//1519 1938//1519 1940//1519
f 2054//1518 2048//1502 2052//1516
f 2054//1518 1940//1511 2051//1510
f 2055//1520 2054//1521 2052//1522
f 2055//1520 2052//1522 2053//1523
f 2055//1524 2053//1524 2056//1524
f 2057//1525 2054//1521 2055//1520
f 2057//1525 1938//1526 2054//1521
f 2057//1527 1936//1527 1938//1527
f 2058//1528 2059//1528 2060//1528
f 2058//1529 2056//1530 2059//1531
f 2058//1529 2055//1532 2056//1530
f 2061//1533 2055//1532 2058//1529
f 2061//1534 1932//1534 1934//1534
f 2061//1533 1934//1535 1936//1536
f 2061//1533 1936//1536 2057//1537
f 2061//1533 2057//1537 2055//1532
f 2062//1538 2058//1539 2060//1540
f 2062//1541 2060//1541 2063//1541
f 2064//1542 2061//1543 2058//1539
f 2064//1544 1930//1544 1932//1544
f 2064//1542 2058//1539 2062//1538
f 2064//1542 1932//1545 2061//1543
f 2065//1546 2062//1547 2063//1548
f 2065//1549 2066//1550 2067//1551
f 2065//1552 2063//1552 2066//1552
f 2068//1553 2062//1547 2065//1546
f 2068//1553 2064//1554 2062//1547
f 2068//1553 1930//1555 2064//1554
f 2068//1556 1926//1557 1928//1558
f 2068//1559 1928//1559 1930//1559
f 2069//1560 2067//1560 2070//1560
f 2069//1561 2068//1556 2065//1549
f 2069//1561 2065//1549 2067//1551
f 2071//1562 2068//1556 2069//1561
f 2071//1563 1924//1563 1926//1563
f 2071//1562 1926//1557 2068//1556
f 2072//1564 2069//1565 2070//1566
f 2072//1567 2070//1567 2073//1567
f 2074//1568 2069//1565 2072//1564
f 2074//1568 2071//1569 2069//1565
f 2074//1570 1922//1570 1924//1570
f 2074//1568 1924//1571 2071//1569
f 2075//1572 2074//1573 2072//1574
f 2075//1572 2072//1574 2073//1575
f 2075//1576 2076//1576 2077//1576
f 2075//1572 2073//1575 2076//1577
f 2078//1578 1918//1578 1920//1578
f 2078//1579 1920//1580 1922//1581
f 2078//1579 1922//1581 2074//1573
f 2078//1579 2074//1573 2075//1572
f 2079//1582 2077//1582 2080//1582
f 2079//1583 2075//1584 2077//1585
f 2081//1586 2075//1584 2079//1583
f 2081//1587 1919//1587 1918//1587
f 2081//1586 2078//1588 2075//1584
f 2081//1586 1918//1589 2078//1588
f 2082//1590 2083//1590 2084//1590
f 2082//1591 2080//1592 2083//1593
f 2082//1591 2079//1594 2080//1592
f 2085//1595 1923//1595 1921//1595
f 2085//1596 1921//1597 1919//1598
f 2085//1596 2079//1594 2082//1591
f 2085//1596 1919//1598 2081//1599
f 2085//1596 2081//1599 2079//1594
f 2086//1600 2085//1601 2082//1602
f 2086//1603 2084//1603 2087//1603
f 2086//1600 2082//1602 2084//1604
f 2088//1605 1925//1605 1923//1605
f 2088//1606 1923//1607 2085//1601
f 2088//1606 2085//1601 2086//1600
f 2089//1608 2090//1609 2091//1610
f 2089//1611 2087//1611 2090//1611
f 2089//1612 2086//1613 2087//1614
f 2092//1615 1929//1616 1927//1617
f 2092//1618 1927//1618 1925//1618
f 2092//1619 2086//1613 2089//1612
f 2092//1619 2088//1620 2086//1613
f 2092//1619 1925//1621 2088//1620
f 2093//1622 2089//1608 2091//1610
f 2093//1623 2091//1623 2094//1623
f 2095//1624 1929//1616 2092//1615
f 2095//1625 1931//1625 1929//1625
f 2095//1624 2092//1615 2089//1608
f 2095//1624 2089//1608 2093//1622
f 2096//1626 2094//1626 2097//1626
f 2096//1627 2093//1628 2094//1629
f 2098//1630 2093//1628 2096//1627
f 2098//1631 1933//1631 1931//1631
f 2098//1630 1931//1632 2095//1633
f 2098//1630 2095//1633 2093//1628
f 2099//1634 2096//1635 2097//1636
f 2099//1637 2100//1637 2101//1637
f 2099//1634 2097//1636 2100//1638
f 2102//1639 1937//1639 1935//1639
f 2102//1640 1935//1641 1933//1642
f 2102//1640 2096//1635 2099//1634
f 2102//1640 1933//1642 2098//1643
f 2102//1640 2098//1643 2096//1635
f 2103//1644 2101//1644 2104//1644
f 2103//1645 2099//1646 2101//1647
f 2103//1645 2102//1648 2099//1646
f 2105//1649 1939//1649 1937//1649
f 2105//1650 1937//1651 2102//1648
f 2105//1650 2102//1648 2103//1645
f 2106//1652 2107//1653 2108//1654
f 2106//1655 2104//1655 2107//1655
f 2106//1656 2103//1657 2104//1658
f 2109//1659 1943//1660 1941//1661
f 2109//1662 1941//1662 1939//1662
f 2109//1663 2105//1664 2103//1657
f 2109//1663 1939//1665 2105//1664
f 2109//1663 2103//1657 2106//1656
f 2110//1666 2109//1659 2106//1652
f 2110//1667 2108//1667 2111//1667
f 2110//1666 2106//1652 2108//1654
f 2112//1668 1945//1668 1943//1668
f 2112//1669 1943//1660 2109//1659
f 2112//1669 2109//1659 2110//1666
f 2113//1670 2111//1670 2114//1670
f 2113//1671 2112//1672 2110//1673
f 2113//1671 2110//1673 2111//1674
f 2115//1675 1945//1676 2112//1672
f 2115//1677 1947//1677 1945//1677
f 2115//1675 2112//1672 2113//1671
f 2116//1678 2117//1678 2118//1678
f 2116//1679 2114//1680 2117//1681
f 2116//1679 2113//1682 2114//1680
f 2119//1683 1947//1684 2115//1683
f 2119//1685 1951//1685 1949//1685
f 2119//1683 1949//1684 1947//1684
f 2119//1683 2113//1682 2116//1679
f 2119//1683 2115//1683 2113//1682
f 2120//1686 2116//1687 2118//1688
f 2120//1689 2118//1689 2121//1689
f 2122//1690 2116//1687 2120//1686
f 2122//1690 2119//1691 2116//1687
f 2122//1692 1953//1692 1951//1692
f 2122//1690 1951//1693 2119//1691
f 2123//1694 2120//1695 2121//1696
f 2123//1697 2124//1697 2125//1697
f 2123//1694 2121//1696 2124//1698
f 2123//1694 2122//1699 2120//1695
f 2126//1700 1957//1700 1955//1700
f 2126//1701 1955//1702 1953//1703
f 2126//1701 2122//1699 2123//1694
f 2126//1701 1953//1703 2122//1699
f 2127//1704 2123//1705 2125//1706
f 2127//1707 2125//1707 2128//1707
f 2129//1708 1959//1708 1957//1708
f 2129//1709 2123//1705 2127//1704
f 2129//1709 2126//1710 2123//1705
f 2129//1709 1957//1711 2126//1710
f 2130//1712 2131//1713 2132//1714
f 2130//1715 2128//1715 2131//1715
f 2130//1716 2127//1717 2128//1718
f 2133//1719 1963//1720 1961//1721
f 2133//1722 1961//1722 1959//1722
f 2133//1723 1959//1724 2129//1725
f 2133//1723 2127//1717 2130//1716
f 2133//1723 2129//1725 2127//1717
f 2134//1726 2132//1726 2135//1726
f 2134//1727 2130//1712 2132//1714
f 2136//1728 1965//1728 1963//1728
f 2136//1729 2130//1712 2134//1727
f 2136//1729 1963//1720 2133//1719
f 2136//1729 2133//1719 2130//1712
f 2137//1730 2135//1730 2138//1730
f 2137//1731 2134//1732 2135//1733
f 2137//1731 2136//1734 2134//1732
f 2139//1735 1967//1735 1965//1735
f 2139//1736 2136//1734 2137//1731
f 2139//1736 1965//1737 2136//1734
f 2140//1738 2141//1738 2142//1738
f 2140//1739 2138//1740 2141//1741
f 2140//1739 2137//1742 2138//1740
f 2143//1743 1971//1743 1969//1743
f 2143//1744 1969//1745 1967//1746
f 2143//1744 2137//1742 2140//1739
f 2143//1744 2139//1747 2137//1742
f 2143//1744 1967//1746 2139//1747
f 2144//1748 2142//1748 2145//1748
f 2144//1749 2140//1750 2142//1751
f 2144//1749 2143//1752 2140//1750
f 2146//1753 1973//1753 1971//1753
f 2146//1754 2143//1752 2144//1749
f 2146//1754 1971//1755 2143//1752
f 2147//1756 2148//1757 2149//1758
f 2147//1759 2145//1759 2148//1759
f 2147//1760 2144//1761 2145//1762
f 2150//1763 1977//1764 1975//1765
f 2150//1766 1975//1766 1973//1766
f 2150//1767 2144//1761 2147//1760
f 2150//1767 1973//1768 2146//1769
f 2150//1767 2146//1769 2144//1761
f 2151//1770 2147//1756 2149//1758
f 2151//1771 2149//1771 2152//1771
f 2151//1770 2150//1763 2147//1756
f 2153//1772 1979//1772 1977//1772
f 2153//1773 1977//1764 2150//1763
f 2153//1773 2150//1763 2151//1770
f 2154//1774 2155//1775 2156//1776
f 2154//1777 2152//1777 2155//1777
f 2154//1778 2151//1779 2152//1780
f 2157//1781 1979//1782 2153//1783
f 2157//1781 2151//1779 2154//1778
f 2157//1781 2153//1783 2151//1779
f 2157//1784 1983//1785 1981//1786
f 2157//1787 1981//1787 1979//1787
f 2158//1788 2156//1788 2159//1788
f 2158//1789 2154//1774 2156//1776
f 2160//1790 1983//1785 2157//1784
f 2160//1790 2157//1784 2154//1774
f 2160//1790 2154//1774 2158//1789
f 2160//1791 1985//1791 1983//1791
f 2161//1792 2159//1792 2162//1792
f 2161//1793 2158//1794 2159//1795
f 2161//1793 2160//1796 2158//1794
f 2163//1797 2160//1796 2161//1793
f 2163//1797 1985//1798 2160//1796
f 2163//1799 1987//1799 1985//1799
f 2164//1800 2161//1801 2162//1802
f 2164//1803 2165//1803 2166//1803
f 2164//1800 2162//1802 2165//1804
f 2167//1805 1987//1806 2163//1807
f 2167//1805 2163//1807 2161//1801
f 2167//1805 2161//1801 2164//1800
f 2167//1808 1991//1808 1989//1808
f 2167//1805 1989//1809 1987//1806
f 2168//1810 2166//1810 2169//1810
f 2168//1811 2164//1812 2166//1813
f 2170//1814 2164//1812 2168//1811
f 2170//1815 1993//1815 1991//1815
f 2170//1814 1991//1816 2167//1817
f 2170//1814 2167//1817 2164//1812
f 2171//1818 2172//1819 2173//1820
f 2171//1821 2169//1821 2172//1821
f 2171//1822 2168//1823 2169//1824
f 2174//1825 1993//1826 2170//1827
f 2174//1825 2170//1827 2168//1823
f 2174//1825 2168//1823 2171//1822
f 2174//1828 1997//1829 1995//1830
f 2174//1831 1995//1831 1993//1831
f 2175//1832 2173//1832 2176//1832
f 2175//1833 2171//1818 2173//1820
f 2177//1834 1997//1829 2174//1828
f 2177//1834 2171//1818 2175//1833
f 2177//1834 2174//1828 2171//1818
f 2177//1835 1999//1835 1997//1835
f 2178//1836 2176//1836 2179//1836
f 2178//1837 2175//1838 2176//1839
f 2180//1840 2175//1838 2178//1837
f 2180//1840 2177//1841 2175//1838
f 2180//1842 2001//1842 1999//1842
f 2180//1840 1999//1843 2177//1841
f 2181//1844 2182//1844 2183//1844
f 2181//1845 2179//1846 2182//1847
f 2181//1845 2178//1848 2179//1846
f 2184//1849 2001//1850 2180//1851
f 2184//1849 2178//1848 2181//1845
f 2184//1849 2180//1851 2178//1848
f 2184//1852 2005//1852 2003//1852
f 2184//1849 2003//1853 2001//1850
f 2185//1854 2183//1854 2186//1854
f 2185//1855 2184//1856 2181//1857
f 2185//1855 2181//1857 2183//1858
f 2187//1859 2184//1856 2185//1855
f 2187//1859 2005//1860 2184//1856
f 2187//1861 2007//1861 2005//1861
f 2188//1862 2186//1862 2189//1862
f 2188//1863 2189//1863 2190//1863
f 2188//1864 2185//1865 2186//1866
f 2191//1867 2185//1865 2188//1864
f 2191//1867 2007//1868 2187//1869
f 2191//1863 2012//1863 2009//1863
f 2191//1862 2009//1862 2007//1862
f 2191//1867 2187//1869 2185//1865
f 2192//1870 2190//1870 2193//1870
f 2192//1871 2188//1872 2190//1873
f 2194//1874 2191//1875 2188//1872
f 2194//1874 2188//1872 2192//1871
f 2194//1874 2012//1876 2191//1875
f 2194//1877 2014//1877 2012//1877
f 2195//1878 2192//1879 2193//1880
f 2195//1881 2196//1882 2197//1883
f 2195//1884 2193//1884 2196//1884
f 2198//1885 2192//1879 2195//1878
f 2198//1885 2194//1886 2192//1879
f 2198//1885 2014//1887 2194//1886
f 2198//1888 2018//1889 2016//1890
f 2198//1891 2016//1891 2014//1891
f 2199//1892 2197//1892 2200//1892
f 2199//1893 2195//1881 2197//1883
f 2201//1894 2018//1889 2198//1888
f 2201//1894 2198//1888 2195//1881
f 2201//1894 2195//1881 2199//1893
f 2201//1895 2020//1895 2018//1895
f 2202//1896 2200//1896 2203//1896
f 2202//1897 2199//1898 2200//1899
f 2204//1900 2201//1901 2199//1898
f 2204//1900 2199//1898 2202//1897
f 2204//1900 2020//1902 2201//1901
f 2204//1903 2022//1903 2020//1903
f 2205//1904 2206//1904 2207//1904
f 2205//1905 2203//1906 2206//1907
f 2205//1905 2202//1908 2203//1906
f 2205//1905 2204//1909 2202//1908
f 2208//1910 2204//1909 2205//1905
f 2208//1910 2022//1911 2204//1909
f 2208//1912 2026//1912 2024//1912
f 2208//1910 2024//1913 2022//1911
f 2209//1914 2207//1914 2210//1914
f 2209//1915 2205//1916 2207//1917
f 2211//1918 2205//1916 2209//1915
f 2211//1918 2208//1919 2205//1916
f 2211//1918 2026//1920 2208//1919
f 2211//1921 2028//1921 2026//1921
f 2212//1922 2213//1923 2214//1924
f 2212//1925 2210//1925 2213//1925
f 2212//1926 2209//1927 2210//1928
f 2215//1929 2209//1927 2212//1926
f 2215//1930 2032//1931 2030//1932
f 2215//1933 2030//1933 2028//1933
f 2215//1929 2211//1934 2209//1927
f 2215//1929 2028//1935 2211//1934
f 2216//1936 2214//1936 2217//1936
f 2216//1937 2212//1922 2214//1924
f 2218//1938 2032//1931 2215//1930
f 2218//1939 2034//1939 2032//1939
f 2218//1938 2215//1930 2212//1922
f 2218//1938 2212//1922 2216//1937
f 2219//1940 2217//1940 2220//1940
f 2219//1941 2216//1942 2217//1943
f 2221//1944 2036//1944 2034//1944
f 2221//1945 2218//1946 2216//1942
f 2221//1945 2034//1947 2218//1946
f 2221//1945 2216//1942 2219//1941
f 2222//1948 2223//1948 2224//1948
f 2222//1949 2220//1950 2223//1951
f 2222//1949 2219//1952 2220//1950
f 2225//1953 2036//1954 2221//1955
f 2225//1953 2219//1952 2222//1949
f 2225//1956 2039//1956 2038//1956
f 2225//1953 2038//1957 2036//1954
f 2225//1953 2221//1955 2219//1952
f 2226//1958 2224//1958 2227//1958
f 2226//1959 2222//1960 2224//1961
f 2228//1962 2225//1963 2222//1960
f 2228//1962 2039//1964 2225//1963
f 2228//1962 2222//1960 2226//1959
f 2228//1965 2037//1965 2039//1965
f 2229//1966 2226//1967 2227//1968
f 2229//1969 2230//1969 2231//1969
f 2229//1966 2227//1968 2230//1970
f 2232//1971 2228//1972 2226//1967
f 2232//1971 2037//1973 2228//1972
f 2232//1971 2226//1967 2229//1966
f 2232//1974 2033//1974 2035//1974
f 2232//1971 2035//1975 2037//1973
f 2233//1976 2231//1976 2234//1976
f 2233//1977 2229//1978 2231//1979
f 2235//1980 2232//1981 2229//1978
f 2235//1980 2033//1982 2232//1981
f 2235//1983 2031//1983 2033//1983
f 2235//1980 2229//1978 2233//1977
f 2236//1984 2237//1985 2238//1986
f 2236//1987 2234//1987 2237//1987
f 2236//1988 2233//1989 2234//1990
f 2239//1991 2235//1992 2233//1989
f 2239//1991 2031//1993 2235//1992
f 2239//1994 2027//1995 2029//1996
f 2239//1997 2029//1997 2031//1997
f 2239//1991 2233//1989 2236//1988
f 2240//1998 2238//1998 2241//1998
f 2240//1999 2236//1984 2238//1986
f 2242//2000 2239//1994 2236//1984
f 2242//2000 2027//1995 2239//1994
f 2242//2001 2025//2001 2027//2001
f 2242//2000 2236//1984 2240//1999
f 2243//2002 2240//2003 2241//2004
f 2243//2005 2241//2005 2244//2005
f 2245//2006 2240//2003 2243//2002
f 2245//2006 2242//2007 2240//2003
f 2245//2006 2025//2008 2242//2007
f 2245//2009 2023//2009 2025//2009
f 2246//2010 2245//2011 2243//2012
f 2246//2010 2243//2012 2244//2013
f 2246//2014 2247//2014 2248//2014
f 2246//2010 2244//2013 2247//2015
f 2249//2016 2245//2011 2246//2010
f 2249//2016 2023//2017 2245//2011
f 2249//2018 2019//2018 2021//2018
f 2249//2016 2021//2019 2023//2017
f 2250//2020 2246//2021 2248//2022
f 2250//2023 2248//2023 2251//2023
f 2252//2024 2249//2025 2246//2021
f 2252//2024 2019//2026 2249//2025
f 2252//2027 2017//2027 2019//2027
f 2252//2024 2246//2021 2250//2020
f 2253//2028 2250//2029 2251//2030
f 2253//2031 2254//2032 2255//2033
f 2253//2034 2251//2034 2254//2034
f 2256//2035 2250//2029 2253//2028
f 2256//2035 2252//2036 2250//2029
f 2256//2035 2017//2037 2252//2036
f 2256//2038 2013//2039 2015//2040
f 2256//2041 2015//2041 2017//2041
f 2257//2042 2253//2031 2255//2033
f 2257//2043 2255//2043 2258//2043
f 2259//2044 2253//2031 2257//2042
f 2259//2044 2256//2038 2253//2031
f 2259//2045 2011//2045 2013//2045
f 2259//2044 2013//2039 2256//2038
f 2260//2046 2259//2047 2257//2048
f 2260//2046 2257//2048 2258//2049
f 2260//2050 2258//2050 2261//2050
f 2262//2051 2259//2047 2260//2046
f 2262//2052 2010//2052 2011//2052
f 2262//2051 2011//2053 2259//2047
f 2263//2054 2260//2055 2261//2056
f 2263//2057 2264//2057 2265//2057
f 2263//2054 2261//2056 2264//2056
f 2266//2058 2262//2058 2260//2055
f 2266//2059 2006//2059 2008//2059
f 2266//2058 2008//2060 2010//2060
f 2266//2058 2260//2055 2263//2054
f 2266//2058 2010//2060 2262//2058
f 2267//2061 2263//2062 2265//2063
f 2267//2064 2265//2064 2268//2064
f 2269//2065 2266//2066 2263//2062
f 2269//2065 2263//2062 2267//2061
f 2269//2067 2004//2067 2006//2067
f 2269//2065 2006//2068 2266//2066
f 2270//2069 2267//2070 2268//2071
f 2270//2072 2271//2072 2272//2072
f 2270//2069 2268//2071 2271//2073
f 2273//2074 2267//2070 2270//2069
f 2273//2074 2269//2075 2267//2070
f 2273//2076 2000//2076 2002//2076
f 2273//2074 2002//2077 2004//2078
f 2273//2074 2004//2078 2269//2075
f 2274//2079 2272//2079 2275//2079
f 2274//2080 2270//2081 2272//2082
f 2276//2083 2270//2081 2274//2080
f 2276//2083 2273//2084 2270//2081
f 2276//2085 1998//2085 2000//2085
f 2276//2083 2000//2086 2273//2084
f 2277//2087 2278//2088 2279//2089
f 2277//2090 2275//2090 2278//2090
f 2277//2091 2274//2092 2275//2093
f 2280//2094 1994//2095 1996//2096
f 2280//2097 1996//2097 1998//2097
f 2280//2098 2276//2099 2274//2092
f 2280//2098 1998//2100 2276//2099
f 2280//2098 2274//2092 2277//2091
f 2281//2101 2277//2087 2279//2089
f 2281//2102 2279//2102 2282//2102
f 2283//2103 1994//2095 2280//2094
f 2283//2103 2280//2094 2277//2087
f 2283//2104 1992//2104 1994//2104
f 2283//2103 2277//2087 2281//2101
f 2284//2105 2281//2106 2282//2107
f 2284//2108 2282//2108 2285//2108
f 2286//2109 2281//2106 2284//2105
f 2286//2109 1992//2110 2283//2111
f 2286//2112 1990//2112 1992//2112
f 2286//2109 2283//2111 2281//2106
f 2287//2113 2284//2114 2285//2115
f 2287//2116 2288//2116 2289//2116
f 2287//2113 2285//2115 2288//2117
f 2290//2118 2286//2119 2284//2114
f 2290//2118 1990//2120 2286//2119
f 2290//2121 1986//2121 1988//2121
f 2290//2118 1988//2122 1990//2120
f 2290//2118 2284//2114 2287//2113
f 2291//2123 2287//2124 2289//2125
f 2291//2126 2289//2126 2292//2126
f 2293//2127 2287//2124 2291//2123
f 2293//2127 1986//2128 2290//2129
f 2293//2130 1984//2130 1986//2130
f 2293//2127 2290//2129 2287//2124
f 2294//2131 2291//2132 2292//2133
f 2294//2134 2295//2135 2296//2136
f 2294//2137 2292//2137 2295//2137
f 2297//2138 2291//2132 2294//2131
f 2297//2138 1984//2139 2293//2140
f 2297//2141 1980//2142 1982//2143
f 2297//2144 1982//2144 1984//2144
f 2297//2138 2293//2140 2291//2132
f 2298//2145 2294//2134 2296//2136
f 2298//2146 2296//2146 2299//2146
f 2300//2147 2294//2134 2298//2145
f 2300//2147 1980//2142 2297//2141
f 2300//2148 1978//2148 1980//2148
f 2300//2147 2297//2141 2294//2134
f 2301//2149 2298//2150 2299//2151
f 2301//2152 2302//2153 2303//2154
f 2301//2155 2299//2155 2302//2155
f 2304//2156 2298//2150 2301//2149
f 2304//2156 1978//2157 2300//2158
f 2304//2159 1974//2160 1976//2161
f 2304//2162 1976//2162 1978//2162
f 2304//2156 2300//2158 2298//2150
f 2305//2163 2301//2152 2303//2154
f 2305//2164 2303//2164 2306//2164
f 2307//2165 1972//2165 1974//2165
f 2307//2166 1974//2160 2304//2159
f 2307//2166 2301//2152 2305//2163
f 2307//2166 2304//2159 2301//2152
f 2308//2167 2305//2168 2306//2169
f 2308//2167 2307//2170 2305//2168
f 2308//2171 2306//2171 2309//2171
f 2310//2172 1972//2173 2307//2170
f 2310//2174 1970//2174 1972//2174
f 2310//2172 2307//2170 2308//2167
f 2311//2175 2308//2176 2309//2177
f 2311//2178 2312//2178 2313//2178
f 2311//2175 2309//2177 2312//2179
f 2314//2180 2308//2176 2311//2175
f 2314//2181 1966//2181 1968//2181
f 2314//2180 1968//2182 1970//2183
f 2314//2180 1970//2183 2310//2184
f 2314//2180 2310//2184 2308//2176
f 2315//2185 2311//2186 2313//2187
f 2315//2188 2313//2188 2316//2188
f 2317//2189 1964//2189 1966//2189
f 2317//2190 1966//2191 2314//2192
f 2317//2190 2314//2192 2311//2186
f 2317//2190 2311//2186 2315//2185
f 2318//2193 2315//2194 2316//2195
f 2318//2196 2319//2197 2320//2198
f 2318//2199 2316//2199 2319//2199
f 2321//2200 1960//2201 1962//2202
f 2321//2203 1962//2203 1964//2203
f 2321//2204 2317//2205 2315//2194
f 2321//2204 2315//2194 2318//2193
f 2321//2204 1964//2206 2317//2205
f 2322//2207 2318//2196 2320//2198
f 2322//2208 2320//2208 2323//2208
f 2324//2209 1960//2201 2321//2200
f 2324//2209 2318//2196 2322//2207
f 2324//2210 1958//2210 1960//2210
f 2324//2209 2321//2200 2318//2196
f 2325//2211 2323//2211 2326//2211
f 2325//2212 2322//2213 2323//2214
f 2327//2215 2324//2216 2322//2213
f 2327//2217 1956//2217 1958//2217
f 2327//2215 2322//2213 2325//2212
f 2327//2215 1958//2218 2324//2216
f 2328//2219 2329//2219 2330//2219
f 2328//2220 2326//2221 2329//2222
f 2328//2220 2325//2223 2326//2221
f 2331//2224 1952//2224 1954//2224
f 2331//2225 1954//2226 1956//2227
f 2331//2225 1956//2227 2327//2228
f 2331//2225 2327//2228 2325//2223
f 2331//2225 2325//2223 2328//2220
f 2332//2229 2044//2230 2040//2231
f 2332//2232 2328//2233 2330//2234
f 2332//2235 2330//2235 2044//2235
f 2333//2236 2040//2231 2043//2237
f 2333//2238 1950//2238 1952//2238
f 2333//2236 2043//2237 1950//2239
f 2333//2236 2332//2229 2040//2231
f 2333//2240 1952//2241 2331//2242
f 2333//2240 2331//2242 2328//2233
f 2333//2240 2328//2233 2332//2232
f 2299//133 2334//133 2335//133
f 2296//133 2334//133 2299//133
f 2296//133 2336//133 2334//133
f 2302//133 2299//133 2335//133
f 2302//133 2335//133 2337//133
f 2295//133 2336//133 2296//133
f 2295//133 2338//133 2336//133
f 2303//133 2302//133 2337//133
f 2303//133 2337//133 2339//133
f 2292//133 2338//133 2295//133
f 2292//133 2340//133 2338//133
f 2306//133 2339//133 2341//133
f 2306//133 2303//133 2339//133
f 2289//133 2342//133 2340//133
f 2289//133 2340//133 2292//133
f 2309//133 2306//133 2341//133
f 2309//133 2341//133 2343//133
f 2288//133 2344//133 2342//133
f 2288//133 2342//133 2289//133
f 2312//133 2309//133 2343//133
f 2312//133 2343//133 2345//133
f 2285//133 2344//133 2288//133
f 2285//133 2346//133 2344//133
f 2313//133 2345//133 2347//133
f 2313//133 2312//133 2345//133
f 2282//133 2346//133 2285//133
f 2282//133 2348//133 2346//133
f 2316//133 2347//133 2349//133
f 2316//133 2313//133 2347//133
f 2279//133 2348//133 2282//133
f 2279//133 2350//133 2348//133
f 2319//133 2349//133 2351//133
f 2319//133 2316//133 2349//133
f 2278//133 2350//133 2279//133
f 2278//133 2352//133 2350//133
f 2320//133 2319//133 2351//133
f 2320//133 2351//133 2353//133
f 2275//133 2352//133 2278//133
f 2275//133 2354//133 2352//133
f 2323//133 2320//133 2353//133
f 2323//133 2353//133 2355//133
f 2272//133 2354//133 2275//133
f 2272//133 2356//133 2354//133
f 2326//133 2355//133 2357//133
f 2326//133 2323//133 2355//133
f 2271//133 2356//133 2272//133
f 2271//133 2358//133 2356//133
f 2329//133 2326//133 2357//133
f 2329//133 2357//133 2359//133
f 2268//133 2358//133 2271//133
f 2268//133 2360//133 2358//133
f 2330//133 2329//133 2359//133
f 2330//133 2359//133 2361//133
f 2265//133 2360//133 2268//133
f 2265//133 2362//133 2360//133
f 2044//133 2330//133 2361//133
f 2044//133 2361//133 2363//133
f 2264//133 2362//133 2265//133
f 2264//133 2364//133 2362//133
f 2041//133 2363//133 2365//133
f 2041//133 2044//133 2363//133
f 2366//133 2041//133 2365//133
f 2261//133 2364//133 2264//133
f 2261//133 2367//133 2364//133
f 2042//133 2041//133 2366//133
f 2368//133 2042//133 2366//133
f 2258//133 2367//133 2261//133
f 2258//133 2369//133 2367//133
f 2046//133 2042//133 2368//133
f 2370//133 2046//133 2368//133
f 2255//133 2369//133 2258//133
f 2255//133 2371//133 2369//133
f 2049//133 2046//133 2370//133
f 2372//133 2049//133 2370//133
f 2254//133 2371//133 2255//133
f 2254//133 2373//133 2371//133
f 2050//133 2049//133 2372//133
f 2251//133 2373//133 2254//133
f 2374//133 2050//133 2372//133
f 2375//133 2373//133 2251//133
f 2053//133 2050//133 2374//133
f 2248//133 2375//133 2251//133
f 2376//133 2053//133 2374//133
f 2377//133 2375//133 2248//133
f 2056//133 2053//133 2376//133
f 2247//133 2377//133 2248//133
f 2378//133 2056//133 2376//133
f 2379//133 2377//133 2247//133
f 2059//133 2056//133 2378//133
f 2244//133 2379//133 2247//133
f 2380//133 2059//133 2378//133
f 2381//133 2379//133 2244//133
f 2060//133 2059//133 2380//133
f 2241//133 2381//133 2244//133
f 2382//133 2060//133 2380//133
f 2383//133 2381//133 2241//133
f 2063//133 2060//133 2382//133
f 2238//133 2383//133 2241//133
f 2384//133 2063//133 2382//133
f 2385//133 2383//133 2238//133
f 2066//133 2063//133 2384//133
f 2237//133 2385//133 2238//133
f 2386//133 2066//133 2384//133
f 2387//133 2385//133 2237//133
f 2067//133 2066//133 2386//133
f 2234//133 2387//133 2237//133
f 2388//133 2067//133 2386//133
f 2389//133 2387//133 2234//133
f 2070//133 2067//133 2388//133
f 2231//133 2389//133 2234//133
f 2390//133 2389//133 2231//133
f 2391//133 2070//133 2388//133
f 2073//133 2070//133 2391//133
f 2230//133 2390//133 2231//133
f 2392//133 2390//133 2230//133
f 2393//133 2073//133 2391//133
f 2076//133 2073//133 2393//133
f 2227//133 2392//133 2230//133
f 2394//133 2392//133 2227//133
f 2395//133 2076//133 2393//133
f 2077//133 2076//133 2395//133
f 2224//133 2394//133 2227//133
f 2396//133 2394//133 2224//133
f 2397//133 2077//133 2395//133
f 2080//133 2077//133 2397//133
f 2223//133 2396//133 2224//133
f 2398//133 2396//133 2223//133
f 2399//133 2080//133 2397//133
f 2083//133 2080//133 2399//133
f 2220//133 2398//133 2223//133
f 2400//133 2398//133 2220//133
f 2401//133 2083//133 2399//133
f 2084//133 2083//133 2401//133
f 2217//133 2400//133 2220//133
f 2402//133 2400//133 2217//133
f 2403//133 2084//133 2401//133
f 2087//133 2084//133 2403//133
f 2214//133 2402//133 2217//133
f 2404//133 2402//133 2214//133
f 2405//133 2087//133 2403//133
f 2090//133 2087//133 2405//133
f 2213//133 2404//133 2214//133
f 2406//133 2404//133 2213//133
f 2407//133 2090//133 2405//133
f 2091//133 2090//133 2407//133
f 2210//133 2406//133 2213//133
f 2408//133 2406//133 2210//133
f 2409//133 2091//133 2407//133
f 2094//133 2091//133 2409//133
f 2207//133 2408//133 2210//133
f 2410//133 2408//133 2207//133
f 2411//133 2094//133 2409//133
f 2097//133 2094//133 2411//133
f 2206//133 2410//133 2207//133
f 2412//133 2410//133 2206//133
f 2413//133 2097//133 2411//133
f 2100//133 2097//133 2413//133
f 2203//133 2412//133 2206//133
f 2414//133 2412//133 2203//133
f 2415//133 2100//133 2413//133
f 2101//133 2100//133 2415//133
f 2200//133 2414//133 2203//133
f 2416//133 2414//133 2200//133
f 2417//133 2101//133 2415//133
f 2104//133 2101//133 2417//133
f 2197//133 2416//133 2200//133
f 2418//133 2416//133 2197//133
f 2419//133 2107//133 2104//133
f 2419//133 2104//133 2417//133
f 2196//133 2418//133 2197//133
f 2420//133 2418//133 2196//133
f 2421//133 2108//133 2107//133
f 2421//133 2107//133 2419//133
f 2193//133 2420//133 2196//133
f 2422//133 2420//133 2193//133
f 2423//133 2111//133 2108//133
f 2423//133 2108//133 2421//133
f 2190//133 2422//133 2193//133
f 2424//133 2422//133 2190//133
f 2425//133 2111//133 2423//133
f 2425//133 2114//133 2111//133
f 2189//133 2424//133 2190//133
f 2426//133 2114//133 2425//133
f 2426//133 2117//133 2114//133
f 2427//133 2424//133 2189//133
f 2428//133 2117//133 2426//133
f 2428//133 2118//133 2117//133
f 2429//133 2427//133 2189//133
f 2429//133 2189//133 2186//133
f 2430//133 2118//133 2428//133
f 2430//133 2121//133 2118//133
f 2431//133 2186//133 2183//133
f 2431//133 2429//133 2186//133
f 2432//133 2121//133 2430//133
f 2432//133 2124//133 2121//133
f 2433//133 2431//133 2183//133
f 2433//133 2183//133 2182//133
f 2434//133 2124//133 2432//133
f 2434//133 2125//133 2124//133
f 2435//133 2182//133 2179//133
f 2435//133 2433//133 2182//133
f 2436//133 2125//133 2434//133
f 2436//133 2128//133 2125//133
f 2437//133 2435//133 2179//133
f 2437//133 2179//133 2176//133
f 2438//133 2131//133 2128//133
f 2438//133 2128//133 2436//133
f 2439//133 2176//133 2173//133
f 2439//133 2437//133 2176//133
f 2440//133 2132//133 2131//133
f 2440//133 2131//133 2438//133
f 2441//133 2173//133 2172//133
f 2441//133 2439//133 2173//133
f 2442//133 2135//133 2132//133
f 2442//133 2132//133 2440//133
f 2443//133 2172//133 2169//133
f 2443//133 2441//133 2172//133
f 2444//133 2138//133 2135//133
f 2444//133 2135//133 2442//133
f 2445//133 2169//133 2166//133
f 2445//133 2443//133 2169//133
f 2446//133 2141//133 2138//133
f 2446//133 2138//133 2444//133
f 2447//133 2166//133 2165//133
f 2447//133 2445//133 2166//133
f 2448//133 2142//133 2141//133
f 2448//133 2141//133 2446//133
f 2449//133 2165//133 2162//133
f 2449//133 2447//133 2165//133
f 2450//133 2142//133 2448//133
f 2450//133 2145//133 2142//133
f 2451//133 2449//133 2162//133
f 2451//133 2162//133 2159//133
f 2452//133 2145//133 2450//133
f 2452//133 2148//133 2145//133
f 2453//133 2451//133 2159//133
f 2453//133 2159//133 2156//133
f 2454//133 2148//133 2452//133
f 2454//133 2149//133 2148//133
f 2455//133 2453//133 2156//133
f 2455//133 2156//133 2155//133
f 2456//133 2455//133 2155//133
f 2456//133 2155//133 2152//133
f 2457//133 2149//133 2454//133
f 2457//133 2456//133 2152//133
f 2457//133 2152//133 2149//133
f 2458//1360 2459//1360 2365//1360
f 2458//1360 2365//1360 2363//1360
f 2460//1361 2363//1361 2361//1361
f 2460//1361 2458//1361 2363//1361
f 2461//1362 2361//1362 2359//1362
f 2461//1362 2460//1362 2361//1362
f 2462//1363 2359//1363 2357//1363
f 2462//1363 2461//1363 2359//1363
f 2463//1364 2357//1364 2355//1364
f 2463//1364 2462//1364 2357//1364
f 2464//1365 2355//1365 2353//1365
f 2464//1365 2463//1365 2355//1365
f 2465//2243 2353//1366 2351//2243
f 2465//1367 2351//1367 2349//1368
f 2465//2243 2464//1366 2353//1366
f 2466//1368 2465//1367 2349//1368
f 2467//1369 2349//1369 2347//1369
f 2467//1370 2347//1370 2345//1370
f 2467//1369 2466//1369 2349//1369
f 2468//1370 2467//1370 2345//1370
f 2469//1371 2345//1371 2343//1371
f 2469//1371 2468//1371 2345//1371
f 2470//1372 2343//1372 2341//1372
f 2470//1372 2469//1372 2343//1372
f 2471//1373 2470//1373 2341//1373
f 2471//1373 2341//1373 2339//1373
f 2472//1374 2471//1374 2339//1374
f 2472//1374 2339//1374 2337//1374
f 2473//1375 2472//1375 2337//1375
f 2473//1375 2337//1375 2335//1375
f 2474//1376 2473//1376 2335//1376
f 2474//1376 2335//1376 2334//1376
f 2475//1377 2474//1377 2334//1377
f 2475//1377 2334//1377 2336//1377
f 2476//1378 2475//1378 2336//1378
f 2476//1378 2336//1378 2338//1378
f 2476//1379 2338//1379 2340//1379
f 2477//1379 2476//1379 2340//1379
f 2478//1380 2477//1380 2340//1380
f 2478//1380 2340//1380 2342//1380
f 2479//1381 2478//1381 2342//1381
f 2479//1381 2342//1381 2344//1381
f 2479//1382 2344//1382 2346//1382
f 2480//1382 2479//1382 2346//1382
f 2480//1383 2346//1383 2348//1383
f 2481//1383 2480//1383 2348//1383
f 2482//1385 2348//1385 2350//1384
f 2482//1385 2481//1385 2348//1385
f 2483//1386 2350//1386 2352//1386
f 2483//1386 2482//1386 2350//1386
f 2484//1387 2483//1387 2352//1387
f 2484//1387 2352//1387 2354//1387
f 2485//1388 2354//1388 2356//1388
f 2485//1389 2356//1389 2358//1389
f 2485//1388 2484//1388 2354//1388
f 2486//1389 2485//1389 2358//1389
f 2487//1390 2358//1390 2360//1390
f 2487//1390 2486//1390 2358//1390
f 2488//1391 2360//1391 2362//1391
f 2488//1391 2487//1391 2360//1391
f 2489//1392 2362//1392 2364//1392
f 2489//1393 2364//1393 2367//1393
f 2489//1392 2488//1392 2362//1392
f 2490//1394 2367//1394 2369//1394
f 2490//1393 2489//1393 2367//1393
f 2491//1394 2490//1394 2369//1394
f 2492//1395 2369//1395 2371//1395
f 2492//1395 2491//1395 2369//1395
f 2493//1396 2371//1396 2373//1396
f 2493//1397 2373//1397 2375//1397
f 2493//1396 2492//1396 2371//1396
f 2494//1397 2493//1397 2375//1397
f 2495//1398 2375//1398 2377//1398
f 2495//1398 2494//1398 2375//1398
f 2496//1399 2495//1399 2377//1399
f 2496//1399 2377//1399 2379//1399
f 2496//2244 2379//1400 2381//2244
f 2497//2244 2496//2244 2381//2244
f 2498//1401 2497//1401 2381//1401
f 2498//1401 2381//1401 2383//1401
f 2498//1402 2383//1402 2385//1402
f 2499//1402 2498//1402 2385//1402
f 2499//1403 2385//1403 2387//1403
f 2500//1403 2499//1403 2387//1403
f 2501//1404 2500//1404 2387//1404
f 2501//1404 2387//1404 2389//1404
f 2501//1405 2389//1405 2390//1405
f 2502//1405 2501//1405 2390//1405
f 2503//1406 2502//1406 2390//1406
f 2503//1406 2390//1406 2392//1406
f 2504//1407 2503//1407 2392//1407
f 2504//1407 2392//1407 2394//1407
f 2505//1408 2504//1408 2394//1408
f 2505//1408 2394//1408 2396//1408
f 2506//1409 2505//1409 2396//1409
f 2506//1409 2396//1409 2398//1409
f 2506//1410 2398//1410 2400//1410
f 2507//1410 2506//1410 2400//1410
f 2508//1411 2507//1411 2400//1411
f 2508//1411 2400//1411 2402//1411
f 2509//1412 2508//1412 2402//1412
f 2509//1412 2402//1412 2404//1412
f 2509//1413 2404//1413 2406//1413
f 2510//1413 2509//1413 2406//1413
f 2511//1414 2510//1414 2406//1414
f 2511//1414 2406//1414 2408//1414
f 2512//1415 2511//1415 2408//1415
f 2512//1415 2408//1415 2410//1415
f 2513//1416 2512//1417 2410//1417
f 2513//1416 2410//1417 2412//1416
f 2514//1418 2513//2245 2412//2245
f 2514//1418 2412//2245 2414//1418
f 2515//1419 2514//1419 2414//1419
f 2515//1419 2414//1419 2416//1419
f 2516//1420 2416//1420 2418//1420
f 2516//1420 2515//1420 2416//1420
f 2517//1422 2418//1422 2420//1422
f 2517//1422 2516//1422 2418//1422
f 2518//1423 2420//1423 2422//1423
f 2518//1423 2517//1423 2420//1423
f 2519//1424 2422//1424 2424//1424
f 2519//1424 2518//1424 2422//1424
f 2520//1425 2424//1425 2427//1425
f 2520//1425 2519//1425 2424//1425
f 2521//1426 2520//1426 2427//1426
f 2521//1426 2427//1426 2429//1426
f 2522//1427 2521//1427 2429//1427
f 2522//1427 2429//1427 2431//1427
f 2523//1428 2522//1428 2431//1428
f 2523//1428 2431//1428 2433//1428
f 2524//1429 2523//1429 2433//1429
f 2524//1429 2433//1429 2435//1429
f 2525//1430 2524//1430 2435//1430
f 2525//1430 2435//1430 2437//1430
f 2526//1431 2525//1431 2437//1431
f 2526//1431 2437//1431 2439//1431
f 2527//2246 2526//1432 2439//1432
f 2527//2246 2439//1432 2441//2246
f 2528//1434 2527//1433 2441//1433
f 2528//1434 2441//1433 2443//1434
f 2529//1435 2528//1435 2443//1435
f 2529//1435 2443//1435 2445//1435
f 2530//1436 2529//1436 2445//1436
f 2530//1436 2445//1436 2447//1436
f 2531//1437 2530//1437 2447//1437
f 2531//1437 2447//1437 2449//1437
f 2532//1438 2531//1438 2449//1438
f 2532//1438 2449//1438 2451//1438
f 2533//1439 2532//1439 2451//1439
f 2533//1439 2451//1439 2453//1439
f 2534//1440 2533//1440 2453//1440
f 2534//1440 2453//1440 2455//1440
f 2535//1441 2455//1441 2456//1441
f 2535//1441 2534//1441 2455//1441
f 2536//1442 2456//1442 2457//1442
f 2536//1443 2457//1443 2454//1443
f 2536//1442 2535//1442 2456//1442
f 2537//1443 2536//1443 2454//1443
f 2538//1444 2454//1444 2452//1444
f 2538//1445 2452//1445 2450//1445
f 2538//1444 2537//1444 2454//1444
f 2539//1446 2450//1446 2448//1446
f 2539//1445 2538//1445 2450//1445
f 2540//1446 2539//1446 2448//1446
f 2541//1447 2448//1447 2446//1447
f 2541//1448 2446//1448 2444//1448
f 2541//1447 2540//1447 2448//1447
f 2542//1449 2444//1449 2442//1449
f 2542//1448 2541//1448 2444//1448
f 2543//1449 2542//1449 2442//1449
f 2544//1451 2442//1451 2440//1450
f 2544//1451 2543//1451 2442//1451
f 2545//1452 2440//1452 2438//1452
f 2545//1453 2438//1453 2436//1453
f 2545//1452 2544//1452 2440//1452
f 2546//1453 2545//1453 2436//1453
f 2547//1454 2546//1454 2436//1454
f 2547//1454 2436//1454 2434//1454
f 2547//1455 2434//1455 2432//1455
f 2548//1455 2547//1455 2432//1455
f 2549//1456 2548//1456 2432//1456
f 2549//1456 2432//1456 2430//1456
f 2549//1457 2430//1457 2428//1457
f 2550//1457 2549//1457 2428//1457
f 2551//1458 2428//1458 2426//1458
f 2551//1458 2550//1458 2428//1458
f 2552//1459 2426//1459 2425//1459
f 2552//1459 2551//1459 2426//1459
f 2553//1460 2425//1460 2423//1460
f 2553//1460 2552//1460 2425//1460
f 2554//1461 2423//1461 2421//1461
f 2554//1461 2553//1461 2423//1461
f 2555//1462 2421//1462 2419//1462
f 2555//1462 2554//1462 2421//1462
f 2556//1463 2419//1463 2417//1463
f 2556//1463 2555//1463 2419//1463
f 2557//1464 2417//1464 2415//1464
f 2557//1464 2556//1464 2417//1464
f 2558//1465 2415//1465 2413//1465
f 2558//2247 2413//1466 2411//2247
f 2558//1465 2557//1465 2415//1465
f 2559//2247 2558//2247 2411//2247
f 2560//1467 2411//1467 2409//1467
f 2560//1467 2559//1467 2411//1467
f 2561//1468 2409//1468 2407//1468
f 2561//1468 2560//1468 2409//1468
f 2562//1469 2407//1469 2405//1469
f 2562//1469 2561//1469 2407//1469
f 2563//1470 2405//1470 2403//1470
f 2563//1470 2562//1470 2405//1470
f 2564//1471 2403//1471 2401//1471
f 2564//1471 2563//1471 2403//1471
f 2565//1472 2401//1472 2399//1472
f 2565//1473 2399//1473 2397//1473
f 2565//1472 2564//1472 2401//1472
f 2566//1473 2565//1473 2397//1473
f 2567//1474 2397//1474 2395//1474
f 2567//1474 2566//1474 2397//1474
f 2568//1475 2395//1475 2393//1475
f 2568//1475 2567//1475 2395//1475
f 2569//1476 2393//1476 2391//1476
f 2569//1477 2391//1477 2388//1477
f 2569//1476 2568//1476 2393//1476
f 2570//1477 2569//1477 2388//1477
f 2571//1478 2388//1478 2386//1478
f 2571//1479 2386//1479 2384//1479
f 2571//1478 2570//1478 2388//1478
f 2572//1479 2571//1479 2384//1479
f 2573//1480 2572//1480 2384//1480
f 2573//1480 2384//1480 2382//1480
f 2574//1481 2573//1481 2382//1481
f 2574//1481 2382//1481 2380//1481
f 2574//1483 2380//1483 2378//1482
f 2575//1482 2574//1483 2378//1482
f 2575//2248 2378//2248 2376//1484
f 2576//1484 2575//2248 2376//1484
f 2577//1485 2576//1485 2376//1485
f 2577//1485 2376//1485 2374//1485
f 2577//1486 2374//1486 2372//1486
f 2578//1486 2577//1486 2372//1486
f 2579//1488 2578//1488 2372//1488
f 2579//1488 2372//1488 2370//1488
f 2579//1489 2370//1489 2368//1489
f 2580//1489 2579//1489 2368//1489
f 2581//1490 2580//1490 2368//1490
f 2581//1490 2368//1490 2366//1490
f 2581//1491 2366//1491 2365//1491
f 2459//1491 2581//1491 2365//1491
f 2582//469 2566//469 2567//469
f 2583//469 2565//469 2566//469
f 2583//469 2566//469 2582//469
f 2584//469 2567//469 2568//469
f 2584//469 2582//469 2567//469
f 2585//469 2564//469 2565//469
f 2585//469 2565//469 2583//469
f 2586//469 2568//469 2569//469
f 2586//469 2584//469 2568//469
f 2587//469 2563//469 2564//469
f 2587//469 2564//469 2585//469
f 2588//469 2569//469 2570//469
f 2588//469 2586//469 2569//469
f 2589//469 2562//469 2563//469
f 2589//469 2563//469 2587//469
f 2590//469 2570//469 2571//469
f 2590//469 2588//469 2570//469
f 2591//469 2561//469 2562//469
f 2591//469 2562//469 2589//469
f 2592//469 2571//469 2572//469
f 2592//469 2590//469 2571//469
f 2593//469 2560//469 2561//469
f 2593//469 2561//469 2591//469
f 2594//469 2572//469 2573//469
f 2594//469 2592//469 2572//469
f 2595//469 2559//469 2560//469
f 2595//469 2560//469 2593//469
f 2596//469 2573//469 2574//469
f 2596//469 2594//469 2573//469
f 2597//469 2559//469 2595//469
f 2597//469 2558//469 2559//469
f 2598//469 2596//469 2574//469
f 2598//469 2574//469 2575//469
f 2599//469 2558//469 2597//469
f 2599//469 2557//469 2558//469
f 2600//469 2598//469 2575//469
f 2600//469 2575//469 2576//469
f 2601//469 2557//469 2599//469
f 2601//469 2556//469 2557//469
f 2602//469 2600//469 2576//469
f 2602//469 2576//469 2577//469
f 2603//469 2556//469 2601//469
f 2603//469 2555//469 2556//469
f 2604//469 2602//469 2577//469
f 2604//469 2577//469 2578//469
f 2605//469 2554//469 2555//469
f 2605//469 2555//469 2603//469
f 2606//469 2604//469 2578//469
f 2606//469 2578//469 2579//469
f 2607//469 2553//469 2554//469
f 2607//469 2554//469 2605//469
f 2608//469 2606//469 2579//469
f 2608//469 2579//469 2580//469
f 2609//469 2552//469 2553//469
f 2609//469 2553//469 2607//469
f 2610//469 2608//469 2580//469
f 2610//469 2580//469 2581//469
f 2611//469 2551//469 2552//469
f 2611//469 2552//469 2609//469
f 2612//469 2581//469 2459//469
f 2612//469 2610//469 2581//469
f 2458//469 2612//469 2459//469
f 2613//469 2550//469 2551//469
f 2613//469 2551//469 2611//469
f 2614//469 2612//469 2458//469
f 2460//469 2614//469 2458//469
f 2615//469 2549//469 2550//469
f 2615//469 2550//469 2613//469
f 2616//469 2614//469 2460//469
f 2461//469 2616//469 2460//469
f 2617//469 2548//469 2549//469
f 2617//469 2549//469 2615//469
f 2618//469 2616//469 2461//469
f 2462//469 2618//469 2461//469
f 2619//469 2547//469 2548//469
f 2619//469 2548//469 2617//469
f 2620//469 2618//469 2462//469
f 2621//469 2547//469 2619//469
f 2546//469 2547//469 2621//469
f 2463//469 2620//469 2462//469
f 2622//469 2620//469 2463//469
f 2623//469 2546//469 2621//469
f 2545//469 2546//469 2623//469
f 2464//469 2622//469 2463//469
f 2624//469 2622//469 2464//469
f 2625//469 2545//469 2623//469
f 2544//469 2545//469 2625//469
f 2465//469 2624//469 2464//469
f 2626//469 2624//469 2465//469
f 2627//469 2544//469 2625//469
f 2543//469 2544//469 2627//469
f 2466//469 2626//469 2465//469
f 2628//469 2626//469 2466//469
f 2629//469 2543//469 2627//469
f 2542//469 2543//469 2629//469
f 2467//469 2628//469 2466//469
f 2630//469 2628//469 2467//469
f 2631//469 2542//469 2629//469
f 2541//469 2542//469 2631//469
f 2468//469 2630//469 2467//469
f 2632//469 2630//469 2468//469
f 2633//469 2541//469 2631//469
f 2540//469 2541//469 2633//469
f 2469//469 2632//469 2468//469
f 2634//469 2632//469 2469//469
f 2635//469 2540//469 2633//469
f 2539//469 2540//469 2635//469
f 2470//469 2634//469 2469//469
f 2636//469 2634//469 2470//469
f 2637//469 2539//469 2635//469
f 2538//469 2539//469 2637//469
f 2471//469 2636//469 2470//469
f 2638//469 2636//469 2471//469
f 2639//469 2538//469 2637//469
f 2537//469 2538//469 2639//469
f 2472//469 2638//469 2471//469
f 2640//469 2638//469 2472//469
f 2641//469 2537//469 2639//469
f 2536//469 2537//469 2641//469
f 2473//469 2640//469 2472//469
f 2642//469 2640//469 2473//469
f 2643//469 2536//469 2641//469
f 2535//469 2536//469 2643//469
f 2474//469 2642//469 2473//469
f 2644//469 2642//469 2474//469
f 2645//469 2535//469 2643//469
f 2534//469 2535//469 2645//469
f 2475//469 2644//469 2474//469
f 2646//469 2644//469 2475//469
f 2647//469 2534//469 2645//469
f 2533//469 2534//469 2647//469
f 2476//469 2646//469 2475//469
f 2648//469 2646//469 2476//469
f 2649//469 2533//469 2647//469
f 2532//469 2533//469 2649//469
f 2477//469 2648//469 2476//469
f 2650//469 2648//469 2477//469
f 2651//469 2532//469 2649//469
f 2531//469 2532//469 2651//469
f 2478//469 2650//469 2477//469
f 2652//469 2650//469 2478//469
f 2653//469 2531//469 2651//469
f 2530//469 2531//469 2653//469
f 2479//469 2652//469 2478//469
f 2654//469 2652//469 2479//469
f 2655//469 2530//469 2653//469
f 2529//469 2530//469 2655//469
f 2480//469 2654//469 2479//469
f 2656//469 2654//469 2480//469
f 2657//469 2529//469 2655//469
f 2528//469 2529//469 2657//469
f 2481//469 2656//469 2480//469
f 2658//469 2656//469 2481//469
f 2659//469 2528//469 2657//469
f 2527//469 2528//469 2659//469
f 2482//469 2658//469 2481//469
f 2660//469 2658//469 2482//469
f 2661//469 2527//469 2659//469
f 2526//469 2527//469 2661//469
f 2483//469 2660//469 2482//469
f 2662//469 2660//469 2483//469
f 2663//469 2526//469 2661//469
f 2525//469 2526//469 2663//469
f 2484//469 2662//469 2483//469
f 2664//469 2662//469 2484//469
f 2665//469 2525//469 2663//469
f 2485//469 2666//469 2664//469
f 2485//469 2664//469 2484//469
f 2524//469 2525//469 2665//469
f 2667//469 2524//469 2665//469
f 2523//469 2524//469 2667//469
f 2486//469 2668//469 2666//469
f 2486//469 2666//469 2485//469
f 2669//469 2523//469 2667//469
f 2487//469 2670//469 2668//469
f 2487//469 2668//469 2486//469
f 2522//469 2523//469 2669//469
f 2671//469 2522//469 2669//469
f 2488//469 2672//469 2670//469
f 2488//469 2670//469 2487//469
f 2521//469 2522//469 2671//469
f 2673//469 2521//469 2671//469
f 2489//469 2674//469 2672//469
f 2489//469 2672//469 2488//469
f 2520//469 2521//469 2673//469
f 2490//469 2674//469 2489//469
f 2490//469 2675//469 2674//469
f 2519//469 2520//469 2673//469
f 2519//469 2673//469 2676//469
f 2491//469 2675//469 2490//469
f 2491//469 2677//469 2675//469
f 2518//469 2519//469 2676//469
f 2518//469 2676//469 2678//469
f 2492//469 2679//469 2677//469
f 2492//469 2677//469 2491//469
f 2517//469 2518//469 2678//469
f 2517//469 2678//469 2680//469
f 2493//469 2681//469 2679//469
f 2493//469 2679//469 2492//469
f 2516//469 2680//469 2682//469
f 2516//469 2517//469 2680//469
f 2494//469 2683//469 2681//469
f 2494//469 2681//469 2493//469
f 2515//469 2682//469 2684//469
f 2515//469 2516//469 2682//469
f 2495//469 2685//469 2683//469
f 2495//469 2683//469 2494//469
f 2514//469 2684//469 2686//469
f 2514//469 2515//469 2684//469
f 2496//469 2687//469 2685//469
f 2496//469 2685//469 2495//469
f 2513//469 2686//469 2688//469
f 2513//469 2514//469 2686//469
f 2497//469 2689//469 2687//469
f 2497//469 2687//469 2496//469
f 2512//469 2688//469 2690//469
f 2512//469 2513//469 2688//469
f 2498//469 2691//469 2689//469
f 2498//469 2689//469 2497//469
f 2511//469 2690//469 2692//469
f 2511//469 2512//469 2690//469
f 2499//469 2693//469 2691//469
f 2499//469 2691//469 2498//469
f 2510//469 2692//469 2694//469
f 2510//469 2511//469 2692//469
f 2500//469 2693//469 2499//469
f 2500//469 2695//469 2693//469
f 2509//469 2510//469 2694//469
f 2509//469 2694//469 2696//469
f 2501//469 2697//469 2695//469
f 2501//469 2695//469 2500//469
f 2508//469 2509//469 2696//469
f 2508//469 2696//469 2698//469
f 2502//469 2697//469 2501//469
f 2502//469 2699//469 2697//469
f 2507//469 2508//469 2698//469
f 2507//469 2698//469 2700//469
f 2503//469 2699//469 2502//469
f 2503//469 2701//469 2699//469
f 2506//469 2507//469 2700//469
f 2506//469 2700//469 2702//469
f 2504//469 2701//469 2503//469
f 2504//469 2703//469 2701//469
f 2505//469 2702//469 2703//469
f 2505//469 2506//469 2702//469
f 2505//469 2703//469 2504//469
f 2704//2249 2705//2249 2706//2249
f 2610//1492 2612//1492 2704//1492
f 2704//2250 2707//2250 2705//2250
f 2612//1493 2614//1493 2704//1493
f 2708//2251 2608//2251 2610//2251
f 2708//2252 2704//2252 2706//2252
f 2708//2253 2706//2253 2709//2253
f 2708//2254 2610//2254 2704//2254
f 2710//2255 2604//2256 2606//2257
f 2710//2258 2606//2258 2608//2258
f 2710//2259 2711//2260 2712//2261
f 2710//2262 2709//2262 2711//2262
f 2710//2263 2708//2263 2709//2263
f 2710//2264 2608//2264 2708//2264
f 2713//2265 2710//2259 2712//2261
f 2713//2266 2602//2266 2604//2266
f 2713//2267 2604//2256 2710//2255
f 2713//2268 2712//2268 2714//2268
f 2715//2269 2602//2269 2713//2269
f 2715//2270 2600//2270 2602//2270
f 2715//2271 2714//2271 2716//2271
f 2715//2272 2713//2272 2714//2272
f 2717//2273 2596//2273 2598//2273
f 2717//2274 2598//2275 2600//2276
f 2717//2277 2718//2277 2719//2277
f 2717//2278 2716//2279 2718//2280
f 2717//2278 2715//2281 2716//2279
f 2717//2274 2600//2276 2715//2282
f 2720//2283 2594//2283 2596//2283
f 2720//2284 2719//2284 2721//2284
f 2720//2285 2717//2285 2719//2285
f 2720//2286 2596//2286 2717//2286
f 2722//2287 2590//2287 2592//2287
f 2722//2288 2592//2289 2594//2290
f 2722//2291 2720//2291 2721//2291
f 2722//2288 2594//2290 2720//2292
f 2722//2293 2723//2294 2724//2295
f 2722//2296 2721//2296 2723//2296
f 2725//2297 2590//2297 2722//2297
f 2725//2298 2588//2298 2590//2298
f 2725//2299 2724//2299 2726//2299
f 2725//2300 2722//2293 2724//2295
f 2727//2301 2584//2302 2586//2303
f 2727//2304 2586//2304 2588//2304
f 2727//2305 2726//2305 2728//2305
f 2727//2306 2588//2306 2725//2306
f 2727//2307 2725//2307 2726//2307
f 2729//2308 2582//2308 2584//2308
f 2729//2309 2730//2309 2731//2309
f 2729//2310 2728//2311 2730//2312
f 2729//2310 2727//2313 2728//2311
f 2729//2314 2584//2302 2727//2301
f 2732//2315 2582//2315 2729//2315
f 2732//2316 2729//2316 2731//2316
f 2732//2317 2585//2318 2583//2319
f 2732//2320 2583//2320 2582//2320
f 2732//2321 2731//2321 2733//2321
f 2734//2322 2587//2322 2585//2322
f 2734//2323 2735//2324 2736//2325
f 2734//2326 2733//2326 2735//2326
f 2734//2327 2732//2327 2733//2327
f 2734//2328 2585//2318 2732//2317
f 2737//2329 2589//2329 2587//2329
f 2737//2330 2736//2330 2738//2330
f 2737//2331 2734//2323 2736//2325
f 2737//2332 2587//2332 2734//2332
f 2739//2333 2737//2333 2738//2333
f 2739//2334 2593//2334 2591//2334
f 2739//2335 2591//2336 2589//2337
f 2739//2335 2589//2337 2737//2338
f 2739//2339 2738//2339 2740//2339
f 2741//2340 2595//2340 2593//2340
f 2741//2341 2742//2341 2743//2341
f 2741//2342 2740//2343 2742//2344
f 2741//2342 2739//2345 2740//2343
f 2741//2346 2593//2346 2739//2346
f 2744//2347 2599//2348 2597//2349
f 2744//2350 2597//2350 2595//2350
f 2744//2351 2743//2351 2745//2351
f 2744//2352 2741//2352 2743//2352
f 2744//2353 2595//2353 2741//2353
f 2746//2354 2601//2354 2599//2354
f 2746//2355 2747//2355 2748//2355
f 2746//2356 2745//2356 2747//2356
f 2746//2357 2744//2357 2745//2357
f 2746//2358 2599//2348 2744//2347
f 2749//2359 2746//2359 2748//2359
f 2749//2360 2605//2361 2603//2362
f 2749//2363 2603//2363 2601//2363
f 2749//2364 2601//2364 2746//2364
f 2749//2365 2748//2365 2750//2365
f 2751//2366 2607//2366 2605//2366
f 2751//2367 2749//2367 2750//2367
f 2751//2368 2605//2361 2749//2360
f 2751//2369 2752//2370 2753//2371
f 2751//2372 2750//2372 2752//2372
f 2754//2373 2609//2373 2607//2373
f 2754//2374 2607//2374 2751//2374
f 2754//2375 2753//2375 2755//2375
f 2754//2376 2751//2369 2753//2371
f 2756//2377 2613//2377 2611//2377
f 2756//2378 2611//2379 2609//2380
f 2756//2381 2755//2381 2757//2381
f 2756//2382 2754//2382 2755//2382
f 2756//2378 2609//2380 2754//2383
f 2758//2384 2615//2384 2613//2384
f 2758//2385 2759//2385 2760//2385
f 2758//2386 2757//2387 2759//2388
f 2758//2386 2756//2389 2757//2387
f 2758//2390 2613//2390 2756//2390
f 2761//2391 2619//2391 2617//2391
f 2761//2392 2617//2392 2615//2392
f 2761//2393 2758//2393 2760//2393
f 2761//2394 2760//2394 2762//2394
f 2761//2395 2615//2395 2758//2395
f 2763//2396 2761//2396 2762//2396
f 2763//2397 2621//2397 2619//2397
f 2763//2398 2619//2398 2761//2398
f 2763//2399 2764//2400 2765//2401
f 2763//2402 2762//2402 2764//2402
f 2766//2403 2625//2404 2623//2405
f 2766//2406 2623//2406 2621//2406
f 2766//2407 2765//2407 2767//2407
f 2766//2408 2763//2399 2765//2401
f 2766//2409 2621//2409 2763//2409
f 2768//2410 2627//2410 2625//2410
f 2768//2411 2767//2411 2769//2411
f 2768//2412 2625//2404 2766//2403
f 2768//2413 2766//2413 2767//2413
f 2770//2414 2629//2414 2627//2414
f 2770//2415 2771//2415 2772//2415
f 2770//2416 2769//2417 2771//2418
f 2770//2416 2768//2419 2769//2417
f 2770//2420 2627//2420 2768//2420
f 2773//2421 2633//2421 2631//2421
f 2773//2422 2770//2422 2772//2422
f 2773//2423 2631//2424 2629//2425
f 2773//2423 2629//2425 2770//2426
f 2773//2427 2772//2427 2774//2427
f 2775//2428 2635//2428 2633//2428
f 2775//2429 2776//2430 2777//2431
f 2775//2432 2774//2432 2776//2432
f 2775//2433 2773//2433 2774//2433
f 2775//2434 2633//2434 2773//2434
f 2778//2435 2637//2436 2635//2437
f 2778//2438 2777//2438 2779//2438
f 2778//2439 2775//2429 2777//2431
f 2778//2435 2635//2437 2775//2440
f 2778//2441 2639//2441 2637//2441
f 2780//2442 2639//2442 2778//2442
f 2780//2443 2778//2443 2779//2443
f 2780//2444 2779//2444 2781//2444
f 2780//2445 2641//2445 2639//2445
f 2782//2446 2783//2446 2784//2446
f 2782//2447 2781//2448 2783//2449
f 2782//2450 2641//2450 2780//2450
f 2782//2447 2780//2451 2781//2448
f 2782//2452 2645//2453 2643//2454
f 2782//2455 2643//2455 2641//2455
f 2785//2456 2784//2456 2786//2456
f 2785//2457 2645//2453 2782//2452
f 2785//2458 2782//2458 2784//2458
f 2785//1775 2647//1775 2645//1775
f 2787//2459 2788//2459 2789//2459
f 2787//2460 2786//2460 2788//2460
f 2787//2461 2647//2461 2785//2461
f 2787//2462 2785//2462 2786//2462
f 2787//2463 2651//2464 2649//2465
f 2787//2466 2649//2466 2647//2466
f 2790//2467 2787//2467 2789//2467
f 2790//2468 2789//2468 2791//2468
f 2790//2469 2653//2469 2651//2469
f 2790//2470 2651//2464 2787//2463
f 2792//2471 2793//2472 2794//2473
f 2792//2474 2791//2474 2793//2474
f 2792//2475 2653//2475 2790//2475
f 2792//2476 2790//2476 2791//2476
f 2792//2477 2655//2477 2653//2477
f 2795//2478 2794//2478 2796//2478
f 2795//2479 2655//2480 2792//2481
f 2795//2482 2792//2471 2794//2473
f 2795//2483 2659//2483 2657//2483
f 2795//2479 2657//2484 2655//2480
f 2797//2485 2796//2485 2798//2485
f 2797//2486 2795//2486 2796//2486
f 2797//2487 2659//2487 2795//2487
f 2797//2488 2661//2488 2659//2488
f 2799//2489 2800//2489 2801//2489
f 2799//2490 2798//2491 2800//2492
f 2799//2493 2661//2493 2797//2493
f 2799//2490 2797//2494 2798//2491
f 2799//2495 2665//2496 2663//2497
f 2799//2498 2663//2498 2661//2498
f 2802//2499 2801//2499 2803//2499
f 2802//2500 2799//2500 2801//2500
f 2802//2501 2665//2496 2799//2495
f 2802//2502 2667//2502 2665//2502
f 2804//2503 2805//2504 2806//2505
f 2804//2506 2803//2506 2805//2506
f 2804//2507 2802//2507 2803//2507
f 2804//2508 2671//2509 2669//2510
f 2804//2511 2669//2511 2667//2511
f 2804//2512 2667//2512 2802//2512
f 2807//2513 2806//2513 2808//2513
f 2807//2514 2671//2509 2804//2508
f 2807//2515 2673//2515 2671//2515
f 2807//2516 2804//2503 2806//2505
f 2809//2517 2673//2517 2807//2517
f 2809//2518 2808//2518 2810//2518
f 2809//2519 2807//2519 2808//2519
f 2809//2520 2676//2520 2673//2520
f 2811//2521 2676//2522 2809//2523
f 2811//2524 2812//2524 2813//2524
f 2811//2525 2810//2526 2812//2527
f 2811//2525 2809//2528 2810//2526
f 2811//2529 2680//2529 2678//2529
f 2811//2521 2678//2530 2676//2522
f 2814//2531 2680//2531 2811//2531
f 2814//2532 2813//2532 2815//2532
f 2814//2533 2811//2533 2813//2533
f 2814//2534 2682//2534 2680//2534
f 2816//2535 2817//2536 2818//2537
f 2816//2538 2815//2538 2817//2538
f 2816//2539 2814//2539 2815//2539
f 2816//2540 2682//2541 2814//2542
f 2816//2543 2686//2543 2684//2543
f 2816//2540 2684//2544 2682//2541
f 2819//2545 2818//2545 2820//2545
f 2819//2546 2816//2535 2818//2537
f 2819//2547 2686//2547 2816//2547
f 2819//2548 2688//2548 2686//2548
f 2821//2549 2819//2549 2820//2549
f 2821//2550 2820//2550 2822//2550
f 2821//2551 2688//2551 2819//2551
f 2821//2552 2692//2553 2690//2554
f 2821//2555 2690//2555 2688//2555
f 2823//2556 2824//2556 2825//2556
f 2823//2557 2822//2558 2824//2559
f 2823//2557 2692//2553 2821//2552
f 2823//2557 2821//2552 2822//2558
f 2823//2560 2694//2560 2692//2560
f 2826//2561 2825//2561 2827//2561
f 2826//2562 2823//2562 2825//2562
f 2826//2563 2696//2563 2694//2563
f 2826//2564 2694//2564 2823//2564
f 2828//2565 2829//2565 2830//2565
f 2828//2566 2827//2566 2829//2566
f 2828//2567 2826//2567 2827//2567
f 2828//2568 2700//2568 2698//2568
f 2828//2569 2698//2570 2696//2571
f 2828//2569 2696//2571 2826//2572
f 2831//2573 2830//2573 2832//2573
f 2831//1951 2702//1951 2700//1951
f 2831//2574 2700//2574 2828//2574
f 2831//2575 2828//2575 2830//2575
f 2833//2576 2834//2577 2835//2578
f 2833//2579 2832//2579 2834//2579
f 2833//2580 2702//2581 2831//2582
f 2833//2583 2831//2583 2832//2583
f 2833//2584 2701//2584 2703//2584
f 2833//2580 2703//2585 2702//2581
f 2836//2586 2835//2586 2837//2586
f 2836//2587 2833//2576 2835//2578
f 2836//2588 2699//2588 2701//2588
f 2836//2589 2701//2589 2833//2589
f 2838//2590 2837//2590 2839//2590
f 2838//2591 2836//2591 2837//2591
f 2838//2592 2699//2592 2836//2592
f 2838//2593 2695//2594 2697//2595
f 2838//2596 2697//2596 2699//2596
f 2840//2597 2841//2597 2842//2597
f 2840//2598 2839//2599 2841//2600
f 2840//2598 2838//2593 2839//2599
f 2840//2601 2693//2601 2695//2601
f 2840//2598 2695//2594 2838//2593
f 2843//2602 2840//2602 2842//2602
f 2843//2603 2693//2603 2840//2603
f 2843//2604 2689//2605 2691//2606
f 2843//2607 2691//2607 2693//2607
f 2843//2608 2842//2608 2844//2608
f 2845//2609 2689//2605 2843//2604
f 2845//2610 2687//2610 2689//2610
f 2845//2611 2843//2611 2844//2611
f 2845//2612 2846//2613 2847//2614
f 2845//2615 2844//2615 2846//2615
f 2848//2616 2687//2616 2845//2616
f 2848//2617 2685//2617 2687//2617
f 2848//2618 2845//2612 2847//2614
f 2848//2619 2847//2619 2849//2619
f 2850//2620 2681//2620 2683//2620
f 2850//2621 2683//2622 2685//2623
f 2850//2621 2685//2623 2848//2624
f 2850//2625 2848//2625 2849//2625
f 2850//2626 2849//2626 2851//2626
f 2852//2627 2679//2627 2681//2627
f 2852//2628 2850//2629 2851//2630
f 2852//2631 2681//2631 2850//2631
f 2852//2632 2853//2632 2854//2632
f 2852//2628 2851//2630 2853//2633
f 2855//2634 2679//2634 2852//2634
f 2855//2635 2675//2635 2677//2635
f 2855//2636 2677//2636 2679//2636
f 2855//2637 2852//2637 2854//2637
f 2855//2638 2854//2638 2856//2638
f 2857//2639 2855//2639 2856//2639
f 2857//2640 2674//2640 2675//2640
f 2857//2641 2858//2642 2859//2643
f 2857//2644 2856//2644 2858//2644
f 2857//2645 2675//2645 2855//2645
f 2860//2646 2674//2646 2857//2646
f 2860//2647 2857//2641 2859//2643
f 2860//2648 2670//2649 2672//2650
f 2860//2651 2672//2651 2674//2651
f 2860//2652 2859//2652 2861//2652
f 2862//2653 2860//2653 2861//2653
f 2862//2654 2670//2649 2860//2648
f 2862//2655 2668//2655 2670//2655
f 2862//2656 2861//2656 2863//2656
f 2864//2657 2668//2657 2862//2657
f 2864//2658 2666//2658 2668//2658
f 2864//2659 2862//2660 2863//2661
f 2864//2662 2865//2662 2866//2662
f 2864//2659 2863//2661 2865//2663
f 2867//2664 2864//2664 2866//2664
f 2867//2665 2662//2665 2664//2665
f 2867//2666 2664//2667 2666//2668
f 2867//2666 2666//2668 2864//2669
f 2867//2670 2866//2670 2868//2670
f 2869//2671 2662//2671 2867//2671
f 2869//2672 2660//2672 2662//2672
f 2869//2673 2867//2673 2868//2673
f 2869//2674 2870//2674 2871//2674
f 2869//2675 2868//2675 2870//2675
f 2872//2676 2660//2677 2869//2678
f 2872//2679 2656//2679 2658//2679
f 2872//2676 2658//2680 2660//2677
f 2872//2681 2869//2681 2871//2681
f 2872//2682 2871//2682 2873//2682
f 2874//2683 2654//2683 2656//2683
f 2874//2684 2656//2684 2872//2684
f 2874//2685 2872//2685 2873//2685
f 2874//2686 2875//2687 2876//2688
f 2874//2689 2873//2689 2875//2689
f 2877//2690 2650//2691 2652//2692
f 2877//2693 2652//2693 2654//2693
f 2877//2694 2876//2694 2878//2694
f 2877//2695 2654//2695 2874//2695
f 2877//2696 2874//2686 2876//2688
f 2879//2697 2648//2697 2650//2697
f 2879//2698 2878//2698 2880//2698
f 2879//2699 2650//2691 2877//2690
f 2879//2700 2877//2700 2878//2700
f 2881//2701 2879//2702 2880//2703
f 2881//2704 2646//2704 2648//2704
f 2881//2705 2648//2705 2879//2705
f 2881//2706 2882//2706 2883//2706
f 2881//2701 2880//2703 2882//2707
f 2884//2708 2646//2709 2881//2710
f 2884//2711 2881//2711 2883//2711
f 2884//2712 2642//2712 2644//2712
f 2884//2708 2644//2713 2646//2709
f 2884//2714 2883//2714 2885//2714
f 2886//2715 2884//2715 2885//2715
f 2886//2716 2642//2716 2884//2716
f 2886//2717 2640//2717 2642//2717
f 2886//2718 2887//2719 2888//2720
f 2886//2721 2885//2721 2887//2721
f 2889//2722 2636//2722 2638//2722
f 2889//2723 2638//2724 2640//2725
f 2889//2723 2640//2725 2886//2726
f 2889//2727 2886//2718 2888//2720
f 2889//2728 2888//2728 2890//2728
f 2891//2729 2634//2729 2636//2729
f 2891//2730 2636//2730 2889//2730
f 2891//2731 2890//2731 2892//2731
f 2891//2732 2889//2732 2890//2732
f 2893//2733 2630//2734 2632//2735
f 2893//2736 2632//2736 2634//2736
f 2893//2737 2634//2737 2891//2737
f 2893//2738 2891//2739 2892//2740
f 2893//2741 2894//2741 2895//2741
f 2893//2738 2892//2740 2894//2742
f 2896//2743 2628//2743 2630//2743
f 2896//2744 2893//2744 2895//2744
f 2896//2745 2630//2734 2893//2733
f 2896//2746 2895//2746 2897//2746
f 2898//2747 2624//2748 2626//2749
f 2898//2750 2626//2750 2628//2750
f 2898//2751 2899//2752 2900//2753
f 2898//2754 2897//2754 2899//2754
f 2898//2755 2628//2755 2896//2755
f 2898//2756 2896//2756 2897//2756
f 2901//2757 2622//2757 2624//2757
f 2901//2758 2624//2748 2898//2747
f 2901//2759 2900//2759 2902//2759
f 2901//2760 2898//2751 2900//2753
f 2903//2761 2901//2761 2902//2761
f 2903//2762 2620//2762 2622//2762
f 2903//2763 2622//2763 2901//2763
f 2903//2764 2902//2764 2904//2764
f 2905//2765 2620//2766 2903//2767
f 2905//2768 2903//2769 2904//2770
f 2905//2771 2616//2771 2618//2771
f 2905//2765 2618//2772 2620//2766
f 2905//2773 2906//2773 2907//2773
f 2905//2768 2904//2770 2906//2774
f 2908//2775 2905//2775 2907//2775
f 2908//2776 2614//2776 2616//2776
f 2908//2777 2707//2777 2704//2777
f 2908//2778 2704//2778 2614//2778
f 2908//2779 2907//2779 2707//2779
f 2908//2780 2616//2780 2905//2780
f 2885//133 2909//133 2910//133
f 2883//133 2909//133 2885//133
f 2883//133 2911//133 2909//133
f 2887//133 2885//133 2910//133
f 2887//133 2910//133 2912//133
f 2882//133 2911//133 2883//133
f 2882//133 2913//133 2911//133
f 2888//133 2887//133 2912//133
f 2888//133 2912//133 2914//133
f 2880//133 2913//133 2882//133
f 2880//133 2915//133 2913//133
f 2890//133 2914//133 2916//133
f 2890//133 2888//133 2914//133
f 2878//133 2915//133 2880//133
f 2878//133 2917//133 2915//133
f 2892//133 2890//133 2916//133
f 2892//133 2916//133 2918//133
f 2876//133 2919//133 2917//133
f 2876//133 2917//133 2878//133
f 2894//133 2892//133 2918//133
f 2894//133 2918//133 2920//133
f 2875//133 2919//133 2876//133
f 2875//133 2921//133 2919//133
f 2895//133 2920//133 2922//133
f 2895//133 2894//133 2920//133
f 2873//133 2923//133 2921//133
f 2873//133 2921//133 2875//133
f 2897//133 2922//133 2924//133
f 2897//133 2895//133 2922//133
f 2871//133 2923//133 2873//133
f 2871//133 2925//133 2923//133
f 2899//133 2897//133 2924//133
f 2899//133 2924//133 2926//133
f 2870//133 2925//133 2871//133
f 2870//133 2927//133 2925//133
f 2900//133 2899//133 2926//133
f 2900//133 2926//133 2928//133
f 2868//133 2927//133 2870//133
f 2868//133 2929//133 2927//133
f 2902//133 2900//133 2928//133
f 2902//133 2928//133 2930//133
f 2866//133 2929//133 2868//133
f 2866//133 2931//133 2929//133
f 2904//133 2902//133 2930//133
f 2904//133 2930//133 2932//133
f 2865//133 2931//133 2866//133
f 2865//133 2933//133 2931//133
f 2906//133 2904//133 2932//133
f 2906//133 2932//133 2934//133
f 2863//133 2933//133 2865//133
f 2863//133 2935//133 2933//133
f 2907//133 2906//133 2934//133
f 2907//133 2934//133 2936//133
f 2707//133 2907//133 2936//133
f 2707//133 2936//133 2937//133
f 2861//133 2935//133 2863//133
f 2861//133 2938//133 2935//133
f 2705//133 2707//133 2937//133
f 2705//133 2937//133 2939//133
f 2859//133 2938//133 2861//133
f 2859//133 2940//133 2938//133
f 2941//133 2705//133 2939//133
f 2858//133 2940//133 2859//133
f 2858//133 2942//133 2940//133
f 2706//133 2705//133 2941//133
f 2943//133 2706//133 2941//133
f 2856//133 2942//133 2858//133
f 2856//133 2944//133 2942//133
f 2709//133 2706//133 2943//133
f 2945//133 2709//133 2943//133
f 2854//133 2944//133 2856//133
f 2854//133 2946//133 2944//133
f 2711//133 2709//133 2945//133
f 2947//133 2711//133 2945//133
f 2712//133 2711//133 2947//133
f 2853//133 2946//133 2854//133
f 2948//133 2946//133 2853//133
f 2949//133 2712//133 2947//133
f 2714//133 2712//133 2949//133
f 2851//133 2948//133 2853//133
f 2950//133 2948//133 2851//133
f 2951//133 2714//133 2949//133
f 2716//133 2714//133 2951//133
f 2849//133 2950//133 2851//133
f 2952//133 2950//133 2849//133
f 2953//133 2716//133 2951//133
f 2718//133 2716//133 2953//133
f 2847//133 2952//133 2849//133
f 2954//133 2952//133 2847//133
f 2955//133 2718//133 2953//133
f 2719//133 2718//133 2955//133
f 2846//133 2954//133 2847//133
f 2956//133 2954//133 2846//133
f 2957//133 2719//133 2955//133
f 2721//133 2719//133 2957//133
f 2844//133 2956//133 2846//133
f 2958//133 2956//133 2844//133
f 2959//133 2721//133 2957//133
f 2723//133 2721//133 2959//133
f 2842//133 2958//133 2844//133
f 2960//133 2958//133 2842//133
f 2961//133 2723//133 2959//133
f 2724//133 2723//133 2961//133
f 2841//133 2960//133 2842//133
f 2962//133 2960//133 2841//133
f 2963//133 2724//133 2961//133
f 2726//133 2724//133 2963//133
f 2839//133 2962//133 2841//133
f 2964//133 2962//133 2839//133
f 2965//133 2726//133 2963//133
f 2728//133 2726//133 2965//133
f 2837//133 2964//133 2839//133
f 2966//133 2964//133 2837//133
f 2967//133 2728//133 2965//133
f 2730//133 2728//133 2967//133
f 2835//133 2966//133 2837//133
f 2968//133 2966//133 2835//133
f 2969//133 2730//133 2967//133
f 2731//133 2730//133 2969//133
f 2834//133 2968//133 2835//133
f 2970//133 2968//133 2834//133
f 2971//133 2731//133 2969//133
f 2733//133 2731//133 2971//133
f 2832//133 2970//133 2834//133
f 2972//133 2970//133 2832//133
f 2973//133 2733//133 2971//133
f 2735//133 2733//133 2973//133
f 2830//133 2972//133 2832//133
f 2974//133 2972//133 2830//133
f 2975//133 2735//133 2973//133
f 2736//133 2735//133 2975//133
f 2829//133 2974//133 2830//133
f 2976//133 2974//133 2829//133
f 2977//133 2736//133 2975//133
f 2738//133 2736//133 2977//133
f 2827//133 2976//133 2829//133
f 2978//133 2976//133 2827//133
f 2979//133 2738//133 2977//133
f 2740//133 2738//133 2979//133
f 2825//133 2978//133 2827//133
f 2980//133 2978//133 2825//133
f 2981//133 2740//133 2979//133
f 2742//133 2740//133 2981//133
f 2824//133 2980//133 2825//133
f 2982//133 2980//133 2824//133
f 2983//133 2742//133 2981//133
f 2743//133 2742//133 2983//133
f 2822//133 2982//133 2824//133
f 2984//133 2982//133 2822//133
f 2985//133 2743//133 2983//133
f 2745//133 2743//133 2985//133
f 2820//133 2984//133 2822//133
f 2986//133 2984//133 2820//133
f 2987//133 2745//133 2985//133
f 2747//133 2745//133 2987//133
f 2818//133 2986//133 2820//133
f 2988//133 2986//133 2818//133
f 2989//133 2747//133 2987//133
f 2748//133 2747//133 2989//133
f 2817//133 2988//133 2818//133
f 2990//133 2988//133 2817//133
f 2991//133 2748//133 2989//133
f 2750//133 2748//133 2991//133
f 2815//133 2990//133 2817//133
f 2992//133 2990//133 2815//133
f 2813//133 2992//133 2815//133
f 2993//133 2752//133 2750//133
f 2993//133 2750//133 2991//133
f 2994//133 2992//133 2813//133
f 2812//133 2994//133 2813//133
f 2995//133 2753//133 2752//133
f 2995//133 2752//133 2993//133
f 2996//133 2994//133 2812//133
f 2810//133 2996//133 2812//133
f 2997//133 2755//133 2753//133
f 2997//133 2753//133 2995//133
f 2998//133 2996//133 2810//133
f 2808//133 2998//133 2810//133
f 2999//133 2757//133 2755//133
f 2999//133 2755//133 2997//133
f 3000//133 2998//133 2808//133
f 3001//133 2757//133 2999//133
f 3001//133 2759//133 2757//133
f 3002//133 3000//133 2808//133
f 3002//133 2808//133 2806//133
f 3003//133 2759//133 3001//133
f 3003//133 2760//133 2759//133
f 3004//133 3002//133 2806//133
f 3004//133 2806//133 2805//133
f 3005//133 2762//133 2760//133
f 3005//133 2760//133 3003//133
f 3006//133 3004//133 2805//133
f 3006//133 2805//133 2803//133
f 3007//133 2762//133 3005//133
f 3007//133 2764//133 2762//133
f 3008//133 2803//133 2801//133
f 3008//133 3006//133 2803//133
f 3009//133 2764//133 3007//133
f 3009//133 2765//133 2764//133
f 3010//133 2801//133 2800//133
f 3010//133 3008//133 2801//133
f 3011//133 2765//133 3009//133
f 3011//133 2767//133 2765//133
f 3012//133 2800//133 2798//133
f 3012//133 3010//133 2800//133
f 3013//133 2767//133 3011//133
f 3013//133 2769//133 2767//133
f 3014//133 2798//133 2796//133
f 3014//133 3012//133 2798//133
f 3015//133 2771//133 2769//133
f 3015//133 2769//133 3013//133
f 3016//133 2796//133 2794//133
f 3016//133 3014//133 2796//133
f 3017//133 2772//133 2771//133
f 3017//133 2771//133 3015//133
f 3018//133 2794//133 2793//133
f 3018//133 3016//133 2794//133
f 3019//133 2774//133 2772//133
f 3019//133 2772//133 3017//133
f 3020//133 2793//133 2791//133
f 3020//133 3018//133 2793//133
f 3021//133 2776//133 2774//133
f 3021//133 2774//133 3019//133
f 3022//133 2791//133 2789//133
f 3022//133 3020//133 2791//133
f 3023//133 2777//133 2776//133
f 3023//133 2776//133 3021//133
f 3024//133 3022//133 2789//133
f 3024//133 2789//133 2788//133
f 3025//133 2777//133 3023//133
f 3025//133 2779//133 2777//133
f 3026//133 2788//133 2786//133
f 3026//133 3024//133 2788//133
f 3027//133 2779//133 3025//133
f 3027//133 2781//133 2779//133
f 3028//133 3026//133 2786//133
f 3028//133 2786//133 2784//133
f 3029//133 2781//133 3027//133
f 3029//133 2783//133 2781//133
f 3030//133 3028//133 2784//133
f 3030//133 2783//133 3029//133
f 3030//133 2784//133 2783//133
f 496//2781 487//2781 2939//2781
f 496//2782 2939//2782 2937//2782
f 497//2783 496//2783 2937//2783
f 497//2784 2937//2784 2936//2784
f 320//2785 497//2785 2936//2785
f 318//2786 2936//2787 2934//2788
f 318//2786 320//2789 2936//2787
f 322//2790 2934//2790 2932//2790
f 322//2791 318//2791 2934//2791
f 324//2792 2932//2792 2930//2792
f 324//2793 322//2793 2932//2793
f 326//2794 2930//2794 2928//2794
f 326//2795 324//2795 2930//2795
f 328//2796 2928//2796 2926//2796
f 328//2797 326//2797 2928//2797
f 330//2798 2926//2798 2924//2798
f 330//2799 328//2799 2926//2799
f 332//2800 2924//2800 2922//2800
f 332//2801 330//2801 2924//2801
f 334//2802 2922//2802 2920//2802
f 334//2803 332//2803 2922//2803
f 336//2804 2920//2804 2918//2804
f 336//2805 334//2805 2920//2805
f 338//2806 336//2806 2918//2806
f 338//2807 2918//2807 2916//2807
f 340//2808 338//2808 2916//2808
f 340//2809 2916//2809 2914//2809
f 342//2810 340//2810 2914//2810
f 342//2811 2914//2811 2912//2811
f 344//2812 342//2812 2912//2812
f 344//2813 2912//2813 2910//2813
f 346//2814 344//2814 2910//2814
f 346//2815 2910//2815 2909//2815
f 348//2816 346//2816 2909//2816
f 348//2817 2909//2817 2911//2817
f 350//2818 348//2818 2911//2818
f 350//2819 2911//2819 2913//2819
f 352//2820 350//2820 2913//2820
f 352//2821 2913//2821 2915//2821
f 354//2822 352//2822 2915//2822
f 354//2823 2915//2823 2917//2823
f 356//2824 354//2824 2917//2824
f 356//2825 2917//2825 2919//2825
f 358//2826 356//2826 2919//2826
f 358//2827 2919//2827 2921//2827
f 360//2828 358//2828 2921//2828
f 360//2829 2921//2829 2923//2829
f 362//2830 360//2830 2923//2830
f 362//2831 2923//2831 2925//2831
f 364//2832 362//2832 2925//2832
f 364//2833 2925//2833 2927//2833
f 366//2834 364//2834 2927//2834
f 366//2835 2927//2835 2929//2835
f 368//2836 366//2836 2929//2836
f 368//2837 2929//2837 2931//2837
f 370//2838 368//2838 2931//2838
f 370//2839 2931//2839 2933//2839
f 372//2840 370//2840 2933//2840
f 372//2841 2933//2841 2935//2841
f 374//2842 372//2842 2935//2842
f 374//2843 2935//2843 2938//2843
f 376//2844 374//2844 2938//2844
f 376//2845 2938//2845 2940//2845
f 377//2846 376//2846 2940//2846
f 377//2847 2940//2847 2942//2847
f 379//2848 377//2848 2942//2848
f 379//2849 2942//2849 2944//2849
f 383//2850 379//2850 2944//2850
f 383//2851 2944//2851 2946//2851
f 387//2852 383//2852 2946//2852
f 387//2853 2946//2853 2948//2853
f 391//2854 387//2854 2948//2854
f 391//2855 2948//2855 2950//2855
f 395//2856 391//2856 2950//2856
f 395//2857 2950//2857 2952//2857
f 399//2858 395//2858 2952//2858
f 399//2859 2952//2859 2954//2859
f 403//2860 2954//2860 2956//2860
f 403//2861 399//2861 2954//2861
f 407//2862 2956//2862 2958//2862
f 407//2863 403//2863 2956//2863
f 411//2864 2958//2864 2960//2864
f 411//2865 407//2865 2958//2865
f 415//2866 2960//2866 2962//2866
f 415//2867 411//2867 2960//2867
f 419//2868 2962//2868 2964//2868
f 419//2869 415//2869 2962//2869
f 423//2870 2964//2870 2966//2870
f 423//2871 419//2871 2964//2871
f 427//2872 2966//2872 2968//2872
f 427//2873 423//2873 2966//2873
f 431//2874 2968//2874 2970//2874
f 431//2875 427//2875 2968//2875
f 429//2876 2970//2876 2972//2876
f 429//2877 431//2877 2970//2877
f 425//2878 2972//2878 2974//2878
f 425//2879 429//2879 2972//2879
f 421//2880 2974//2880 2976//2880
f 421//2881 425//2881 2974//2881
f 417//2882 2976//2882 2978//2882
f 417//2883 421//2883 2976//2883
f 413//2884 2978//2884 2980//2884
f 413//2885 417//2885 2978//2885
f 409//2886 2980//2886 2982//2886
f 409//2887 413//2887 2980//2887
f 405//2888 2982//2888 2984//2888
f 405//2889 409//2889 2982//2889
f 401//2890 2984//2890 2986//2890
f 401//2891 405//2891 2984//2891
f 397//2892 2986//2892 2988//2892
f 397//2893 401//2893 2986//2893
f 393//2894 2988//2894 2990//2894
f 393//2895 397//2895 2988//2895
f 389//2896 2990//2896 2992//2896
f 389//2897 393//2897 2990//2897
f 385//2898 2992//2898 2994//2898
f 385//2899 389//2899 2992//2899
f 381//2900 2994//2901 2996//2902
f 381//2903 385//2903 2994//2903
f 56//2904 2996//2905 2998//2906
f 56//2907 381//2900 2996//2902
f 67//2908 2998//2909 3000//2910
f 67//2911 56//2904 2998//2906
f 61//2912 67//2908 3000//2910
f 63//2913 61//2914 3000//2915
f 63//2913 3000//2915 3002//2916
f 57//2917 63//2918 3002//2919
f 57//2917 3002//2919 3004//2920
f 3031//2921 57//2922 3004//2923
f 3031//2921 3004//2923 3006//2924
f 3032//2925 3031//2925 3006//2925
f 3032//2926 3006//2926 3008//2926
f 3033//2927 3032//2927 3008//2927
f 3033//2928 3008//2928 3010//2928
f 3034//2929 3033//2929 3010//2929
f 3034//2930 3010//2930 3012//2930
f 3035//2931 3034//2931 3012//2931
f 3035//2932 3012//2932 3014//2932
f 3036//2933 3014//2933 3016//2933
f 3036//2934 3035//2934 3014//2934
f 3037//2935 3016//2935 3018//2935
f 3037//2936 3036//2936 3016//2936
f 3038//2937 3037//2937 3018//2937
f 3038//2938 3018//2938 3020//2938
f 3039//2939 3020//2939 3022//2939
f 3039//2940 3038//2940 3020//2940
f 3040//2941 3022//2941 3024//2941
f 3040//2942 3039//2942 3022//2942
f 3041//2943 3024//2943 3026//2943
f 3041//2944 3040//2944 3024//2944
f 3042//2945 3026//2945 3028//2945
f 3042//2946 3041//2946 3026//2946
f 3043//2947 3028//2947 3030//2947
f 3043//2948 3042//2948 3028//2948
f 3044//2949 3030//2949 3029//2949
f 3044//2950 3043//2950 3030//2950
f 3045//2951 3029//2951 3027//2951
f 3045//2952 3044//2952 3029//2952
f 3046//2953 3027//2953 3025//2953
f 3046//2954 3045//2954 3027//2954
f 3047//2955 3025//2955 3023//2955
f 3047//2956 3046//2956 3025//2956
f 3048//2957 3023//2957 3021//2957
f 3048//2958 3047//2958 3023//2958
f 3049//2959 3021//2959 3019//2959
f 3049//2960 3048//2960 3021//2960
f 3050//2961 3019//2961 3017//2961
f 3050//2962 3049//2962 3019//2962
f 3051//2963 3017//2963 3015//2963
f 3051//2964 3050//2964 3017//2964
f 3052//2965 3015//2965 3013//2965
f 3052//2966 3051//2966 3015//2966
f 3053//2967 3013//2967 3011//2967
f 3053//2968 3052//2968 3013//2968
f 3054//2969 3011//2969 3009//2969
f 3054//2970 3053//2970 3011//2970
f 3055//2971 3054//2971 3009//2971
f 3055//2972 3009//2972 3007//2972
f 3056//2973 3055//2973 3007//2973
f 3056//2974 3007//2974 3005//2974
f 3057//2975 3056//2975 3005//2975
f 3057//2976 3005//2976 3003//2976
f 3058//2977 3057//2977 3003//2977
f 3058//2978 3003//2978 3001//2978
f 3059//2979 3058//2979 3001//2979
f 3059//2980 3001//2980 2999//2980
f 3060//2981 3059//2981 2999//2981
f 3060//2982 2999//2982 2997//2982
f 3061//2983 3060//2983 2997//2983
f 3061//2984 2997//2984 2995//2984
f 3062//2985 3061//2985 2995//2985
f 3062//2986 2995//2986 2993//2986
f 3063//2987 3062//2987 2993//2987
f 3063//2988 2993//2988 2991//2988
f 3064//2989 3063//2989 2991//2989
f 3064//2990 2991//2990 2989//2990
f 3065//2991 3064//2991 2989//2991
f 3065//2992 2989//2992 2987//2992
f 3066//2993 3065//2993 2987//2993
f 3066//2994 2987//2994 2985//2994
f 3067//2995 3066//2995 2985//2995
f 3067//2996 2985//2996 2983//2996
f 3068//2997 3067//2997 2983//2997
f 3068//2998 2983//2998 2981//2998
f 3069//2999 3068//2999 2981//2999
f 3069//3000 2981//3000 2979//3000
f 3070//3001 2979//3001 2977//3001
f 3070//3002 3069//3002 2979//3002
f 3071//3003 2977//3003 2975//3003
f 3071//3004 3070//3004 2977//3004
f 3072//3005 2975//3005 2973//3005
f 3072//3006 3071//3006 2975//3006
f 3073//3007 2973//3007 2971//3007
f 3073//3008 3072//3008 2973//3008
f 3074//3009 2971//3009 2969//3009
f 3074//3010 3073//3010 2971//3010
f 3075//3011 2969//3011 2967//3011
f 3075//3012 3074//3012 2969//3012
f 3076//3013 2967//3013 2965//3013
f 3076//3014 3075//3014 2967//3014
f 3077//3015 2965//3015 2963//3015
f 3077//3016 3076//3016 2965//3016
f 3078//3017 2963//3017 2961//3017
f 3078//3018 3077//3018 2963//3018
f 3079//3019 2961//3019 2959//3019
f 3079//3020 3078//3020 2961//3020
f 3080//3021 3079//3021 2959//3021
f 3080//3022 2959//3022 2957//3022
f 3081//3023 3080//3023 2957//3023
f 3081//3024 2957//3024 2955//3024
f 3082//3025 3081//3025 2955//3025
f 3082//3026 2955//3026 2953//3026
f 3083//3027 3082//3027 2953//3027
f 3083//3028 2953//3028 2951//3028
f 3084//3029 3083//3029 2951//3029
f 3084//3030 2951//3030 2949//3030
f 3085//3031 3084//3031 2949//3031
f 3085//3032 2949//3032 2947//3032
f 3086//3033 3085//3033 2947//3033
f 3086//3034 2947//3034 2945//3034
f 3087//3035 3086//3035 2945//3035
f 3087//3036 2945//3037 2943//3038
f 486//3039 3087//3036 2943//3038
f 490//3040 486//3040 2943//3040
f 490//3041 2943//3041 2941//3041
f 491//3042 490//3042 2941//3042
f 491//3043 2941//3043 2939//3043
f 487//3044 491//3044 2939//3044
f 215//469 3074//469 3075//469
f 219//469 3074//469 215//469
f 219//469 3073//469 3074//469
f 211//469 215//469 3075//469
f 211//469 3075//469 3076//469
f 218//469 3073//469 219//469
f 218//469 3072//469 3073//469
f 212//469 211//469 3076//469
f 212//469 3076//469 3077//469
f 222//469 3071//469 3072//469
f 222//469 3072//469 218//469
f 208//469 212//469 3077//469
f 208//469 3077//469 3078//469
f 225//469 3070//469 3071//469
f 225//469 3071//469 222//469
f 205//469 208//469 3078//469
f 205//469 3078//469 3079//469
f 229//469 3069//469 3070//469
f 229//469 3070//469 225//469
f 201//469 3079//469 3080//469
f 201//469 205//469 3079//469
f 228//469 3068//469 3069//469
f 228//469 3069//469 229//469
f 202//469 3080//469 3081//469
f 202//469 201//469 3080//469
f 232//469 3068//469 228//469
f 232//469 3067//469 3068//469
f 198//469 3081//469 3082//469
f 198//469 202//469 3081//469
f 236//469 3067//469 232//469
f 236//469 3066//469 3067//469
f 194//469 198//469 3082//469
f 194//469 3082//469 3083//469
f 235//469 3066//469 236//469
f 235//469 3065//469 3066//469
f 195//469 3083//469 3084//469
f 195//469 194//469 3083//469
f 239//469 3064//469 3065//469
f 239//469 3065//469 235//469
f 191//469 3084//469 3085//469
f 191//469 195//469 3084//469
f 242//469 3063//469 3064//469
f 242//469 3064//469 239//469
f 187//469 191//469 3085//469
f 187//469 3085//469 3086//469
f 246//469 3063//469 242//469
f 246//469 3062//469 3063//469
f 188//469 187//469 3086//469
f 188//469 3086//469 3087//469
f 245//469 3062//469 246//469
f 245//469 3061//469 3062//469
f 185//469 188//469 3087//469
f 185//469 3087//469 486//469
f 249//469 3061//469 245//469
f 249//469 3060//469 3061//469
f 253//469 3060//469 249//469
f 253//469 3059//469 3060//469
f 3058//469 3059//469 253//469
f 252//469 3058//469 253//469
f 3057//469 3058//469 252//469
f 256//469 3057//469 252//469
f 3056//469 3057//469 256//469
f 260//469 3056//469 256//469
f 3055//469 3056//469 260//469
f 259//469 3055//469 260//469
f 3054//469 3055//469 259//469
f 263//469 3054//469 259//469
f 3053//469 3054//469 263//469
f 266//469 3053//469 263//469
f 3052//469 3053//469 266//469
f 270//469 3052//469 266//469
f 3051//469 3052//469 270//469
f 269//469 3051//469 270//469
f 3050//469 3051//469 269//469
f 273//469 3050//469 269//469
f 3049//469 3050//469 273//469
f 277//469 3049//469 273//469
f 3048//469 3049//469 277//469
f 276//469 3048//469 277//469
f 3047//469 3048//469 276//469
f 280//469 3047//469 276//469
f 3046//469 3047//469 280//469
f 283//469 3046//469 280//469
f 3045//469 3046//469 283//469
f 287//469 3045//469 283//469
f 3044//469 3045//469 287//469
f 286//469 3044//469 287//469
f 3043//469 3044//469 286//469
f 290//469 3043//469 286//469
f 3042//469 3043//469 290//469
f 294//469 3042//469 290//469
f 3041//469 3042//469 294//469
f 293//469 3041//469 294//469
f 3040//469 3041//469 293//469
f 297//469 3040//469 293//469
f 3039//469 3040//469 297//469
f 300//469 3039//469 297//469
f 3038//469 3039//469 300//469
f 304//469 3038//469 300//469
f 3037//469 3038//469 304//469
f 303//469 3037//469 304//469
f 3036//469 3037//469 303//469
f 307//469 3036//469 303//469
f 3035//469 3036//469 307//469
f 310//469 3035//469 307//469
f 3034//469 3035//469 310//469
f 314//469 3034//469 310//469
f 3033//469 3034//469 314//469
f 313//469 3033//469 314//469
f 3032//469 3033//469 313//469
f 317//469 3032//469 313//469
f 3031//469 3032//469 317//469
f 58//469 3031//469 317//469
f 57//469 3031//469 58//469
f 3088//3045 54//3045 53//3046
f 3088//3047 3089//3047 3090//3047
f 3088//3048 53//3048 3089//3048
f 3091//3049 386//3049 382//3049
f 3091//3050 382//3050 54//3050
f 3091//3051 54//3045 3088//3045
f 3092//3052 3088//3053 3090//3054
f 3092//3055 3090//3055 3093//3055
f 3094//3056 394//3057 390//3058
f 3094//3059 390//3059 386//3059
f 3094//3060 3088//3053 3092//3052
f 3094//3060 3091//3061 3088//3053
f 3094//3060 386//3062 3091//3061
f 3095//3063 3096//3063 3097//3063
f 3095//3064 3093//3065 3096//3066
f 3095//3064 3092//3067 3093//3065
f 3098//3068 3092//3067 3095//3064
f 3098//3069 398//3069 394//3069
f 3098//3068 3094//3056 3092//3067
f 3098//3068 394//3057 3094//3056
f 3099//3070 3097//3070 3100//3070
f 3099//3071 3095//3072 3097//3073
f 3101//3074 402//3074 398//3074
f 3101//3075 3095//3072 3099//3071
f 3101//3075 398//3076 3098//3077
f 3101//3075 3098//3077 3095//3072
f 3102//3078 3101//3079 3099//3080
f 3102//3078 3099//3080 3100//3081
f 3102//3082 3103//3083 3104//3084
f 3102//3085 3100//3085 3103//3085
f 3105//3086 410//3086 406//3086
f 3105//3087 406//3087 402//3087
f 3105//3088 402//3089 3101//3079
f 3105//3088 3101//3079 3102//3078
f 3106//3090 3102//3082 3104//3084
f 3106//3091 3104//3091 3107//3091
f 3106//3090 3105//3092 3102//3082
f 3108//3093 410//3094 3105//3092
f 3108//3095 414//3095 410//3095
f 3108//3093 3105//3092 3106//3090
f 3109//3096 3107//3096 3110//3096
f 3109//3097 3106//3098 3107//3099
f 3111//3100 422//3101 418//3102
f 3111//3103 418//3103 414//3103
f 3111//3104 3106//3098 3109//3097
f 3111//3104 3108//3105 3106//3098
f 3111//3104 414//3106 3108//3105
f 3112//3107 3113//3107 3114//3107
f 3112//3108 3110//3109 3113//3110
f 3112//3108 3109//3111 3110//3109
f 3112//3108 3111//3100 3109//3111
f 3115//3100 422//3101 3111//3100
f 3115//3112 426//3112 422//3112
f 3115//3100 3111//3100 3112//3108
f 3116//3113 3114//3113 3117//3113
f 3116//3114 3112//3115 3114//3116
f 3118//3117 430//3117 426//3117
f 3118//3118 3115//3119 3112//3115
f 3118//3118 3112//3115 3116//3114
f 3118//3118 426//3120 3115//3119
f 3119//3121 3116//3122 3117//3123
f 3119//3124 3120//3125 3121//3126
f 3119//3127 3117//3127 3120//3127
f 3122//3128 428//3128 430//3128
f 3122//3129 3118//3130 3116//3122
f 3122//3129 430//3131 3118//3130
f 3122//3129 3116//3122 3119//3121
f 3122//3132 424//3132 428//3132
f 3123//3133 3121//3133 3124//3133
f 3123//3134 3119//3124 3121//3126
f 3125//3135 3122//3136 3119//3124
f 3125//3135 424//3137 3122//3136
f 3125//3135 3119//3124 3123//3134
f 3125//3138 420//3138 424//3138
f 3126//3139 3124//3139 3127//3139
f 3126//3140 3123//3141 3124//3142
f 3126//3140 3125//3143 3123//3141
f 3128//3144 3125//3143 3126//3140
f 3128//3144 420//3145 3125//3143
f 3128//3146 412//3147 416//3147
f 3128//3148 416//3148 420//3148
f 3129//3149 3130//3149 3131//3149
f 3129//3150 3127//3151 3130//3152
f 3129//3150 3126//3153 3127//3151
f 3129//3150 3128//3146 3126//3153
f 3132//3146 3128//3146 3129//3150
f 3132//3146 412//3147 3128//3146
f 3132//3154 408//3154 412//3154
f 3133//3155 3129//3156 3131//3157
f 3133//3158 3131//3158 3134//3158
f 3135//3159 3129//3156 3133//3155
f 3135//3159 408//3160 3132//3161
f 3135//3159 3132//3161 3129//3156
f 3135//3162 404//3162 408//3162
f 3136//3163 3137//3163 3138//3163
f 3136//3164 3134//3164 3137//3164
f 3136//3165 3135//3166 3133//3167
f 3136//3165 3133//3167 3134//3168
f 3139//3169 3135//3166 3136//3165
f 3139//3169 404//3170 3135//3166
f 3139//3171 396//3171 400//3171
f 3139//3172 400//3172 404//3172
f 3140//3173 3138//3173 3141//3173
f 3140//3174 3136//3175 3138//3176
f 3142//3177 396//3178 3139//3179
f 3142//3177 3136//3175 3140//3174
f 3142//3180 392//3180 396//3180
f 3142//3177 3139//3179 3136//3175
f 3143//3181 3140//3182 3141//3183
f 3143//3184 3141//3184 3144//3184
f 3145//3185 392//3186 3142//3187
f 3145//3188 384//3189 388//3189
f 3145//3190 388//3190 392//3190
f 3145//3185 3142//3187 3140//3182
f 3145//3185 3140//3182 3143//3181
f 3146//3191 3147//3191 3148//3191
f 3146//3192 3144//3193 3147//3194
f 3146//3192 3143//3195 3144//3193
f 3149//3196 384//3189 3145//3188
f 3149//3196 3145//3188 3143//3195
f 3149//3196 3143//3195 3146//3192
f 3149//3197 380//3197 384//3197
f 3150//3198 3146//3199 3148//3200
f 3150//3201 3148//3201 3151//3201
f 3152//3202 380//3203 3149//3204
f 3152//3202 3146//3199 3150//3198
f 3152//3202 3149//3204 3146//3199
f 3152//3205 378//3205 380//3205
f 3153//3206 3150//3207 3151//3208
f 3153//3209 3154//3209 3155//3209
f 3153//3210 3151//3210 3154//3210
f 3156//3211 3152//3212 3150//3207
f 3156//3211 3150//3207 3153//3206
f 3156//3211 378//3213 3152//3212
f 3156//3209 373//3209 375//3209
f 3156//3210 375//3210 378//3210
f 3157//3214 3155//3214 3158//3214
f 3157//3215 3153//3216 3155//3217
f 3159//3218 3156//3219 3153//3216
f 3159//3218 373//3220 3156//3219
f 3159//3218 3153//3216 3157//3215
f 3159//3221 371//3221 373//3221
f 3160//3222 3157//3223 3158//3224
f 3160//3225 3161//3226 3162//3227
f 3160//3228 3158//3228 3161//3228
f 3160//3222 3159//3229 3157//3223
f 3163//3230 371//3231 3159//3229
f 3163//3230 3159//3229 3160//3222
f 3163//3232 367//3233 369//3233
f 3163//3234 369//3234 371//3234
f 3164//3235 3162//3235 3165//3235
f 3164//3236 3160//3225 3162//3227
f 3166//3237 3163//3232 3160//3225
f 3166//3237 367//3233 3163//3232
f 3166//3237 3160//3225 3164//3236
f 3166//3238 365//3238 367//3238
f 3167//3239 3165//3239 3168//3239
f 3167//3240 3164//3241 3165//3242
f 3167//3240 3166//3243 3164//3241
f 3169//3244 3166//3243 3167//3240
f 3169//3244 365//3245 3166//3243
f 3169//3246 363//3246 365//3246
f 3170//3247 3171//3247 3172//3247
f 3170//3248 3168//3248 3171//3248
f 3170//3249 3167//3250 3168//3251
f 3170//3249 3169//3252 3167//3250
f 3173//3253 3169//3252 3170//3249
f 3173//3253 363//3254 3169//3252
f 3173//3255 359//3255 361//3255
f 3173//3256 361//3256 363//3256
f 3174//3257 3172//3257 3175//3257
f 3174//3258 3170//3259 3172//3260
f 3176//3261 3173//3262 3170//3259
f 3176//3261 359//3263 3173//3262
f 3176//3261 3170//3259 3174//3258
f 3176//3264 357//3264 359//3264
f 3177//3265 3178//3266 3179//3267
f 3177//3268 3175//3268 3178//3268
f 3177//3269 3174//3270 3175//3271
f 3180//3272 3174//3270 3177//3269
f 3180//3272 3176//3273 3174//3270
f 3180//3274 355//3274 357//3274
f 3180//3272 357//3275 3176//3273
f 3181//3276 3179//3276 3182//3276
f 3181//3277 3177//3265 3179//3267
f 3183//3278 351//3278 353//3278
f 3183//3279 353//3280 355//3280
f 3183//3279 3180//3279 3177//3265
f 3183//3279 355//3280 3180//3279
f 3183//3279 3177//3265 3181//3277
f 3184//3281 3182//3281 3185//3281
f 3184//3282 3181//3283 3182//3284
f 3186//3285 349//3285 351//3285
f 3186//3286 351//3287 3183//3288
f 3186//3286 3183//3288 3181//3283
f 3186//3286 3181//3283 3184//3282
f 3187//3289 3188//3289 3189//3289
f 3187//3290 3185//3291 3188//3292
f 3187//3290 3184//3293 3185//3291
f 3187//3290 3186//3294 3184//3293
f 3190//3295 345//3295 347//3295
f 3190//3296 347//3296 349//3296
f 3190//3297 349//3298 3186//3294
f 3190//3297 3186//3294 3187//3290
f 3191//3299 3189//3299 3192//3299
f 3191//3300 3187//3301 3189//3302
f 3193//3303 3187//3301 3191//3300
f 3193//3304 343//3304 345//3304
f 3193//3303 345//3305 3190//3306
f 3193//3303 3190//3306 3187//3301
f 3194//3307 3195//3308 3196//3309
f 3194//3310 3192//3310 3195//3310
f 3194//3311 3191//3312 3192//3313
f 3197//3314 3191//3312 3194//3311
f 3197//3314 3193//3315 3191//3312
f 3197//3314 343//3316 3193//3315
f 3197//3317 341//3317 343//3317
f 3198//3318 3194//3307 3196//3309
f 3198//3319 3196//3319 3199//3319
f 3200//3320 3197//3320 3194//3307
f 3200//3320 3194//3307 3198//3318
f 3200//3320 341//3321 3197//3320
f 3200//3322 337//3322 339//3322
f 3200//3320 339//3323 341//3321
f 3201//3324 3198//3325 3199//3326
f 3201//3327 3199//3327 3202//3327
f 3203//3328 3200//3329 3198//3325
f 3203//3328 3198//3325 3201//3324
f 3203//3328 337//3330 3200//3329
f 3203//3331 335//3331 337//3331
f 3204//3332 3205//3332 3206//3332
f 3204//3333 3202//3334 3205//3335
f 3204//3333 3201//3336 3202//3334
f 3207//3337 3203//3338 3201//3336
f 3207//3337 3201//3336 3204//3333
f 3207//3337 335//3339 3203//3338
f 3207//3340 331//3340 333//3340
f 3207//3341 333//3341 335//3341
f 3208//3342 3206//3342 3209//3342
f 3208//3343 3204//3344 3206//3345
f 3210//3346 3207//3347 3204//3344
f 3210//3346 331//3348 3207//3347
f 3210//3346 3204//3344 3208//3343
f 3210//3349 329//3349 331//3349
f 3211//3350 3212//3351 3213//3352
f 3211//3353 3209//3353 3212//3353
f 3211//3354 3208//3355 3209//3356
f 3214//3357 3210//3358 3208//3355
f 3214//3357 329//3359 3210//3358
f 3214//3357 3208//3355 3211//3354
f 3214//3360 327//3360 329//3360
f 3215//3361 3213//3361 3216//3361
f 3215//3362 3211//3350 3213//3352
f 3217//3363 3211//3350 3215//3362
f 3217//3363 3214//3364 3211//3350
f 3217//3363 327//3365 3214//3364
f 3217//3366 323//3366 325//3366
f 3217//3363 325//3367 327//3365
f 3218//3368 3219//3368 484//3368
f 3218//3369 3216//3369 3219//3369
f 3218//3370 3215//3371 3216//3372
f 3218//3370 3217//3373 3215//3371
f 3218//3374 484//3375 319//3374
f 3220//3376 3217//3373 3218//3370
f 3220//3376 323//3377 3217//3373
f 3220//3378 3218//3374 319//3374
f 3220//3379 319//3379 321//3379
f 3220//3380 321//3380 323//3380
f 3189//133 3221//133 3222//133
f 3188//133 3223//133 3221//133
f 3188//133 3221//133 3189//133
f 3192//133 3222//133 3224//133
f 3192//133 3189//133 3222//133
f 3185//133 3225//133 3223//133
f 3185//133 3223//133 3188//133
f 3195//133 3224//133 3226//133
f 3195//133 3192//133 3224//133
f 3182//133 3227//133 3225//133
f 3182//133 3225//133 3185//133
f 3196//133 3226//133 3228//133
f 3196//133 3195//133 3226//133
f 3179//133 3229//133 3227//133
f 3179//133 3227//133 3182//133
f 3199//133 3228//133 3230//133
f 3199//133 3196//133 3228//133
f 3178//133 3231//133 3229//133
f 3178//133 3229//133 3179//133
f 3202//133 3230//133 3232//133
f 3202//133 3199//133 3230//133
f 3175//133 3233//133 3231//133
f 3175//133 3231//133 3178//133
f 3205//133 3232//133 3234//133
f 3205//133 3202//133 3232//133
f 3172//133 3235//133 3233//133
f 3172//133 3233//133 3175//133
f 3206//133 3234//133 3236//133
f 3206//133 3205//133 3234//133
f 3171//133 3237//133 3235//133
f 3171//133 3235//133 3172//133
f 3209//133 3236//133 3238//133
f 3209//133 3206//133 3236//133
f 3168//133 3239//133 3237//133
f 3168//133 3237//133 3171//133
f 3212//133 3238//133 3240//133
f 3212//133 3209//133 3238//133
f 3165//133 3241//133 3239//133
f 3165//133 3239//133 3168//133
f 3213//133 3240//133 3242//133
f 3213//133 3212//133 3240//133
f 3162//133 3243//133 3241//133
f 3162//133 3241//133 3165//133
f 3216//133 3242//133 3244//133
f 3216//133 3213//133 3242//133
f 3161//133 3243//133 3162//133
f 3161//133 3245//133 3243//133
f 3219//133 3244//133 3246//133
f 3219//133 3216//133 3244//133
f 3158//133 3247//133 3245//133
f 3158//133 3245//133 3161//133
f 484//133 3246//133 485//133
f 484//133 3219//133 3246//133
f 3155//133 3247//133 3158//133
f 3155//133 3248//133 3247//133
f 3154//133 3249//133 3248//133
f 3154//133 3248//133 3155//133
f 3151//133 3249//133 3154//133
f 3151//133 3250//133 3249//133
f 3148//133 3251//133 3250//133
f 3148//133 3250//133 3151//133
f 3147//133 3252//133 3251//133
f 3147//133 3251//133 3148//133
f 3144//133 3252//133 3147//133
f 3253//133 3252//133 3144//133
f 3141//133 3253//133 3144//133
f 3254//133 3253//133 3141//133
f 3138//133 3254//133 3141//133
f 3255//133 3254//133 3138//133
f 3137//133 3255//133 3138//133
f 3256//133 3255//133 3137//133
f 3134//133 3256//133 3137//133
f 3257//133 3256//133 3134//133
f 3131//133 3257//133 3134//133
f 3258//133 3257//133 3131//133
f 3130//133 3258//133 3131//133
f 3259//133 3258//133 3130//133
f 3127//133 3259//133 3130//133
f 3260//133 3259//133 3127//133
f 3124//133 3260//133 3127//133
f 3261//133 3260//133 3124//133
f 3121//133 3261//133 3124//133
f 3262//133 3261//133 3121//133
f 3120//133 3262//133 3121//133
f 3263//133 3262//133 3120//133
f 3117//133 3263//133 3120//133
f 3264//133 3263//133 3117//133
f 3114//133 3264//133 3117//133
f 3265//133 3264//133 3114//133
f 3113//133 3265//133 3114//133
f 3266//133 3265//133 3113//133
f 3110//133 3266//133 3113//133
f 3267//133 3266//133 3110//133
f 3107//133 3267//133 3110//133
f 3268//133 3267//133 3107//133
f 3104//133 3268//133 3107//133
f 3269//133 3268//133 3104//133
f 3103//133 3269//133 3104//133
f 3270//133 3269//133 3103//133
f 3100//133 3270//133 3103//133
f 3271//133 3270//133 3100//133
f 3097//133 3271//133 3100//133
f 3272//133 3271//133 3097//133
f 3096//133 3272//133 3097//133
f 3273//133 3272//133 3096//133
f 3093//133 3273//133 3096//133
f 3274//133 3273//133 3093//133
f 3090//133 3274//133 3093//133
f 3275//133 3274//133 3090//133
f 3089//133 3275//133 3090//133
f 3276//133 3275//133 3089//133
f 53//133 3276//133 3089//133
f 55//133 3276//133 53//133
f 3277//3381 488//3381 499//3381
f 3278//3382 499//3382 500//3382
f 3278//3383 3277//3383 499//3383
f 3279//3384 500//3384 485//3384
f 3279//3385 485//3386 3246//3387
f 3279//3388 3278//3388 500//3388
f 3280//3389 3246//3390 3244//3391
f 3280//3392 3279//3385 3246//3387
f 3281//3393 3244//3394 3242//3395
f 3281//3396 3280//3389 3244//3391
f 3282//3397 3242//3398 3240//3399
f 3282//3400 3281//3393 3242//3395
f 3283//3401 3240//3402 3238//3403
f 3283//3404 3282//3397 3240//3399
f 3284//3405 3238//3406 3236//3407
f 3284//3408 3283//3401 3238//3403
f 3285//3409 3236//3410 3234//3411
f 3285//3412 3284//3405 3236//3407
f 3286//3413 3234//3414 3232//3415
f 3286//3416 3285//3409 3234//3411
f 3287//3417 3232//3418 3230//3419
f 3287//3420 3286//3413 3232//3415
f 3288//3421 3230//3422 3228//3423
f 3288//3424 3287//3417 3230//3419
f 3289//3425 3288//3421 3228//3423
f 3289//3426 3228//3427 3226//3428
f 3290//3429 3289//3426 3226//3428
f 3290//3430 3226//3431 3224//3432
f 3291//3433 3290//3430 3224//3432
f 3291//3434 3224//3435 3222//3436
f 3292//3437 3291//3434 3222//3436
f 3292//3438 3222//3439 3221//3440
f 3293//3441 3292//3438 3221//3440
f 3293//3442 3221//3443 3223//3444
f 3294//3445 3293//3442 3223//3444
f 3294//3446 3223//3447 3225//3448
f 3295//3449 3294//3446 3225//3448
f 3295//3450 3225//3451 3227//3452
f 3296//3453 3295//3450 3227//3452
f 3296//3454 3227//3455 3229//3456
f 3297//3457 3296//3454 3229//3456
f 3297//3458 3229//3459 3231//3460
f 3298//3461 3297//3458 3231//3460
f 3298//3462 3231//3463 3233//3464
f 3299//3465 3298//3462 3233//3464
f 3299//3466 3233//3467 3235//3468
f 3300//3469 3299//3466 3235//3468
f 3300//3470 3235//3471 3237//3472
f 3301//3473 3237//3474 3239//3475
f 3301//3476 3300//3470 3237//3472
f 3302//3477 3239//3478 3241//3479
f 3302//3480 3301//3473 3239//3475
f 3303//3481 3241//3482 3243//3483
f 3303//3484 3302//3477 3241//3479
f 3304//3485 3243//3486 3245//3487
f 3304//3488 3303//3481 3243//3483
f 3305//3489 3245//3490 3247//3491
f 3305//3492 3304//3485 3245//3487
f 3306//3493 3247//3494 3248//3495
f 3306//3496 3305//3489 3247//3491
f 3307//3497 3248//3497 3249//3497
f 3307//3498 3306//3493 3248//3495
f 3308//3497 3307//3497 3249//3497
f 3309//3499 3249//3500 3250//3501
f 3309//3499 3308//3502 3249//3500
f 3310//3503 3250//3504 3251//3505
f 3310//3503 3309//3506 3250//3504
f 3311//3507 3251//3508 3252//3509
f 3311//3507 3310//3510 3251//3508
f 3312//3511 3252//3512 3253//3513
f 3312//3511 3311//3514 3252//3512
f 3313//3515 3253//3516 3254//3517
f 3313//3515 3312//3518 3253//3516
f 3314//3519 3254//3520 3255//3521
f 3314//3519 3313//3522 3254//3520
f 3315//3523 3314//3524 3255//3525
f 3315//3523 3255//3525 3256//3526
f 3316//3527 3315//3528 3256//3529
f 3316//3527 3256//3529 3257//3530
f 3317//3531 3316//3532 3257//3533
f 3317//3531 3257//3533 3258//3534
f 3318//3535 3317//3536 3258//3537
f 3318//3535 3258//3537 3259//3538
f 3319//3539 3318//3540 3259//3541
f 3319//3539 3259//3541 3260//3542
f 3320//3543 3319//3544 3260//3545
f 3320//3543 3260//3545 3261//3546
f 3321//3547 3320//3548 3261//3549
f 3321//3547 3261//3549 3262//3550
f 3322//3551 3321//3552 3262//3553
f 3322//3551 3262//3553 3263//3554
f 3323//3555 3322//3556 3263//3557
f 3323//3555 3263//3557 3264//3558
f 3324//3559 3323//3560 3264//3561
f 3324//3559 3264//3561 3265//3562
f 3325//3563 3324//3564 3265//3565
f 3325//3563 3265//3565 3266//3566
f 3326//3567 3325//3568 3266//3569
f 3326//3567 3266//3569 3267//3570
f 3327//3571 3326//3572 3267//3573
f 3327//3571 3267//3573 3268//3574
f 3328//3575 3327//3576 3268//3577
f 3328//3575 3268//3577 3269//3578
f 3329//3579 3328//3580 3269//3581
f 3329//3579 3269//3581 3270//3582
f 3330//3583 3329//3584 3270//3585
f 3330//3583 3270//3585 3271//3586
f 3331//3587 3330//3588 3271//3589
f 3331//3587 3271//3589 3272//3590
f 3332//3591 3331//3592 3272//3593
f 3332//3591 3272//3593 3273//3594
f 3333//3595 3332//3596 3273//3597
f 3333//3595 3273//3597 3274//3598
f 3334//3599 3274//3600 3275//3601
f 3334//3599 3333//3602 3274//3600
f 3335//3603 3275//3604 3276//3605
f 3335//3603 3334//3606 3275//3604
f 3336//3607 3276//3608 55//3609
f 3336//3607 3335//3610 3276//3608
f 3337//3611 55//3612 70//3613
f 3337//3611 3336//3614 55//3612
f 3338//3615 70//3616 62//3617
f 3338//3618 62//3619 66//3620
f 3338//3615 3337//3621 70//3616
f 3339//3622 66//3623 59//3624
f 3339//3625 3338//3618 66//3620
f 3340//3626 3339//3622 59//3624
f 3340//3627 59//3628 135//3629
f 3341//3630 3340//3627 135//3629
f 3341//3631 135//3632 139//3633
f 3342//3634 3341//3631 139//3633
f 3342//3635 139//3636 143//3637
f 3343//3638 3342//3635 143//3637
f 3343//3639 143//3640 147//3641
f 3344//3642 3343//3639 147//3641
f 3344//3643 147//3644 151//3645
f 3345//3646 3344//3643 151//3645
f 3345//3647 151//3648 155//3649
f 3346//3650 3345//3647 155//3649
f 3346//3651 155//3652 159//3653
f 3347//3654 3346//3651 159//3653
f 3347//3655 159//3656 163//3657
f 3348//3658 3347//3655 163//3657
f 3348//3659 163//3660 167//3661
f 3349//3662 3348//3659 167//3661
f 3349//3663 167//3664 171//3665
f 3350//3666 3349//3663 171//3665
f 3350//3667 171//3668 175//3669
f 3351//3670 3350//3667 175//3669
f 3351//3671 175//3672 179//3673
f 3352//3674 3351//3671 179//3673
f 3352//3675 179//3676 183//3677
f 3353//3678 3352//3675 183//3677
f 3353//3679 183//3680 181//3681
f 3354//3682 181//3683 177//3684
f 3354//3685 3353//3679 181//3681
f 3355//3686 177//3687 173//3688
f 3355//3689 3354//3682 177//3684
f 3356//3690 173//3691 169//3692
f 3356//3693 3355//3686 173//3688
f 3357//3694 169//3695 165//3696
f 3357//3697 3356//3690 169//3692
f 3358//3698 165//3699 161//3700
f 3358//3701 3357//3694 165//3696
f 3359//3702 161//3703 157//3704
f 3359//3705 3358//3698 161//3700
f 3360//3706 157//3707 153//3708
f 3360//3709 3359//3702 157//3704
f 3361//3710 153//3711 149//3712
f 3361//3713 3360//3706 153//3708
f 3362//3714 149//3715 145//3716
f 3362//3717 3361//3710 149//3712
f 3363//3718 145//3719 141//3720
f 3363//3721 3362//3714 145//3716
f 3364//3722 141//3723 137//3724
f 3364//3725 3363//3718 141//3720
f 3365//3726 137//3727 133//3728
f 3365//3729 3364//3722 137//3724
f 3366//3730 3365//3726 133//3728
f 3366//3731 133//3732 131//3733
f 3367//3734 3366//3731 131//3733
f 3367//3735 131//3736 129//3737
f 3368//3738 3367//3735 129//3737
f 3369//3739 129//3739 127//3739
f 3369//3739 3368//3739 129//3739
f 3370//3740 127//3741 125//3742
f 3370//3740 3369//3743 127//3741
f 3371//3744 125//3745 123//3746
f 3371//3744 3370//3747 125//3745
f 3372//3748 123//3749 121//3750
f 3372//3748 3371//3751 123//3749
f 3373//3752 121//3753 119//3754
f 3373//3752 3372//3755 121//3753
f 3374//3756 119//3757 117//3758
f 3374//3756 3373//3759 119//3757
f 3375//3760 117//3761 115//3762
f 3375//3760 3374//3763 117//3761
f 3376//3764 115//3765 113//3766
f 3376//3764 3375//3767 115//3765
f 3377//3768 113//3769 111//3770
f 3377//3768 3376//3771 113//3769
f 3378//3772 111//3773 109//3774
f 3378//3772 3377//3775 111//3773
f 3379//3776 109//3777 107//3778
f 3379//3776 3378//3779 109//3777
f 3380//3780 107//3781 105//3782
f 3380//3780 3379//3783 107//3781
f 3381//3784 105//3785 103//3786
f 3381//3784 3380//3787 105//3785
f 3382//3788 103//3789 101//3790
f 3382//3788 3381//3791 103//3789
f 3383//3792 101//3793 99//3794
f 3383//3792 3382//3795 101//3793
f 3384//3796 99//3797 97//3798
f 3384//3796 3383//3799 99//3797
f 3385//3800 97//3801 95//3802
f 3385//3800 3384//3803 97//3801
f 3386//3804 95//3805 93//3806
f 3386//3804 3385//3807 95//3805
f 3387//3808 93//3809 91//3810
f 3387//3808 3386//3811 93//3809
f 3388//3812 91//3813 89//3814
f 3388//3812 3387//3815 91//3813
f 3389//3816 89//3817 87//3818
f 3389//3816 3388//3819 89//3817
f 3390//3820 87//3821 85//3822
f 3390//3820 3389//3823 87//3821
f 3391//3824 3390//3825 85//3826
f 3391//3824 85//3826 83//3827
f 3392//3828 3391//3829 83//3830
f 3392//3828 83//3830 81//3831
f 3393//3832 3392//3833 81//3834
f 3393//3832 81//3834 79//3835
f 3394//3836 3393//3837 79//3838
f 3394//3836 79//3838 77//3839
f 3395//3840 3394//3841 77//3842
f 3395//3840 77//3842 75//3843
f 3396//3844 3395//3845 75//3846
f 3396//3844 75//3846 71//3847
f 3397//3848 3396//3849 71//3850
f 3397//3848 71//3850 73//3851
f 3397//3852 73//3852 493//3852
f 3398//3853 3397//3853 493//3853
f 3398//3854 493//3854 494//3854
f 3277//3855 3398//3855 494//3855
f 3277//3856 494//3856 488//3856
f 3399//469 3383//469 3384//469
f 3400//469 3382//469 3383//469
f 3400//469 3383//469 3399//469
f 3401//469 3384//469 3385//469
f 3401//469 3399//469 3384//469
f 3402//469 3381//469 3382//469
f 3402//469 3382//469 3400//469
f 3403//469 3385//469 3386//469
f 3403//469 3401//469 3385//469
f 3404//469 3380//469 3381//469
f 3404//469 3381//469 3402//469
f 3405//469 3386//469 3387//469
f 3405//469 3403//469 3386//469
f 3406//469 3387//469 3388//469
f 3406//469 3405//469 3387//469
f 3407//469 3379//469 3380//469
f 3407//469 3380//469 3404//469
f 3408//469 3388//469 3389//469
f 3408//469 3406//469 3388//469
f 3409//469 3378//469 3379//469
f 3409//469 3379//469 3407//469
f 3410//469 3389//469 3390//469
f 3410//469 3408//469 3389//469
f 3411//469 3377//469 3378//469
f 3411//469 3378//469 3409//469
f 3412//469 3390//469 3391//469
f 3412//469 3410//469 3390//469
f 3413//469 3376//469 3377//469
f 3413//469 3377//469 3411//469
f 3414//469 3391//469 3392//469
f 3414//469 3412//469 3391//469
f 3415//469 3375//469 3376//469
f 3415//469 3376//469 3413//469
f 3416//469 3414//469 3392//469
f 3416//469 3392//469 3393//469
f 3417//469 3374//469 3375//469
f 3417//469 3375//469 3415//469
f 3418//469 3416//469 3393//469
f 3418//469 3393//469 3394//469
f 3419//469 3374//469 3417//469
f 3419//469 3373//469 3374//469
f 3420//469 3418//469 3394//469
f 3420//469 3394//469 3395//469
f 3421//469 3373//469 3419//469
f 3421//469 3372//469 3373//469
f 3422//469 3420//469 3395//469
f 3422//469 3395//469 3396//469
f 3423//469 3371//469 3372//469
f 3423//469 3372//469 3421//469
f 3424//469 3422//469 3396//469
f 3424//469 3396//469 3397//469
f 3425//469 3370//469 3371//469
f 3425//469 3371//469 3423//469
f 3426//469 3424//469 3397//469
f 3426//469 3397//469 3398//469
f 3427//469 3369//469 3370//469
f 3427//469 3370//469 3425//469
f 3428//469 3369//469 3427//469
f 3428//469 3368//469 3369//469
f 3429//469 3426//469 3398//469
f 3429//469 3398//469 3277//469
f 3278//469 3429//469 3277//469
f 3430//469 3368//469 3428//469
f 3430//469 3367//469 3368//469
f 3431//469 3429//469 3278//469
f 3279//469 3431//469 3278//469
f 3432//469 3431//469 3279//469
f 3433//469 3367//469 3430//469
f 3433//469 3366//469 3367//469
f 3280//469 3432//469 3279//469
f 3434//469 3432//469 3280//469
f 3435//469 3365//469 3366//469
f 3435//469 3366//469 3433//469
f 3281//469 3434//469 3280//469
f 3436//469 3434//469 3281//469
f 3437//469 3365//469 3435//469
f 3364//469 3365//469 3437//469
f 3282//469 3436//469 3281//469
f 3438//469 3436//469 3282//469
f 3439//469 3364//469 3437//469
f 3363//469 3364//469 3439//469
f 3283//469 3438//469 3282//469
f 3440//469 3438//469 3283//469
f 3441//469 3363//469 3439//469
f 3362//469 3363//469 3441//469
f 3284//469 3440//469 3283//469
f 3442//469 3440//469 3284//469
f 3443//469 3362//469 3441//469
f 3361//469 3362//469 3443//469
f 3285//469 3442//469 3284//469
f 3444//469 3442//469 3285//469
f 3445//469 3361//469 3443//469
f 3360//469 3361//469 3445//469
f 3286//469 3444//469 3285//469
f 3446//469 3444//469 3286//469
f 3447//469 3360//469 3445//469
f 3359//469 3360//469 3447//469
f 3287//469 3446//469 3286//469
f 3448//469 3446//469 3287//469
f 3449//469 3359//469 3447//469
f 3358//469 3359//469 3449//469
f 3288//469 3448//469 3287//469
f 3450//469 3448//469 3288//469
f 3451//469 3358//469 3449//469
f 3357//469 3358//469 3451//469
f 3289//469 3450//469 3288//469
f 3452//469 3450//469 3289//469
f 3453//469 3357//469 3451//469
f 3356//469 3357//469 3453//469
f 3290//469 3452//469 3289//469
f 3454//469 3452//469 3290//469
f 3455//469 3356//469 3453//469
f 3355//469 3356//469 3455//469
f 3291//469 3454//469 3290//469
f 3456//469 3454//469 3291//469
f 3457//469 3355//469 3455//469
f 3354//469 3355//469 3457//469
f 3292//469 3456//469 3291//469
f 3458//469 3456//469 3292//469
f 3459//469 3354//469 3457//469
f 3353//469 3354//469 3459//469
f 3293//469 3458//469 3292//469
f 3460//469 3458//469 3293//469
f 3461//469 3353//469 3459//469
f 3352//469 3353//469 3461//469
f 3294//469 3460//469 3293//469
f 3462//469 3460//469 3294//469
f 3463//469 3352//469 3461//469
f 3351//469 3352//469 3463//469
f 3295//469 3462//469 3294//469
f 3464//469 3462//469 3295//469
f 3465//469 3351//469 3463//469
f 3350//469 3351//469 3465//469
f 3296//469 3464//469 3295//469
f 3466//469 3464//469 3296//469
f 3467//469 3350//469 3465//469
f 3349//469 3350//469 3467//469
f 3297//469 3466//469 3296//469
f 3468//469 3466//469 3297//469
f 3469//469 3349//469 3467//469
f 3348//469 3349//469 3469//469
f 3298//469 3468//469 3297//469
f 3470//469 3468//469 3298//469
f 3471//469 3348//469 3469//469
f 3347//469 3348//469 3471//469
f 3299//469 3470//469 3298//469
f 3472//469 3470//469 3299//469
f 3473//469 3347//469 3471//469
f 3346//469 3347//469 3473//469
f 3300//469 3472//469 3299//469
f 3474//469 3472//469 3300//469
f 3475//469 3346//469 3473//469
f 3345//469 3346//469 3475//469
f 3301//469 3474//469 3300//469
f 3476//469 3345//469 3475//469
f 3477//469 3474//469 3301//469
f 3344//469 3345//469 3476//469
f 3302//469 3477//469 3301//469
f 3478//469 3344//469 3476//469
f 3479//469 3477//469 3302//469
f 3343//469 3344//469 3478//469
f 3303//469 3479//469 3302//469
f 3480//469 3343//469 3478//469
f 3481//469 3479//469 3303//469
f 3342//469 3343//469 3480//469
f 3482//469 3342//469 3480//469
f 3304//469 3483//469 3481//469
f 3304//469 3481//469 3303//469
f 3341//469 3342//469 3482//469
f 3484//469 3341//469 3482//469
f 3305//469 3485//469 3483//469
f 3305//469 3483//469 3304//469
f 3340//469 3341//469 3484//469
f 3486//469 3340//469 3484//469
f 3306//469 3487//469 3485//469
f 3306//469 3485//469 3305//469
f 3339//469 3340//469 3486//469
f 3488//469 3339//469 3486//469
f 3307//469 3489//469 3487//469
f 3307//469 3487//469 3306//469
f 3338//469 3339//469 3488//469
f 3308//469 3489//469 3307//469
f 3308//469 3490//469 3489//469
f 3337//469 3338//469 3488//469
f 3337//469 3488//469 3491//469
f 3309//469 3490//469 3308//469
f 3309//469 3492//469 3490//469
f 3336//469 3337//469 3491//469
f 3336//469 3491//469 3493//469
f 3310//469 3492//469 3309//469
f 3310//469 3494//469 3492//469
f 3335//469 3336//469 3493//469
f 3335//469 3493//469 3495//469
f 3311//469 3496//469 3494//469
f 3311//469 3494//469 3310//469
f 3334//469 3335//469 3495//469
f 3334//469 3495//469 3497//469
f 3312//469 3496//469 3311//469
f 3312//469 3498//469 3496//469
f 3333//469 3497//469 3499//469
f 3333//469 3334//469 3497//469
f 3313//469 3498//469 3312//469
f 3313//469 3500//469 3498//469
f 3332//469 3499//469 3501//469
f 3332//469 3333//469 3499//469
f 3314//469 3502//469 3500//469
f 3314//469 3500//469 3313//469
f 3331//469 3501//469 3503//469
f 3331//469 3332//469 3501//469
f 3315//469 3504//469 3502//469
f 3315//469 3502//469 3314//469
f 3330//469 3503//469 3505//469
f 3330//469 3331//469 3503//469
f 3316//469 3506//469 3504//469
f 3316//469 3504//469 3315//469
f 3329//469 3505//469 3507//469
f 3329//469 3330//469 3505//469
f 3317//469 3508//469 3506//469
f 3317//469 3506//469 3316//469
f 3328//469 3507//469 3509//469
f 3328//469 3329//469 3507//469
f 3318//469 3510//469 3508//469
f 3318//469 3508//469 3317//469
f 3327//469 3509//469 3511//469
f 3327//469 3328//469 3509//469
f 3319//469 3512//469 3510//469
f 3319//469 3510//469 3318//469
f 3326//469 3511//469 3513//469
f 3326//469 3327//469 3511//469
f 3320//469 3514//469 3512//469
f 3320//469 3512//469 3319//469
f 3325//469 3326//469 3513//469
f 3325//469 3513//469 3515//469
f 3321//469 3514//469 3320//469
f 3321//469 3516//469 3514//469
f 3324//469 3325//469 3515//469
f 3324//469 3515//469 3517//469
f 3322//469 3516//469 3321//469
f 3322//469 3518//469 3516//469
f 3323//469 3324//469 3517//469
f 3323//469 3518//469 3322//469
f 3323//469 3517//469 3518//469
f 3519//3857 3520//3858 3521//3859
f 3426//3860 3429//2249 3522//3861
f 3519//3862 3523//3863 3520//3864
f 3429//2250 3431//3865 3522//3866
f 3524//3867 3521//3867 3525//3867
f 3524//3868 3519//3857 3521//3859
f 3526//3869 3525//3869 3527//3869
f 3526//3870 3524//3871 3525//3872
f 3528//3873 3526//3874 3527//3875
f 3528//3876 3529//3876 3530//3876
f 3528//3873 3527//3875 3529//3877
f 3531//3878 3519//3857 3524//3868
f 3531//3878 3532//3878 3519//3857
f 3533//3879 3528//3880 3530//3881
f 3533//3882 3530//3882 3534//3882
f 3535//3871 3531//3871 3524//3871
f 3535//3871 3524//3871 3526//3870
f 3536//3883 3537//3884 3538//3885
f 3536//3886 3534//3886 3537//3886
f 3536//3887 3533//3888 3534//3889
f 3539//3890 3526//3874 3528//3873
f 3539//3890 3535//3890 3526//3874
f 3540//3891 3538//3891 3541//3891
f 3540//3883 3536//3883 3538//3885
f 3542//3878 3543//3878 3532//3878
f 3542//3871 3531//3871 3535//3871
f 3542//3878 3532//3878 3531//3878
f 3544//3880 3539//3880 3528//3880
f 3544//3880 3528//3880 3533//3879
f 3545//3892 3540//3893 3541//3894
f 3545//3895 3541//3895 3546//3895
f 3547//3871 3542//3871 3535//3871
f 3548//3896 3533//3888 3536//3887
f 3548//3896 3544//3896 3533//3888
f 3549//3897 3550//3898 3551//3899
f 3549//3900 3546//3900 3550//3900
f 3549//3901 3545//3902 3546//3903
f 3552//3890 3535//3890 3539//3890
f 3552//3880 3539//3880 3544//3880
f 3552//3890 3547//3890 3535//3890
f 3553//3904 3540//3893 3545//3892
f 3553//3905 3536//3883 3540//3883
f 3553//3905 3548//3905 3536//3883
f 3554//3878 3543//3878 3542//3878
f 3554//3878 3555//3878 3543//3878
f 3556//3906 3551//3906 3557//3906
f 3556//3907 3549//3897 3551//3899
f 3558//3880 3552//3880 3544//3880
f 3559//3904 3553//3904 3545//3892
f 3560//3871 3542//3871 3547//3871
f 3560//3871 3554//3871 3542//3871
f 3561//3908 3557//3908 3562//3908
f 3561//3909 3556//3910 3557//3911
f 3563//3896 3558//3896 3544//3896
f 3563//3896 3544//3896 3548//3896
f 3563//3905 3548//3905 3553//3905
f 3564//3902 3559//3902 3545//3902
f 3564//3902 3545//3902 3549//3901
f 3565//3890 3547//3890 3552//3890
f 3565//3890 3560//3890 3547//3890
f 3566//3912 3561//3913 3562//3914
f 3566//3915 3567//3916 3568//3917
f 3566//3912 3562//3914 3567//3918
f 3569//3904 3553//3904 3559//3904
f 3569//3905 3563//3905 3553//3905
f 3570//3878 3571//3878 3555//3878
f 3570//3878 3555//3878 3554//3878
f 3572//3919 3564//3919 3549//3897
f 3572//3920 3556//3910 3561//3909
f 3572//3919 3549//3897 3556//3907
f 3573//3880 3552//3880 3558//3880
f 3573//3880 3565//3880 3552//3880
f 3574//3921 3568//3921 3575//3921
f 3574//3922 3566//3915 3568//3917
f 3576//3904 3569//3904 3559//3904
f 3577//3890 3560//3890 3565//3890
f 3577//3871 3570//3871 3554//3871
f 3577//3871 3554//3871 3560//3871
f 3578//3920 3572//3920 3561//3909
f 3579//3896 3558//3896 3563//3896
f 3579//3896 3573//3896 3558//3896
f 3580//3923 3574//3924 3575//3925
f 3580//3926 3575//3926 3581//3926
f 3582//3902 3559//3902 3564//3902
f 3582//3902 3576//3902 3559//3902
f 3583//3890 3577//3890 3565//3890
f 3584//3927 3561//3913 3566//3912
f 3584//3927 3578//3927 3561//3913
f 3585//3905 3563//3905 3569//3905
f 3585//3904 3569//3904 3576//3904
f 3585//3905 3579//3905 3563//3905
f 3586//3928 3580//3929 3581//3930
f 3586//3931 3587//3931 3588//3931
f 3586//3928 3581//3930 3587//3932
f 3589//3878 3590//3878 3571//3878
f 3589//3878 3571//3878 3570//3878
f 3591//3919 3564//3919 3572//3919
f 3591//3919 3582//3919 3564//3919
f 3592//3880 3583//3880 3565//3880
f 3592//3896 3573//3896 3579//3896
f 3592//3880 3565//3880 3573//3880
f 3593//3933 3566//3915 3574//3922
f 3593//3933 3584//3933 3566//3915
f 3593//3934 3574//3924 3580//3923
f 3594//3904 3585//3904 3576//3904
f 3595//3935 3588//3935 3596//3935
f 3595//3936 3586//3937 3588//3938
f 3597//3871 3589//3871 3570//3871
f 3597//3871 3570//3871 3577//3871
f 3598//3920 3591//3920 3572//3920
f 3598//3920 3572//3920 3578//3920
f 3598//3927 3578//3927 3584//3927
f 3599//3896 3592//3896 3579//3896
f 3600//3934 3593//3934 3580//3923
f 3601//3902 3594//3902 3576//3902
f 3601//3919 3582//3919 3591//3919
f 3601//3902 3576//3902 3582//3902
f 3602//3939 3595//3940 3596//3941
f 3602//3942 3603//3943 3604//3944
f 3602//3945 3596//3945 3603//3945
f 3605//3890 3577//3890 3583//3890
f 3605//3890 3597//3890 3577//3890
f 3606//3927 3598//3927 3584//3927
f 3607//3905 3599//3905 3579//3905
f 3607//3904 3585//3904 3594//3904
f 3607//3905 3579//3905 3585//3905
f 3608//3929 3600//3929 3580//3929
f 3608//3929 3580//3929 3586//3928
f 3609//3878 3590//3878 3589//3878
f 3609//3878 3610//3878 3590//3878
f 3611//3919 3601//3919 3591//3919
f 3611//3920 3591//3920 3598//3920
f 3612//3946 3604//3946 3613//3946
f 3612//3947 3602//3942 3604//3944
f 3614//3880 3605//3880 3583//3880
f 3614//3880 3583//3880 3592//3880
f 3615//3933 3584//3933 3593//3933
f 3615//3934 3593//3934 3600//3934
f 3615//3933 3606//3933 3584//3933
f 3616//3904 3607//3904 3594//3904
f 3617//3937 3586//3937 3595//3936
f 3617//3937 3608//3937 3586//3937
f 3618//3871 3609//3871 3589//3871
f 3618//3871 3589//3871 3597//3871
f 3619//3920 3611//3920 3598//3920
f 3620//3948 3613//3948 3621//3948
f 3620//3949 3612//3950 3613//3951
f 3622//3896 3614//3896 3592//3896
f 3622//3896 3592//3896 3599//3896
f 3622//3905 3599//3905 3607//3905
f 3623//3934 3615//3934 3600//3934
f 3624//3902 3594//3902 3601//3902
f 3624//3902 3616//3902 3594//3902
f 3625//3940 3595//3940 3602//3939
f 3625//3940 3617//3940 3595//3940
f 3626//3890 3618//3890 3597//3890
f 3626//3890 3597//3890 3605//3890
f 3626//3880 3605//3880 3614//3880
f 3627//3927 3619//3927 3598//3927
f 3627//3927 3598//3927 3606//3927
f 3628//3952 3629//3953 3630//3954
f 3628//3955 3621//3956 3629//3957
f 3628//3955 3620//3958 3621//3956
f 3631//3905 3622//3905 3607//3905
f 3632//3929 3600//3929 3608//3929
f 3632//3929 3623//3929 3600//3929
f 3633//3878 3634//3878 3610//3878
f 3633//3878 3610//3878 3609//3878
f 3633//3871 3609//3871 3618//3871
f 3635//3919 3624//3919 3601//3919
f 3635//3919 3601//3919 3611//3919
f 3636//3949 3612//3950 3620//3949
f 3636//3959 3602//3942 3612//3947
f 3636//3959 3625//3959 3602//3942
f 3637//3896 3614//3896 3622//3896
f 3637//3880 3626//3880 3614//3880
f 3638//3933 3627//3933 3606//3933
f 3638//3933 3606//3933 3615//3933
f 3639//3960 3630//3960 3640//3960
f 3639//3961 3628//3952 3630//3954
f 3641//3904 3631//3904 3607//3904
f 3641//3902 3616//3902 3624//3902
f 3641//3904 3607//3904 3616//3904
f 3642//3937 3632//3937 3608//3937
f 3642//3937 3608//3937 3617//3937
f 3642//3940 3617//3940 3625//3940
f 3643//3871 3633//3871 3618//3871
f 3644//3920 3611//3920 3619//3920
f 3644//3920 3635//3920 3611//3920
f 3645//3949 3636//3949 3620//3949
f 3646//3896 3637//3896 3622//3896
f 3647//3934 3638//3934 3615//3934
f 3647//3934 3615//3934 3623//3934
f 3647//3929 3623//3929 3632//3929
f 3648//3962 3640//3962 3649//3962
f 3648//3963 3639//3964 3640//3965
f 3650//3902 3641//3902 3624//3902
f 3651//3940 3642//3940 3625//3940
f 3652//3890 3618//3890 3626//3890
f 3652//3890 3643//3890 3618//3890
f 3653//3927 3644//3927 3619//3927
f 3653//3927 3619//3927 3627//3927
f 3654//3958 3645//3958 3620//3958
f 3654//3958 3620//3958 3628//3955
f 3655//3904 3631//3904 3641//3904
f 3655//3905 3646//3905 3622//3905
f 3655//3905 3622//3905 3631//3905
f 3656//3929 3647//3929 3632//3929
f 3657//3878 3658//3878 3634//3878
f 3657//3878 3634//3878 3633//3878
f 3659//3966 3660//3967 3661//3968
f 3659//3969 3649//3970 3660//3971
f 3659//3969 3648//3972 3649//3970
f 3662//3919 3650//3919 3624//3919
f 3662//3919 3624//3919 3635//3919
f 3663//3959 3625//3959 3636//3959
f 3663//3959 3651//3959 3625//3959
f 3664//3880 3626//3880 3637//3880
f 3664//3880 3652//3880 3626//3880
f 3665//3933 3653//3933 3627//3933
f 3665//3933 3627//3933 3638//3933
f 3666//3973 3628//3952 3639//3961
f 3666//3973 3654//3973 3628//3952
f 3667//3904 3655//3904 3641//3904
f 3668//3937 3632//3937 3642//3937
f 3668//3937 3656//3937 3632//3937
f 3669//3871 3657//3871 3633//3871
f 3669//3871 3633//3871 3643//3871
f 3670//3974 3659//3966 3661//3968
f 3670//3975 3661//3975 3671//3975
f 3672//3920 3662//3920 3635//3920
f 3672//3920 3635//3920 3644//3920
f 3673//3949 3636//3949 3645//3949
f 3673//3949 3663//3949 3636//3949
f 3674//3896 3637//3896 3646//3896
f 3674//3896 3664//3896 3637//3896
f 3675//3934 3665//3934 3638//3934
f 3675//3929 3647//3929 3656//3929
f 3675//3934 3638//3934 3647//3934
f 3676//3976 3648//3972 3659//3969
f 3676//3977 3666//3977 3639//3964
f 3676//3977 3639//3964 3648//3963
f 3677//3902 3667//3902 3641//3902
f 3677//3902 3641//3902 3650//3902
f 3678//3959 3651//3959 3663//3959
f 3678//3940 3668//3940 3642//3940
f 3678//3940 3642//3940 3651//3940
f 3679//3890 3669//3890 3643//3890
f 3679//3890 3643//3890 3652//3890
f 3680//3978 3671//3978 3681//3978
f 3680//3979 3670//3980 3671//3981
f 3682//3927 3672//3927 3644//3927
f 3682//3927 3644//3927 3653//3927
f 3683//3958 3673//3958 3645//3958
f 3683//3973 3654//3973 3666//3973
f 3683//3958 3645//3958 3654//3958
f 3684//3905 3674//3905 3646//3905
f 3684//3905 3646//3905 3655//3905
f 3685//3929 3675//3929 3656//3929
f 3686//3982 3424//3982 3426//3982
f 3686//3983 3658//3878 3657//3878
f 3686//3983 3522//3861 3658//3878
f 3686//3983 3426//3860 3522//3861
f 3686//3984 3657//3871 3669//3871
f 3687//3976 3676//3976 3659//3969
f 3688//3919 3677//3919 3650//3919
f 3688//3920 3662//3920 3672//3920
f 3688//3919 3650//3919 3662//3919
f 3689//3959 3678//3959 3663//3959
f 3690//3880 3679//3880 3652//3880
f 3690//3896 3664//3896 3674//3896
f 3690//3880 3652//3880 3664//3880
f 3691//3985 3692//3985 3693//3985
f 3691//3986 3681//3987 3692//3988
f 3691//3986 3680//3989 3681//3987
f 3694//3933 3682//3933 3653//3933
f 3694//3933 3653//3933 3665//3933
f 3695//3973 3683//3973 3666//3973
f 3696//3902 3667//3902 3677//3902
f 3696//3904 3684//3904 3655//3904
f 3696//3904 3655//3904 3667//3904
f 3697//3937 3685//3937 3656//3937
f 3697//3937 3656//3937 3668//3937
f 3698//3990 3424//3991 3686//3984
f 3698//3992 3420//3993 3422//3994
f 3698//3995 3422//3995 3424//3995
f 3698//3990 3686//3984 3669//3871
f 3699//3996 3659//3966 3670//3974
f 3699//3996 3687//3996 3659//3966
f 3700//3920 3688//3920 3672//3920
f 3701//3949 3689//3949 3663//3949
f 3701//3949 3663//3949 3673//3949
f 3701//3958 3673//3958 3683//3958
f 3702//3896 3690//3896 3674//3896
f 3703//3997 3693//3997 3704//3997
f 3703//3998 3691//3999 3693//4000
f 3705//3934 3665//3934 3675//3934
f 3705//3934 3694//3934 3665//3934
f 3706//3977 3695//3977 3666//3977
f 3706//3977 3666//3977 3676//3977
f 3707//3902 3696//3902 3677//3902
f 3708//3940 3668//3940 3678//3940
f 3708//3959 3678//3959 3689//3959
f 3708//3940 3697//3940 3668//3940
f 3709//4001 3420//3993 3698//3992
f 3709//4001 3698//3992 3669//3890
f 3709//3880 3679//3880 3690//3880
f 3709//4002 3418//4002 3420//4002
f 3709//4001 3669//3890 3679//3890
f 3710//4003 3699//4003 3670//3980
f 3710//4003 3670//3980 3680//3979
f 3711//3927 3700//3927 3672//3927
f 3711//3933 3682//3933 3694//3933
f 3711//3927 3672//3927 3682//3927
f 3712//3958 3701//3958 3683//3958
f 3713//3904 3684//3904 3696//3904
f 3713//3905 3674//3905 3684//3905
f 3713//3905 3702//3905 3674//3905
f 3714//4004 3703//4005 3704//4006
f 3714//4007 3715//4008 3716//4009
f 3714//4010 3704//4010 3715//4010
f 3717//3929 3675//3929 3685//3929
f 3717//3929 3705//3929 3675//3929
f 3718//3996 3687//3996 3699//3996
f 3718//3976 3706//3976 3676//3976
f 3718//3976 3676//3976 3687//3976
f 3719//3919 3707//3919 3677//3919
f 3719//3919 3677//3919 3688//3919
f 3720//3959 3708//3959 3689//3959
f 3721//4011 3709//3880 3690//3880
f 3721//4011 3418//4012 3709//3880
f 3721//4013 3416//4013 3418//4013
f 3722//3989 3680//3989 3691//3986
f 3722//3989 3710//3989 3680//3989
f 3723//3934 3694//3934 3705//3934
f 3723//3933 3711//3933 3694//3933
f 3724//3973 3683//3973 3695//3973
f 3724//3973 3712//3973 3683//3973
f 3725//3904 3713//3904 3696//3904
f 3726//4014 3716//4014 3727//4014
f 3726//4015 3714//4007 3716//4009
f 3728//3940 3697//3940 3708//3940
f 3728//3937 3717//3937 3685//3937
f 3728//3937 3685//3937 3697//3937
f 3729//3996 3718//3996 3699//3996
f 3730//3920 3688//3920 3700//3920
f 3730//3920 3719//3920 3688//3920
f 3731//3949 3689//3949 3701//3949
f 3731//3958 3701//3958 3712//3958
f 3731//3949 3720//3949 3689//3949
f 3732//4016 3412//4016 3414//4016
f 3732//4017 3414//4018 3416//4019
f 3732//4017 3416//4019 3721//4020
f 3732//4017 3721//4020 3690//3896
f 3732//4017 3690//3896 3702//3896
f 3733//4021 3691//3999 3703//3998
f 3733//4021 3722//4021 3691//3999
f 3734//3934 3723//3934 3705//3934
f 3735//3977 3695//3977 3706//3977
f 3735//3977 3724//3977 3695//3977
f 3736//3902 3696//3902 3707//3902
f 3736//3902 3725//3902 3696//3902
f 3737//4022 3727//4022 3738//4022
f 3737//4023 3726//4024 3727//4025
f 3739//3940 3728//3940 3708//3940
f 3740//3989 3710//3989 3722//3989
f 3740//4003 3729//4003 3699//4003
f 3740//4003 3699//4003 3710//4003
f 3741//3927 3700//3927 3711//3927
f 3741//3927 3730//3927 3700//3927
f 3742//3958 3731//3958 3712//3958
f 3743//4026 3702//3905 3713//3905
f 3743//4027 3410//4027 3412//4027
f 3743//4026 3732//4028 3702//3905
f 3743//4026 3412//4029 3732//4028
f 3744//4030 3733//4030 3703//4005
f 3744//4030 3703//4005 3714//4004
f 3745//3929 3705//3929 3717//3929
f 3745//3929 3734//3929 3705//3929
f 3746//3976 3706//3976 3718//3976
f 3746//3976 3735//3976 3706//3976
f 3747//3919 3736//3919 3707//3919
f 3747//3919 3707//3919 3719//3919
f 3747//3920 3719//3920 3730//3920
f 3748//4031 3749//4032 3750//4033
f 3748//4034 3738//4035 3749//4036
f 3748//4034 3737//4037 3738//4035
f 3751//3959 3708//3959 3720//3959
f 3751//3959 3739//3959 3708//3959
f 3751//3949 3720//3949 3731//3949
f 3752//3989 3740//3989 3722//3989
f 3753//3933 3741//3933 3711//3933
f 3753//3933 3711//3933 3723//3933
f 3754//3973 3742//3973 3712//3973
f 3754//3973 3712//3973 3724//3973
f 3755//3892 3410//4038 3743//4039
f 3755//4040 3406//4041 3408//4042
f 3755//4043 3408//4043 3410//4043
f 3755//3892 3743//4039 3713//3904
f 3755//3892 3713//3904 3725//3904
f 3756//4023 3726//4024 3737//4023
f 3756//4044 3744//4044 3714//4007
f 3756//4044 3714//4007 3726//4015
f 3757//3937 3745//3937 3717//3937
f 3757//3937 3717//3937 3728//3937
f 3757//3940 3728//3940 3739//3940
f 3758//3996 3718//3996 3729//3996
f 3758//3996 3746//3996 3718//3996
f 3758//4003 3729//4003 3740//4003
f 3759//3920 3747//3920 3730//3920
f 3760//4045 3750//4045 3761//4045
f 3760//4046 3748//4031 3750//4033
f 3762//3949 3751//3949 3731//3949
f 3763//4030 3733//4030 3744//4030
f 3763//4021 3752//4021 3722//4021
f 3763//4021 3722//4021 3733//4021
f 3764//3934 3723//3934 3734//3934
f 3764//3934 3753//3934 3723//3934
f 3765//3977 3724//3977 3735//3977
f 3765//3977 3754//3977 3724//3977
f 3765//3976 3735//3976 3746//3976
f 3766//3902 3725//3902 3736//3902
f 3766//3902 3755//4040 3725//3902
f 3766//4047 3405//4047 3406//4047
f 3766//3902 3406//4041 3755//4040
f 3767//4023 3756//4023 3737//4023
f 3768//3940 3757//3940 3739//3940
f 3769//3989 3740//3989 3752//3989
f 3769//4003 3758//4003 3740//4003
f 3770//3927 3759//3927 3730//3927
f 3770//3927 3730//3927 3741//3927
f 3771//4048 3761//4048 3772//4048
f 3771//4049 3760//4050 3761//4051
f 3773//3958 3731//3958 3742//3958
f 3773//3958 3762//3958 3731//3958
f 3774//4030 3763//4030 3744//4030
f 3775//3929 3734//3929 3745//3929
f 3775//3929 3764//3929 3734//3929
f 3776//3976 3765//3976 3746//3976
f 3777//4052 3403//4052 3405//4052
f 3777//4053 3766//4054 3736//3919
f 3777//4053 3405//4055 3766//4054
f 3777//4053 3736//3919 3747//3919
f 3778//4037 3737//4037 3748//4034
f 3778//4037 3767//4037 3737//4037
f 3778//4056 3748//4031 3760//4046
f 3779//3959 3739//3959 3751//3959
f 3779//3959 3768//3959 3739//3959
f 3780//3989 3769//3989 3752//3989
f 3781//3933 3770//3933 3741//3933
f 3781//3933 3741//3933 3753//3933
f 3782//4057 3783//4058 3784//4059
f 3782//4060 3772//4061 3783//4062
f 3782//4060 3771//4063 3772//4061
f 3785//3973 3742//3973 3754//3973
f 3785//3973 3773//3973 3742//3973
f 3785//3977 3754//3977 3765//3977
f 3786//4044 3744//4044 3756//4044
f 3786//4044 3774//4044 3744//4044
f 3787//3937 3775//3937 3745//3937
f 3787//3937 3745//3937 3757//3937
f 3787//3940 3757//3940 3768//3940
f 3788//3996 3776//3996 3746//3996
f 3788//3996 3746//3996 3758//3996
f 3789//4064 3777//4065 3747//3920
f 3789//4066 3399//4066 3401//4066
f 3789//4064 3401//4067 3403//4068
f 3789//4064 3747//3920 3759//3920
f 3789//4064 3403//4068 3777//4065
f 3790//4056 3778//4056 3760//4046
f 3791//3949 3779//3949 3751//3949
f 3791//3949 3751//3949 3762//3949
f 3791//3958 3762//3958 3773//3958
f 3792//4021 3752//4021 3763//4021
f 3792//4021 3780//4021 3752//4021
f 3792//4030 3763//4030 3774//4030
f 3793//3929 3764//3929 3775//3929
f 3793//3934 3781//3934 3753//3934
f 3793//3934 3753//3934 3764//3934
f 3794//4069 3784//4069 3795//4069
f 3794//4070 3782//4057 3784//4059
f 3796//3977 3785//3977 3765//3977
f 3797//4023 3786//4023 3756//4023
f 3797//4023 3756//4023 3767//4023
f 3798//3940 3787//3940 3768//3940
f 3799//4003 3758//4003 3769//4003
f 3799//4003 3788//4003 3758//4003
f 3800//4071 3400//4071 3399//4071
f 3800//3927 3789//4072 3759//3927
f 3800//3927 3759//3927 3770//3927
f 3800//3927 3399//4073 3789//4072
f 3801//4050 3760//4050 3771//4049
f 3801//4050 3790//4050 3760//4050
f 3802//3958 3791//3958 3773//3958
f 3803//4030 3792//4030 3774//4030
f 3804//3937 3775//3937 3787//3937
f 3804//3929 3793//3929 3775//3929
f 3805//4074 3794//4075 3795//4076
f 3805//4077 3795//4077 3806//4077
f 3807//3976 3765//3976 3776//3976
f 3807//3976 3796//3976 3765//3976
f 3808//4037 3797//4037 3767//4037
f 3808//4037 3767//4037 3778//4037
f 3809//3959 3768//3959 3779//3959
f 3809//3949 3779//3949 3791//3949
f 3809//3959 3798//3959 3768//3959
f 3810//3989 3769//3989 3780//3989
f 3810//3989 3799//3989 3769//3989
f 3811//4078 3404//4079 3402//4080
f 3811//4081 3402//4081 3400//4081
f 3811//4082 3400//4083 3800//4084
f 3811//4082 3800//4084 3770//3933
f 3811//4082 3770//3933 3781//3933
f 3811//4078 3781//3934 3793//3934
f 3812//4063 3801//4063 3771//4063
f 3812//4063 3771//4063 3782//4060
f 3813//3973 3773//3973 3785//3973
f 3813//3973 3802//3973 3773//3973
f 3814//4044 3774//4044 3786//4044
f 3814//4023 3786//4023 3797//4023
f 3814//4044 3803//4044 3774//4044
f 3815//3937 3804//3937 3787//3937
f 3816//4085 3817//4085 3818//4085
f 3816//4086 3806//4087 3817//4088
f 3816//4086 3805//4089 3806//4087
f 3819//3996 3807//3996 3776//3996
f 3819//3996 3776//3996 3788//3996
f 3820//4056 3808//4056 3778//4056
f 3820//4056 3778//4056 3790//4056
f 3821//3949 3809//3949 3791//3949
f 3822//4021 3780//4021 3792//4021
f 3822//4021 3810//4021 3780//4021
f 3822//4030 3792//4030 3803//4030
f 3823//4090 3407//4090 3404//4090
f 3823//4091 3404//4079 3811//4078
f 3823//4091 3811//4078 3793//3934
f 3824//4092 3782//4057 3794//4070
f 3824//4092 3812//4092 3782//4057
f 3825//3977 3785//3977 3796//3977
f 3825//3976 3796//3976 3807//3976
f 3825//3977 3813//3977 3785//3977
f 3826//4023 3814//4023 3797//4023
f 3827//3940 3787//3940 3798//3940
f 3827//3940 3815//3940 3787//3940
f 3828//4093 3818//4093 3829//4093
f 3828//4094 3816//4095 3818//4096
f 3830//4003 3819//4003 3788//4003
f 3830//4003 3788//4003 3799//4003
f 3830//3989 3799//3989 3810//3989
f 3831//4050 3790//4050 3801//4050
f 3831//4050 3820//4050 3790//4050
f 3832//3958 3821//3958 3791//3958
f 3832//3958 3791//3958 3802//3958
f 3833//4030 3822//4030 3803//4030
f 3834//4097 3409//4097 3407//4097
f 3834//4098 3823//4099 3793//3929
f 3834//4098 3407//4100 3823//4099
f 3834//4098 3793//3929 3804//3929
f 3835//4075 3794//4075 3805//4074
f 3835//4075 3824//4075 3794//4075
f 3836//3976 3825//3976 3807//3976
f 3837//4037 3797//4037 3808//4037
f 3837//4037 3826//4037 3797//4037
f 3838//3959 3827//3959 3798//3959
f 3838//3959 3798//3959 3809//3959
f 3839//4101 3840//4102 3841//4103
f 3839//4104 3829//4104 3840//4104
f 3839//4105 3828//4106 3829//4107
f 3842//4021 3810//4021 3822//4021
f 3842//3989 3830//3989 3810//3989
f 3843//4063 3831//4063 3801//4063
f 3843//4063 3801//4063 3812//4063
f 3844//3973 3802//3973 3813//3973
f 3844//3973 3832//3973 3802//3973
f 3844//3977 3813//3977 3825//3977
f 3845//4023 3814//4023 3826//4023
f 3845//4044 3803//4044 3814//4044
f 3845//4044 3833//4044 3803//4044
f 3846//4108 3413//4108 3411//4108
f 3846//4109 3411//4110 3409//4111
f 3846//4109 3409//4111 3834//4112
f 3846//4113 3815//3940 3827//3940
f 3846//4109 3834//4112 3804//3937
f 3846//4109 3804//3937 3815//3937
f 3847//4114 3835//4114 3805//4089
f 3847//4114 3805//4089 3816//4086
f 3848//4003 3819//4003 3830//4003
f 3848//3996 3836//3996 3807//3996
f 3848//3996 3807//3996 3819//3996
f 3849//4056 3808//4056 3820//4056
f 3849//4056 3837//4056 3808//4056
f 3850//3958 3821//3958 3832//3958
f 3850//3949 3838//3949 3809//3949
f 3850//3949 3809//3949 3821//3949
f 3851//4115 3841//4115 3852//4115
f 3851//4116 3839//4101 3841//4103
f 3853//4021 3842//4021 3822//4021
f 3854//4092 3843//4092 3812//4092
f 3854//4092 3812//4092 3824//4092
f 3855//3977 3844//3977 3825//3977
f 3856//4023 3845//4023 3826//4023
f 3857//4117 3415//4117 3413//4117
f 3857//4118 3413//4119 3846//4113
f 3857//4118 3846//4113 3827//3940
f 3858//4120 3816//4095 3828//4094
f 3858//4120 3847//4120 3816//4095
f 3859//3989 3830//3989 3842//3989
f 3859//4003 3848//4003 3830//4003
f 3860//4063 3831//4063 3843//4063
f 3860//4050 3820//4050 3831//4050
f 3860//4050 3849//4050 3820//4050
f 3861//3958 3850//3958 3832//3958
f 3862//4121 3852//4121 3863//4121
f 3862//4122 3851//4123 3852//4124
f 3864//4030 3822//4030 3833//4030
f 3864//4030 3853//4030 3822//4030
f 3864//4044 3833//4044 3845//4044
f 3865//4075 3824//4075 3835//4075
f 3865//4075 3854//4075 3824//4075
f 3865//4114 3835//4114 3847//4114
f 3866//3976 3855//3976 3825//3976
f 3866//3996 3836//3996 3848//3996
f 3866//3976 3825//3976 3836//3976
f 3867//4037 3856//4037 3826//4037
f 3867//4037 3826//4037 3837//4037
f 3868//4125 3415//4126 3857//4127
f 3868//4125 3857//4127 3827//3959
f 3868//4128 3419//4129 3417//2355
f 3868//4125 3417//2356 3415//4126
f 3868//4125 3827//3959 3838//3959
f 3869//4116 3839//4101 3851//4116
f 3869//4130 3828//4106 3839//4105
f 3869//4130 3858//4130 3828//4106
f 3870//3989 3859//3989 3842//3989
f 3871//4063 3860//4063 3843//4063
f 3872//3973 3861//3973 3832//3973
f 3872//3973 3832//3973 3844//3973
f 3873//4131 3874//4132 3875//4133
f 3873//4134 3863//4135 3874//4136
f 3873//4134 3862//4137 3863//4135
f 3876//4044 3864//4044 3845//4044
f 3877//4114 3865//4114 3847//4114
f 3877//4120 3847//4120 3858//4120
f 3878//3996 3866//3996 3848//3996
f 3879//4056 3837//4056 3849//4056
f 3879//4056 3867//4056 3837//4056
f 3880//4138 3421//4138 3419//4138
f 3880//3949 3868//4128 3838//3949
f 3880//4139 3850//3958 3861//3958
f 3880//3949 3419//4129 3868//4128
f 3880//3949 3838//3949 3850//3949
f 3881//4116 3869//4116 3851//4116
f 3882//4021 3842//4021 3853//4021
f 3882//4021 3870//4021 3842//4021
f 3883//4092 3843//4092 3854//4092
f 3883//4092 3871//4092 3843//4092
f 3884//3977 3844//3977 3855//3977
f 3884//3977 3872//3977 3844//3977
f 3885//4140 3875//4140 3886//4140
f 3885//4141 3873//4131 3875//4133
f 3887//4023 3876//4023 3845//4023
f 3887//4023 3845//4023 3856//4023
f 3888//4120 3877//4120 3858//4120
f 3888//4130 3858//4130 3869//4130
f 3889//4003 3848//4003 3859//4003
f 3889//4003 3878//4003 3848//4003
f 3890//4063 3860//4063 3871//4063
f 3890//4050 3849//4050 3860//4050
f 3890//4050 3879//4050 3849//4050
f 3891//4142 3425//4143 3423//4144
f 3891//4145 3423//4145 3421//4145
f 3891//4146 3421//4147 3880//4139
f 3891//4146 3880//4139 3861//3958
f 3892//4148 3851//4123 3862//4122
f 3892//4148 3881//4148 3851//4123
f 3893//4030 3882//4030 3853//4030
f 3893//4030 3853//4030 3864//4030
f 3894//4075 3854//4075 3865//4075
f 3894//4075 3883//4075 3854//4075
f 3895//3976 3855//3976 3866//3976
f 3895//3976 3884//3976 3855//3976
f 3896//4149 3886//4149 3897//4149
f 3896//4150 3885//4151 3886//4152
f 3898//4037 3856//4037 3867//4037
f 3898//4056 3867//4056 3879//4056
f 3898//4037 3887//4037 3856//4037
f 3899//4130 3888//4130 3869//4130
f 3900//3989 3859//3989 3870//3989
f 3900//4021 3870//4021 3882//4021
f 3900//3989 3889//3989 3859//3989
f 3901//4063 3890//4063 3871//4063
f 3902//4153 3891//4142 3861//3973
f 3902//4154 3427//4154 3425//4154
f 3902//4153 3861//3973 3872//3973
f 3902//4153 3425//4143 3891//4142
f 3903//4137 3862//4137 3873//4134
f 3903//4137 3892//4137 3862//4137
f 3903//4155 3873//4131 3885//4141
f 3904//4044 3864//4044 3876//4044
f 3904//4023 3876//4023 3887//4023
f 3904//4044 3893//4044 3864//4044
f 3905//4114 3865//4114 3877//4114
f 3905//4114 3894//4114 3865//4114
f 3906//4003 3878//4003 3889//4003
f 3906//3996 3895//3996 3866//3996
f 3906//3996 3866//3996 3878//3996
f 3907//4156 3908//4157 3909//4158
f 3907//4159 3897//4160 3908//4161
f 3907//4159 3896//4162 3897//4160
f 3910//4056 3898//4056 3879//4056
f 3911//4116 3899//4116 3869//4116
f 3911//4116 3869//4116 3881//4116
f 3912//4021 3900//4021 3882//4021
f 3913//4092 3901//4092 3871//4092
f 3913//4092 3871//4092 3883//4092
f 3913//4075 3883//4075 3894//4075
f 3914//4163 3428//4163 3427//4163
f 3914//4164 3902//4165 3872//3977
f 3914//4164 3427//4166 3902//4165
f 3914//4164 3872//3977 3884//3977
f 3915//4155 3903//4155 3885//4141
f 3916//4023 3904//4023 3887//4023
f 3917//4120 3905//4120 3877//4120
f 3917//4120 3877//4120 3888//4120
f 3918//4003 3906//4003 3889//4003
f 3919//4167 3907//4156 3909//4158
f 3919//4168 3909//4168 3920//4168
f 3921//4050 3879//4050 3890//4050
f 3921//4050 3910//4050 3879//4050
f 3922//4148 3881//4148 3892//4148
f 3922//4148 3911//4148 3881//4148
f 3923//4030 3882//4030 3893//4030
f 3923//4030 3912//4030 3882//4030
f 3923//4044 3893//4044 3904//4044
f 3924//4114 3894//4114 3905//4114
f 3924//4075 3913//4075 3894//4075
f 3925//4169 3914//4170 3884//3976
f 3925//4171 3433//4171 3430//4171
f 3925//4169 3430//4172 3428//4173
f 3925//4169 3884//3976 3895//3976
f 3925//4174 3895//3996 3906//3996
f 3925//4169 3428//4173 3914//4170
f 3926//4175 3885//4151 3896//4150
f 3926//4175 3915//4175 3885//4151
f 3926//4176 3896//4162 3907//4159
f 3927//4037 3887//4037 3898//4037
f 3927//4037 3916//4037 3887//4037
f 3928//4130 3888//4130 3899//4130
f 3928//4116 3899//4116 3911//4116
f 3928//4130 3917//4130 3888//4130
f 3929//3989 3918//3989 3889//3989
f 3929//3989 3889//3989 3900//3989
f 3930//4177 3920//4177 3931//4177
f 3930//4178 3919//4179 3920//4180
f 3932//4063 3890//4063 3901//4063
f 3932//4092 3901//4092 3913//4092
f 3932//4063 3921//4063 3890//4063
f 3933//4137 3892//4137 3903//4137
f 3933//4137 3922//4137 3892//4137
f 3934//4044 3923//4044 3904//4044
f 3935//4114 3924//4114 3905//4114
f 3936//4181 3433//4182 3925//4174
f 3936//4183 3435//4183 3433//4183
f 3936//4181 3925//4174 3906//3996
f 3937//4176 3926//4176 3907//4159
f 3938//4056 3927//4056 3898//4056
f 3938//4056 3898//4056 3910//4056
f 3939//4116 3928//4116 3911//4116
f 3940//4021 3900//4021 3912//4021
f 3940//4021 3929//4021 3900//4021
f 3941//4184 3942//4184 3943//4184
f 3941//4185 3931//4186 3942//4187
f 3941//4185 3930//4188 3931//4186
f 3944//4092 3932//4092 3913//4092
f 3945//4155 3933//4155 3903//4155
f 3945//4155 3903//4155 3915//4155
f 3946//4023 3934//4023 3904//4023
f 3946//4023 3904//4023 3916//4023
f 3947//4120 3905//4120 3917//4120
f 3947//4120 3935//4120 3905//4120
f 3948//4189 3439//4190 3437//4191
f 3948//4192 3437//4192 3435//4192
f 3948//4193 3936//4194 3906//4003
f 3948//4189 3918//3989 3929//3989
f 3948//4193 3435//4195 3936//4194
f 3948//4193 3906//4003 3918//4003
f 3949//4196 3919//4179 3930//4178
f 3949//4197 3907//4156 3919//4167
f 3949//4197 3937//4197 3907//4156
f 3950//4050 3938//4050 3910//4050
f 3950//4050 3910//4050 3921//4050
f 3950//4063 3921//4063 3932//4063
f 3951//4148 3939//4198 3911//4148
f 3951//4148 3911//4148 3922//4148
f 3952//4030 3940//4030 3912//4030
f 3952//4030 3912//4030 3923//4030
f 3953//4199 3943//4199 3954//4199
f 3953//4200 3941//4201 3943//4202
f 3955//4075 3944//4075 3913//4075
f 3955//4075 3913//4075 3924//4075
f 3956//4175 3945//4175 3915//4175
f 3956//4175 3915//4175 3926//4175
f 3957//4056 3927//4056 3938//4056
f 3957//4037 3946//4037 3916//4037
f 3957//4037 3916//4037 3927//4037
f 3958//4130 3917//4130 3928//4130
f 3958//4130 3947//4130 3917//4130
f 3959//4203 3441//4203 3439//4203
f 3959//4204 3439//4190 3948//4189
f 3959//3999 3929//4021 3940//4021
f 3959//4204 3948//4189 3929//3989
f 3960//4196 3949//4196 3930//4178
f 3961//4063 3950//4063 3932//4063
f 3962//4137 3951//4137 3922//4137
f 3962//4137 3922//4137 3933//4137
f 3963//4044 3952//4044 3923//4044
f 3963//4044 3923//4044 3934//4044
f 3964//4205 3965//4206 3966//4207
f 3964//4208 3954//4208 3965//4208
f 3964//4209 3953//4210 3954//4211
f 3967//4114 3955//4114 3924//4114
f 3967//4114 3924//4114 3935//4114
f 3968//4176 3926//4176 3937//4176
f 3968//4176 3956//4176 3926//4176
f 3969//4050 3938//4050 3950//4050
f 3969//4056 3957//4056 3938//4056
f 3970//4116 3928//4116 3939//4116
f 3970//4148 3939//4198 3951//4148
f 3970//4116 3958//4116 3928//4116
f 3971//4212 3443//4212 3441//4212
f 3971//4213 3959//3999 3940//4021
f 3971//4213 3441//4214 3959//3999
f 3972//4215 3941//4201 3953//4200
f 3972//4188 3960//4188 3930//4188
f 3972//4188 3930//4188 3941//4185
f 3973//4092 3932//4092 3944//4092
f 3973//4092 3961//4092 3932//4092
f 3974//4155 3933//4155 3945//4155
f 3974//4155 3962//4155 3933//4155
f 3975//4023 3934//4023 3946//4023
f 3975//4023 3963//4023 3934//4023
f 3976//4216 3966//4216 3977//4216
f 3976//4217 3964//4205 3966//4207
f 3978//4130 3947//4130 3958//4130
f 3978//4120 3935//4120 3947//4120
f 3978//4120 3967//4120 3935//4120
f 3979//4197 3968//4197 3937//4197
f 3979//4197 3937//4197 3949//4197
f 3980//4050 3969//4050 3950//4050
f 3981//4148 3970//4148 3951//4148
f 3982//4218 3447//4218 3445//4218
f 3982//4219 3445//4220 3443//4221
f 3982//4219 3971//4222 3940//4030
f 3982//4219 3940//4030 3952//4030
f 3982//4219 3443//4221 3971//4222
f 3983//4215 3972//4215 3953//4200
f 3984//4075 3973//4075 3944//4075
f 3984//4114 3955//4114 3967//4114
f 3984//4075 3944//4075 3955//4075
f 3985//4175 3945//4175 3956//4175
f 3985//4175 3974//4175 3945//4175
f 3986//4037 3946//4037 3957//4037
f 3986//4056 3957//4056 3969//4056
f 3986//4037 3975//4037 3946//4037
f 3987//4223 3976//4224 3977//4225
f 3987//4226 3977//4226 3988//4226
f 3989//4130 3978//4130 3958//4130
f 3990//4196 3949//4196 3960//4196
f 3990//4196 3979//4196 3949//4196
f 3991//4063 3950//4063 3961//4063
f 3991//4063 3980//4063 3950//4063
f 3991//4092 3961//4092 3973//4092
f 3992//4137 3981//4137 3951//4137
f 3992//4137 3951//4137 3962//4137
f 3992//4155 3962//4155 3974//4155
f 3993//4227 3449//4227 3447//4227
f 3993//4044 3982//4228 3952//4044
f 3993//4044 3447//4229 3982//4228
f 3993//4044 3952//4044 3963//4044
f 3994//4230 3953//4210 3964//4209
f 3994//4230 3983//4230 3953//4210
f 3995//4114 3984//4114 3967//4114
f 3996//4176 3956//4176 3968//4176
f 3996//4176 3985//4176 3956//4176
f 3997//4056 3986//4056 3969//4056
f 3998//4231 3999//4232 4000//4233
f 3998//4234 3988//4235 3999//4236
f 3998//4234 3987//4237 3988//4235
f 4001//4116 3958//4116 3970//4116
f 4001//4116 3989//4116 3958//4116
f 4002//4188 3990//4188 3960//4188
f 4002//4188 3960//4188 3972//4188
f 4003//4092 3991//4092 3973//4092
f 4004//4155 3992//4155 3974//4155
f 4004//4175 3974//4175 3985//4175
f 4005//4238 3453//4239 3451//4240
f 4005//4241 3451//4241 3449//4241
f 4005//4023 3449//4242 3993//4243
f 4005//4023 3963//4023 3975//4023
f 4005//4023 3993//4243 3963//4023
f 4006//4244 3994//4244 3964//4205
f 4006//4244 3964//4205 3976//4217
f 4007//4120 3967//4120 3978//4120
f 4007//4120 3995//4120 3967//4120
f 4008//4197 3968//4197 3979//4197
f 4008//4197 3996//4197 3968//4197
f 4009//4050 3997//4050 3969//4050
f 4009//4050 3969//4050 3980//4050
f 4009//4063 3980//4063 3991//4063
f 4010//4245 4000//4245 4011//4245
f 4010//4246 3998//4231 4000//4233
f 4012//4148 3970//4148 3981//4148
f 4012//4148 4001//4148 3970//4148
f 4013//4215 4002//4215 3972//4215
f 4013//4215 3972//4215 3983//4215
f 4013//4230 3983//4230 3994//4230
f 4014//4075 3973//4075 3984//4075
f 4014//4075 4003//4075 3973//4075
f 4015//4175 4004//4175 3985//4175
f 4016//4247 3455//4247 3453//4247
f 4016//4248 4005//4238 3975//4037
f 4016//4249 3986//4056 3997//4056
f 4016//4248 3453//4239 4005//4238
f 4016//4248 3975//4037 3986//4037
f 4017//4224 3976//4224 3987//4223
f 4017//4224 4006//4224 3976//4224
f 4018//4116 3989//4116 4001//4116
f 4018//4130 4007//4130 3978//4130
f 4018//4130 3978//4130 3989//4130
f 4019//4250 3979//4196 3990//4196
f 4019//4250 4008//4250 3979//4196
f 4020//4092 3991//4092 4003//4092
f 4020//4063 4009//4063 3991//4063
f 4021//4251 4011//4251 4022//4251
f 4021//4252 4010//4253 4011//4254
f 4023//4137 4012//4137 3981//4137
f 4023//4137 3981//4137 3992//4137
f 4024//4230 4013//4230 3994//4230
f 4025//4114 3984//4114 3995//4114
f 4025//4114 4014//4114 3984//4114
f 4026//4176 3985//4176 3996//4176
f 4026//4176 4015//4176 3985//4176
f 4026//4197 3996//4197 4008//4197
f 4027//4255 3457//4255 3455//4255
f 4027//4256 3455//4257 4016//4249
f 4027//4256 4016//4249 3997//4056
f 4028//4237 3987//4237 3998//4234
f 4028//4237 4017//4237 3987//4237
f 4029//4116 4018//4116 4001//4116
f 4030//4188 3990//4188 4002//4188
f 4030//4188 4019//4188 3990//4188
f 4031//4092 4020//4092 4003//4092
f 4032//4258 4021//4259 4022//4260
f 4032//4261 4033//4262 4034//4263
f 4032//4258 4022//4260 4033//4264
f 4035//4155 3992//4155 4004//4155
f 4035//4155 4023//4155 3992//4155
f 4036//4244 4024//4244 3994//4244
f 4036//4244 3994//4244 4006//4244
f 4037//4120 3995//4120 4007//4120
f 4037//4120 4025//4120 3995//4120
f 4038//4196 4008//4250 4019//4250
f 4038//4197 4026//4197 4008//4197
f 4039//4265 3461//4265 3459//4265
f 4039//4266 3459//4267 3457//4268
f 4039//4266 3457//4268 4027//4269
f 4039//4266 3997//4050 4009//4050
f 4039//4266 4027//4269 3997//4050
f 4040//4270 3998//4231 4010//4246
f 4040//4270 4028//4270 3998//4231
f 4041//4148 4029//4198 4001//4148
f 4041//4148 4001//4148 4012//4148
f 4042//4215 4002//4215 4013//4215
f 4042//4215 4030//4215 4002//4215
f 4043//4075 4031//4075 4003//4075
f 4043//4114 4014//4114 4025//4114
f 4043//4075 4003//4075 4014//4075
f 4044//4271 4032//4261 4034//4263
f 4044//4272 4034//4272 4045//4272
f 4046//4175 4004//4175 4015//4175
f 4046//4175 4035//4175 4004//4175
f 4047//4224 4036//4224 4006//4224
f 4047//4224 4006//4224 4017//4224
f 4047//4237 4017//4237 4028//4237
f 4048//4130 4037//4130 4007//4130
f 4048//4130 4007//4130 4018//4130
f 4049//4196 4038//4196 4019//4250
f 4050//4092 4020//4092 4031//4092
f 4050//4273 3461//4274 4039//4275
f 4050//4273 4039//4275 4009//4063
f 4050//4273 4009//4063 4020//4063
f 4050//4276 3463//4276 3461//4276
f 4051//4277 4040//4277 4010//4253
f 4051//4277 4010//4253 4021//4252
f 4052//4155 4023//4155 4035//4155
f 4052//4137 4012//4137 4023//4137
f 4052//4137 4041//4137 4012//4137
f 4053//4230 4042//4230 4013//4230
f 4053//4230 4013//4230 4024//4230
f 4054//4114 4043//4114 4025//4114
f 4055//4278 4044//4279 4045//4280
f 4055//4281 4045//4281 4056//4281
f 4057//4176 4015//4176 4026//4176
f 4057//4176 4046//4176 4015//4176
f 4058//4237 4047//4237 4028//4237
f 4059//4116 4048//4116 4018//4116
f 4059//4116 4018//4116 4029//4116
f 4060//4188 4049//4188 4019//4188
f 4060//4188 4019//4188 4030//4188
f 4061//4282 4050//4092 4031//4092
f 4061//4282 3463//4283 4050//4092
f 4061//4284 4031//4075 4043//4075
f 4061//4284 3467//4285 3465//2459
f 4061//4282 3465//2460 3463//4283
f 4062//4259 4051//4259 4021//4259
f 4062//4259 4021//4259 4032//4258
f 4063//4155 4052//4155 4035//4155
f 4064//4244 4053//4244 4024//4244
f 4064//4244 4024//4244 4036//4244
f 4065//4120 4054//4120 4025//4120
f 4065//4120 4025//4120 4037//4120
f 4065//4130 4037//4130 4048//4130
f 4066//4286 4055//4287 4056//4288
f 4066//4289 4067//4289 4068//4289
f 4066//4286 4056//4288 4067//4290
f 4069//4197 4057//4197 4026//4197
f 4069//4197 4026//4197 4038//4197
f 4069//4196 4038//4196 4049//4196
f 4070//4270 4028//4270 4040//4270
f 4070//4270 4058//4270 4028//4270
f 4071//4148 4059//4148 4029//4198
f 4071//4148 4029//4198 4041//4148
f 4072//4230 4042//4230 4053//4230
f 4072//4215 4060//4215 4030//4215
f 4072//4215 4030//4215 4042//4215
f 4073//4291 4061//4284 4043//4075
f 4073//4291 3467//4285 4061//4284
f 4073//4292 3469//4292 3467//4292
f 4073//4114 4043//4114 4054//4114
f 4074//4293 4062//4293 4032//4261
f 4074//4293 4032//4261 4044//4271
f 4075//4175 4035//4175 4046//4175
f 4075//4175 4063//4175 4035//4175
f 4075//4176 4046//4176 4057//4176
f 4076//4224 4064//4224 4036//4224
f 4076//4224 4036//4224 4047//4224
f 4076//4237 4047//4237 4058//4237
f 4077//4116 4048//4116 4059//4116
f 4077//4130 4065//4130 4048//4130
f 4078//4294 4066//4295 4068//4296
f 4078//4297 4068//4297 4079//4297
f 4080//4196 4069//4196 4049//4196
f 4081//4277 4040//4277 4051//4277
f 4081//4277 4070//4277 4040//4277
f 4082//4137 4041//4137 4052//4137
f 4082//4155 4052//4155 4063//4155
f 4082//4137 4071//4137 4041//4137
f 4083//4230 4072//4230 4053//4230
f 4084//4298 4073//4114 4054//4114
f 4084//4298 3469//4299 4073//4114
f 4084//4300 3473//4301 3471//4302
f 4084//4303 3471//4303 3469//4303
f 4085//4279 4044//4279 4055//4278
f 4085//4279 4074//4279 4044//4279
f 4086//4176 4075//4176 4057//4176
f 4087//4237 4076//4237 4058//4237
f 4088//4116 4077//4116 4059//4116
f 4089//4304 4090//4305 4091//4306
f 4089//4307 4079//4307 4090//4307
f 4089//4308 4078//4309 4079//4310
f 4092//4188 4049//4188 4060//4188
f 4092//4188 4080//4188 4049//4188
f 4093//4259 4051//4259 4062//4259
f 4093//4293 4062//4293 4074//4293
f 4093//4259 4081//4259 4051//4259
f 4094//4155 4082//4155 4063//4155
f 4095//4244 4053//4244 4064//4244
f 4095//4244 4083//4244 4053//4244
f 4096//4311 3473//4301 4084//4300
f 4096//4311 4054//4120 4065//4120
f 4096//4106 4065//4130 4077//4130
f 4096//4312 3475//4312 3473//4312
f 4096//4311 4084//4300 4054//4120
f 4097//4313 4085//4313 4055//4287
f 4097//4313 4055//4287 4066//4286
f 4098//4197 4086//4197 4057//4197
f 4098//4197 4057//4197 4069//4197
f 4099//4270 4087//4270 4058//4270
f 4099//4270 4058//4270 4070//4270
f 4100//4137 4071//4137 4082//4137
f 4100//4198 4059//4148 4071//4148
f 4100//4198 4088//4198 4059//4148
f 4101//4314 4089//4304 4091//4306
f 4101//4315 4091//4315 4102//4315
f 4103//4215 4092//4215 4060//4215
f 4103//4215 4060//4215 4072//4215
f 4104//4293 4093//4293 4074//4293
f 4105//4176 4075//4176 4086//4176
f 4105//4175 4063//4175 4075//4175
f 4105//4175 4094//4175 4063//4175
f 4106//4224 4064//4224 4076//4224
f 4106//4224 4095//4224 4064//4224
f 4107//4316 4096//4106 4077//4130
f 4107//4316 3475//4317 4096//4106
f 4107//4116 4077//4116 4088//4116
f 4107//4318 3476//4318 3475//4318
f 4108//4295 4066//4295 4078//4294
f 4108//4295 4097//4295 4066//4295
f 4109//4196 4069//4196 4080//4196
f 4109//4196 4098//4196 4069//4196
f 4109//4188 4080//4188 4092//4188
f 4110//4277 4070//4277 4081//4277
f 4110//4277 4099//4277 4070//4277
f 4110//4259 4081//4259 4093//4259
f 4111//4155 4082//4155 4094//4155
f 4111//4137 4100//4137 4082//4137
f 4112//4319 4101//4320 4102//4321
f 4112//4322 4102//4322 4113//4322
f 4114//4230 4103//4230 4072//4230
f 4114//4230 4072//4230 4083//4230
f 4115//4279 4104//4279 4074//4279
f 4115//4279 4074//4279 4085//4279
f 4116//4176 4105//4176 4086//4176
f 4116//4197 4086//4197 4098//4197
f 4117//4237 4106//4237 4076//4237
f 4117//4237 4076//4237 4087//4237
f 4118//4323 4088//4198 4100//4198
f 4118//4324 3476//4325 4107//4116
f 4118//4326 3480//4326 3478//4326
f 4118//4324 3478//4327 3476//4325
f 4118//4324 4107//4116 4088//4116
f 4119//4309 4108//4309 4078//4309
f 4119//4309 4078//4309 4089//4308
f 4120//4188 4109//4188 4092//4188
f 4121//4259 4110//4259 4093//4259
f 4121//4293 4093//4293 4104//4293
f 4122//4155 4111//4155 4094//4155
f 4123//4328 4112//4329 4113//4330
f 4123//4331 4124//4332 4125//4333
f 4123//4328 4113//4330 4124//4334
f 4126//4244 4114//4244 4083//4244
f 4126//4244 4083//4244 4095//4244
f 4127//4313 4115//4313 4085//4313
f 4127//4313 4085//4313 4097//4313
f 4128//4197 4116//4197 4098//4197
f 4129//4270 4087//4270 4099//4270
f 4129//4270 4117//4270 4087//4270
f 4130//4335 3480//4336 4118//4323
f 4130//4335 4118//4323 4100//4198
f 4130//4337 3482//4337 3480//4337
f 4131//4338 4089//4304 4101//4314
f 4131//4338 4119//4338 4089//4304
f 4132//4230 4103//4230 4114//4230
f 4132//4215 4120//4215 4092//4215
f 4132//4215 4092//4215 4103//4215
f 4133//4293 4121//4293 4104//4293
f 4134//4175 4094//4175 4105//4175
f 4134//4176 4105//4176 4116//4176
f 4134//4175 4122//4175 4094//4175
f 4135//4339 4123//4331 4125//4333
f 4135//4340 4125//4340 4136//4340
f 4137//4237 4106//4237 4117//4237
f 4137//4224 4126//4224 4095//4224
f 4137//4224 4095//4224 4106//4224
f 4138//4295 4127//4295 4097//4295
f 4138//4309 4108//4309 4119//4309
f 4138//4295 4097//4295 4108//4295
f 4139//4250 4098//4196 4109//4196
f 4139//4250 4128//4250 4098//4196
f 4140//4277 4129//4277 4099//4277
f 4140//4277 4099//4277 4110//4277
f 4141//4341 4130//4342 4100//4137
f 4141//4341 4100//4137 4111//4137
f 4141//4341 3482//4343 4130//4342
f 4141//4344 4111//4155 4122//4155
f 4141//4344 3486//4345 3484//4346
f 4141//4347 3484//4347 3482//4347
f 4142//4320 4131//4320 4101//4320
f 4142//4320 4101//4320 4112//4319
f 4143//4230 4132//4230 4114//4230
f 4144//4279 4133//4279 4104//4279
f 4144//4313 4115//4313 4127//4313
f 4144//4279 4104//4279 4115//4279
f 4145//4176 4134//4176 4116//4176
f 4146//4348 4135//4349 4136//4348
f 4146//4350 4136//4350 4147//4350
f 4148//4237 4137//4237 4117//4237
f 4148//4270 4117//4270 4129//4270
f 4149//4309 4138//4309 4119//4309
f 4150//4188 4109//4188 4120//4188
f 4150//4188 4139//4188 4109//4188
f 4151//4259 4140//4259 4110//4259
f 4151//4259 4110//4259 4121//4259
f 4152//4351 4141//4344 4122//4155
f 4152//4352 4122//4175 4134//4175
f 4152//4351 3486//4345 4141//4344
f 4152//4353 3488//4353 3486//4353
f 4153//4354 4123//4331 4135//4339
f 4153//4329 4112//4329 4123//4328
f 4153//4329 4142//4329 4112//4329
f 4154//4244 4114//4244 4126//4244
f 4154//4244 4143//4244 4114//4244
f 4155//4313 4144//4313 4127//4313
f 4156//4197 4145//4197 4116//4197
f 4156//4197 4116//4197 4128//4197
f 4156//4250 4128//4250 4139//4250
f 4157//4355 4146//4356 4147//4357
f 4157//4358 4158//4359 4159//4360
f 4157//4355 4147//4357 4158//4361
f 4160//4270 4148//4270 4129//4270
f 4161//4338 4119//4338 4131//4338
f 4161//4338 4149//4338 4119//4338
f 4162//4215 4150//4215 4120//4215
f 4162//4215 4120//4215 4132//4215
f 4163//4293 4121//4293 4133//4293
f 4163//4293 4151//4293 4121//4293
f 4164//4362 4152//4352 4134//4175
f 4164//4363 3491//4363 3488//4363
f 4164//4362 3488//4364 4152//4352
f 4164//4365 4134//4176 4145//4176
f 4165//4354 4153//4354 4135//4339
f 4166//4237 4137//4237 4148//4237
f 4166//4224 4126//4224 4137//4224
f 4166//4224 4154//4224 4126//4224
f 4167//4309 4138//4309 4149//4309
f 4167//4295 4127//4295 4138//4295
f 4167//4295 4155//4295 4127//4295
f 4168//4188 4139//4188 4150//4188
f 4168//4250 4156//4250 4139//4250
f 4169//4366 4157//4358 4159//4360
f 4169//4367 4159//4367 4170//4367
f 4171//4277 4160//4277 4129//4277
f 4171//4277 4129//4277 4140//4277
f 4172//4320 4131//4320 4142//4320
f 4172//4320 4161//4320 4131//4320
f 4173//4230 4132//4230 4143//4230
f 4173//4230 4162//4230 4132//4230
f 4174//4313 4144//4313 4155//4313
f 4174//4279 4133//4279 4144//4279
f 4174//4279 4163//4279 4133//4279
f 4175//4368 3491//4369 4164//4365
f 4175//4370 4145//4197 4156//4197
f 4175//4368 4164//4365 4145//4176
f 4175//4371 3495//4371 3493//4371
f 4175//4368 3493//4372 3491//4369
f 4176//4373 4135//4349 4146//4348
f 4176//4373 4165//4373 4135//4349
f 4177//4237 4166//4237 4148//4237
f 4178//4309 4167//4309 4149//4309
f 4179//4188 4168//4188 4150//4188
f 4180//4374 4169//4375 4170//4376
f 4180//4377 4170//4377 4181//4377
f 4182//4259 4140//4259 4151//4259
f 4182//4259 4171//4259 4140//4259
f 4182//4293 4151//4293 4163//4293
f 4183//4329 4142//4329 4153//4329
f 4183//4329 4172//4329 4142//4329
f 4184//4244 4173//4244 4143//4244
f 4184//4244 4143//4244 4154//4244
f 4185//4313 4174//4313 4155//4313
f 4186//4378 4175//4370 4156//4197
f 4186//4378 3495//4379 4175//4370
f 4186//4380 3497//4380 3495//4380
f 4187//4381 4146//4356 4157//4355
f 4187//4381 4176//4381 4146//4356
f 4188//4270 4148//4270 4160//4270
f 4188//4277 4160//4277 4171//4277
f 4188//4270 4177//4270 4148//4270
f 4189//4338 4178//4338 4149//4338
f 4189//4338 4149//4338 4161//4338
f 4190//4215 4179//4215 4150//4215
f 4190//4215 4150//4215 4162//4215
f 4190//4230 4162//4230 4173//4230
f 4191//4382 4180//4383 4181//4384
f 4191//4385 4192//4385 4193//4385
f 4191//4382 4181//4384 4192//4386
f 4194//4293 4182//4293 4163//4293
f 4194//4279 4163//4279 4174//4279
f 4195//4354 4153//4354 4165//4354
f 4195//4354 4183//4354 4153//4354
f 4196//4224 4154//4224 4166//4224
f 4196//4237 4166//4237 4177//4237
f 4196//4224 4184//4224 4154//4224
f 4197//4295 4155//4295 4167//4295
f 4197//4295 4185//4295 4155//4295
f 4198//4387 4186//4388 4156//4250
f 4198//4387 3497//4389 4186//4388
f 4198//4390 3501//4391 3499//4392
f 4198//4393 3499//4393 3497//4393
f 4198//4387 4156//4250 4168//4250
f 4199//4394 4157//4358 4169//4366
f 4199//4394 4187//4394 4157//4358
f 4200//4259 4171//4259 4182//4259
f 4200//4277 4188//4277 4171//4277
f 4201//4320 4161//4320 4172//4320
f 4201//4320 4189//4320 4161//4320
f 4201//4329 4172//4329 4183//4329
f 4202//4230 4190//4230 4173//4230
f 4203//4395 4193//4395 4204//4395
f 4203//4396 4191//4397 4193//4398
f 4205//4279 4194//4279 4174//4279
f 4206//4381 4176//4381 4187//4381
f 4206//4373 4165//4373 4176//4373
f 4206//4373 4195//4373 4165//4373
f 4207//4237 4196//4237 4177//4237
f 4208//4309 4197//4309 4167//4309
f 4208//4309 4167//4309 4178//4309
f 4209//4188 3501//4391 4198//4390
f 4209//4188 4168//4188 4179//4188
f 4209//4188 4198//4390 4168//4188
f 4209//4399 3503//4399 3501//4399
f 4210//4400 4199//4400 4169//4375
f 4210//4400 4169//4375 4180//4374
f 4211//4259 4200//4259 4182//4259
f 4212//4354 4183//4354 4195//4354
f 4212//4329 4201//4329 4183//4329
f 4213//4244 4202//4244 4173//4244
f 4213//4244 4173//4244 4184//4244
f 4214//4401 4203//4402 4204//4403
f 4214//4404 4215//4405 4216//4406
f 4214//4407 4204//4407 4215//4407
f 4217//4313 4174//4313 4185//4313
f 4217//4313 4205//4313 4174//4313
f 4218//4394 4187//4394 4199//4394
f 4218//4381 4206//4381 4187//4381
f 4219//4270 4177//4270 4188//4270
f 4219//4270 4207//4270 4177//4270
f 4219//4277 4188//4277 4200//4277
f 4220//4338 4178//4338 4189//4338
f 4220//4338 4208//4338 4178//4338
f 4221//4200 3503//4408 4209//4409
f 4221//4200 4209//4409 4179//4215
f 4221//4200 4179//4215 4190//4215
f 4221//4410 4190//4230 4202//4230
f 4221//4411 3505//4411 3503//4411
f 4222//4412 4210//4412 4180//4383
f 4222//4413 4191//4397 4203//4396
f 4222//4412 4180//4383 4191//4382
f 4223//4293 4211//4293 4182//4293
f 4223//4293 4182//4293 4194//4293
f 4223//4279 4194//4279 4205//4279
f 4224//4354 4212//4354 4195//4354
f 4225//4237 4196//4237 4207//4237
f 4225//4224 4213//4224 4184//4224
f 4225//4224 4184//4224 4196//4224
f 4226//4414 4214//4404 4216//4406
f 4226//4415 4216//4415 4227//4415
f 4228//4295 4185//4295 4197//4295
f 4228//4309 4197//4309 4208//4309
f 4228//4295 4217//4295 4185//4295
f 4229//4394 4218//4394 4199//4394
f 4230//4277 4219//4277 4200//4277
f 4231//4320 4189//4320 4201//4320
f 4231//4320 4220//4320 4189//4320
f 4232//4416 4221//4410 4202//4230
f 4232//4416 3505//4417 4221//4410
f 4232//4418 3509//4418 3507//4418
f 4232//4416 3507//4419 3505//4417
f 4233//4413 4222//4413 4203//4396
f 4234//4279 4223//4279 4205//4279
f 4235//4373 4224//4373 4195//4373
f 4235//4373 4195//4373 4206//4373
f 4236//4237 4225//4237 4207//4237
f 4237//4420 4227//4420 4238//4420
f 4237//4421 4226//4422 4227//4423
f 4239//4309 4228//4309 4208//4309
f 4240//4400 4199//4400 4210//4400
f 4240//4400 4229//4400 4199//4400
f 4241//4259 4200//4259 4211//4259
f 4241//4293 4211//4293 4223//4293
f 4241//4259 4230//4259 4200//4259
f 4242//4329 4231//4329 4201//4329
f 4242//4329 4201//4329 4212//4329
f 4242//4354 4212//4354 4224//4354
f 4243//4244 4202//4244 4213//4244
f 4243//4424 3511//4424 3509//4424
f 4243//4244 4232//4425 4202//4244
f 4243//4244 3509//4426 4232//4425
f 4244//4402 4233//4402 4203//4402
f 4244//4402 4203//4402 4214//4401
f 4245//4313 4205//4313 4217//4313
f 4245//4313 4234//4313 4205//4313
f 4246//4381 4235//4381 4206//4381
f 4246//4381 4206//4381 4218//4381
f 4246//4394 4218//4394 4229//4394
f 4247//4270 4236//4270 4207//4270
f 4247//4270 4207//4270 4219//4270
f 4247//4277 4219//4277 4230//4277
f 4248//4427 4237//4428 4238//4429
f 4248//4430 4249//4431 4250//4432
f 4248//4427 4238//4429 4249//4433
f 4251//4338 4239//4338 4208//4338
f 4251//4338 4208//4338 4220//4338
f 4252//4412 4240//4412 4210//4412
f 4252//4412 4210//4412 4222//4412
f 4253//4293 4241//4293 4223//4293
f 4254//4354 4242//4354 4224//4354
f 4255//4434 4243//4435 4213//4224
f 4255//4434 3511//4436 4243//4435
f 4255//4434 4213//4224 4225//4224
f 4255//4437 3515//4438 3513//2565
f 4255//4434 3513//2566 3511//4436
f 4255//4437 4225//4237 4236//4237
f 4256//4439 4226//4422 4237//4421
f 4256//4440 4244//4440 4214//4404
f 4256//4440 4214//4404 4226//4414
f 4257//4309 4228//4309 4239//4309
f 4257//4295 4217//4295 4228//4295
f 4257//4295 4245//4295 4217//4295
f 4258//4394 4246//4394 4229//4394
f 4259//4259 4230//4259 4241//4259
f 4259//4277 4247//4277 4230//4277
f 4260//4441 4248//4430 4250//4432
f 4260//4442 4250//4442 4261//4442
f 4262//4320 4251//4320 4220//4320
f 4262//4320 4220//4320 4231//4320
f 4262//4329 4231//4329 4242//4329
f 4263//4413 4222//4413 4233//4413
f 4263//4413 4252//4413 4222//4413
f 4264//4279 4253//4279 4223//4279
f 4264//4279 4223//4279 4234//4279
f 4265//4381 4235//4381 4246//4381
f 4265//4373 4224//4373 4235//4373
f 4265//4373 4254//4373 4224//4373
f 4266//4443 3515//4438 4255//4437
f 4266//4443 4255//4437 4236//4237
f 4266//4444 3517//4444 3515//4444
f 4267//4439 4256//4439 4237//4421
f 4268//4309 4257//4309 4239//4309
f 4269//4400 4229//4400 4240//4400
f 4269//4400 4258//4400 4229//4400
f 4270//4259 4259//4259 4241//4259
f 4271//4445 4261//4445 4272//4445
f 4271//4446 4260//4447 4261//4448
f 4273//4329 4262//4329 4242//4329
f 4274//4440 4244//4440 4256//4440
f 4274//4402 4233//4402 4244//4402
f 4274//4402 4263//4402 4233//4402
f 4275//4313 4234//4313 4245//4313
f 4275//4313 4264//4313 4234//4313
f 4276//4394 4246//4394 4258//4394
f 4276//4381 4265//4381 4246//4381
f 4277//4449 4266//4450 4236//4270
f 4277//4451 4247//4277 4259//4277
f 4277//4451 3516//4452 3518//4453
f 4277//4454 3518//4454 3517//4454
f 4277//4449 3517//4455 4266//4450
f 4277//4449 4236//4270 4247//4270
f 4278//4456 4237//4428 4248//4427
f 4278//4456 4267//4456 4237//4428
f 4279//4320 4251//4320 4262//4320
f 4279//4338 4268//4338 4239//4338
f 4279//4338 4239//4338 4251//4338
f 4280//4412 4240//4412 4252//4412
f 4280//4412 4269//4412 4240//4412
f 4281//4279 4253//4279 4264//4279
f 4281//4293 4270//4293 4241//4293
f 4281//4293 4241//4293 4253//4293
f 4282//4457 4271//4458 4272//4459
f 4282//4460 4283//4460 4284//4460
f 4282//4457 4272//4459 4283//4461
f 4285//4354 4273//4354 4242//4354
f 4285//4354 4242//4354 4254//4354
f 4285//4373 4254//4373 4265//4373
f 4286//4440 4274//4440 4256//4440
f 4287//4295 4245//4295 4257//4295
f 4287//4295 4275//4295 4245//4295
f 4288//4394 4276//4394 4258//4394
f 4288//4400 4258//4400 4269//4400
f 4289//4462 3516//4452 4277//4451
f 4289//4463 3514//4463 3516//4463
f 4289//4462 4277//4451 4259//4277
f 4290//4464 4278//4464 4248//4430
f 4290//4464 4248//4430 4260//4441
f 4291//4329 4262//4329 4273//4329
f 4291//4320 4279//4320 4262//4320
f 4292//4402 4263//4402 4274//4402
f 4292//4413 4280//4413 4252//4413
f 4292//4413 4252//4413 4263//4413
f 4293//4279 4281//4279 4264//4279
f 4294//4465 4282//4466 4284//4467
f 4294//4468 4284//4468 4295//4468
f 4296//4373 4285//4373 4265//4373
f 4297//4439 4256//4439 4267//4439
f 4297//4439 4286//4439 4256//4439
f 4298//4309 4257//4309 4268//4309
f 4298//4309 4287//4309 4257//4309
f 4299//4400 4288//4400 4269//4400
f 4300//4469 4259//4259 4270//4259
f 4300//4469 4289//4470 4259//4259
f 4300//4469 3514//4471 4289//4470
f 4300//4472 3512//4472 3514//4472
f 4301//4473 4260//4447 4271//4446
f 4301//4473 4290//4473 4260//4447
f 4301//4474 4271//4458 4282//4457
f 4302//4354 4273//4354 4285//4354
f 4302//4329 4291//4329 4273//4329
f 4303//4402 4292//4402 4274//4402
f 4304//4313 4293//4313 4264//4313
f 4304//4313 4264//4313 4275//4313
f 4305//4475 4294//4476 4295//4477
f 4305//4478 4295//4478 4306//4478
f 4307//4381 4296//4381 4265//4381
f 4307//4381 4265//4381 4276//4381
f 4308//4456 4267//4456 4278//4456
f 4308//4456 4297//4456 4267//4456
f 4309//4338 4268//4338 4279//4338
f 4309//4338 4298//4338 4268//4338
f 4310//4412 4269//4412 4280//4412
f 4310//4412 4299//4412 4269//4412
f 4311//4479 4270//4293 4281//4293
f 4311//4480 4281//4279 4293//4279
f 4311//4479 4300//4481 4270//4293
f 4311//4482 3508//4482 3510//4482
f 4311//4479 3510//4483 3512//4484
f 4311//4479 3512//4484 4300//4481
f 4312//4474 4301//4474 4282//4457
f 4313//4354 4302//4354 4285//4354
f 4314//4440 4303//4440 4274//4440
f 4314//4439 4286//4439 4297//4439
f 4314//4440 4274//4440 4286//4440
f 4315//4309 4287//4309 4298//4309
f 4315//4295 4275//4295 4287//4295
f 4315//4295 4304//4295 4275//4295
f 4316//4485 4317//4485 4318//4485
f 4316//4486 4306//4487 4317//4488
f 4316//4486 4305//4489 4306//4487
f 4319//4394 4307//4394 4276//4394
f 4319//4394 4276//4394 4288//4394
f 4320//4464 4308//4464 4278//4464
f 4320//4464 4278//4464 4290//4464
f 4321//4320 4279//4320 4291//4320
f 4321//4329 4291//4329 4302//4329
f 4321//4320 4309//4320 4279//4320
f 4322//4413 4280//4413 4292//4413
f 4322//4413 4310//4413 4280//4413
f 4323//4490 4311//4480 4293//4279
f 4323//4491 3506//4491 3508//4491
f 4323//4490 3508//4492 4311//4480
f 4324//4466 4282//4466 4294//4465
f 4324//4475 4294//4476 4305//4475
f 4324//4466 4312//4466 4282//4466
f 4325//4373 4285//4373 4296//4373
f 4325//4373 4313//4373 4285//4373
f 4326//4439 4314//4439 4297//4439
f 4326//4456 4297//4456 4308//4456
f 4327//4309 4315//4309 4298//4309
f 4328//4493 4316//4494 4318//4495
f 4328//4496 4318//4496 4329//4496
f 4330//4400 4288//4400 4299//4400
f 4330//4400 4319//4400 4288//4400
f 4331//4473 4320//4473 4290//4473
f 4331//4473 4290//4473 4301//4473
f 4332//4329 4321//4329 4302//4329
f 4333//4402 4322//4402 4292//4402
f 4333//4440 4303//4440 4314//4440
f 4333//4402 4292//4402 4303//4402
f 4334//4497 3506//4498 4323//4499
f 4334//4500 3502//4501 3504//4502
f 4334//4503 3504//4503 3506//4503
f 4334//4497 4293//4313 4304//4313
f 4334//4497 4323//4499 4293//4313
f 4334//4500 4304//4295 4315//4295
f 4335//4475 4324//4475 4305//4475
f 4336//4394 4307//4394 4319//4394
f 4336//4381 4325//4381 4296//4381
f 4336//4381 4296//4381 4307//4381
f 4337//4456 4326//4456 4308//4456
f 4338//4338 4327//4338 4298//4338
f 4338//4338 4298//4338 4309//4338
f 4339//4504 4328//4505 4329//4506
f 4339//4507 4340//4508 4341//4509
f 4339//4510 4329//4510 4340//4510
f 4342//4412 4299//4412 4310//4412
f 4342//4412 4330//4412 4299//4412
f 4342//4413 4310//4413 4322//4413
f 4343//4474 4301//4474 4312//4474
f 4343//4474 4331//4474 4301//4474
f 4344//4373 4313//4373 4325//4373
f 4344//4354 4332//4354 4302//4354
f 4344//4354 4302//4354 4313//4354
f 4345//4440 4333//4440 4314//4440
f 4345//4439 4314//4439 4326//4439
f 4346//4511 3502//4501 4334//4500
f 4346//4511 4334//4500 4315//4295
f 4346//4512 3500//4512 3502//4512
f 4347//4489 4305//4489 4316//4486
f 4347//4513 4316//4494 4328//4493
f 4347//4489 4335//4489 4305//4489
f 4348//4400 4319//4400 4330//4400
f 4348//4394 4336//4394 4319//4394
f 4349//4464 4337//4464 4308//4464
f 4349//4464 4308//4464 4320//4464
f 4350//4329 4321//4329 4332//4329
f 4350//4320 4309//4320 4321//4320
f 4350//4320 4338//4320 4309//4320
f 4351//4514 4339//4507 4341//4509
f 4351//4515 4341//4515 4352//4515
f 4353//4402 4322//4402 4333//4402
f 4353//4413 4342//4413 4322//4413
f 4354//4466 4312//4466 4324//4466
f 4354//4466 4343//4466 4312//4466
f 4355//4373 4344//4373 4325//4373
f 4356//4439 4345//4439 4326//4439
f 4357//4516 4315//4309 4327//4309
f 4357//4516 4346//4517 4315//4309
f 4357//4518 3498//4518 3500//4518
f 4357//4516 3500//4519 4346//4517
f 4358//4513 4347//4513 4328//4493
f 4359//4400 4348//4400 4330//4400
f 4360//4473 4349//4473 4320//4473
f 4360//4473 4320//4473 4331//4473
f 4361//4354 4332//4354 4344//4354
f 4361//4329 4350//4329 4332//4329
f 4362//4520 4351//4521 4352//4522
f 4362//4523 4352//4523 3523//4523
f 4362//4524 3523//3863 3519//3862
f 4363//4402 4353//4402 4333//4402
f 4364//4475 4354//4475 4324//4475
f 4364//4475 4324//4475 4335//4475
f 4365//4381 4355//4381 4325//4381
f 4365//4381 4325//4381 4336//4381
f 4366//4456 4356//4456 4326//4456
f 4366//4456 4326//4456 4337//4456
f 4367//4525 3498//4526 4357//4527
f 4367//4525 4357//4527 4327//4338
f 4367//4525 4327//4338 4338//4338
f 4367//4528 3494//4528 3496//4528
f 4367//4525 3496//4529 3498//4526
f 4368//4505 4358//4505 4328//4505
f 4368//4505 4328//4505 4339//4504
f 4369//4412 4359//4412 4330//4412
f 4369//4412 4330//4412 4342//4412
f 4370//4474 4360//4474 4331//4474
f 4370//4474 4331//4474 4343//4474
f 4371//4373 4344//4373 4355//4373
f 4371//4354 4361//4354 4344//4354
f 4372//4440 4333//4440 4345//4440
f 4372//4440 4363//4440 4333//4440
f 4373//4489 4364//4489 4335//4489
f 4373//4489 4335//4489 4347//4489
f 4374//4394 4365//4394 4336//4394
f 4374//4394 4336//4394 4348//4394
f 4375//4464 4337//4464 4349//4464
f 4375//4464 4366//4464 4337//4464
f 4376//4320 4367//4530 4338//4320
f 4376//4320 3494//4531 4367//4530
f 4376//4532 3492//4532 3494//4532
f 4376//4320 4338//4320 4350//4320
f 4377//4520 4351//4521 4362//4520
f 4377//4533 4368//4533 4339//4507
f 4377//4533 4339//4507 4351//4514
f 4378//4413 4369//4413 4342//4413
f 4378//4413 4342//4413 4353//4413
f 4379//4466 4343//4466 4354//4466
f 4379//4475 4354//4475 4364//4475
f 4379//4466 4370//4466 4343//4466
f 4380//4373 4371//4373 4355//4373
f 4381//4439 4372//4439 4345//4439
f 4381//4439 4345//4439 4356//4439
f 4381//4456 4356//4456 4366//4456
f 4382//4513 4347//4513 4358//4513
f 4382//4513 4373//4513 4347//4513
f 4383//4400 4348//4400 4359//4400
f 4383//4400 4374//4400 4348//4400
f 4384//4473 4349//4473 4360//4473
f 4384//4473 4375//4473 4349//4473
f 4385//4534 4361//4354 4371//4354
f 4385//4535 4350//4329 4361//4329
f 4385//4535 4376//4536 4350//4329
f 4385//4534 3489//4537 3490//4538
f 4385//4539 3490//4539 3492//4539
f 4385//4535 3492//4540 4376//4536
f 4386//4541 3519//3862 3532//4541
f 4386//4520 4377//4520 4362//4520
f 4386//4541 4362//4524 3519//3862
f 4387//4402 4353//4402 4363//4402
f 4387//4440 4363//4440 4372//4440
f 4387//4402 4378//4402 4353//4402
f 4388//4475 4379//4475 4364//4475
f 4389//4381 4380//4381 4355//4381
f 4389//4381 4355//4381 4365//4381
f 4390//4456 4381//4456 4366//4456
f 4391//4505 4358//4505 4368//4505
f 4391//4505 4382//4505 4358//4505
f 4392//4412 4359//4412 4369//4412
f 4392//4412 4383//4412 4359//4412
f 4393//4474 4384//4474 4360//4474
f 4393//4474 4360//4474 4370//4474
f 4393//4466 4370//4466 4379//4466
f 4394//4542 3489//4537 4385//4534
f 4394//4543 3487//4543 3489//4543
f 4394//4542 4385//4534 4371//4354
f 4395//4440 4387//4440 4372//4440
f 4395//4439 4372//4439 4381//4439
f 4396//4489 4364//4489 4373//4489
f 4396//4489 4388//4489 4364//4489
f 4396//4513 4373//4513 4382//4513
f 4397//4394 4365//4394 4374//4394
f 4397//4394 4389//4394 4365//4394
f 4398//4464 4390//4464 4366//4464
f 4398//4464 4366//4464 4375//4464
f 4399//4533 4391//4533 4368//4533
f 4399//4533 4368//4533 4377//4533
f 4400//4413 4369//4413 4378//4413
f 4400//4402 4378//4402 4387//4402
f 4400//4413 4392//4413 4369//4413
f 4401//4466 4393//4466 4379//4466
f 4402//4381 4380//4381 4389//4381
f 4402//4544 3487//4545 4394//4546
f 4402//4544 4394//4546 4371//4373
f 4402//4547 3485//4547 3487//4547
f 4402//4544 4371//4373 4380//4373
f 4403//4439 4395//4439 4381//4439
f 4404//4513 4396//4513 4382//4513
f 4405//4400 4374//4400 4383//4400
f 4405//4400 4397//4400 4374//4400
f 4405//4412 4383//4412 4392//4412
f 4406//4473 4375//4473 4384//4473
f 4406//4473 4398//4473 4375//4473
f 4406//4474 4384//4474 4393//4474
f 4407//4520 4377//4520 4386//4520
f 4407//4541 3532//4541 3543//4541
f 4407//4541 4386//4541 3532//4541
f 4407//4520 4399//4520 4377//4520
f 4408//4402 4400//4402 4387//4402
f 4409//4475 4401//4475 4379//4475
f 4409//4475 4379//4475 4388//4475
f 4410//4548 3481//4548 3483//4548
f 4410//4549 3483//4550 3485//4551
f 4410//4549 3485//4551 4402//4381
f 4410//4549 4402//4381 4389//4381
f 4411//4456 4403//4456 4381//4456
f 4411//4456 4381//4456 4390//4456
f 4412//4533 4391//4533 4399//4533
f 4412//4505 4382//4505 4391//4505
f 4412//4505 4404//4505 4382//4505
f 4413//4412 4405//4412 4392//4412
f 4414//4474 4406//4474 4393//4474
f 4415//4440 4408//4440 4387//4440
f 4415//4440 4387//4440 4395//4440
f 4416//4489 4409//4489 4388//4489
f 4416//4489 4388//4489 4396//4489
f 4417//4552 4410//4553 4389//4394
f 4417//4552 3481//4554 4410//4553
f 4417//4552 4389//4394 4397//4394
f 4417//4555 3479//4555 3481//4555
f 4418//4464 4390//4464 4398//4464
f 4418//4464 4411//4464 4390//4464
f 4419//4533 4412//4533 4399//4533
f 4420//4402 4400//4402 4408//4402
f 4420//4413 4392//4413 4400//4413
f 4420//4413 4413//4413 4392//4413
f 4421//4466 4393//4466 4401//4466
f 4421//4466 4414//4466 4393//4466
f 4422//4439 4395//4439 4403//4439
f 4422//4456 4403//4456 4411//4456
f 4422//4439 4415//4439 4395//4439
f 4423//4513 4416//4513 4396//4513
f 4423//4513 4396//4513 4404//4513
f 4424//4556 3479//4557 4417//4558
f 4424//4556 4397//4400 4405//4400
f 4424//4559 3474//4560 3477//2674
f 4424//4556 3477//2675 3479//4557
f 4424//4556 4417//4558 4397//4400
f 4425//4473 4398//4473 4406//4473
f 4425//4473 4418//4473 4398//4473
f 4426//4520 4419//4520 4399//4520
f 4426//4541 3543//4541 3555//4541
f 4426//4541 4407//4541 3543//4541
f 4426//4520 4399//4520 4407//4520
f 4427//4440 4408//4440 4415//4440
f 4427//4402 4420//4402 4408//4402
f 4428//4489 4409//4489 4416//4489
f 4428//4475 4401//4475 4409//4475
f 4428//4475 4421//4475 4401//4475
f 4429//4456 4422//4456 4411//4456
f 4430//4505 4423//4505 4404//4505
f 4430//4533 4412//4533 4419//4533
f 4430//4505 4404//4505 4412//4505
f 4431//4412 4424//4559 4405//4412
f 4431//4396 4413//4413 4420//4413
f 4431//4412 3474//4560 4424//4559
f 4431//4412 4405//4412 4413//4412
f 4431//4561 3472//4561 3474//4561
f 4432//4474 4425//4474 4406//4474
f 4432//4474 4406//4474 4414//4474
f 4433//4440 4427//4440 4415//4440
f 4433//4439 4415//4439 4422//4439
f 4434//4489 4428//4489 4416//4489
f 4435//4464 4411//4464 4418//4464
f 4435//4473 4418//4473 4425//4473
f 4435//4464 4429//4464 4411//4464
f 4436//4533 4430//4533 4419//4533
f 4436//4520 4419//4520 4426//4520
f 4437//4562 3472//4563 4431//4396
f 4437//4564 3468//4565 3470//4566
f 4437//4567 3470//4567 3472//4567
f 4437//4562 4431//4396 4420//4413
f 4438//4466 4432//4466 4414//4466
f 4438//4466 4414//4466 4421//4466
f 4439//4439 4433//4439 4422//4439
f 4439//4456 4422//4456 4429//4456
f 4440//4513 4416//4513 4423//4513
f 4440//4513 4434//4513 4416//4513
f 4441//4473 4435//4473 4425//4473
f 4442//4541 3555//4541 3571//4541
f 4442//4541 3571//4541 3590//4541
f 4442//4541 4426//4541 3555//4541
f 4442//4520 4436//4520 4426//4520
f 4443//4568 4420//4402 4427//4402
f 4443//4569 3466//4569 3468//4569
f 4443//4568 3468//4565 4437//4564
f 4443//4568 4437//4564 4420//4402
f 4444//4489 4428//4489 4434//4489
f 4444//4475 4421//4475 4428//4475
f 4444//4475 4438//4475 4421//4475
f 4445//4456 4439//4456 4429//4456
f 4445//4464 4429//4464 4435//4464
f 4446//4505 4423//4505 4430//4505
f 4446//4505 4440//4505 4423//4505
f 4447//4474 4441//4474 4425//4474
f 4447//4474 4425//4474 4432//4474
f 4448//4570 3466//4571 4443//4572
f 4448//4573 3464//4573 3466//4573
f 4448//4574 4433//4439 4439//4439
f 4448//4570 4427//4440 4433//4440
f 4448//4570 4443//4572 4427//4440
f 4449//4489 4444//4489 4434//4489
f 4450//4464 4445//4464 4435//4464
f 4451//4533 4430//4533 4436//4533
f 4451//4533 4446//4533 4430//4533
f 4452//4466 4447//4466 4432//4466
f 4452//4466 4432//4466 4438//4466
f 4453//4575 3460//4575 3462//4575
f 4453//4576 3462//4577 3464//4578
f 4453//4576 3464//4578 4448//4574
f 4453//4576 4448//4574 4439//4439
f 4454//4513 4434//4513 4440//4513
f 4454//4513 4449//4513 4434//4513
f 4455//4473 4450//4473 4435//4473
f 4455//4473 4435//4473 4441//4473
f 4456//4541 3590//4541 3610//4541
f 4456//4520 4451//4520 4436//4520
f 4456//4541 4442//4541 3590//4541
f 4456//4520 4436//4520 4442//4520
f 4457//4475 4452//4475 4438//4475
f 4457//4475 4438//4475 4444//4475
f 4458//4428 4453//4579 4439//4456
f 4458//4580 3458//4580 3460//4580
f 4458//4428 3460//4581 4453//4579
f 4458//4428 4439//4456 4445//4456
f 4459//4505 4454//4505 4440//4505
f 4459//4505 4440//4505 4446//4505
f 4460//4474 4455//4474 4441//4474
f 4460//4474 4441//4474 4447//4474
f 4461//4489 4457//4489 4444//4489
f 4461//4489 4444//4489 4449//4489
f 4461//4513 4449//4513 4454//4513
f 4462//4582 4445//4464 4450//4464
f 4462//4582 3458//4583 4458//4584
f 4462//4585 3454//4586 3456//4587
f 4462//4588 3456//4588 3458//4588
f 4462//4582 4458//4584 4445//4464
f 4463//4533 4446//4533 4451//4533
f 4463//4533 4459//4533 4446//4533
f 4464//4466 4460//4466 4447//4466
f 4464//4475 4452//4475 4457//4475
f 4464//4466 4447//4466 4452//4466
f 4465//4513 4461//4513 4454//4513
f 4466//4473 3454//4586 4462//4585
f 4466//4473 4450//4473 4455//4473
f 4466//4589 3452//4589 3454//4589
f 4466//4473 4462//4585 4450//4473
f 4467//4520 4451//4520 4456//4520
f 4467//4520 4463//4520 4451//4520
f 4467//4541 4456//4541 3610//4541
f 4468//4475 4464//4475 4457//4475
f 4469//4505 4454//4505 4459//4505
f 4469//4505 4465//4505 4454//4505
f 4469//4533 4459//4533 4463//4533
f 4470//4590 4455//4474 4460//4474
f 4470//4591 3450//4591 3452//4591
f 4470//4590 4466//4592 4455//4474
f 4470//4590 3452//4593 4466//4592
f 4471//4489 4457//4489 4461//4489
f 4471//4489 4468//4489 4457//4489
f 4471//4513 4461//4513 4465//4513
f 4472//4533 4469//4533 4463//4533
f 4473//4594 4460//4466 4464//4466
f 4473//4595 3446//4595 3448//4595
f 4473//4594 3448//4596 3450//4597
f 4473//4594 4470//4598 4460//4466
f 4473//4594 3450//4597 4470//4598
f 4474//4513 4471//4513 4465//4513
f 4475//4541 3610//4541 3634//4541
f 4475//4541 4467//4541 3610//4541
f 4475//4520 4463//4520 4467//4520
f 4475//4520 4472//4520 4463//4520
f 4476//4599 3444//4599 3446//4599
f 4476//4475 4464//4475 4468//4475
f 4476//4475 4473//4600 4464//4475
f 4476//4475 3446//4601 4473//4600
f 4477//4505 4465//4505 4469//4505
f 4477//4505 4474//4505 4465//4505
f 4477//4533 4469//4533 4472//4533
f 4478//4602 3440//4603 3442//4604
f 4478//4605 3442//4605 3444//4605
f 4478//4606 4476//4607 4468//4489
f 4478//4606 4468//4489 4471//4489
f 4478//4606 3444//4608 4476//4607
f 4479//4533 4477//4533 4472//4533
f 4480//4513 3440//4603 4478//4602
f 4480//4609 3438//4609 3440//4609
f 4480//4513 4471//4513 4474//4513
f 4480//4513 4478//4602 4471//4513
f 4481//4541 3634//4541 3658//4541
f 4481//4541 4475//4541 3634//4541
f 4481//4520 4472//4520 4475//4520
f 4481//4520 4479//4520 4472//4520
f 4482//4610 3436//4610 3438//4610
f 4482//4505 4474//4505 4477//4505
f 4482//4505 4480//4611 4474//4505
f 4482//4505 3438//4612 4480//4611
f 4482//4533 4477//4533 4479//4533
f 4483//4613 3432//4613 3434//4613
f 4483//4614 3434//4615 3436//4616
f 4483//4614 3436//4616 4482//4533
f 4483//4617 4479//4520 4481//4520
f 4483//4614 4482//4533 4479//4533
f 4484//4541 3658//4541 3522//3866
f 4484//4618 3431//4618 3432//4618
f 4484//4619 4483//4617 4481//4520
f 4484//4541 3522//3866 3431//3865
f 4484//4541 4481//4541 3658//4541
f 4484//4619 3432//4620 4483//4617
f 4485//469 3567//469 3562//469
f 4486//469 3567//469 4485//469
f 4486//469 3568//469 3567//469
f 4487//469 3562//469 3557//469
f 4487//469 4485//469 3562//469
f 4488//469 3575//469 3568//469
f 4488//469 3568//469 4486//469
f 4489//469 3557//469 3551//469
f 4489//469 4487//469 3557//469
f 4490//469 3581//469 3575//469
f 4490//469 3575//469 4488//469
f 4491//469 3551//469 3550//469
f 4491//469 4489//469 3551//469
f 4492//469 3587//469 3581//469
f 4492//469 3581//469 4490//469
f 4493//469 3550//469 3546//469
f 4493//469 4491//469 3550//469
f 4494//469 3588//469 3587//469
f 4494//469 3587//469 4492//469
f 4495//469 3546//469 3541//469
f 4495//469 4493//469 3546//469
f 4496//469 3596//469 3588//469
f 4496//469 3588//469 4494//469
f 4497//469 3541//469 3538//469
f 4497//469 4495//469 3541//469
f 4498//469 3603//469 3596//469
f 4498//469 3596//469 4496//469
f 4499//469 3538//469 3537//469
f 4499//469 4497//469 3538//469
f 4500//469 3604//469 3603//469
f 4500//469 3603//469 4498//469
f 4501//469 3537//469 3534//469
f 4501//469 4499//469 3537//469
f 4502//469 3613//469 3604//469
f 4502//469 3604//469 4500//469
f 4503//469 3534//469 3530//469
f 4503//469 4501//469 3534//469
f 4504//469 3613//469 4502//469
f 4504//469 3621//469 3613//469
f 4505//469 4503//469 3530//469
f 4505//469 3530//469 3529//469
f 4506//469 3621//469 4504//469
f 4506//469 3629//469 3621//469
f 4507//469 3529//469 3527//469
f 4507//469 4505//469 3529//469
f 4508//469 3629//469 4506//469
f 4508//469 3630//469 3629//469
f 4509//469 4507//469 3527//469
f 4509//469 3527//469 3525//469
f 4510//469 3630//469 4508//469
f 4510//469 3640//469 3630//469
f 4511//469 4509//469 3525//469
f 4511//469 3525//469 3521//469
f 4512//469 3640//469 4510//469
f 4512//469 3649//469 3640//469
f 4513//469 3521//469 3520//469
f 4513//469 4511//469 3521//469
f 3523//469 4513//469 3520//469
f 4514//469 3660//469 3649//469
f 4514//469 3649//469 4512//469
f 4515//469 4513//469 3523//469
f 4516//469 3660//469 4514//469
f 4352//469 4515//469 3523//469
f 3661//469 3660//469 4516//469
f 4517//469 4515//469 4352//469
f 4518//469 3661//469 4516//469
f 3671//469 3661//469 4518//469
f 4341//469 4517//469 4352//469
f 4519//469 4517//469 4341//469
f 4520//469 3671//469 4518//469
f 4340//469 4519//469 4341//469
f 3681//469 3671//469 4520//469
f 4521//469 4519//469 4340//469
f 4522//469 3681//469 4520//469
f 4329//469 4521//469 4340//469
f 3692//469 3681//469 4522//469
f 4523//469 4521//469 4329//469
f 4524//469 3692//469 4522//469
f 4318//469 4523//469 4329//469
f 3693//469 3692//469 4524//469
f 4525//469 4523//469 4318//469
f 4526//469 3693//469 4524//469
f 4317//469 4525//469 4318//469
f 3704//469 3693//469 4526//469
f 4527//469 4525//469 4317//469
f 4528//469 3704//469 4526//469
f 4306//469 4527//469 4317//469
f 3715//469 3704//469 4528//469
f 4529//469 4527//469 4306//469
f 4530//469 3715//469 4528//469
f 4295//469 4529//469 4306//469
f 3716//469 3715//469 4530//469
f 4531//469 4529//469 4295//469
f 4532//469 3716//469 4530//469
f 4284//469 4531//469 4295//469
f 3727//469 3716//469 4532//469
f 4533//469 4531//469 4284//469
f 4534//469 3727//469 4532//469
f 4283//469 4533//469 4284//469
f 3738//469 3727//469 4534//469
f 4535//469 4533//469 4283//469
f 4536//469 3738//469 4534//469
f 4272//469 4535//469 4283//469
f 3749//469 3738//469 4536//469
f 4537//469 4535//469 4272//469
f 4538//469 3749//469 4536//469
f 4261//469 4537//469 4272//469
f 3750//469 3749//469 4538//469
f 4539//469 4537//469 4261//469
f 4540//469 3750//469 4538//469
f 4250//469 4539//469 4261//469
f 3761//469 3750//469 4540//469
f 4541//469 4539//469 4250//469
f 4542//469 3761//469 4540//469
f 4249//469 4541//469 4250//469
f 3772//469 3761//469 4542//469
f 4543//469 4541//469 4249//469
f 4544//469 3772//469 4542//469
f 4238//469 4543//469 4249//469
f 3783//469 3772//469 4544//469
f 4545//469 4543//469 4238//469
f 4546//469 3783//469 4544//469
f 4227//469 4545//469 4238//469
f 3784//469 3783//469 4546//469
f 4547//469 4545//469 4227//469
f 4548//469 3784//469 4546//469
f 4216//469 4547//469 4227//469
f 3795//469 3784//469 4548//469
f 4549//469 4547//469 4216//469
f 4550//469 3795//469 4548//469
f 4215//469 4549//469 4216//469
f 3806//469 3795//469 4550//469
f 4551//469 4549//469 4215//469
f 4552//469 3806//469 4550//469
f 4204//469 4551//469 4215//469
f 3817//469 3806//469 4552//469
f 4553//469 4551//469 4204//469
f 4554//469 3817//469 4552//469
f 4193//469 4553//469 4204//469
f 3818//469 3817//469 4554//469
f 4555//469 4553//469 4193//469
f 4556//469 3818//469 4554//469
f 4192//469 4555//469 4193//469
f 3829//469 3818//469 4556//469
f 4557//469 4555//469 4192//469
f 4558//469 3829//469 4556//469
f 4181//469 4557//469 4192//469
f 3840//469 3829//469 4558//469
f 4559//469 4557//469 4181//469
f 4560//469 3840//469 4558//469
f 4170//469 4559//469 4181//469
f 3841//469 3840//469 4560//469
f 4561//469 4559//469 4170//469
f 4562//469 3841//469 4560//469
f 4159//469 4561//469 4170//469
f 3852//469 3841//469 4562//469
f 4563//469 4561//469 4159//469
f 4564//469 3852//469 4562//469
f 4158//469 4563//469 4159//469
f 3863//469 3852//469 4564//469
f 4565//469 4563//469 4158//469
f 4566//469 3863//469 4564//469
f 4147//469 4565//469 4158//469
f 3874//469 3863//469 4566//469
f 4567//469 4565//469 4147//469
f 4568//469 3874//469 4566//469
f 4136//469 4567//469 4147//469
f 4136//469 4569//469 4567//469
f 3875//469 3874//469 4568//469
f 4570//469 3875//469 4568//469
f 4125//469 4571//469 4569//469
f 4125//469 4569//469 4136//469
f 3886//469 3875//469 4570//469
f 3897//469 4570//469 4572//469
f 3897//469 3886//469 4570//469
f 4124//469 4573//469 4571//469
f 4124//469 4571//469 4125//469
f 3908//469 4572//469 4574//469
f 3908//469 3897//469 4572//469
f 4113//469 4575//469 4573//469
f 4113//469 4573//469 4124//469
f 3909//469 4574//469 4576//469
f 3909//469 3908//469 4574//469
f 4102//469 4577//469 4575//469
f 4102//469 4575//469 4113//469
f 3920//469 4576//469 4578//469
f 3920//469 3909//469 4576//469
f 4091//469 4579//469 4577//469
f 4091//469 4577//469 4102//469
f 3931//469 3920//469 4578//469
f 3931//469 4578//469 4580//469
f 4090//469 4581//469 4579//469
f 4090//469 4579//469 4091//469
f 3942//469 3931//469 4580//469
f 3942//469 4580//469 4582//469
f 4079//469 4581//469 4090//469
f 4079//469 4583//469 4581//469
f 3943//469 4582//469 4584//469
f 3943//469 3942//469 4582//469
f 4068//469 4585//469 4583//469
f 4068//469 4583//469 4079//469
f 3954//469 4584//469 4586//469
f 3954//469 3943//469 4584//469
f 4067//469 4587//469 4585//469
f 4067//469 4585//469 4068//469
f 3965//469 4586//469 4588//469
f 3965//469 3954//469 4586//469
f 4056//469 4589//469 4587//469
f 4056//469 4587//469 4067//469
f 3966//469 4588//469 4590//469
f 3966//469 3965//469 4588//469
f 4045//469 4591//469 4589//469
f 4045//469 4589//469 4056//469
f 3977//469 4590//469 4592//469
f 3977//469 3966//469 4590//469
f 4034//469 4593//469 4591//469
f 4034//469 4591//469 4045//469
f 3988//469 4592//469 4594//469
f 3988//469 3977//469 4592//469
f 4033//469 4595//469 4593//469
f 4033//469 4593//469 4034//469
f 3999//469 4594//469 4596//469
f 3999//469 3988//469 4594//469
f 4022//469 4597//469 4595//469
f 4022//469 4595//469 4033//469
f 4000//469 4596//469 4598//469
f 4000//469 3999//469 4596//469
f 4011//469 4598//469 4597//469
f 4011//469 4597//469 4022//469
f 4011//469 4000//469 4598//469
f 4513//4621 4515//4621 4599//4621
f 4599//4621 4515//4621 4600//4621
f 4515//4622 4517//4622 4600//4622
f 4600//4622 4517//4622 4601//4622
f 4517//4623 4519//4623 4601//4623
f 4601//4623 4519//4623 4602//4623
f 4519//4624 4521//4624 4602//4624
f 4602//4624 4521//4624 4603//4624
f 4521//4625 4523//4625 4603//4625
f 4603//4625 4523//4625 4604//4625
f 4523//4626 4525//4626 4604//4626
f 4604//4626 4525//4626 4605//4626
f 4525//4627 4527//4627 4605//4627
f 4605//4627 4527//4627 4606//4627
f 4606//4628 4529//4628 4607//4628
f 4527//4628 4529//4628 4606//4628
f 4607//4629 4531//4629 4608//4629
f 4529//4629 4531//4629 4607//4629
f 4608//4630 4533//4630 4609//4630
f 4609//4631 4533//4631 4610//4631
f 4531//4630 4533//4630 4608//4630
f 4533//4631 4535//4631 4610//4631
f 4610//4632 4537//4632 4611//4632
f 4611//4633 4537//4633 4612//4633
f 4535//4632 4537//4632 4610//4632
f 4612//4634 4539//4634 4613//4634
f 4537//4633 4539//4633 4612//4633
f 4539//4634 4541//4634 4613//4634
f 4613//4635 4543//4635 4614//4635
f 4614//4636 4543//4637 4615//4637
f 4541//4635 4543//4635 4613//4635
f 4543//4637 4545//4637 4615//4637
f 4615//4638 4547//4638 4616//4638
f 4545//4638 4547//4638 4615//4638
f 4547//4639 4549//4639 4616//4639
f 4616//4639 4549//4639 4617//4639
f 4549//4640 4551//4640 4617//4640
f 4617//4640 4551//4640 4618//4640
f 4551//4641 4553//4641 4618//4641
f 4618//4641 4553//4641 4619//4641
f 4553//4642 4555//4642 4619//4642
f 4619//4642 4555//4642 4620//4642
f 4620//4643 4555//4643 4621//4643
f 4555//4643 4557//4643 4621//4643
f 4557//4644 4559//4644 4621//4644
f 4621//4644 4559//4644 4622//4644
f 4559//4645 4561//4645 4622//4645
f 4622//4645 4561//4645 4623//4645
f 4623//4646 4561//4646 4624//4646
f 4561//4646 4563//4646 4624//4646
f 4624//4647 4563//4647 4625//4647
f 4563//4647 4565//4647 4625//4647
f 4625//4648 4565//4648 4626//4648
f 4565//4648 4567//4648 4626//4648
f 4567//4649 4569//4649 4626//4649
f 4626//4649 4569//4649 4627//4649
f 4627//62 4569//62 4628//62
f 4569//62 4571//62 4628//62
f 4571//4650 4573//4650 4628//4650
f 4628//4650 4573//4650 4629//4650
f 4573//4651 4575//4651 4629//4651
f 4629//4651 4575//4651 4630//4651
f 4630//4652 4575//4652 4631//4652
f 4575//4652 4577//4652 4631//4652
f 4577//4653 4579//4653 4631//4653
f 4631//4653 4579//4653 4632//4653
f 4632//4654 4579//4654 4633//4654
f 4579//4654 4581//4654 4633//4654
f 4633//4655 4581//4655 4634//4655
f 4581//4655 4583//4655 4634//4655
f 4634//4656 4583//4656 4635//4656
f 4583//4656 4585//4656 4635//4656
f 4635//4657 4585//4657 4636//4657
f 4585//4657 4587//4657 4636//4657
f 4587//4658 4589//4658 4636//4658
f 4636//4658 4589//4658 4637//4658
f 4637//4659 4589//4659 4638//4659
f 4589//4659 4591//4659 4638//4659
f 4591//4660 4593//4660 4638//4660
f 4638//4660 4593//4660 4639//4660
f 4593//4661 4595//4661 4639//4661
f 4639//4661 4595//4661 4640//4661
f 4595//4662 4597//4662 4640//4662
f 4641//4663 4597//4663 4642//4663
f 4640//4662 4597//4662 4641//4664
f 4597//4663 4598//4663 4642//4663
f 4642//4665 4596//4665 4643//4665
f 4598//4665 4596//4665 4642//4665
f 4643//4666 4594//4666 4644//4666
f 4596//4666 4594//4666 4643//4666
f 4644//4667 4592//4667 4645//4667
f 4645//4668 4592//4668 4646//4668
f 4594//4667 4592//4667 4644//4667
f 4592//4668 4590//4668 4646//4668
f 4646//4669 4588//4669 4647//4669
f 4647//4670 4588//4670 4648//4670
f 4590//4669 4588//4669 4646//4669
f 4588//4670 4586//4670 4648//4670
f 4648//4671 4584//4671 4649//4671
f 4586//4671 4584//4671 4648//4671
f 4649//4672 4582//4672 4650//4672
f 4584//4672 4582//4672 4649//4672
f 4650//4673 4580//4673 4651//4673
f 4582//4673 4580//4673 4650//4673
f 4651//4674 4578//4674 4652//4674
f 4580//4674 4578//4674 4651//4674
f 4652//4675 4576//4675 4653//4675
f 4653//4676 4576//4676 4654//4676
f 4578//4675 4576//4675 4652//4675
f 4576//4676 4574//4676 4654//4676
f 4654//4677 4572//4677 4655//4677
f 4574//4677 4572//4677 4654//4677
f 4655//4678 4570//4678 4656//4678
f 4572//4678 4570//4678 4655//4678
f 4656//4679 4568//4679 4657//4679
f 4570//4679 4568//4679 4656//4679
f 4657//4680 4566//4680 4658//4680
f 4568//4680 4566//4680 4657//4680
f 4658//4681 4564//4681 4659//4681
f 4566//4681 4564//4681 4658//4681
f 4659//4682 4562//4682 4660//4682
f 4564//4682 4562//4682 4659//4682
f 4660//4683 4560//4683 4661//4683
f 4562//4683 4560//4683 4660//4683
f 4661//4684 4558//4684 4662//4684
f 4560//4684 4558//4684 4661//4684
f 4662//4685 4556//4685 4663//4685
f 4558//4685 4556//4685 4662//4685
f 4663//4686 4554//4686 4664//4686
f 4556//4686 4554//4686 4663//4686
f 4664//4687 4552//4687 4665//4687
f 4554//4687 4552//4687 4664//4687
f 4665//4688 4550//4688 4666//4688
f 4552//4688 4550//4688 4665//4688
f 4550//4689 4548//4689 4666//4689
f 4666//4689 4548//4689 4667//4689
f 4548//4690 4546//4690 4667//4690
f 4667//4690 4546//4690 4668//4690
f 4546//4691 4544//4691 4668//4691
f 4668//4691 4544//4691 4669//4691
f 4544//4692 4542//4692 4669//4692
f 4669//4692 4542//4692 4670//4692
f 4542//4693 4540//4693 4670//4693
f 4670//4693 4540//4693 4671//4693
f 4540//4694 4538//4694 4671//4694
f 4671//4694 4538//4694 4672//4695
f 4538//4696 4536//4696 4672//4696
f 4672//4696 4536//4696 4673//4696
f 4536//4697 4534//4697 4673//4697
f 4673//4697 4534//4697 4674//4697
f 4674//4698 4532//4698 4675//4698
f 4534//4698 4532//4698 4674//4698
f 4675//4699 4530//4699 4676//4699
f 4676//4700 4530//4700 4677//4700
f 4532//4699 4530//4699 4675//4699
f 4530//4700 4528//4700 4677//4700
f 4677//4701 4526//4701 4678//4701
f 4528//4701 4526//4701 4677//4701
f 4678//4702 4524//4702 4679//4702
f 4679//4703 4524//4703 4680//4703
f 4526//4702 4524//4702 4678//4702
f 4524//4703 4522//4703 4680//4703
f 4680//4704 4520//4704 4681//4704
f 4522//4704 4520//4704 4680//4704
f 4681//4705 4518//4705 4682//4705
f 4520//4705 4518//4705 4681//4705
f 4682//4706 4516//4706 4683//4706
f 4683//4707 4516//4707 4684//4707
f 4518//4706 4516//4706 4682//4706
f 4516//4707 4514//4707 4684//4707
f 4684//61 4512//61 4685//61
f 4514//61 4512//61 4684//61
f 4685//4708 4510//4708 4686//4708
f 4686//4709 4510//4709 4687//4709
f 4512//4708 4510//4708 4685//4708
f 4510//4709 4508//4709 4687//4709
f 4687//4710 4506//4710 4688//4710
f 4508//4710 4506//4710 4687//4710
f 4688//4711 4504//4711 4689//4711
f 4506//4711 4504//4711 4688//4711
f 4689//4712 4502//4712 4690//4712
f 4690//4713 4502//4713 4691//4713
f 4504//4712 4502//4712 4689//4712
f 4502//4713 4500//4713 4691//4713
f 4500//4714 4498//4714 4691//4714
f 4691//4714 4498//4714 4692//4714
f 4498//4715 4496//4715 4692//4715
f 4692//4715 4496//4715 4693//4715
f 4693//4716 4496//4716 4694//4716
f 4496//4716 4494//4716 4694//4716
f 4694//4717 4494//4717 4695//4717
f 4494//4717 4492//4717 4695//4717
f 4695//4718 4492//4718 4696//4718
f 4492//4718 4490//4718 4696//4718
f 4490//4719 4488//4719 4696//4719
f 4696//4719 4488//4719 4697//4719
f 4697//4720 4488//4721 4698//4721
f 4488//4721 4486//4721 4698//4721
f 4486//4722 4485//4722 4698//4722
f 4698//4722 4485//4722 4699//4722
f 4485//4723 4487//4723 4699//4723
f 4699//4723 4487//4723 4700//4723
f 4487//4724 4489//4724 4700//4724
f 4700//4724 4489//4724 4701//4724
f 4701//4725 4489//4725 4702//4725
f 4489//4725 4491//4725 4702//4725
f 4491//4726 4493//4726 4702//4726
f 4702//4726 4493//4726 4703//4726
f 4493//4727 4495//4727 4703//4727
f 4703//4727 4495//4727 4704//4727
f 4704//4728 4495//4728 4705//4728
f 4495//4728 4497//4728 4705//4728
f 4497//4729 4499//4729 4705//4729
f 4705//4729 4499//4729 4706//4729
f 4499//4730 4501//4730 4706//4730
f 4706//4730 4501//4730 4707//4730
f 4707//4731 4501//4731 4708//4731
f 4501//4731 4503//4731 4708//4731
f 4708//4732 4505//4732 4709//4732
f 4709//4733 4505//4733 4710//4733
f 4503//4732 4505//4732 4708//4732
f 4505//4733 4507//4733 4710//4733
f 4710//4734 4509//4734 4711//4734
f 4507//4734 4509//4734 4710//4734
f 4711//4735 4511//4735 4712//4735
f 4509//4735 4511//4735 4711//4735
f 4712//4736 4513//4736 4599//4736
f 4511//4736 4513//4736 4712//4736
f 4697//469 4698//4737 4699//469
f 4696//469 4697//469 4699//469
f 4696//469 4699//469 4700//469
f 4696//469 4700//469 4701//469
f 4703//469 4701//469 4702//469
f 4694//469 4696//469 4701//469
f 4694//469 4701//469 4703//469
f 4694//469 4695//469 4696//469
f 4707//469 4703//469 4704//469
f 4707//469 4704//469 4705//4737
f 4707//469 4705//4737 4706//4738
f 4690//469 4691//469 4692//469
f 4690//469 4692//469 4693//469
f 4690//469 4693//469 4694//469
f 4708//469 4703//469 4707//469
f 4710//469 4708//469 4709//469
f 4710//469 4703//469 4708//469
f 4712//469 4689//469 4690//469
f 4712//469 4694//469 4703//469
f 4712//469 4690//469 4694//469
f 4712//469 4710//469 4711//469
f 4712//469 4703//469 4710//469
f 4683//469 4684//469 4685//469
f 4683//469 4685//469 4686//469
f 4683//469 4686//469 4687//469
f 4601//469 4712//469 4599//469
f 4601//469 4599//469 4600//4738
f 4603//469 4601//469 4602//4739
f 4680//469 4681//469 4682//469
f 4604//469 4689//469 4712//469
f 4604//469 4712//469 4601//469
f 4604//469 4601//469 4603//469
f 4679//469 4680//469 4682//469
f 4606//469 4687//469 4688//469
f 4606//469 4688//469 4689//469
f 4606//469 4604//469 4605//469
f 4606//469 4689//469 4604//469
f 4608//469 4606//469 4607//4737
f 4608//469 4687//469 4606//469
f 4608//469 4683//469 4687//469
f 4610//469 4683//469 4608//469
f 4610//469 4682//469 4683//469
f 4610//469 4608//469 4609//469
f 4673//469 4674//469 4675//469
f 4673//469 4675//469 4676//469
f 4673//469 4676//469 4677//469
f 4673//469 4677//469 4678//469
f 4673//469 4678//469 4679//469
f 4669//469 4670//4740 4671//469
f 4669//469 4671//469 4672//469
f 4669//469 4672//469 4673//469
f 4669//469 4673//469 4679//469
f 4615//469 4682//469 4610//469
f 4615//469 4610//469 4611//469
f 4615//469 4611//469 4612//469
f 4615//469 4612//469 4613//469
f 4615//469 4613//469 4614//4737
f 4615//469 4679//469 4682//469
f 4667//469 4668//4737 4669//469
f 4667//469 4679//469 4615//469
f 4667//469 4669//469 4679//469
f 4667//469 4615//469 4616//469
f 4620//469 4618//469 4619//4740
f 4621//469 4618//469 4620//469
f 4621//469 4617//469 4618//469
f 4622//469 4617//469 4621//469
f 4661//469 4662//469 4663//469
f 4661//469 4663//469 4664//469
f 4661//469 4664//469 4665//469
f 4661//469 4665//469 4666//469
f 4661//469 4666//469 4667//469
f 4623//469 4617//469 4622//469
f 4623//469 4616//469 4617//469
f 4659//469 4660//469 4661//469
f 4659//469 4667//469 4616//469
f 4659//469 4661//469 4667//469
f 4658//469 4659//469 4616//469
f 4627//469 4625//469 4626//469
f 4628//469 4625//469 4627//469
f 4655//469 4656//469 4657//4737
f 4655//469 4657//4737 4658//469
f 4630//469 4623//469 4624//469
f 4630//469 4624//469 4625//469
f 4630//469 4628//469 4629//469
f 4630//469 4625//469 4628//469
f 4653//469 4654//469 4655//469
f 4653//469 4655//469 4658//469
f 4652//469 4653//469 4658//469
f 4632//469 4630//469 4631//469
f 4651//469 4652//469 4658//469
f 4651//469 4658//469 4616//469
f 4633//469 4630//469 4632//469
f 4649//469 4650//469 4651//469
f 4635//469 4630//469 4633//469
f 4635//469 4633//469 4634//469
f 4648//469 4649//469 4651//469
f 4636//469 4630//469 4635//469
f 4647//469 4651//469 4616//469
f 4647//469 4648//469 4651//469
f 4647//469 4616//469 4623//469
f 4638//469 4636//469 4637//4737
f 4645//469 4646//469 4647//469
f 4644//469 4645//469 4647//469
f 4640//469 4630//469 4636//469
f 4640//469 4636//469 4638//469
f 4640//469 4638//469 4639//4740
f 4641//469 4630//469 4640//469
f 4641//469 4623//469 4630//469
f 4642//469 4643//469 4644//469
f 4642//469 4647//469 4623//469
f 4642//469 4644//469 4647//469
f 4642//469 4623//469 4641//469
