# Blender 5.0.1
# www.blender.org
mtllib handle.mtl
o body
v -0.017056 0.017056 -0.041568
v -0.017056 0.014391 -0.041568
v -0.017056 0.017056 -0.002013
v -0.017056 0.014391 -0.002013
v -0.016523 0.014391 -0.041568
v -0.016523 -0.014284 -0.041568
v -0.016523 0.013325 -0.040689
v -0.016523 -0.013325 -0.040689
v -0.016523 0.013325 -0.002892
v -0.016523 -0.013325 -0.002892
v -0.016523 0.014391 -0.002013
v -0.016523 -0.014284 -0.002013
v -0.016389 0.016389 -0.041568
v -0.016389 0.015057 -0.041568
v -0.016389 0.016389 -0.002013
v -0.016389 0.015057 -0.002013
v -0.015990 -0.013325 -0.039686
v -0.015990 -0.013325 -0.034382
v -0.015990 -0.013325 -0.027072
v -0.015990 -0.013325 -0.016487
v -0.015590 0.015057 -0.041568
v -0.015590 0.014257 -0.041568
v -0.015590 0.015057 -0.002013
v -0.015590 0.014257 -0.002013
v -0.015457 0.011726 -0.043194
v -0.015457 -0.011726 -0.043194
v -0.015457 0.011726 -0.041568
v -0.015457 -0.011726 -0.041568
v -0.015457 0.011726 -0.002013
v -0.015457 0.003997 -0.002013
v -0.015457 -0.003997 -0.002013
v -0.015457 -0.011726 -0.002013
v -0.015457 0.011726 -0.000915
v -0.015457 0.003997 -0.000915
v -0.015457 -0.003997 -0.000915
v -0.015457 -0.011726 -0.000915
v -0.015457 -0.014284 -0.041568
v -0.015457 -0.015257 -0.041568
v -0.015457 0.013325 -0.040689
v -0.015457 0.012264 -0.040689
v -0.015457 0.001060 -0.040689
v -0.015457 -0.001060 -0.040689
v -0.015457 -0.012264 -0.040689
v -0.015457 -0.013325 -0.040689
v -0.015457 0.013325 -0.039686
v -0.015457 -0.013325 -0.039686
v -0.015457 -0.000000 -0.039685
v -0.015457 0.006660 -0.035388
v -0.015457 -0.006660 -0.035388
v -0.015457 0.005599 -0.034385
v -0.015457 -0.005599 -0.034385
v -0.015457 0.007720 -0.034385
v -0.015457 -0.007720 -0.034385
v -0.015457 0.006659 -0.033381
v -0.015457 -0.006659 -0.033381
v -0.015457 -0.000000 -0.029089
v -0.015457 0.013325 -0.029079
v -0.015457 -0.013325 -0.029079
v -0.015457 0.001061 -0.028086
v -0.015457 -0.001061 -0.028086
v -0.015457 0.012264 -0.028076
v -0.015457 -0.012264 -0.028076
v -0.015457 -0.000000 -0.027083
v -0.015457 0.013324 -0.027072
v -0.015457 -0.013324 -0.027072
v -0.015457 0.013325 -0.027072
v -0.015457 -0.013325 -0.027072
v -0.015457 -0.006665 -0.022785
v -0.015457 0.006665 -0.022785
v -0.015457 0.005604 -0.021783
v -0.015457 -0.005604 -0.021783
v -0.015457 0.007726 -0.021782
v -0.015457 -0.007726 -0.021782
v -0.015457 0.006665 -0.020779
v -0.015457 -0.006665 -0.020779
v -0.015457 0.013325 -0.016487
v -0.015457 -0.013325 -0.016487
v -0.015457 -0.000000 -0.016487
v -0.015457 0.012264 -0.015484
v -0.015457 -0.012264 -0.015484
v -0.015457 0.001061 -0.015484
v -0.015457 -0.001061 -0.015484
v -0.015457 -0.000000 -0.014481
v -0.015457 0.013324 -0.014481
v -0.015457 -0.013324 -0.014481
v -0.015457 0.013325 -0.014481
v -0.015457 -0.013325 -0.014481
v -0.015457 0.006662 -0.010191
v -0.015457 -0.006662 -0.010191
v -0.015457 0.007723 -0.009188
v -0.015457 0.005601 -0.009188
v -0.015457 -0.005601 -0.009188
v -0.015457 -0.007723 -0.009188
v -0.015457 0.006662 -0.008185
v -0.015457 -0.006662 -0.008185
v -0.015457 0.013325 -0.003895
v -0.015457 -0.000000 -0.003895
v -0.015457 -0.013325 -0.003895
v -0.015457 0.013325 -0.002892
v -0.015457 0.012264 -0.002892
v -0.015457 0.001061 -0.002892
v -0.015457 -0.001061 -0.002892
v -0.015457 -0.012264 -0.002892
v -0.015457 -0.013325 -0.002892
v -0.015457 -0.014284 -0.002013
v -0.015457 -0.015257 -0.002013
v -0.015057 0.016389 -0.041568
v -0.015057 0.015590 -0.041568
v -0.015057 0.016389 -0.002013
v -0.015057 0.015590 -0.002013
v -0.014391 0.011726 -0.002013
v -0.014391 -0.011726 -0.002013
v -0.014391 0.011726 -0.000915
v -0.014391 -0.011726 -0.000915
v -0.014391 0.011726 -0.043194
v -0.014391 -0.011726 -0.043194
v -0.014391 0.017056 -0.041568
v -0.014391 0.015590 -0.041568
v -0.014391 0.014257 -0.041568
v -0.014391 0.011726 -0.041568
v -0.014391 -0.011726 -0.041568
v -0.014391 -0.015257 -0.041568
v -0.014391 0.012264 -0.040689
v -0.014391 0.001060 -0.040689
v -0.014391 -0.001060 -0.040689
v -0.014391 -0.012264 -0.040689
v -0.014391 0.013325 -0.039686
v -0.014391 -0.013325 -0.039686
v -0.014391 -0.000000 -0.039685
v -0.014391 0.006660 -0.035388
v -0.014391 -0.006660 -0.035388
v -0.014391 0.005599 -0.034385
v -0.014391 -0.005599 -0.034385
v -0.014391 0.007720 -0.034385
v -0.014391 -0.007720 -0.034385
v -0.014391 -0.013325 -0.034382
v -0.014391 0.006659 -0.033381
v -0.014391 -0.006659 -0.033381
v -0.014391 -0.000000 -0.029089
v -0.014391 0.013325 -0.029079
v -0.014391 -0.013325 -0.029079
v -0.014391 0.001061 -0.028086
v -0.014391 -0.001061 -0.028086
v -0.014391 0.012264 -0.028076
v -0.014391 -0.012264 -0.028076
v -0.014391 -0.000000 -0.027083
v -0.014391 0.013324 -0.027072
v -0.014391 -0.013324 -0.027072
v -0.014391 0.013325 -0.027072
v -0.014391 -0.013325 -0.027072
v -0.014391 -0.006665 -0.022785
v -0.014391 0.006665 -0.022785
v -0.014391 0.005604 -0.021783
v -0.014391 -0.005604 -0.021783
v -0.014391 0.007726 -0.021782
v -0.014391 -0.007726 -0.021782
v -0.014391 0.006665 -0.020779
v -0.014391 -0.006665 -0.020779
v -0.014391 0.013325 -0.016487
v -0.014391 -0.013325 -0.016487
v -0.014391 -0.000000 -0.016487
v -0.014391 0.012264 -0.015484
v -0.014391 -0.012264 -0.015484
v -0.014391 0.001061 -0.015484
v -0.014391 -0.001061 -0.015484
v -0.014391 -0.000000 -0.014481
v -0.014391 0.013324 -0.014481
v -0.014391 -0.013324 -0.014481
v -0.014391 0.013325 -0.014481
v -0.014391 -0.013325 -0.014481
v -0.014391 0.006662 -0.010191
v -0.014391 -0.006662 -0.010191
v -0.014391 0.007723 -0.009188
v -0.014391 0.005601 -0.009188
v -0.014391 -0.005601 -0.009188
v -0.014391 -0.007723 -0.009188
v -0.014391 0.006662 -0.008185
v -0.014391 -0.006662 -0.008185
v -0.014391 0.013325 -0.003895
v -0.014391 -0.000000 -0.003895
v -0.014391 -0.013325 -0.003895
v -0.014391 0.012264 -0.002892
v -0.014391 0.001061 -0.002892
v -0.014391 -0.001061 -0.002892
v -0.014391 -0.012264 -0.002892
v -0.014391 0.017056 -0.002013
v -0.014391 0.015590 -0.002013
v -0.014391 0.014257 -0.002013
v -0.014391 0.003997 -0.002013
v -0.014391 -0.003997 -0.002013
v -0.014391 -0.015257 -0.002013
v -0.014391 0.003997 -0.000915
v -0.014391 -0.003997 -0.000915
v -0.017855 0.017855 -0.044205
v -0.017855 -0.017855 -0.044205
v -0.017855 0.017855 -0.042886
v -0.017855 -0.017855 -0.042886
v -0.017322 0.017322 -0.041568
v -0.017322 -0.017322 -0.041568
v -0.016389 0.016389 -0.043326
v -0.016389 0.012658 -0.043326
v -0.016389 0.016389 -0.041568
v -0.016389 0.012658 -0.041568
v -0.015590 0.011859 -0.043546
v -0.015590 -0.011859 -0.043546
v -0.015590 0.011859 -0.041568
v -0.015590 -0.011859 -0.041568
v -0.014257 0.011859 -0.043546
v -0.014257 -0.011859 -0.043546
v -0.014257 0.011859 -0.041568
v -0.014257 -0.011859 -0.041568
v -0.013991 0.012658 -0.043326
v -0.013991 0.012658 -0.041568
v -0.012860 0.011528 -0.043326
v -0.012860 -0.012860 -0.043326
v -0.012860 0.011528 -0.041568
v -0.012860 -0.012860 -0.041568
v -0.012658 0.016389 -0.043326
v -0.012658 0.013991 -0.043326
v -0.012658 0.016389 -0.041568
v -0.012658 0.013991 -0.041568
v -0.011859 0.015590 -0.043546
v -0.011859 0.014257 -0.043546
v -0.011859 -0.014257 -0.043546
v -0.011859 -0.015590 -0.043546
v -0.011859 0.015590 -0.041568
v -0.011859 0.014257 -0.041568
v -0.011859 -0.014257 -0.041568
v -0.011859 -0.015590 -0.041568
v -0.011528 0.012860 -0.043326
v -0.011528 0.012860 -0.041568
v -0.005330 0.015590 -0.043546
v -0.005330 0.014257 -0.043546
v -0.005330 0.015590 -0.041568
v -0.005330 0.014257 -0.041568
v -0.004504 0.017124 -0.043765
v -0.004504 0.001401 -0.043765
v -0.004504 0.012860 -0.043326
v -0.004504 0.001401 -0.043326
v -0.004504 0.017124 -0.042007
v -0.004504 0.012860 -0.042007
v -0.001999 0.017855 -0.043150
v -0.001999 0.017124 -0.043150
v -0.001999 0.017855 -0.042886
v -0.001999 0.017553 -0.042139
v -0.001999 0.017124 -0.042139
v 0.001999 0.017855 -0.043150
v 0.001999 0.017124 -0.043150
v 0.001999 0.017855 -0.042886
v 0.001999 0.017553 -0.042139
v 0.001999 0.017124 -0.042139
v 0.002798 0.017855 -0.042886
v 0.002798 0.017124 -0.042886
v 0.002798 0.017500 -0.042007
v 0.002798 0.017124 -0.042007
v 0.004504 0.017124 -0.043765
v 0.004504 0.001401 -0.043765
v 0.004504 0.012860 -0.043326
v 0.004504 0.001401 -0.043326
v 0.004504 0.017855 -0.042886
v 0.004504 0.017124 -0.042886
v 0.004504 0.017500 -0.042007
v 0.004504 0.012860 -0.042007
v 0.005330 0.015590 -0.043546
v 0.005330 0.014257 -0.043546
v 0.005330 0.015590 -0.041568
v 0.005330 0.014257 -0.041568
v 0.011528 -0.012860 -0.043326
v 0.011528 -0.012860 -0.041568
v 0.011859 0.015590 -0.043546
v 0.011859 0.014257 -0.043546
v 0.011859 -0.014257 -0.043546
v 0.011859 -0.015590 -0.043546
v 0.011859 0.015590 -0.041568
v 0.011859 0.014257 -0.041568
v 0.011859 -0.014257 -0.041568
v 0.011859 -0.015590 -0.041568
v 0.012658 -0.013991 -0.043326
v 0.012658 -0.016389 -0.043326
v 0.012658 -0.013991 -0.041568
v 0.012658 -0.016389 -0.041568
v 0.012860 0.012860 -0.043326
v 0.012860 -0.011528 -0.043326
v 0.012860 0.012860 -0.041568
v 0.012860 -0.011528 -0.041568
v 0.013991 -0.012658 -0.043326
v 0.013991 -0.012658 -0.041568
v 0.014257 0.011859 -0.043546
v 0.014257 -0.011859 -0.043546
v 0.014257 0.011859 -0.041568
v 0.014257 -0.011859 -0.041568
v 0.015590 0.011859 -0.043546
v 0.015590 -0.011859 -0.043546
v 0.015590 0.011859 -0.041568
v 0.015590 -0.011859 -0.041568
v 0.016389 -0.012658 -0.043326
v 0.016389 -0.016389 -0.043326
v 0.016389 -0.012658 -0.041568
v 0.016389 -0.016389 -0.041568
v 0.017322 0.017322 -0.041568
v 0.017322 -0.017322 -0.041568
v 0.017855 0.017855 -0.044205
v 0.017855 -0.017855 -0.044205
v 0.017855 0.017855 -0.042886
v 0.017855 -0.017855 -0.042886
v -0.016256 0.014924 -0.043106
v -0.016256 0.012792 -0.043106
v -0.016256 0.014924 -0.041788
v -0.016256 0.014924 -0.041568
v -0.016256 0.012792 -0.041568
v -0.016254 0.014921 -0.041831
v -0.016246 0.014913 -0.041873
v -0.016233 0.014901 -0.041915
v -0.016216 0.014883 -0.041956
v -0.016193 0.014861 -0.041995
v -0.016166 0.014834 -0.042032
v -0.016135 0.014803 -0.042066
v -0.016100 0.014768 -0.042098
v -0.016061 0.014729 -0.042127
v -0.016019 0.014687 -0.042153
v -0.015974 0.014642 -0.042175
v -0.015927 0.014595 -0.042194
v -0.015878 0.014545 -0.042208
v -0.015827 0.014495 -0.042219
v -0.015775 0.014443 -0.042225
v -0.015723 0.014391 -0.042227
v -0.014924 0.016256 -0.043106
v -0.014924 0.016256 -0.041788
v -0.014924 0.014924 -0.041788
v -0.014924 0.016256 -0.041568
v -0.014924 0.014924 -0.041568
v -0.014921 0.016254 -0.041831
v -0.014921 0.014921 -0.041831
v -0.014913 0.016246 -0.041873
v -0.014913 0.014913 -0.041873
v -0.014901 0.016233 -0.041915
v -0.014901 0.014901 -0.041915
v -0.014883 0.016216 -0.041956
v -0.014883 0.014883 -0.041956
v -0.014861 0.016193 -0.041995
v -0.014861 0.014861 -0.041995
v -0.014834 0.016166 -0.042032
v -0.014834 0.014834 -0.042032
v -0.014803 0.016135 -0.042066
v -0.014803 0.014803 -0.042066
v -0.014768 0.016100 -0.042098
v -0.014768 0.014768 -0.042098
v -0.014729 0.016061 -0.042127
v -0.014729 0.014729 -0.042127
v -0.014687 0.016019 -0.042153
v -0.014687 0.014687 -0.042153
v -0.014642 0.015974 -0.042175
v -0.014642 0.014642 -0.042175
v -0.014595 0.015927 -0.042194
v -0.014595 0.014595 -0.042194
v -0.014545 0.015878 -0.042208
v -0.014545 0.014545 -0.042208
v -0.014495 0.015827 -0.042219
v -0.014495 0.014495 -0.042219
v -0.014443 0.015775 -0.042225
v -0.014443 0.014443 -0.042225
v -0.014391 0.015723 -0.042227
v -0.014391 0.014391 -0.042227
v -0.014124 0.012792 -0.043106
v -0.014124 0.012792 -0.042227
v -0.013936 0.012792 -0.042227
v -0.013936 0.012792 -0.041568
v -0.012792 0.016256 -0.043106
v -0.012792 0.014124 -0.043106
v -0.012792 0.014124 -0.042227
v -0.012792 0.013936 -0.042227
v -0.012792 0.016256 -0.041568
v -0.012792 0.013936 -0.041568
v -0.012727 0.008459 -0.043106
v -0.012727 -0.012727 -0.043106
v -0.012727 0.011583 -0.042227
v -0.012727 0.008459 -0.042227
v -0.012727 0.011583 -0.041568
v -0.012727 -0.012727 -0.041568
v -0.011583 0.012727 -0.042227
v -0.011583 0.012727 -0.041568
v -0.011261 0.008459 -0.043106
v -0.011261 -0.011261 -0.043106
v -0.011261 0.008459 -0.042227
v -0.011261 -0.011261 -0.042227
v -0.008459 0.012727 -0.043106
v -0.008459 0.011261 -0.043106
v -0.008459 0.012727 -0.042227
v -0.008459 0.011261 -0.042227
v -0.004770 0.012727 -0.043106
v -0.004770 0.011261 -0.043106
v -0.004770 0.011261 -0.042227
v -0.004770 0.001401 -0.042227
v -0.004770 0.012727 -0.042007
v -0.004770 0.001401 -0.042007
v -0.003198 0.000012 -0.042227
v -0.003196 0.000121 -0.041568
v -0.003196 -0.000121 -0.041568
v -0.003190 -0.000228 -0.042227
v -0.003188 0.000251 -0.042227
v -0.003177 0.000362 -0.041568
v -0.003177 -0.000362 -0.041568
v -0.003164 -0.000466 -0.042227
v -0.003160 0.000489 -0.042227
v -0.003141 0.000602 -0.041568
v -0.003141 -0.000602 -0.041568
v -0.003120 -0.000702 -0.042227
v -0.003115 0.000725 -0.042227
v -0.003086 0.000837 -0.041568
v -0.003086 -0.000837 -0.041568
v -0.003059 -0.000934 -0.042227
v -0.003052 0.000956 -0.042227
v -0.003014 0.001068 -0.041568
v -0.003014 -0.001068 -0.041568
v -0.002980 -0.001160 -0.042227
v -0.002972 0.001182 -0.042227
v -0.002925 0.001293 -0.041568
v -0.002925 -0.001293 -0.041568
v -0.002885 -0.001380 -0.042227
v -0.002875 0.001401 -0.042227
v -0.002875 0.001401 -0.042007
v -0.002819 0.001511 -0.041568
v -0.002819 -0.001511 -0.041568
v -0.002773 -0.001592 -0.042227
v -0.002762 0.001611 -0.042007
v -0.002696 0.001720 -0.041568
v -0.002696 -0.001720 -0.041568
v -0.002646 -0.001795 -0.042227
v -0.002635 0.001812 -0.042007
v -0.002558 0.001919 -0.041568
v -0.002558 -0.001919 -0.041568
v -0.002504 -0.001989 -0.042227
v -0.002493 0.002003 -0.042007
v -0.002406 0.002107 -0.041568
v -0.002406 -0.002107 -0.041568
v -0.002348 -0.002171 -0.042227
v -0.002337 0.002183 -0.042007
v -0.002240 0.002283 -0.041568
v -0.002240 -0.002283 -0.041568
v -0.002179 -0.002340 -0.042227
v -0.002168 0.002351 -0.042007
v -0.002061 0.002445 -0.041568
v -0.002061 -0.002445 -0.041568
v -0.001998 -0.002497 -0.042227
v -0.001987 0.002506 -0.042007
v -0.001870 0.002594 -0.041568
v -0.001870 -0.002594 -0.041568
v -0.001805 -0.002640 -0.042227
v -0.001795 0.002647 -0.042007
v -0.001668 0.002728 -0.041568
v -0.001668 -0.002728 -0.041568
v -0.001602 -0.002768 -0.042227
v -0.001593 0.002773 -0.042007
v -0.001457 0.002847 -0.041568
v -0.001457 -0.002847 -0.041568
v -0.001391 -0.002880 -0.042227
v -0.001382 0.002884 -0.042007
v -0.001238 0.002949 -0.041568
v -0.001238 -0.002949 -0.041568
v -0.001171 -0.002976 -0.042227
v -0.001164 0.002979 -0.042007
v -0.001011 0.003034 -0.041568
v -0.001011 -0.003034 -0.041568
v -0.000945 -0.003055 -0.042227
v -0.000939 0.003057 -0.042007
v -0.000779 0.003102 -0.041568
v -0.000779 -0.003102 -0.041568
v -0.000713 -0.003117 -0.042227
v -0.000709 0.003118 -0.042007
v -0.000542 0.003152 -0.041568
v -0.000542 -0.003152 -0.041568
v -0.000478 -0.003162 -0.042227
v -0.000475 0.003162 -0.042007
v -0.000302 0.003184 -0.041568
v -0.000302 -0.003184 -0.041568
v -0.000240 -0.003189 -0.042227
v -0.000238 0.003189 -0.042007
v -0.000061 0.003197 -0.041568
v -0.000061 -0.003197 -0.041568
v 0.000000 0.003198 -0.042007
v 0.000000 -0.003198 -0.042227
v 0.000181 0.003193 -0.041568
v 0.000181 -0.003193 -0.041568
v 0.000238 0.003189 -0.042007
v 0.000240 -0.003189 -0.042227
v 0.000422 0.003170 -0.041568
v 0.000422 -0.003170 -0.041568
v 0.000475 0.003162 -0.042007
v 0.000478 -0.003162 -0.042227
v 0.000661 0.003129 -0.041568
v 0.000661 -0.003129 -0.041568
v 0.000709 0.003118 -0.042007
v 0.000713 -0.003117 -0.042227
v 0.000896 0.003070 -0.041568
v 0.000896 -0.003070 -0.041568
v 0.000939 0.003057 -0.042007
v 0.000945 -0.003055 -0.042227
v 0.001125 0.002993 -0.041568
v 0.001125 -0.002993 -0.041568
v 0.001164 0.002979 -0.042007
v 0.001171 -0.002976 -0.042227
v 0.001348 0.002900 -0.041568
v 0.001348 -0.002900 -0.041568
v 0.001382 0.002884 -0.042007
v 0.001391 -0.002880 -0.042227
v 0.001564 0.002789 -0.041568
v 0.001564 -0.002789 -0.041568
v 0.001593 0.002773 -0.042007
v 0.001602 -0.002768 -0.042227
v 0.001770 0.002663 -0.041568
v 0.001770 -0.002663 -0.041568
v 0.001795 0.002647 -0.042007
v 0.001805 -0.002640 -0.042227
v 0.001967 0.002522 -0.041568
v 0.001967 -0.002522 -0.041568
v 0.001987 0.002506 -0.042007
v 0.001998 -0.002497 -0.042227
v 0.002152 0.002366 -0.041568
v 0.002152 -0.002366 -0.041568
v 0.002168 0.002351 -0.042007
v 0.002179 -0.002340 -0.042227
v 0.002325 0.002196 -0.041568
v 0.002325 -0.002196 -0.041568
v 0.002337 0.002183 -0.042007
v 0.002348 -0.002171 -0.042227
v 0.002484 0.002014 -0.041568
v 0.002484 -0.002014 -0.041568
v 0.002493 0.002003 -0.042007
v 0.002504 -0.001989 -0.042227
v 0.002629 0.001820 -0.041568
v 0.002629 -0.001820 -0.041568
v 0.002635 0.001812 -0.042007
v 0.002646 -0.001795 -0.042227
v 0.002759 0.001616 -0.041568
v 0.002759 -0.001616 -0.041568
v 0.002762 0.001611 -0.042007
v 0.002773 -0.001592 -0.042227
v 0.002874 0.001403 -0.041568
v 0.002874 -0.001403 -0.041568
v 0.002875 0.001401 -0.042227
v 0.002875 0.001401 -0.042007
v 0.002885 -0.001380 -0.042227
v 0.002972 0.001182 -0.042227
v 0.002972 0.001182 -0.041568
v 0.002972 -0.001182 -0.041568
v 0.002980 -0.001160 -0.042227
v 0.003052 0.000956 -0.042227
v 0.003052 0.000954 -0.041568
v 0.003052 -0.000954 -0.041568
v 0.003059 -0.000934 -0.042227
v 0.003115 0.000725 -0.042227
v 0.003116 0.000720 -0.041568
v 0.003116 -0.000720 -0.041568
v 0.003120 -0.000702 -0.042227
v 0.003160 0.000489 -0.042227
v 0.003161 0.000482 -0.041568
v 0.003161 -0.000482 -0.041568
v 0.003164 -0.000466 -0.042227
v 0.003188 0.000251 -0.042227
v 0.003189 0.000242 -0.041568
v 0.003189 -0.000242 -0.041568
v 0.003190 -0.000228 -0.042227
v 0.003198 0.000012 -0.042227
v 0.003198 -0.000000 -0.041568
v 0.004770 0.012727 -0.043106
v 0.004770 0.011261 -0.043106
v 0.004770 0.011261 -0.042227
v 0.004770 0.001401 -0.042227
v 0.004770 0.012727 -0.042007
v 0.004770 0.001401 -0.042007
v 0.008459 -0.011261 -0.043106
v 0.008459 -0.012727 -0.043106
v 0.008459 -0.011261 -0.042227
v 0.008459 -0.012727 -0.042227
v 0.011261 0.011261 -0.043106
v 0.011261 -0.008459 -0.043106
v 0.011261 0.011261 -0.042227
v 0.011261 -0.008459 -0.042227
v 0.011583 -0.012727 -0.042227
v 0.011583 -0.012727 -0.041568
v 0.012727 0.012727 -0.043106
v 0.012727 -0.008459 -0.043106
v 0.012727 -0.008459 -0.042227
v 0.012727 -0.011583 -0.042227
v 0.012727 0.012727 -0.041568
v 0.012727 -0.011583 -0.041568
v 0.012792 -0.014124 -0.043106
v 0.012792 -0.016256 -0.043106
v 0.012792 -0.013936 -0.042227
v 0.012792 -0.014124 -0.042227
v 0.012792 -0.013936 -0.041568
v 0.012792 -0.016256 -0.041568
v 0.013936 -0.012792 -0.042227
v 0.013936 -0.012792 -0.041568
v 0.014124 -0.012792 -0.043106
v 0.014124 -0.012792 -0.042227
v 0.014391 -0.014391 -0.042227
v 0.014391 -0.015723 -0.042227
v 0.014443 -0.014443 -0.042225
v 0.014443 -0.015775 -0.042225
v 0.014495 -0.014495 -0.042219
v 0.014495 -0.015827 -0.042219
v 0.014545 -0.014545 -0.042208
v 0.014545 -0.015878 -0.042208
v 0.014595 -0.014595 -0.042194
v 0.014595 -0.015927 -0.042194
v 0.014642 -0.014642 -0.042175
v 0.014642 -0.015974 -0.042175
v 0.014687 -0.014687 -0.042153
v 0.014687 -0.016019 -0.042153
v 0.014729 -0.014729 -0.042127
v 0.014729 -0.016061 -0.042127
v 0.014768 -0.014768 -0.042098
v 0.014768 -0.016100 -0.042098
v 0.014803 -0.014803 -0.042066
v 0.014803 -0.016135 -0.042066
v 0.014834 -0.014834 -0.042032
v 0.014834 -0.016166 -0.042032
v 0.014861 -0.014861 -0.041995
v 0.014861 -0.016193 -0.041995
v 0.014883 -0.014883 -0.041956
v 0.014883 -0.016216 -0.041956
v 0.014901 -0.014901 -0.041915
v 0.014901 -0.016233 -0.041915
v 0.014913 -0.014913 -0.041873
v 0.014913 -0.016246 -0.041873
v 0.014921 -0.014921 -0.041831
v 0.014921 -0.016254 -0.041831
v 0.014924 -0.016256 -0.043106
v 0.014924 -0.014924 -0.041788
v 0.014924 -0.016256 -0.041788
v 0.014924 -0.014924 -0.041568
v 0.014924 -0.016256 -0.041568
v 0.015723 -0.014391 -0.042227
v 0.015775 -0.014443 -0.042225
v 0.015827 -0.014495 -0.042219
v 0.015878 -0.014545 -0.042208
v 0.015927 -0.014595 -0.042194
v 0.015974 -0.014642 -0.042175
v 0.016019 -0.014687 -0.042153
v 0.016061 -0.014729 -0.042127
v 0.016100 -0.014768 -0.042098
v 0.016135 -0.014803 -0.042066
v 0.016166 -0.014834 -0.042032
v 0.016193 -0.014861 -0.041995
v 0.016216 -0.014883 -0.041956
v 0.016233 -0.014901 -0.041915
v 0.016246 -0.014913 -0.041873
v 0.016254 -0.014921 -0.041831
v 0.016256 -0.012792 -0.043106
v 0.016256 -0.014924 -0.043106
v 0.016256 -0.014924 -0.041788
v 0.016256 -0.012792 -0.041568
v 0.016256 -0.014924 -0.041568
v 0.002931 0.017811 -0.042776
v 0.002931 0.009129 -0.042776
v 0.002931 0.017544 -0.042117
v 0.002931 0.009129 -0.042117
v 0.004370 0.017811 -0.042776
v 0.004370 0.009129 -0.042776
v 0.004370 0.017544 -0.042117
v 0.004370 0.009129 -0.042117
v -0.017589 0.017589 -0.002013
v -0.017589 -0.018122 -0.002013
v -0.017589 -0.000213 -0.001354
v -0.017589 -0.000426 -0.001349
v -0.017589 -0.000001 -0.001340
v -0.017589 -0.000637 -0.001327
v -0.017589 0.000208 -0.001310
v -0.017589 -0.000844 -0.001288
v -0.017589 0.000413 -0.001263
v -0.017589 -0.001045 -0.001233
v -0.017589 0.000610 -0.001199
v -0.017589 -0.001239 -0.001161
v -0.017589 0.000799 -0.001119
v -0.017589 -0.001423 -0.001073
v -0.017589 0.000978 -0.001024
v -0.017589 -0.001596 -0.000971
v -0.017589 0.001144 -0.000914
v -0.017589 -0.001755 -0.000855
v -0.017589 0.001296 -0.000792
v -0.017589 -0.001900 -0.000726
v -0.017589 0.001433 -0.000658
v -0.017589 -0.002028 -0.000586
v -0.017589 0.001553 -0.000513
v -0.017589 -0.002139 -0.000437
v -0.017589 0.001654 -0.000359
v -0.017589 -0.002231 -0.000279
v -0.017589 0.001737 -0.000197
v -0.017589 -0.002304 -0.000114
v -0.017589 0.001800 -0.000030
v -0.017589 -0.002356 0.000056
v -0.017589 0.001842 0.000142
v -0.017589 -0.002388 0.000229
v -0.017589 0.001863 0.000316
v -0.017589 -0.002398 0.000404
v -0.017589 0.001863 0.000491
v -0.017589 -0.002388 0.000579
v -0.017589 0.017589 0.000624
v -0.017589 0.004530 0.000624
v -0.017589 -0.005063 0.000624
v -0.017589 -0.018122 0.000624
v -0.017589 0.001842 0.000666
v -0.017589 -0.002356 0.000752
v -0.017589 0.001800 0.000838
v -0.017589 -0.002304 0.000922
v -0.017589 0.001737 0.001005
v -0.017589 -0.002231 0.001087
v -0.017589 0.001654 0.001167
v -0.017589 -0.002139 0.001245
v -0.017589 0.001553 0.001321
v -0.017589 -0.002028 0.001394
v -0.017589 0.001433 0.001465
v -0.017589 -0.001900 0.001534
v -0.017589 0.001296 0.001600
v -0.017589 -0.001755 0.001662
v -0.017589 0.001144 0.001722
v -0.017589 -0.001596 0.001778
v -0.017589 0.000978 0.001831
v -0.017589 -0.001423 0.001881
v -0.017589 0.000799 0.001926
v -0.017589 -0.001239 0.001968
v -0.017589 0.000610 0.002006
v -0.017589 -0.001045 0.002040
v -0.017589 0.000413 0.002070
v -0.017589 -0.000844 0.002096
v -0.017589 0.000208 0.002118
v -0.017589 -0.000637 0.002135
v -0.017589 -0.000001 0.002148
v -0.017589 -0.000426 0.002157
v -0.017589 -0.000213 0.002161
v -0.017589 0.004530 0.002382
v -0.017589 -0.005063 0.002382
v -0.017589 0.002132 0.004359
v -0.017589 -0.002665 0.004359
v -0.016256 0.012525 0.000580
v -0.016256 0.009860 0.000580
v -0.016256 -0.010393 0.000580
v -0.016256 -0.013058 0.000580
v -0.016256 0.012525 0.000624
v -0.016256 0.009860 0.000624
v -0.016256 -0.010393 0.000624
v -0.016256 -0.013058 0.000624
v -0.016256 0.016256 -0.002013
v -0.016256 -0.016789 -0.002013
v -0.016256 -0.000213 -0.001354
v -0.016256 -0.000426 -0.001349
v -0.016256 -0.000001 -0.001340
v -0.016256 -0.000637 -0.001327
v -0.016256 0.000208 -0.001310
v -0.016256 -0.000844 -0.001288
v -0.016256 0.000413 -0.001263
v -0.016256 -0.001045 -0.001233
v -0.016256 0.000610 -0.001199
v -0.016256 -0.001239 -0.001161
v -0.016256 0.000799 -0.001119
v -0.016256 -0.001423 -0.001073
v -0.016256 0.000978 -0.001024
v -0.016256 -0.001596 -0.000971
v -0.016256 0.001144 -0.000914
v -0.016256 -0.001755 -0.000855
v -0.016256 0.001296 -0.000792
v -0.016256 -0.001900 -0.000726
v -0.016256 0.001433 -0.000658
v -0.016256 -0.002028 -0.000586
v -0.016256 0.001553 -0.000513
v -0.016256 -0.002139 -0.000437
v -0.016256 0.001654 -0.000359
v -0.016256 -0.002231 -0.000279
v -0.016256 0.001737 -0.000197
v -0.016256 -0.002304 -0.000114
v -0.016256 0.001800 -0.000030
v -0.016256 -0.002356 0.000056
v -0.016256 0.001842 0.000142
v -0.016256 -0.002388 0.000229
v -0.016256 0.001863 0.000316
v -0.016256 -0.002398 0.000404
v -0.016256 0.001863 0.000491
v -0.016256 -0.002388 0.000579
v -0.016256 0.016256 0.000624
v -0.016256 0.003464 0.000624
v -0.016256 -0.003997 0.000624
v -0.016256 -0.016789 0.000624
v -0.016256 0.001842 0.000666
v -0.016256 -0.002356 0.000752
v -0.016256 0.001800 0.000838
v -0.016256 -0.002304 0.000922
v -0.016256 0.001737 0.001005
v -0.016256 -0.002231 0.001087
v -0.016256 0.001654 0.001167
v -0.016256 -0.002139 0.001245
v -0.016256 0.001553 0.001321
v -0.016256 -0.002028 0.001394
v -0.016256 0.001433 0.001465
v -0.016256 -0.001900 0.001534
v -0.016256 0.001296 0.001600
v -0.016256 -0.001755 0.001662
v -0.016256 0.001144 0.001722
v -0.016256 -0.001596 0.001778
v -0.016256 0.000978 0.001831
v -0.016256 -0.001423 0.001881
v -0.016256 0.000799 0.001926
v -0.016256 -0.001239 0.001968
v -0.016256 0.000610 0.002006
v -0.016256 -0.001045 0.002040
v -0.016256 0.000413 0.002070
v -0.016256 -0.000844 0.002096
v -0.016256 0.000208 0.002118
v -0.016256 -0.000637 0.002135
v -0.016256 -0.000001 0.002148
v -0.016256 -0.000426 0.002157
v -0.016256 -0.000213 0.002161
v -0.016256 0.003464 0.002162
v -0.016256 -0.003997 0.002162
v -0.016256 0.001865 0.003480
v -0.016256 -0.002398 0.003480
v -0.015457 0.012525 0.000580
v -0.015457 0.009860 0.000580
v -0.015457 -0.010393 0.000580
v -0.015457 -0.013058 0.000580
v -0.015457 0.015457 0.001063
v -0.015457 0.012525 0.001063
v -0.015457 0.009860 0.001063
v -0.015457 0.003464 0.001063
v -0.015457 -0.003997 0.001063
v -0.015457 -0.010393 0.001063
v -0.015457 -0.013058 0.001063
v -0.015457 -0.015990 0.001063
v -0.015030 0.004530 0.002382
v -0.015030 -0.005063 0.002382
v -0.013700 0.003464 0.002162
v -0.013700 -0.003997 0.002162
v -0.012525 0.016256 0.000580
v -0.012525 0.015457 0.000580
v -0.012525 -0.015990 0.000580
v -0.012525 -0.016789 0.000580
v -0.012525 0.016256 0.000624
v -0.012525 -0.016789 0.000624
v -0.012525 0.015457 0.001063
v -0.012525 -0.015990 0.001063
v -0.012152 0.002132 0.004359
v -0.012152 -0.002665 0.004359
v -0.011592 0.001865 0.003480
v -0.011592 -0.002398 0.003480
v -0.009860 0.016256 0.000580
v -0.009860 0.015457 0.000580
v -0.009860 -0.015990 0.000580
v -0.009860 -0.016789 0.000580
v -0.009860 0.016256 0.000624
v -0.009860 -0.016789 0.000624
v -0.009860 0.015457 0.001063
v -0.009860 -0.015990 0.001063
v -0.007195 0.007195 0.010732
v -0.007195 -0.007728 0.010732
v -0.007195 0.007195 0.011611
v -0.007195 -0.007728 0.011611
v -0.007142 0.007142 0.010732
v -0.007142 -0.007675 0.010732
v -0.006076 0.006076 0.008534
v -0.006076 -0.006609 0.008534
v -0.006076 0.006076 0.009853
v -0.006076 -0.006609 0.009853
v -0.005621 0.005621 0.007216
v -0.005621 -0.006154 0.007216
v -0.004697 0.004697 0.008534
v -0.004697 -0.005230 0.008534
v -0.004697 0.004697 0.012490
v -0.004697 -0.005230 0.012490
v -0.004655 0.004655 0.013369
v -0.004655 -0.005188 0.013369
v 0.001165 0.004697 0.010292
v 0.001165 -0.005230 0.010292
v 0.001165 0.004697 0.011171
v 0.001165 -0.005230 0.011171
v 0.001180 0.004697 0.010292
v 0.001180 -0.005230 0.010292
v 0.005188 0.004655 0.013369
v 0.005188 -0.005188 0.013369
v 0.005230 0.004697 0.008534
v 0.005230 -0.005230 0.008534
v 0.005230 0.004697 0.011171
v 0.005230 -0.005230 0.011171
v 0.005230 0.004697 0.012490
v 0.005230 -0.005230 0.012490
v 0.006154 0.005621 0.007216
v 0.006154 -0.006154 0.007216
v 0.006609 0.006076 0.008534
v 0.006609 -0.006609 0.008534
v 0.006609 0.006076 0.009853
v 0.006609 -0.006609 0.009853
v 0.007675 0.007142 0.010732
v 0.007675 -0.007675 0.010732
v 0.007728 0.007195 0.010732
v 0.007728 -0.007728 0.010732
v 0.007728 0.007195 0.011611
v 0.007728 -0.007728 0.011611
v 0.010393 0.016256 0.000580
v 0.010393 0.015457 0.000580
v 0.010393 -0.015990 0.000580
v 0.010393 -0.016789 0.000580
v 0.010393 0.016256 0.000624
v 0.010393 -0.016789 0.000624
v 0.010393 0.015457 0.001063
v 0.010393 -0.015990 0.001063
v 0.012125 0.001865 0.003480
v 0.012125 -0.002398 0.003480
v 0.013005 0.002398 0.004140
v 0.013005 -0.002931 0.004140
v 0.013058 0.016256 0.000580
v 0.013058 0.015457 0.000580
v 0.013058 -0.015990 0.000580
v 0.013058 -0.016789 0.000580
v 0.013058 0.016256 0.000624
v 0.013058 -0.016789 0.000624
v 0.013058 0.015457 0.001063
v 0.013058 -0.015990 0.001063
v 0.014233 0.003464 0.002162
v 0.014233 -0.003997 0.002162
v 0.015563 0.004530 0.002382
v 0.015563 -0.005063 0.002382
v 0.015990 0.012525 0.000580
v 0.015990 0.009860 0.000580
v 0.015990 -0.010393 0.000580
v 0.015990 -0.013058 0.000580
v 0.015990 0.015457 0.001063
v 0.015990 0.012525 0.001063
v 0.015990 0.009860 0.001063
v 0.015990 0.003464 0.001063
v 0.015990 -0.003997 0.001063
v 0.015990 -0.010393 0.001063
v 0.015990 -0.013058 0.001063
v 0.015990 -0.015990 0.001063
v 0.016789 0.016256 -0.002013
v 0.016789 -0.016789 -0.002013
v 0.016789 -0.000213 -0.001354
v 0.016789 -0.000426 -0.001349
v 0.016789 -0.000001 -0.001340
v 0.016789 -0.000637 -0.001327
v 0.016789 0.000208 -0.001310
v 0.016789 -0.000844 -0.001288
v 0.016789 0.000413 -0.001263
v 0.016789 -0.001045 -0.001233
v 0.016789 0.000610 -0.001199
v 0.016789 -0.001239 -0.001161
v 0.016789 0.000799 -0.001119
v 0.016789 -0.001423 -0.001073
v 0.016789 0.000978 -0.001024
v 0.016789 -0.001596 -0.000971
v 0.016789 0.001144 -0.000914
v 0.016789 -0.001755 -0.000855
v 0.016789 0.001296 -0.000792
v 0.016789 -0.001900 -0.000726
v 0.016789 0.001433 -0.000658
v 0.016789 -0.002028 -0.000586
v 0.016789 0.001553 -0.000513
v 0.016789 -0.002139 -0.000437
v 0.016789 0.001654 -0.000359
v 0.016789 -0.002231 -0.000279
v 0.016789 0.001737 -0.000197
v 0.016789 -0.002304 -0.000114
v 0.016789 0.001800 -0.000030
v 0.016789 -0.002356 0.000056
v 0.016789 0.001842 0.000142
v 0.016789 -0.002388 0.000229
v 0.016789 0.001863 0.000316
v 0.016789 -0.002398 0.000404
v 0.016789 0.001863 0.000491
v 0.016789 -0.002388 0.000579
v 0.016789 0.012525 0.000580
v 0.016789 0.009860 0.000580
v 0.016789 -0.010393 0.000580
v 0.016789 -0.013058 0.000580
v 0.016789 0.016256 0.000624
v 0.016789 0.012525 0.000624
v 0.016789 0.009860 0.000624
v 0.016789 0.003464 0.000624
v 0.016789 -0.003997 0.000624
v 0.016789 -0.010393 0.000624
v 0.016789 -0.013058 0.000624
v 0.016789 -0.016789 0.000624
v 0.016789 0.001842 0.000666
v 0.016789 -0.002356 0.000752
v 0.016789 0.001800 0.000838
v 0.016789 -0.002304 0.000922
v 0.016789 0.001737 0.001005
v 0.016789 -0.002231 0.001087
v 0.016789 0.001654 0.001167
v 0.016789 -0.002139 0.001245
v 0.016789 0.001553 0.001321
v 0.016789 -0.002028 0.001394
v 0.016789 0.001433 0.001465
v 0.016789 -0.001900 0.001534
v 0.016789 0.001296 0.001600
v 0.016789 -0.001755 0.001662
v 0.016789 0.001144 0.001722
v 0.016789 -0.001596 0.001778
v 0.016789 0.000978 0.001831
v 0.016789 -0.001423 0.001881
v 0.016789 0.000799 0.001926
v 0.016789 -0.001239 0.001968
v 0.016789 0.000610 0.002006
v 0.016789 -0.001045 0.002040
v 0.016789 0.000413 0.002070
v 0.016789 -0.000844 0.002096
v 0.016789 0.000208 0.002118
v 0.016789 -0.000637 0.002135
v 0.016789 -0.000001 0.002148
v 0.016789 -0.000426 0.002157
v 0.016789 -0.000213 0.002161
v 0.016789 0.003464 0.002162
v 0.016789 -0.003997 0.002162
v 0.016789 0.001865 0.003480
v 0.016789 -0.002398 0.003480
v 0.018122 0.017589 -0.002013
v 0.018122 -0.018122 -0.002013
v 0.018122 -0.000213 -0.001354
v 0.018122 -0.000426 -0.001349
v 0.018122 -0.000001 -0.001340
v 0.018122 -0.000637 -0.001327
v 0.018122 0.000208 -0.001310
v 0.018122 -0.000844 -0.001288
v 0.018122 0.000413 -0.001263
v 0.018122 -0.001045 -0.001233
v 0.018122 0.000610 -0.001199
v 0.018122 -0.001239 -0.001161
v 0.018122 0.000799 -0.001119
v 0.018122 -0.001423 -0.001073
v 0.018122 0.000978 -0.001024
v 0.018122 -0.001596 -0.000971
v 0.018122 0.001144 -0.000914
v 0.018122 -0.001755 -0.000855
v 0.018122 0.001296 -0.000792
v 0.018122 -0.001900 -0.000726
v 0.018122 0.001433 -0.000658
v 0.018122 -0.002028 -0.000586
v 0.018122 0.001553 -0.000513
v 0.018122 -0.002139 -0.000437
v 0.018122 0.001654 -0.000359
v 0.018122 -0.002231 -0.000279
v 0.018122 0.001737 -0.000197
v 0.018122 -0.002304 -0.000114
v 0.018122 0.001800 -0.000030
v 0.018122 -0.002356 0.000056
v 0.018122 0.001842 0.000142
v 0.018122 -0.002388 0.000229
v 0.018122 0.001863 0.000316
v 0.018122 -0.002398 0.000404
v 0.018122 0.001863 0.000491
v 0.018122 -0.002388 0.000579
v 0.018122 0.017589 0.000624
v 0.018122 0.004530 0.000624
v 0.018122 -0.005063 0.000624
v 0.018122 -0.018122 0.000624
v 0.018122 0.001842 0.000666
v 0.018122 -0.002356 0.000752
v 0.018122 0.001800 0.000838
v 0.018122 -0.002304 0.000922
v 0.018122 0.001737 0.001005
v 0.018122 -0.002231 0.001087
v 0.018122 0.001654 0.001167
v 0.018122 -0.002139 0.001245
v 0.018122 0.001553 0.001321
v 0.018122 -0.002028 0.001394
v 0.018122 0.001433 0.001465
v 0.018122 -0.001900 0.001534
v 0.018122 0.001296 0.001600
v 0.018122 -0.001755 0.001662
v 0.018122 0.001144 0.001722
v 0.018122 -0.001596 0.001778
v 0.018122 0.000978 0.001831
v 0.018122 -0.001423 0.001881
v 0.018122 0.000799 0.001926
v 0.018122 -0.001239 0.001968
v 0.018122 0.000610 0.002006
v 0.018122 -0.001045 0.002040
v 0.018122 0.000413 0.002070
v 0.018122 -0.000844 0.002096
v 0.018122 0.000208 0.002118
v 0.018122 -0.000637 0.002135
v 0.018122 -0.000001 0.002148
v 0.018122 -0.000426 0.002157
v 0.018122 -0.000213 0.002161
v 0.018122 0.004530 0.002382
v 0.018122 -0.005063 0.002382
v 0.018122 0.002398 0.004140
v 0.018122 -0.002931 0.004140
v -0.016087 0.015013 -0.002049
v -0.016087 -0.016300 -0.002049
v -0.016087 0.015013 -0.001829
v -0.016087 -0.000044 -0.001390
v -0.016087 0.000153 -0.001382
v -0.016087 -0.000240 -0.001382
v -0.016087 0.000348 -0.001360
v -0.016087 -0.000435 -0.001360
v -0.016087 0.000540 -0.001323
v -0.016087 -0.000627 -0.001323
v -0.016087 0.000726 -0.001271
v -0.016087 -0.000814 -0.001271
v -0.016087 0.000907 -0.001206
v -0.016087 -0.000994 -0.001206
v -0.016087 0.001079 -0.001127
v -0.016087 -0.001166 -0.001127
v -0.016087 0.001241 -0.001035
v -0.016087 -0.001328 -0.001035
v -0.016087 0.001393 -0.000931
v -0.016087 -0.001480 -0.000931
v -0.016087 0.001532 -0.000816
v -0.016087 -0.001619 -0.000816
v -0.016087 0.001658 -0.000691
v -0.016087 -0.001745 -0.000691
v -0.016087 0.001769 -0.000557
v -0.016087 -0.001856 -0.000557
v -0.016087 0.001865 -0.000415
v -0.016087 -0.001952 -0.000415
v -0.016087 0.001944 -0.000267
v -0.016087 -0.002032 -0.000267
v -0.016087 0.002007 -0.000113
v -0.016087 -0.002094 -0.000113
v -0.016087 0.015013 -0.000071
v -0.016087 0.002052 0.000045
v -0.016087 -0.002139 0.000045
v -0.016087 0.002079 0.000206
v -0.016087 -0.002167 0.000206
v -0.016087 0.015013 0.000368
v -0.016087 0.003421 0.000368
v -0.016087 0.002088 0.000368
v -0.016087 -0.002176 0.000368
v -0.016087 -0.003508 0.000368
v -0.016087 -0.016300 0.000368
v -0.016087 0.002079 0.000530
v -0.016087 -0.002167 0.000530
v -0.016087 0.002052 0.000691
v -0.016087 -0.002139 0.000691
v -0.016087 0.002007 0.000849
v -0.016087 -0.002094 0.000849
v -0.016087 0.001944 0.001003
v -0.016087 -0.002032 0.001003
v -0.016087 0.001865 0.001152
v -0.016087 -0.001952 0.001152
v -0.016087 0.001769 0.001294
v -0.016087 -0.001856 0.001294
v -0.016087 0.001658 0.001428
v -0.016087 -0.001745 0.001428
v -0.016087 0.001532 0.001552
v -0.016087 -0.001619 0.001552
v -0.016087 0.001393 0.001667
v -0.016087 -0.001480 0.001667
v -0.016087 0.001241 0.001771
v -0.016087 -0.001328 0.001771
v -0.016087 0.001079 0.001863
v -0.016087 -0.001166 0.001863
v -0.016087 0.003421 0.001906
v -0.016087 -0.003508 0.001906
v -0.016087 0.000907 0.001942
v -0.016087 -0.000994 0.001942
v -0.016087 0.000726 0.002007
v -0.016087 -0.000814 0.002007
v -0.016087 0.000540 0.002059
v -0.016087 -0.000627 0.002059
v -0.016087 0.000348 0.002096
v -0.016087 -0.000435 0.002096
v -0.016087 0.000153 0.002119
v -0.016087 -0.000240 0.002119
v -0.016087 -0.000044 0.002126
v -0.016087 0.001822 0.003225
v -0.016087 -0.001909 0.003225
v -0.016084 0.015011 -0.001786
v -0.016076 0.015003 -0.001744
v -0.016064 0.014990 -0.001702
v -0.016046 0.014973 -0.001661
v -0.016024 0.014950 -0.001622
v -0.015997 0.014923 -0.001585
v -0.015966 0.014892 -0.001551
v -0.015930 0.014857 -0.001519
v -0.015892 0.014818 -0.001490
v -0.015850 0.014776 -0.001464
v -0.015805 0.014731 -0.001442
v -0.015758 0.014684 -0.001423
v -0.015708 0.014635 -0.001409
v -0.015658 0.014584 -0.001398
v -0.015606 0.014532 -0.001392
v -0.015554 0.014480 -0.001390
v -0.015394 0.011788 -0.002049
v -0.015394 0.003847 -0.002049
v -0.015394 -0.003935 -0.002049
v -0.015394 -0.011876 -0.002049
v -0.015394 0.011788 -0.000511
v -0.015394 0.003847 -0.000511
v -0.015394 -0.003935 -0.000511
v -0.015394 -0.011876 -0.000511
v -0.014887 0.016212 -0.002049
v -0.014887 0.015013 -0.002049
v -0.014887 0.016212 -0.001829
v -0.014887 0.015013 -0.001829
v -0.014887 0.016212 -0.000071
v -0.014887 0.015013 -0.000071
v -0.014887 0.016212 0.000368
v -0.014887 0.015013 0.000368
v -0.014885 0.016210 -0.001786
v -0.014885 0.015011 -0.001786
v -0.014877 0.016202 -0.001744
v -0.014877 0.015003 -0.001744
v -0.014864 0.016189 -0.001702
v -0.014864 0.014990 -0.001702
v -0.014847 0.016172 -0.001661
v -0.014847 0.014973 -0.001661
v -0.014824 0.016149 -0.001622
v -0.014824 0.014950 -0.001622
v -0.014798 0.016123 -0.001585
v -0.014798 0.014923 -0.001585
v -0.014766 0.016091 -0.001551
v -0.014766 0.014892 -0.001551
v -0.014731 0.016056 -0.001519
v -0.014731 0.014857 -0.001519
v -0.014693 0.016018 -0.001490
v -0.014693 0.014818 -0.001490
v -0.014650 0.015975 -0.001464
v -0.014650 0.014776 -0.001464
v -0.014606 0.015931 -0.001442
v -0.014606 0.014731 -0.001442
v -0.014558 0.015883 -0.001423
v -0.014558 0.014684 -0.001423
v -0.014509 0.015834 -0.001409
v -0.014509 0.014635 -0.001409
v -0.014458 0.015783 -0.001398
v -0.014458 0.014584 -0.001398
v -0.014407 0.015732 -0.001392
v -0.014407 0.014532 -0.001392
v -0.014354 0.015679 -0.001390
v -0.014354 0.014480 -0.001390
v -0.014115 0.011788 -0.002049
v -0.014115 0.003847 -0.002049
v -0.014115 -0.003935 -0.002049
v -0.014115 -0.011876 -0.002049
v -0.014115 0.011788 -0.000511
v -0.014115 0.003847 -0.000511
v -0.014115 -0.003935 -0.000511
v -0.014115 -0.011876 -0.000511
v -0.013623 0.012550 -0.001390
v -0.013623 0.012550 -0.000071
v -0.013518 0.012434 -0.001390
v -0.013518 0.012434 -0.000071
v -0.013425 0.012308 -0.001390
v -0.013425 0.012308 -0.000071
v -0.013344 0.012173 -0.001390
v -0.013344 0.012173 -0.000071
v -0.013277 0.012031 -0.001390
v -0.013277 0.012031 -0.000071
v -0.013224 0.011884 -0.001390
v -0.013224 0.011884 -0.000071
v -0.013186 0.011731 -0.001390
v -0.013186 0.011731 -0.000071
v -0.013163 0.011576 -0.001390
v -0.013163 0.011576 -0.000071
v -0.013155 0.001234 -0.002049
v -0.013155 -0.001322 -0.002049
v -0.013155 0.001441 -0.001967
v -0.013155 -0.001528 -0.001967
v -0.013155 0.001640 -0.001874
v -0.013155 -0.001727 -0.001874
v -0.013155 0.001830 -0.001769
v -0.013155 -0.001918 -0.001769
v -0.013155 0.002011 -0.001653
v -0.013155 -0.002098 -0.001653
v -0.013155 0.002181 -0.001526
v -0.013155 -0.002269 -0.001526
v -0.013155 0.011419 -0.001390
v -0.013155 0.002340 -0.001390
v -0.013155 -0.000044 -0.001390
v -0.013155 -0.002427 -0.001390
v -0.013155 -0.013795 -0.001390
v -0.013155 0.000153 -0.001382
v -0.013155 -0.000240 -0.001382
v -0.013155 0.000348 -0.001360
v -0.013155 -0.000435 -0.001360
v -0.013155 0.000540 -0.001323
v -0.013155 -0.000627 -0.001323
v -0.013155 0.000726 -0.001271
v -0.013155 -0.000814 -0.001271
v -0.013155 0.000907 -0.001206
v -0.013155 -0.000994 -0.001206
v -0.013155 0.001079 -0.001127
v -0.013155 -0.001166 -0.001127
v -0.013155 0.001241 -0.001035
v -0.013155 -0.001328 -0.001035
v -0.013155 0.001393 -0.000931
v -0.013155 -0.001480 -0.000931
v -0.013155 0.001532 -0.000816
v -0.013155 -0.001619 -0.000816
v -0.013155 0.001658 -0.000691
v -0.013155 -0.001745 -0.000691
v -0.013155 0.001769 -0.000557
v -0.013155 -0.001856 -0.000557
v -0.013155 0.001865 -0.000415
v -0.013155 -0.001952 -0.000415
v -0.013155 0.001944 -0.000267
v -0.013155 -0.002032 -0.000267
v -0.013155 0.002007 -0.000113
v -0.013155 -0.002094 -0.000113
v -0.013155 0.013707 -0.000071
v -0.013155 0.011419 -0.000071
v -0.013155 0.002052 0.000045
v -0.013155 -0.002139 0.000045
v -0.013155 0.002079 0.000206
v -0.013155 -0.002167 0.000206
v -0.013155 0.013707 0.000368
v -0.013155 0.003421 0.000368
v -0.013155 0.002088 0.000368
v -0.013155 -0.002176 0.000368
v -0.013155 -0.003508 0.000368
v -0.013155 -0.013795 0.000368
v -0.013155 0.002079 0.000530
v -0.013155 -0.002167 0.000530
v -0.013155 0.002052 0.000691
v -0.013155 -0.002139 0.000691
v -0.013155 0.002007 0.000849
v -0.013155 -0.002094 0.000849
v -0.013155 0.001944 0.001003
v -0.013155 -0.002032 0.001003
v -0.013155 0.001865 0.001152
v -0.013155 -0.001952 0.001152
v -0.013155 0.001769 0.001294
v -0.013155 -0.001856 0.001294
v -0.013155 0.001658 0.001428
v -0.013155 -0.001745 0.001428
v -0.013155 0.001532 0.001552
v -0.013155 -0.001619 0.001552
v -0.013155 0.001393 0.001667
v -0.013155 -0.001480 0.001667
v -0.013155 0.001241 0.001771
v -0.013155 -0.001328 0.001771
v -0.013155 0.001079 0.001863
v -0.013155 -0.001166 0.001863
v -0.013155 0.003421 0.001906
v -0.013155 -0.003508 0.001906
v -0.013155 0.000907 0.001942
v -0.013155 -0.000994 0.001942
v -0.013155 0.000726 0.002007
v -0.013155 -0.000814 0.002007
v -0.013155 0.000540 0.002059
v -0.013155 -0.000627 0.002059
v -0.013155 0.000348 0.002096
v -0.013155 -0.000435 0.002096
v -0.013155 0.000153 0.002119
v -0.013155 -0.000240 0.002119
v -0.013155 -0.000044 0.002126
v -0.013155 0.001822 0.003225
v -0.013155 -0.001909 0.003225
v -0.013155 -0.006662 0.000368
v -0.012382 0.013707 -0.001390
v -0.012382 0.013707 -0.000071
v -0.011663 0.015519 -0.002049
v -0.011663 0.014240 -0.002049
v -0.011663 -0.014328 -0.002049
v -0.011663 -0.015607 -0.002049
v -0.011663 0.015519 -0.000511
v -0.011663 0.014240 -0.000511
v -0.011663 -0.014328 -0.000511
v -0.011663 -0.015607 -0.000511
v -0.011290 0.013707 -0.001390
v -0.011290 0.008024 -0.001390
v -0.011290 -0.008111 -0.001390
v -0.011290 -0.013795 -0.001390
v -0.011290 0.013707 0.000368
v -0.011290 0.008024 0.000368
v -0.011290 -0.008111 0.000368
v -0.011290 -0.013795 0.000368
v -0.010490 0.001234 -0.002049
v -0.010490 -0.001322 -0.002049
v -0.010490 0.001441 -0.001967
v -0.010490 -0.001528 -0.001967
v -0.010490 0.001640 -0.001874
v -0.010490 -0.001727 -0.001874
v -0.010490 0.001830 -0.001769
v -0.010490 -0.001918 -0.001769
v -0.010490 0.002011 -0.001653
v -0.010490 -0.002098 -0.001653
v -0.010490 0.002181 -0.001526
v -0.010490 -0.002269 -0.001526
v -0.010490 0.013707 -0.001390
v -0.010490 0.008024 -0.001390
v -0.010490 0.002340 -0.001390
v -0.010490 -0.002427 -0.001390
v -0.010490 -0.008111 -0.001390
v -0.010490 -0.013795 -0.001390
v -0.010490 0.013707 0.000368
v -0.010490 0.008024 0.000368
v -0.010490 -0.008111 0.000368
v -0.010490 -0.013795 0.000368
v 0.006432 0.003954 -0.001390
v 0.006432 -0.004041 -0.001390
v 0.006432 0.003954 0.002566
v 0.006432 -0.004041 0.002566
v 0.007232 0.003954 -0.001390
v 0.007232 -0.004041 -0.001390
v 0.007232 0.003954 0.002566
v 0.007232 -0.004041 0.002566
v 0.010829 0.001234 -0.002049
v 0.010829 -0.001322 -0.002049
v 0.010829 0.001441 -0.001967
v 0.010829 -0.001528 -0.001967
v 0.010829 0.001640 -0.001874
v 0.010829 -0.001727 -0.001874
v 0.010829 0.001830 -0.001769
v 0.010829 -0.001918 -0.001769
v 0.010829 0.002011 -0.001653
v 0.010829 -0.002098 -0.001653
v 0.010829 0.002181 -0.001526
v 0.010829 -0.002269 -0.001526
v 0.010829 0.002340 -0.001390
v 0.010829 -0.002427 -0.001390
v 0.012002 0.015519 -0.002049
v 0.012002 0.014240 -0.002049
v 0.012002 -0.014328 -0.002049
v 0.012002 -0.015607 -0.002049
v 0.012002 0.015519 -0.000511
v 0.012002 0.014240 -0.000511
v 0.012002 -0.014328 -0.000511
v 0.012002 -0.015607 -0.000511
v 0.012721 -0.013795 -0.001390
v 0.012721 -0.013795 -0.000071
v 0.013494 0.001234 -0.002049
v 0.013494 -0.001322 -0.002049
v 0.013494 0.001441 -0.001967
v 0.013494 -0.001528 -0.001967
v 0.013494 0.001640 -0.001874
v 0.013494 -0.001727 -0.001874
v 0.013494 0.001830 -0.001769
v 0.013494 -0.001918 -0.001769
v 0.013494 0.002011 -0.001653
v 0.013494 -0.002098 -0.001653
v 0.013494 0.002181 -0.001526
v 0.013494 -0.002269 -0.001526
v 0.013494 0.013707 -0.001390
v 0.013494 0.002340 -0.001390
v 0.013494 -0.000044 -0.001390
v 0.013494 -0.002427 -0.001390
v 0.013494 -0.011507 -0.001390
v 0.013494 0.000153 -0.001382
v 0.013494 -0.000240 -0.001382
v 0.013494 0.000348 -0.001360
v 0.013494 -0.000435 -0.001360
v 0.013494 0.000540 -0.001323
v 0.013494 -0.000627 -0.001323
v 0.013494 0.000726 -0.001271
v 0.013494 -0.000814 -0.001271
v 0.013494 0.000907 -0.001206
v 0.013494 -0.000994 -0.001206
v 0.013494 0.001079 -0.001127
v 0.013494 -0.001166 -0.001127
v 0.013494 0.001241 -0.001035
v 0.013494 -0.001328 -0.001035
v 0.013494 0.001393 -0.000931
v 0.013494 -0.001480 -0.000931
v 0.013494 0.001532 -0.000816
v 0.013494 -0.001619 -0.000816
v 0.013494 0.001658 -0.000691
v 0.013494 -0.001745 -0.000691
v 0.013494 0.001769 -0.000557
v 0.013494 -0.001856 -0.000557
v 0.013494 0.001865 -0.000415
v 0.013494 -0.001952 -0.000415
v 0.013494 0.001944 -0.000267
v 0.013494 -0.002032 -0.000267
v 0.013494 0.002007 -0.000113
v 0.013494 -0.002094 -0.000113
v 0.013494 -0.011507 -0.000071
v 0.013494 -0.013795 -0.000071
v 0.013494 0.002052 0.000045
v 0.013494 -0.002139 0.000045
v 0.013494 0.002079 0.000206
v 0.013494 -0.002167 0.000206
v 0.013494 0.013707 0.000368
v 0.013494 0.003421 0.000368
v 0.013494 0.002088 0.000368
v 0.013494 -0.002176 0.000368
v 0.013494 -0.003508 0.000368
v 0.013494 -0.013795 0.000368
v 0.013494 0.002079 0.000530
v 0.013494 -0.002167 0.000530
v 0.013494 0.002052 0.000691
v 0.013494 -0.002139 0.000691
v 0.013494 0.002007 0.000849
v 0.013494 -0.002094 0.000849
v 0.013494 0.001944 0.001003
v 0.013494 -0.002032 0.001003
v 0.013494 0.001865 0.001152
v 0.013494 -0.001952 0.001152
v 0.013494 0.001769 0.001294
v 0.013494 -0.001856 0.001294
v 0.013494 0.001658 0.001428
v 0.013494 -0.001745 0.001428
v 0.013494 0.001532 0.001552
v 0.013494 -0.001619 0.001552
v 0.013494 0.001393 0.001667
v 0.013494 -0.001480 0.001667
v 0.013494 0.001241 0.001771
v 0.013494 -0.001328 0.001771
v 0.013494 0.001079 0.001863
v 0.013494 -0.001166 0.001863
v 0.013494 0.003421 0.001906
v 0.013494 -0.003508 0.001906
v 0.013494 0.000907 0.001942
v 0.013494 -0.000994 0.001942
v 0.013494 0.000726 0.002007
v 0.013494 -0.000814 0.002007
v 0.013494 0.000540 0.002059
v 0.013494 -0.000627 0.002059
v 0.013494 0.000348 0.002096
v 0.013494 -0.000435 0.002096
v 0.013494 0.000153 0.002119
v 0.013494 -0.000240 0.002119
v 0.013494 -0.000044 0.002126
v 0.013494 0.001822 0.003225
v 0.013494 -0.001909 0.003225
v 0.013494 -0.006662 0.000368
v 0.013502 -0.011664 -0.001390
v 0.013502 -0.011664 -0.000071
v 0.013525 -0.011819 -0.001390
v 0.013525 -0.011819 -0.000071
v 0.013563 -0.011971 -0.001390
v 0.013563 -0.011971 -0.000071
v 0.013616 -0.012119 -0.001390
v 0.013616 -0.012119 -0.000071
v 0.013683 -0.012261 -0.001390
v 0.013683 -0.012261 -0.000071
v 0.013764 -0.012395 -0.001390
v 0.013764 -0.012395 -0.000071
v 0.013857 -0.012521 -0.001390
v 0.013857 -0.012521 -0.000071
v 0.013962 -0.012637 -0.001390
v 0.013962 -0.012637 -0.000071
v 0.014454 0.011788 -0.002049
v 0.014454 0.003847 -0.002049
v 0.014454 -0.003935 -0.002049
v 0.014454 -0.011876 -0.002049
v 0.014454 0.011788 -0.000511
v 0.014454 0.003847 -0.000511
v 0.014454 -0.003935 -0.000511
v 0.014454 -0.011876 -0.000511
v 0.014693 -0.014568 -0.001390
v 0.014693 -0.015767 -0.001390
v 0.014746 -0.014620 -0.001392
v 0.014746 -0.015819 -0.001392
v 0.014797 -0.014672 -0.001398
v 0.014797 -0.015871 -0.001398
v 0.014848 -0.014722 -0.001409
v 0.014848 -0.015922 -0.001409
v 0.014897 -0.014772 -0.001423
v 0.014897 -0.015971 -0.001423
v 0.014945 -0.014819 -0.001442
v 0.014945 -0.016018 -0.001442
v 0.014989 -0.014864 -0.001464
v 0.014989 -0.016063 -0.001464
v 0.015031 -0.014906 -0.001490
v 0.015031 -0.016105 -0.001490
v 0.015070 -0.014944 -0.001519
v 0.015070 -0.016144 -0.001519
v 0.015105 -0.014980 -0.001551
v 0.015105 -0.016179 -0.001551
v 0.015137 -0.015011 -0.001585
v 0.015137 -0.016210 -0.001585
v 0.015163 -0.015038 -0.001622
v 0.015163 -0.016237 -0.001622
v 0.015186 -0.015060 -0.001661
v 0.015186 -0.016259 -0.001661
v 0.015203 -0.015078 -0.001702
v 0.015203 -0.016277 -0.001702
v 0.015216 -0.015090 -0.001744
v 0.015216 -0.016290 -0.001744
v 0.015224 -0.015098 -0.001786
v 0.015224 -0.016297 -0.001786
v 0.015226 -0.015101 -0.002049
v 0.015226 -0.016300 -0.002049
v 0.015226 -0.015101 -0.001829
v 0.015226 -0.016300 -0.001829
v 0.015226 -0.015101 -0.000071
v 0.015226 -0.016300 -0.000071
v 0.015226 -0.015101 0.000368
v 0.015226 -0.016300 0.000368
v 0.015733 0.011788 -0.002049
v 0.015733 0.003847 -0.002049
v 0.015733 -0.003935 -0.002049
v 0.015733 -0.011876 -0.002049
v 0.015733 0.011788 -0.000511
v 0.015733 0.003847 -0.000511
v 0.015733 -0.003935 -0.000511
v 0.015733 -0.011876 -0.000511
v 0.015893 -0.014568 -0.001390
v 0.015945 -0.014620 -0.001392
v 0.015997 -0.014672 -0.001398
v 0.016047 -0.014722 -0.001409
v 0.016097 -0.014772 -0.001423
v 0.016144 -0.014819 -0.001442
v 0.016189 -0.014864 -0.001464
v 0.016231 -0.014906 -0.001490
v 0.016269 -0.014944 -0.001519
v 0.016305 -0.014980 -0.001551
v 0.016336 -0.015011 -0.001585
v 0.016363 -0.015038 -0.001622
v 0.016385 -0.015060 -0.001661
v 0.016403 -0.015078 -0.001702
v 0.016415 -0.015090 -0.001744
v 0.016423 -0.015098 -0.001786
v 0.016426 0.016212 -0.002049
v 0.016426 -0.015101 -0.002049
v 0.016426 -0.015101 -0.001829
v 0.016426 -0.000044 -0.001390
v 0.016426 0.000153 -0.001382
v 0.016426 -0.000240 -0.001382
v 0.016426 0.000348 -0.001360
v 0.016426 -0.000435 -0.001360
v 0.016426 0.000540 -0.001323
v 0.016426 -0.000627 -0.001323
v 0.016426 0.000726 -0.001271
v 0.016426 -0.000814 -0.001271
v 0.016426 0.000907 -0.001206
v 0.016426 -0.000994 -0.001206
v 0.016426 0.001079 -0.001127
v 0.016426 -0.001166 -0.001127
v 0.016426 0.001241 -0.001035
v 0.016426 -0.001328 -0.001035
v 0.016426 0.001393 -0.000931
v 0.016426 -0.001480 -0.000931
v 0.016426 0.001532 -0.000816
v 0.016426 -0.001619 -0.000816
v 0.016426 0.001658 -0.000691
v 0.016426 -0.001745 -0.000691
v 0.016426 0.001769 -0.000557
v 0.016426 -0.001856 -0.000557
v 0.016426 0.001865 -0.000415
v 0.016426 -0.001952 -0.000415
v 0.016426 0.001944 -0.000267
v 0.016426 -0.002032 -0.000267
v 0.016426 0.002007 -0.000113
v 0.016426 -0.002094 -0.000113
v 0.016426 -0.015101 -0.000071
v 0.016426 0.002052 0.000045
v 0.016426 -0.002139 0.000045
v 0.016426 0.002079 0.000206
v 0.016426 -0.002167 0.000206
v 0.016426 0.016212 0.000368
v 0.016426 0.003421 0.000368
v 0.016426 0.002088 0.000368
v 0.016426 -0.002176 0.000368
v 0.016426 -0.003508 0.000368
v 0.016426 -0.015101 0.000368
v 0.016426 0.002079 0.000530
v 0.016426 -0.002167 0.000530
v 0.016426 0.002052 0.000691
v 0.016426 -0.002139 0.000691
v 0.016426 0.002007 0.000849
v 0.016426 -0.002094 0.000849
v 0.016426 0.001944 0.001003
v 0.016426 -0.002032 0.001003
v 0.016426 0.001865 0.001152
v 0.016426 -0.001952 0.001152
v 0.016426 0.001769 0.001294
v 0.016426 -0.001856 0.001294
v 0.016426 0.001658 0.001428
v 0.016426 -0.001745 0.001428
v 0.016426 0.001532 0.001552
v 0.016426 -0.001619 0.001552
v 0.016426 0.001393 0.001667
v 0.016426 -0.001480 0.001667
v 0.016426 0.001241 0.001771
v 0.016426 -0.001328 0.001771
v 0.016426 0.001079 0.001863
v 0.016426 -0.001166 0.001863
v 0.016426 0.003421 0.001906
v 0.016426 -0.003508 0.001906
v 0.016426 0.000907 0.001942
v 0.016426 -0.000994 0.001942
v 0.016426 0.000726 0.002007
v 0.016426 -0.000814 0.002007
v 0.016426 0.000540 0.002059
v 0.016426 -0.000627 0.002059
v 0.016426 0.000348 0.002096
v 0.016426 -0.000435 0.002096
v 0.016426 0.000153 0.002119
v 0.016426 -0.000240 0.002119
v 0.016426 -0.000044 0.002126
v 0.016426 0.001822 0.003225
v 0.016426 -0.001909 0.003225
v -0.015257 0.015457 -0.041568
v -0.015257 0.014391 -0.041568
v -0.015257 0.015457 -0.002013
v -0.015257 0.014391 -0.002013
v -0.014284 0.016523 -0.041568
v -0.014284 0.015457 -0.041568
v -0.014284 0.016523 -0.002013
v -0.014284 0.015457 -0.002013
v -0.013325 0.016523 -0.040689
v -0.013325 0.015457 -0.040689
v -0.013325 0.015990 -0.039686
v -0.013325 0.015457 -0.039686
v -0.013325 0.014391 -0.039686
v -0.013325 0.015990 -0.034382
v -0.013325 0.014391 -0.034382
v -0.013325 0.015457 -0.029079
v -0.013325 0.014391 -0.029079
v -0.013325 0.015990 -0.027072
v -0.013325 0.015457 -0.027072
v -0.013325 0.014391 -0.027072
v -0.013325 0.015990 -0.016487
v -0.013325 0.015457 -0.016487
v -0.013325 0.014391 -0.016487
v -0.013325 0.015457 -0.014481
v -0.013325 0.014391 -0.014481
v -0.013325 0.015457 -0.003895
v -0.013325 0.014391 -0.003895
v -0.013325 0.016523 -0.002892
v -0.013325 0.015457 -0.002892
v -0.013324 0.015457 -0.014481
v -0.013324 0.014391 -0.014481
v -0.013324 0.015457 -0.027072
v -0.013324 0.014391 -0.027072
v -0.012264 0.015457 -0.040689
v -0.012264 0.014391 -0.040689
v -0.012264 0.015457 -0.028076
v -0.012264 0.014391 -0.028076
v -0.012264 0.015457 -0.015484
v -0.012264 0.014391 -0.015484
v -0.012264 0.015457 -0.002892
v -0.012264 0.014391 -0.002892
v -0.011726 0.015457 -0.043194
v -0.011726 0.014391 -0.043194
v -0.011726 0.015457 -0.041568
v -0.011726 0.014391 -0.041568
v -0.011726 0.015457 -0.002013
v -0.011726 0.014391 -0.002013
v -0.011726 0.015457 -0.000915
v -0.011726 0.014391 -0.000915
v -0.007726 0.015457 -0.021782
v -0.007726 0.014391 -0.021782
v -0.007723 0.015457 -0.009188
v -0.007723 0.014391 -0.009188
v -0.007720 0.015457 -0.034385
v -0.007720 0.014391 -0.034385
v -0.006665 0.015457 -0.022785
v -0.006665 0.014391 -0.022785
v -0.006665 0.015457 -0.020779
v -0.006665 0.014391 -0.020779
v -0.006662 0.015457 -0.010191
v -0.006662 0.014391 -0.010191
v -0.006662 0.015457 -0.008185
v -0.006662 0.014391 -0.008185
v -0.006660 0.015457 -0.035388
v -0.006660 0.014391 -0.035388
v -0.006659 0.015457 -0.033381
v -0.006659 0.014391 -0.033381
v -0.005604 0.015457 -0.021783
v -0.005604 0.014391 -0.021783
v -0.005601 0.015457 -0.009188
v -0.005601 0.014391 -0.009188
v -0.005599 0.015457 -0.034385
v -0.005599 0.014391 -0.034385
v -0.005463 0.015457 -0.043194
v -0.005463 0.014391 -0.043194
v -0.005463 0.015457 -0.041568
v -0.005463 0.014391 -0.041568
v -0.001061 0.015457 -0.002892
v -0.001061 0.014391 -0.002892
v -0.001061 0.015457 -0.015484
v -0.001061 0.014391 -0.015484
v -0.001061 0.015457 -0.028086
v -0.001061 0.014391 -0.028086
v -0.001060 0.015457 -0.040689
v -0.001060 0.014391 -0.040689
v 0.000000 0.015457 -0.003895
v 0.000000 0.014391 -0.003895
v 0.000000 0.015457 -0.027083
v 0.000000 0.014391 -0.027083
v 0.000000 0.015457 -0.014481
v 0.000000 0.014391 -0.014481
v 0.000000 0.015457 -0.016487
v 0.000000 0.014391 -0.016487
v 0.000000 0.015457 -0.029089
v 0.000000 0.014391 -0.029089
v 0.000000 0.015457 -0.039685
v 0.000000 0.014391 -0.039685
v 0.001060 0.015457 -0.040689
v 0.001060 0.014391 -0.040689
v 0.001061 0.015457 -0.028086
v 0.001061 0.014391 -0.028086
v 0.001061 0.015457 -0.015484
v 0.001061 0.014391 -0.015484
v 0.001061 0.015457 -0.002892
v 0.001061 0.014391 -0.002892
v 0.005463 0.015457 -0.043194
v 0.005463 0.014391 -0.043194
v 0.005463 0.015457 -0.041568
v 0.005463 0.014391 -0.041568
v 0.005599 0.015457 -0.034385
v 0.005599 0.014391 -0.034385
v 0.005601 0.015457 -0.009188
v 0.005601 0.014391 -0.009188
v 0.005604 0.015457 -0.021783
v 0.005604 0.014391 -0.021783
v 0.006659 0.015457 -0.033381
v 0.006659 0.014391 -0.033381
v 0.006660 0.015457 -0.035388
v 0.006660 0.014391 -0.035388
v 0.006662 0.015457 -0.010191
v 0.006662 0.014391 -0.010191
v 0.006662 0.015457 -0.008185
v 0.006662 0.014391 -0.008185
v 0.006665 0.015457 -0.020779
v 0.006665 0.014391 -0.020779
v 0.006665 0.015457 -0.022785
v 0.006665 0.014391 -0.022785
v 0.007720 0.015457 -0.034385
v 0.007720 0.014391 -0.034385
v 0.007723 0.015457 -0.009188
v 0.007723 0.014391 -0.009188
v 0.007726 0.015457 -0.021782
v 0.007726 0.014391 -0.021782
v 0.011726 0.015457 -0.043194
v 0.011726 0.014391 -0.043194
v 0.011726 0.015457 -0.041568
v 0.011726 0.014391 -0.041568
v 0.011726 0.015457 -0.002013
v 0.011726 0.014391 -0.002013
v 0.011726 0.015457 -0.000915
v 0.011726 0.014391 -0.000915
v 0.012264 0.015457 -0.002892
v 0.012264 0.014391 -0.002892
v 0.012264 0.015457 -0.015484
v 0.012264 0.014391 -0.015484
v 0.012264 0.015457 -0.040689
v 0.012264 0.014391 -0.040689
v 0.012264 0.015457 -0.028076
v 0.012264 0.014391 -0.028076
v 0.013324 0.015457 -0.027072
v 0.013324 0.014391 -0.027072
v 0.013324 0.015457 -0.014481
v 0.013324 0.014391 -0.014481
v 0.013325 0.016523 -0.040689
v 0.013325 0.015457 -0.040689
v 0.013325 0.015457 -0.039686
v 0.013325 0.014391 -0.039686
v 0.013325 0.015457 -0.029079
v 0.013325 0.014391 -0.029079
v 0.013325 0.015457 -0.027072
v 0.013325 0.014391 -0.027072
v 0.013325 0.015457 -0.016487
v 0.013325 0.014391 -0.016487
v 0.013325 0.015457 -0.014481
v 0.013325 0.014391 -0.014481
v 0.013325 0.015457 -0.003895
v 0.013325 0.014391 -0.003895
v 0.013325 0.016523 -0.002892
v 0.013325 0.015457 -0.002892
v 0.014257 0.015590 -0.041568
v 0.014257 0.014391 -0.041568
v 0.014257 0.015590 -0.002013
v 0.014257 0.014391 -0.002013
v 0.014391 0.017056 -0.041568
v 0.014391 0.016523 -0.041568
v 0.014391 0.017056 -0.002013
v 0.014391 0.016523 -0.002013
v 0.015590 0.015590 -0.041568
v 0.015590 0.014391 -0.041568
v 0.015590 0.015590 -0.002013
v 0.015590 0.014391 -0.002013
v 0.017056 0.017056 -0.041568
v 0.017056 0.014391 -0.041568
v 0.017056 0.017056 -0.002013
v 0.017056 0.014391 -0.002013
v -0.017056 -0.014391 -0.041568
v -0.017056 -0.017056 -0.041568
v -0.017056 -0.014391 -0.002013
v -0.017056 -0.017056 -0.002013
v -0.015590 -0.014391 -0.041568
v -0.015590 -0.015590 -0.041568
v -0.015590 -0.014391 -0.002013
v -0.015590 -0.015590 -0.002013
v -0.014391 -0.016523 -0.041568
v -0.014391 -0.017056 -0.041568
v -0.014391 -0.016523 -0.002013
v -0.014391 -0.017056 -0.002013
v -0.014257 -0.014391 -0.041568
v -0.014257 -0.015590 -0.041568
v -0.014257 -0.014391 -0.002013
v -0.014257 -0.015590 -0.002013
v -0.013325 -0.014391 -0.039686
v -0.013325 -0.015457 -0.039686
v -0.013325 -0.014391 -0.029079
v -0.013325 -0.015457 -0.029079
v -0.013325 -0.014391 -0.027072
v -0.013325 -0.015457 -0.027072
v -0.013325 -0.014391 -0.016487
v -0.013325 -0.015457 -0.016487
v -0.013325 -0.014391 -0.014481
v -0.013325 -0.015457 -0.014481
v -0.013325 -0.014391 -0.003895
v -0.013325 -0.015457 -0.003895
v -0.013325 -0.015457 -0.040689
v -0.013325 -0.016523 -0.040689
v -0.013325 -0.015457 -0.002892
v -0.013325 -0.016523 -0.002892
v -0.013324 -0.014391 -0.014481
v -0.013324 -0.015457 -0.014481
v -0.013324 -0.014391 -0.027072
v -0.013324 -0.015457 -0.027072
v -0.012264 -0.014391 -0.040689
v -0.012264 -0.015457 -0.040689
v -0.012264 -0.014391 -0.028076
v -0.012264 -0.015457 -0.028076
v -0.012264 -0.014391 -0.015484
v -0.012264 -0.015457 -0.015484
v -0.012264 -0.014391 -0.002892
v -0.012264 -0.015457 -0.002892
v -0.011726 -0.014391 -0.043194
v -0.011726 -0.015457 -0.043194
v -0.011726 -0.014391 -0.041568
v -0.011726 -0.015457 -0.041568
v -0.011726 -0.014391 -0.002013
v -0.011726 -0.015457 -0.002013
v -0.011726 -0.014391 -0.000915
v -0.011726 -0.015457 -0.000915
v -0.007726 -0.014391 -0.021782
v -0.007726 -0.015457 -0.021782
v -0.007723 -0.014391 -0.009188
v -0.007723 -0.015457 -0.009188
v -0.007720 -0.014391 -0.034385
v -0.007720 -0.015457 -0.034385
v -0.006665 -0.014391 -0.022785
v -0.006665 -0.015457 -0.022785
v -0.006665 -0.014391 -0.020779
v -0.006665 -0.015457 -0.020779
v -0.006662 -0.014391 -0.010191
v -0.006662 -0.015457 -0.010191
v -0.006662 -0.014391 -0.008185
v -0.006662 -0.015457 -0.008185
v -0.006660 -0.014391 -0.035388
v -0.006660 -0.015457 -0.035388
v -0.006659 -0.014391 -0.033381
v -0.006659 -0.015457 -0.033381
v -0.005604 -0.014391 -0.021783
v -0.005604 -0.015457 -0.021783
v -0.005601 -0.014391 -0.009188
v -0.005601 -0.015457 -0.009188
v -0.005599 -0.014391 -0.034385
v -0.005599 -0.015457 -0.034385
v -0.001061 -0.014391 -0.002892
v -0.001061 -0.015457 -0.002892
v -0.001061 -0.014391 -0.015484
v -0.001061 -0.015457 -0.015484
v -0.001061 -0.014391 -0.028086
v -0.001061 -0.015457 -0.028086
v -0.001060 -0.014391 -0.040689
v -0.001060 -0.015457 -0.040689
v 0.000000 -0.014391 -0.039685
v 0.000000 -0.015457 -0.039685
v 0.000000 -0.014391 -0.029089
v 0.000000 -0.015457 -0.029089
v 0.000000 -0.014391 -0.016487
v 0.000000 -0.015457 -0.016487
v 0.000000 -0.014391 -0.014481
v 0.000000 -0.015457 -0.014481
v 0.000000 -0.014391 -0.027083
v 0.000000 -0.015457 -0.027083
v 0.000000 -0.014391 -0.003895
v 0.000000 -0.015457 -0.003895
v 0.001060 -0.014391 -0.040689
v 0.001060 -0.015457 -0.040689
v 0.001061 -0.014391 -0.028086
v 0.001061 -0.015457 -0.028086
v 0.001061 -0.014391 -0.015484
v 0.001061 -0.015457 -0.015484
v 0.001061 -0.014391 -0.002892
v 0.001061 -0.015457 -0.002892
v 0.005599 -0.014391 -0.034385
v 0.005599 -0.015457 -0.034385
v 0.005601 -0.014391 -0.009188
v 0.005601 -0.015457 -0.009188
v 0.005604 -0.014391 -0.021783
v 0.005604 -0.015457 -0.021783
v 0.006659 -0.014391 -0.033381
v 0.006659 -0.015457 -0.033381
v 0.006660 -0.014391 -0.035388
v 0.006660 -0.015457 -0.035388
v 0.006662 -0.014391 -0.010191
v 0.006662 -0.015457 -0.010191
v 0.006662 -0.014391 -0.008185
v 0.006662 -0.015457 -0.008185
v 0.006665 -0.014391 -0.020779
v 0.006665 -0.015457 -0.020779
v 0.006665 -0.014391 -0.022785
v 0.006665 -0.015457 -0.022785
v 0.007720 -0.014391 -0.034385
v 0.007720 -0.015457 -0.034385
v 0.007723 -0.014391 -0.009188
v 0.007723 -0.015457 -0.009188
v 0.007726 -0.014391 -0.021782
v 0.007726 -0.015457 -0.021782
v 0.011726 -0.014391 -0.043194
v 0.011726 -0.015457 -0.043194
v 0.011726 -0.014391 -0.041568
v 0.011726 -0.015457 -0.041568
v 0.011726 -0.014391 -0.002013
v 0.011726 -0.015457 -0.002013
v 0.011726 -0.014391 -0.000915
v 0.011726 -0.015457 -0.000915
v 0.012264 -0.014391 -0.002892
v 0.012264 -0.015457 -0.002892
v 0.012264 -0.014391 -0.015484
v 0.012264 -0.015457 -0.015484
v 0.012264 -0.014391 -0.040689
v 0.012264 -0.015457 -0.040689
v 0.012264 -0.014391 -0.028076
v 0.012264 -0.015457 -0.028076
v 0.013324 -0.014391 -0.027072
v 0.013324 -0.015457 -0.027072
v 0.013324 -0.014391 -0.014481
v 0.013324 -0.015457 -0.014481
v 0.013325 -0.015457 -0.040689
v 0.013325 -0.016523 -0.040689
v 0.013325 -0.014391 -0.039686
v 0.013325 -0.015457 -0.039686
v 0.013325 -0.015990 -0.039686
v 0.013325 -0.014391 -0.034382
v 0.013325 -0.015990 -0.034382
v 0.013325 -0.014391 -0.029079
v 0.013325 -0.015457 -0.029079
v 0.013325 -0.014391 -0.027072
v 0.013325 -0.015457 -0.027072
v 0.013325 -0.015990 -0.027072
v 0.013325 -0.014391 -0.014481
v 0.013325 -0.015457 -0.014481
v 0.013325 -0.014391 -0.003895
v 0.013325 -0.015457 -0.003895
v 0.013325 -0.014391 -0.016487
v 0.013325 -0.015457 -0.016487
v 0.013325 -0.015990 -0.016487
v 0.013325 -0.015457 -0.002892
v 0.013325 -0.016523 -0.002892
v 0.014311 -0.015457 -0.041568
v 0.014311 -0.016523 -0.041568
v 0.014311 -0.015457 -0.002013
v 0.014311 -0.016523 -0.002013
v 0.015257 -0.014391 -0.041568
v 0.015257 -0.015457 -0.041568
v 0.015257 -0.014391 -0.002013
v 0.015257 -0.015457 -0.002013
v 0.013325 0.017056 -0.041568
v 0.013325 0.014391 -0.041568
v 0.013325 0.017056 -0.002013
v 0.013325 0.014391 -0.002013
v 0.013858 0.014391 -0.041568
v 0.013858 -0.014284 -0.041568
v 0.013858 0.013325 -0.040689
v 0.013858 -0.013325 -0.040689
v 0.013858 0.013325 -0.002892
v 0.013858 -0.013325 -0.002892
v 0.013858 0.014391 -0.002013
v 0.013858 -0.014284 -0.002013
v 0.013991 0.016389 -0.041568
v 0.013991 0.015057 -0.041568
v 0.013991 0.016389 -0.002013
v 0.013991 0.015057 -0.002013
v 0.014391 -0.013325 -0.039686
v 0.014391 -0.013325 -0.034382
v 0.014391 -0.013325 -0.027072
v 0.014391 -0.013325 -0.016487
v 0.014790 0.015057 -0.041568
v 0.014790 0.014257 -0.041568
v 0.014790 0.015057 -0.002013
v 0.014790 0.014257 -0.002013
v 0.014924 0.011726 -0.043194
v 0.014924 -0.011726 -0.043194
v 0.014924 0.011726 -0.041568
v 0.014924 -0.011726 -0.041568
v 0.014924 0.011726 -0.002013
v 0.014924 0.003997 -0.002013
v 0.014924 -0.003997 -0.002013
v 0.014924 -0.011726 -0.002013
v 0.014924 0.011726 -0.000915
v 0.014924 0.003997 -0.000915
v 0.014924 -0.003997 -0.000915
v 0.014924 -0.011726 -0.000915
v 0.014924 -0.014284 -0.041568
v 0.014924 -0.015257 -0.041568
v 0.014924 0.013325 -0.040689
v 0.014924 0.012264 -0.040689
v 0.014924 0.001060 -0.040689
v 0.014924 -0.001060 -0.040689
v 0.014924 -0.012264 -0.040689
v 0.014924 -0.013325 -0.040689
v 0.014924 0.013325 -0.039686
v 0.014924 -0.013325 -0.039686
v 0.014924 -0.000000 -0.039685
v 0.014924 0.006660 -0.035388
v 0.014924 -0.006660 -0.035388
v 0.014924 0.005599 -0.034385
v 0.014924 -0.005599 -0.034385
v 0.014924 0.007720 -0.034385
v 0.014924 -0.007720 -0.034385
v 0.014924 0.006659 -0.033381
v 0.014924 -0.006659 -0.033381
v 0.014924 -0.000000 -0.029089
v 0.014924 0.013325 -0.029079
v 0.014924 -0.013325 -0.029079
v 0.014924 0.001061 -0.028086
v 0.014924 -0.001061 -0.028086
v 0.014924 0.012264 -0.028076
v 0.014924 -0.012264 -0.028076
v 0.014924 -0.000000 -0.027083
v 0.014924 0.013324 -0.027072
v 0.014924 -0.013324 -0.027072
v 0.014924 0.013325 -0.027072
v 0.014924 -0.013325 -0.027072
v 0.014924 -0.006665 -0.022785
v 0.014924 0.006665 -0.022785
v 0.014924 0.005604 -0.021783
v 0.014924 -0.005604 -0.021783
v 0.014924 0.007726 -0.021782
v 0.014924 -0.007726 -0.021782
v 0.014924 0.006665 -0.020779
v 0.014924 -0.006665 -0.020779
v 0.014924 0.013325 -0.016487
v 0.014924 -0.013325 -0.016487
v 0.014924 -0.000000 -0.016487
v 0.014924 0.012264 -0.015484
v 0.014924 -0.012264 -0.015484
v 0.014924 0.001061 -0.015484
v 0.014924 -0.001061 -0.015484
v 0.014924 -0.000000 -0.014481
v 0.014924 0.013324 -0.014481
v 0.014924 -0.013324 -0.014481
v 0.014924 0.013325 -0.014481
v 0.014924 -0.013325 -0.014481
v 0.014924 0.006662 -0.010191
v 0.014924 -0.006662 -0.010191
v 0.014924 0.007723 -0.009188
v 0.014924 0.005601 -0.009188
v 0.014924 -0.005601 -0.009188
v 0.014924 -0.007723 -0.009188
v 0.014924 0.006662 -0.008185
v 0.014924 -0.006662 -0.008185
v 0.014924 0.013325 -0.003895
v 0.014924 -0.000000 -0.003895
v 0.014924 -0.013325 -0.003895
v 0.014924 0.013325 -0.002892
v 0.014924 0.012264 -0.002892
v 0.014924 0.001061 -0.002892
v 0.014924 -0.001061 -0.002892
v 0.014924 -0.012264 -0.002892
v 0.014924 -0.013325 -0.002892
v 0.014924 -0.014284 -0.002013
v 0.014924 -0.015257 -0.002013
v 0.015323 0.016389 -0.041568
v 0.015323 0.015590 -0.041568
v 0.015323 0.016389 -0.002013
v 0.015323 0.015590 -0.002013
v 0.015990 0.011726 -0.002013
v 0.015990 -0.011726 -0.002013
v 0.015990 0.011726 -0.000915
v 0.015990 -0.011726 -0.000915
v 0.015990 0.011726 -0.043194
v 0.015990 -0.011726 -0.043194
v 0.015990 0.017056 -0.041568
v 0.015990 0.015590 -0.041568
v 0.015990 0.014257 -0.041568
v 0.015990 0.011726 -0.041568
v 0.015990 -0.011726 -0.041568
v 0.015990 -0.015257 -0.041568
v 0.015990 0.012264 -0.040689
v 0.015990 0.001060 -0.040689
v 0.015990 -0.001060 -0.040689
v 0.015990 -0.012264 -0.040689
v 0.015990 0.013325 -0.039686
v 0.015990 -0.013325 -0.039686
v 0.015990 -0.000000 -0.039685
v 0.015990 0.006660 -0.035388
v 0.015990 -0.006660 -0.035388
v 0.015990 0.005599 -0.034385
v 0.015990 -0.005599 -0.034385
v 0.015990 0.007720 -0.034385
v 0.015990 -0.007720 -0.034385
v 0.015990 -0.013325 -0.034382
v 0.015990 0.006659 -0.033381
v 0.015990 -0.006659 -0.033381
v 0.015990 -0.000000 -0.029089
v 0.015990 0.013325 -0.029079
v 0.015990 -0.013325 -0.029079
v 0.015990 0.001061 -0.028086
v 0.015990 -0.001061 -0.028086
v 0.015990 0.012264 -0.028076
v 0.015990 -0.012264 -0.028076
v 0.015990 -0.000000 -0.027083
v 0.015990 0.013324 -0.027072
v 0.015990 -0.013324 -0.027072
v 0.015990 0.013325 -0.027072
v 0.015990 -0.013325 -0.027072
v 0.015990 -0.006665 -0.022785
v 0.015990 0.006665 -0.022785
v 0.015990 0.005604 -0.021783
v 0.015990 -0.005604 -0.021783
v 0.015990 0.007726 -0.021782
v 0.015990 -0.007726 -0.021782
v 0.015990 0.006665 -0.020779
v 0.015990 -0.006665 -0.020779
v 0.015990 0.013325 -0.016487
v 0.015990 -0.013325 -0.016487
v 0.015990 -0.000000 -0.016487
v 0.015990 0.012264 -0.015484
v 0.015990 -0.012264 -0.015484
v 0.015990 0.001061 -0.015484
v 0.015990 -0.001061 -0.015484
v 0.015990 -0.000000 -0.014481
v 0.015990 0.013324 -0.014481
v 0.015990 -0.013324 -0.014481
v 0.015990 0.013325 -0.014481
v 0.015990 -0.013325 -0.014481
v 0.015990 0.006662 -0.010191
v 0.015990 -0.006662 -0.010191
v 0.015990 0.007723 -0.009188
v 0.015990 0.005601 -0.009188
v 0.015990 -0.005601 -0.009188
v 0.015990 -0.007723 -0.009188
v 0.015990 0.006662 -0.008185
v 0.015990 -0.006662 -0.008185
v 0.015990 0.013325 -0.003895
v 0.015990 -0.000000 -0.003895
v 0.015990 -0.013325 -0.003895
v 0.015990 0.012264 -0.002892
v 0.015990 0.001061 -0.002892
v 0.015990 -0.001061 -0.002892
v 0.015990 -0.012264 -0.002892
v 0.015990 0.017056 -0.002013
v 0.015990 0.015590 -0.002013
v 0.015990 0.014257 -0.002013
v 0.015990 0.003997 -0.002013
v 0.015990 -0.003997 -0.002013
v 0.015990 -0.015257 -0.002013
v 0.015990 0.003997 -0.000915
v 0.015990 -0.003997 -0.000915
vn -0.0000 -0.0000 1.0000
vn -1.0000 -0.0000 -0.0000
vn -0.0000 1.0000 -0.0000
vn -0.0000 -1.0000 -0.0000
vn 1.0000 -0.0000 -0.0000
vn -0.0000 -0.6871 0.7265
vn -0.0000 0.6871 0.7265
vn -0.0000 -0.6868 0.7268
vn -0.0000 0.6868 0.7268
vn -0.0000 -0.6872 0.7265
vn -0.0000 0.6874 0.7263
vn -0.0000 0.6868 -0.7268
vn -0.0000 -0.6868 -0.7269
vn -0.0000 -0.6868 0.7269
vn -0.0000 0.6871 0.7266
vn -0.0000 0.6872 -0.7265
vn -0.0000 -0.6868 -0.7268
vn -0.0000 -0.6872 -0.7265
vn -0.0000 0.6875 -0.7262
vn -0.0000 -0.6885 0.7252
vn -0.0000 -0.6861 0.7275
vn -0.0000 0.6871 -0.7266
vn -0.0000 -0.6873 0.7263
vn -0.0000 -0.6850 0.7285
vn -0.0000 0.6868 -0.7269
vn -0.0000 0.6868 0.7269
vn -0.0000 0.6874 0.7262
vn -0.0000 -0.6874 0.7262
vn -0.0000 0.6872 0.7265
vn -0.0000 -0.6874 0.7263
vn -0.0000 0.6873 0.7263
vn -0.0000 -0.6871 0.7266
vn -0.0000 -0.6875 -0.7262
vn -0.0000 -0.6871 -0.7266
vn -0.0000 0.6887 0.7251
vn -0.0000 0.6899 0.7239
vn -0.0000 -0.6869 -0.7268
vn -0.0000 0.6869 -0.7268
vn -0.0000 -0.0000 -1.0000
vn -0.9271 -0.0000 0.3749
vn -0.0000 -0.9271 0.3749
vn 0.9271 -0.0000 0.3749
vn 0.7071 0.7071 -0.0000
vn 0.7074 0.7068 -0.0000
vn 0.7070 0.7072 -0.0000
vn 0.7068 0.7074 -0.0000
vn -0.7071 -0.7071 -0.0000
vn -0.7074 -0.7068 -0.0000
vn -0.7070 -0.7072 -0.0000
vn -0.7068 -0.7074 -0.0000
vn -0.0000 0.9271 0.3749
vn -0.0000 0.9272 0.3745
vn -0.0000 0.9270 0.3750
vn -0.0000 0.9271 0.3747
vn -0.0000 0.9271 0.3748
vn -0.0002 0.9272 0.3746
vn -0.0001 -0.0000 -1.0000
vn 0.0001 -0.0000 -1.0000
vn -0.9982 -0.0000 -0.0595
vn -0.9842 -0.0000 -0.1771
vn -0.9842 -0.0000 -0.1770
vn -0.9568 -0.0000 -0.2907
vn -0.9568 -0.0000 -0.2906
vn -0.9173 -0.0000 -0.3981
vn -0.8675 -0.0000 -0.4975
vn -0.8674 -0.0000 -0.4976
vn -0.8088 -0.0000 -0.5880
vn -0.8089 -0.0000 -0.5880
vn -0.7436 -0.0000 -0.6687
vn -0.6729 -0.0000 -0.7397
vn -0.6731 -0.0000 -0.7396
vn -0.6729 -0.0000 -0.7398
vn -0.6730 -0.0000 -0.7396
vn -0.5987 -0.0000 -0.8010
vn -0.5986 -0.0000 -0.8010
vn -0.5218 -0.0000 -0.8531
vn -0.5216 -0.0000 -0.8532
vn -0.4431 -0.0000 -0.8965
vn -0.3633 -0.0000 -0.9317
vn -0.2829 -0.0000 -0.9591
vn -0.2830 -0.0000 -0.9591
vn -0.2829 -0.0000 -0.9592
vn -0.2024 -0.0000 -0.9793
vn -0.2023 -0.0000 -0.9793
vn -0.1213 -0.0000 -0.9926
vn -0.1214 -0.0000 -0.9926
vn -0.0405 -0.0000 -0.9992
vn -0.0404 -0.0000 -0.9992
vn -0.0000 0.0405 -0.9992
vn -0.0000 0.1214 -0.9926
vn -0.0000 0.2023 -0.9793
vn -0.0000 0.2830 -0.9591
vn -0.0000 0.3634 -0.9316
vn -0.0000 0.3633 -0.9317
vn -0.0000 0.4431 -0.8965
vn -0.0000 0.5217 -0.8531
vn -0.0000 0.5986 -0.8010
vn -0.0000 0.5987 -0.8010
vn -0.0000 0.6729 -0.7397
vn -0.0000 0.7436 -0.6687
vn -0.0000 0.7435 -0.6687
vn -0.0000 0.8089 -0.5880
vn -0.0000 0.8089 -0.5879
vn -0.0000 0.8674 -0.4976
vn -0.0000 0.9173 -0.3981
vn -0.0000 0.9568 -0.2906
vn -0.0000 0.9568 -0.2907
vn -0.0000 0.9842 -0.1770
vn -0.0000 0.9982 -0.0595
vn -0.0000 -0.0405 -0.9992
vn -0.0000 -0.1214 -0.9926
vn -0.0000 -0.2023 -0.9793
vn -0.0000 -0.2830 -0.9591
vn -0.0000 -0.3634 -0.9316
vn -0.0000 -0.3633 -0.9317
vn -0.0000 -0.4431 -0.8965
vn -0.0000 -0.5217 -0.8531
vn -0.0000 -0.5985 -0.8011
vn -0.0000 -0.5986 -0.8011
vn -0.0000 -0.5986 -0.8010
vn -0.0000 -0.6730 -0.7396
vn -0.0000 -0.7435 -0.6687
vn -0.0000 -0.8089 -0.5880
vn -0.0000 -0.8089 -0.5879
vn -0.0000 -0.8675 -0.4975
vn -0.0000 -0.9173 -0.3981
vn -0.0000 -0.9568 -0.2906
vn -0.0000 -0.9568 -0.2907
vn -0.0000 -0.9842 -0.1771
vn -0.0000 -0.9982 -0.0595
vn 0.9982 -0.0000 -0.0595
vn 0.9842 -0.0000 -0.1771
vn 0.9842 -0.0000 -0.1770
vn 0.9568 -0.0000 -0.2906
vn 0.9568 -0.0000 -0.2907
vn 0.9173 -0.0000 -0.3981
vn 0.8674 -0.0000 -0.4976
vn 0.8675 -0.0000 -0.4975
vn 0.8088 -0.0000 -0.5880
vn 0.8089 -0.0000 -0.5880
vn 0.7436 -0.0000 -0.6687
vn 0.7435 -0.0000 -0.6688
vn 0.6729 -0.0000 -0.7397
vn 0.6731 -0.0000 -0.7396
vn 0.5986 -0.0000 -0.8011
vn 0.5986 -0.0000 -0.8010
vn 0.5217 -0.0000 -0.8531
vn 0.5218 -0.0000 -0.8531
vn 0.4432 -0.0000 -0.8964
vn 0.4431 -0.0000 -0.8965
vn 0.3633 -0.0000 -0.9317
vn 0.2829 -0.0000 -0.9591
vn 0.2830 -0.0000 -0.9591
vn 0.2829 -0.0000 -0.9592
vn 0.2022 -0.0000 -0.9793
vn 0.2024 -0.0000 -0.9793
vn 0.1213 -0.0000 -0.9926
vn 0.1215 -0.0000 -0.9926
vn 0.0405 -0.0000 -0.9992
vn 0.0404 -0.0000 -0.9992
vn -0.9147 -0.4042 -0.0000
vn -0.9147 -0.4041 -0.0000
vn -0.9146 -0.4044 -0.0001
vn -0.9145 -0.4045 -0.0002
vn -0.9425 -0.3342 -0.0001
vn -0.9425 -0.3343 -0.0000
vn -0.9425 -0.3341 -0.0001
vn -0.9650 -0.2621 -0.0001
vn -0.9649 -0.2627 -0.0000
vn -0.9648 -0.2629 -0.0001
vn -0.9651 -0.2619 -0.0003
vn -0.9821 -0.1885 -0.0002
vn -0.9819 -0.1896 0.0001
vn -0.9818 -0.1899 0.0003
vn -0.9822 -0.1881 -0.0004
vn -0.9935 -0.1139 -0.0002
vn -0.9933 -0.1154 0.0001
vn -0.9932 -0.1161 0.0004
vn -0.9936 -0.1133 -0.0005
vn -0.9993 -0.0385 -0.0003
vn -0.9992 -0.0405 0.0002
vn -0.9992 -0.0412 0.0005
vn -0.9993 -0.0376 -0.0006
vn -0.9993 0.0371 -0.0003
vn -0.9994 0.0346 0.0002
vn -0.9994 0.0339 0.0006
vn -0.9993 0.0377 -0.0008
vn -0.9937 0.1124 -0.0004
vn -0.9940 0.1095 0.0003
vn -0.9941 0.1086 0.0008
vn -0.9936 0.1133 -0.0009
vn -0.9823 0.1871 -0.0004
vn -0.9830 0.1838 0.0003
vn -0.9832 0.1828 0.0009
vn -0.9822 0.1881 -0.0010
vn -0.9654 0.2608 -0.0005
vn -0.9664 0.2570 0.0004
vn -0.9667 0.2559 0.0010
vn -0.9651 0.2619 -0.0011
vn -0.9430 0.3329 -0.0005
vn -0.9444 0.3288 0.0004
vn -0.9448 0.3276 0.0011
vn -0.9425 0.3341 -0.0012
vn -0.9152 0.4031 -0.0006
vn -0.9171 0.3987 0.0005
vn -0.9177 0.3974 0.0012
vn -0.9146 0.4044 -0.0013
vn -0.8821 0.4710 -0.0006
vn -0.8845 0.4665 0.0005
vn -0.8853 0.4650 0.0013
vn -0.8814 0.4724 -0.0014
vn -0.8440 0.5363 -0.0007
vn -0.8470 0.5316 0.0005
vn -0.8478 0.5304 0.0013
vn -0.8431 0.5378 -0.0015
vn -0.8011 0.5985 -0.0007
vn -0.8048 0.5936 0.0006
vn -0.8059 0.5920 0.0015
vn -0.8000 0.6000 -0.0016
vn -0.7537 0.6573 -0.0007
vn -0.7580 0.6523 0.0006
vn -0.7593 0.6508 0.0016
vn -0.7524 0.6587 -0.0017
vn -0.7019 0.7123 -0.0008
vn -0.7069 0.7073 0.0007
vn -0.7084 0.7058 0.0017
vn -0.7004 0.7138 -0.0018
vn -0.6461 0.7632 -0.0008
vn -0.6518 0.7584 0.0007
vn -0.6535 0.7569 0.0018
vn -0.6444 0.7647 -0.0019
vn -0.5867 0.8098 -0.0008
vn -0.5930 0.8052 0.0007
vn -0.5950 0.8037 0.0018
vn -0.5847 0.8112 -0.0020
vn -0.5238 0.8518 -0.0009
vn -0.5310 0.8474 0.0008
vn -0.5331 0.8460 0.0020
vn -0.5217 0.8531 -0.0022
vn -0.4683 0.8836 0.0021
vn -0.4557 0.8901 -0.0022
vn -0.4007 0.9162 0.0021
vn -0.3871 0.9220 -0.0022
vn -0.3310 0.9436 0.0022
vn -0.3162 0.9487 -0.0023
vn -0.2593 0.9658 0.0023
vn -0.2436 0.9699 -0.0024
vn -0.1863 0.9825 0.0024
vn -0.1694 0.9855 -0.0025
vn -0.1123 0.9937 0.0024
vn -0.0945 0.9955 -0.0025
vn -0.0375 0.9993 0.0027
vn -0.0189 0.9998 -0.0026
vn 0.0375 0.9993 0.0025
vn 0.0567 0.9984 -0.0027
vn 0.1124 0.9937 0.0027
vn 0.1322 0.9912 -0.0022
vn 0.1863 0.9825 0.0027
vn 0.2067 0.9784 -0.0028
vn 0.2594 0.9658 0.0028
vn 0.2801 0.9600 -0.0029
vn 0.3310 0.9436 0.0028
vn 0.3519 0.9360 -0.0029
vn 0.4008 0.9162 0.0029
vn 0.4218 0.9067 -0.0030
vn 0.4683 0.8836 0.0029
vn 0.4890 0.8723 -0.0030
vn 0.5331 0.8460 0.0030
vn 0.5536 0.8328 -0.0031
vn 0.5951 0.8036 0.0029
vn 0.6151 0.7885 -0.0034
vn 0.6535 0.7569 0.0031
vn 0.6728 0.7398 -0.0031
vn 0.7084 0.7058 0.0031
vn 0.7269 0.6867 -0.0032
vn 0.7593 0.6508 0.0031
vn 0.7768 0.6298 -0.0032
vn 0.8059 0.5921 0.0032
vn 0.8221 0.5694 -0.0032
vn 0.8480 0.5300 0.0033
vn 0.8628 0.5055 -0.0033
vn 0.8853 0.4650 0.0032
vn 0.8986 0.4387 -0.0033
vn 0.9176 0.3974 0.0033
vn 0.9292 0.3695 -0.0033
vn 0.9448 0.3276 0.0033
vn 0.9545 0.2982 -0.0034
vn 0.9667 0.2559 0.0033
vn 0.9743 0.2252 -0.0034
vn 0.9831 0.1828 0.0034
vn 0.9886 0.1507 -0.0034
vn 0.9941 0.1086 0.0034
vn 0.9971 0.0756 -0.0034
vn 0.9994 0.0338 0.0034
vn 1.0000 -0.0000 -0.0030
vn 0.9991 -0.0412 0.0034
vn 0.9971 -0.0756 -0.0035
vn 0.9932 -0.1160 0.0034
vn 0.9886 -0.1507 -0.0035
vn 0.9818 -0.1899 0.0034
vn 0.9743 -0.2252 -0.0035
vn 0.9648 -0.2629 0.0033
vn 0.9545 -0.2982 -0.0035
vn 0.9424 -0.3345 0.0034
vn 0.9292 -0.3695 -0.0035
vn 0.9147 -0.4041 0.0034
vn 0.9069 -0.4212 -0.0000
vn 0.8986 -0.4388 -0.0052
vn 0.8820 -0.4713 0.0050
vn 0.8628 -0.5055 -0.0052
vn 0.8445 -0.5355 0.0050
vn 0.8221 -0.5694 -0.0052
vn 0.8023 -0.5968 0.0049
vn 0.7767 -0.6299 -0.0051
vn 0.7556 -0.6550 0.0049
vn 0.7269 -0.6867 -0.0051
vn 0.7048 -0.7094 0.0050
vn 0.6728 -0.7398 -0.0050
vn 0.6501 -0.7599 0.0047
vn 0.6150 -0.7885 -0.0051
vn 0.5917 -0.8062 0.0048
vn 0.5536 -0.8328 -0.0049
vn 0.5300 -0.8480 0.0047
vn 0.4890 -0.8723 -0.0048
vn 0.4656 -0.8850 0.0049
vn 0.4220 -0.9066 -0.0045
vn 0.3983 -0.9173 0.0045
vn 0.3520 -0.9360 -0.0046
vn 0.3289 -0.9443 0.0044
vn 0.2801 -0.9600 -0.0045
vn 0.2578 -0.9662 0.0043
vn 0.2067 -0.9784 -0.0044
vn 0.1851 -0.9827 0.0042
vn 0.1321 -0.9912 -0.0041
vn 0.1115 -0.9938 0.0040
vn 0.0567 -0.9984 -0.0041
vn 0.0372 -0.9993 0.0038
vn -0.0189 -0.9998 -0.0039
vn -0.0373 -0.9993 0.0038
vn -0.0948 -0.9955 -0.0035
vn -0.1115 -0.9938 0.0035
vn -0.1695 -0.9855 -0.0035
vn -0.1851 -0.9827 0.0033
vn -0.2435 -0.9699 -0.0034
vn -0.2577 -0.9662 0.0031
vn -0.3162 -0.9487 -0.0032
vn -0.3290 -0.9443 0.0029
vn -0.3968 -0.9179 0.0013
vn -0.3870 -0.9221 -0.0029
vn -0.3886 -0.9214 -0.0016
vn -0.3983 -0.9172 0.0027
vn -0.4641 -0.8858 0.0012
vn -0.4557 -0.8901 -0.0027
vn -0.4570 -0.8895 -0.0015
vn -0.4655 -0.8851 0.0025
vn -0.5289 -0.8487 0.0011
vn -0.5217 -0.8531 -0.0028
vn -0.5229 -0.8524 -0.0014
vn -0.5300 -0.8480 0.0022
vn -0.5907 -0.8069 0.0010
vn -0.5847 -0.8113 -0.0022
vn -0.5856 -0.8106 -0.0013
vn -0.5917 -0.8062 0.0019
vn -0.6493 -0.7606 0.0008
vn -0.6445 -0.7646 -0.0018
vn -0.6451 -0.7641 -0.0011
vn -0.6500 -0.7600 0.0016
vn -0.7042 -0.7100 0.0007
vn -0.7004 -0.7138 -0.0017
vn -0.7010 -0.7132 -0.0010
vn -0.7049 -0.7094 0.0015
vn -0.7552 -0.6555 0.0005
vn -0.7524 -0.6587 -0.0014
vn -0.7528 -0.6583 -0.0008
vn -0.7556 -0.6551 0.0012
vn -0.8020 -0.5974 0.0004
vn -0.8000 -0.6000 -0.0011
vn -0.8003 -0.5996 -0.0007
vn -0.8023 -0.5969 0.0007
vn -0.8443 -0.5359 0.0002
vn -0.8431 -0.5377 -0.0008
vn -0.8433 -0.5374 -0.0005
vn -0.8445 -0.5356 0.0005
vn -0.8819 -0.4715 -0.0000
vn -0.8814 -0.4724 -0.0005
vn -0.8815 -0.4722 -0.0003
vn -0.8819 -0.4714 0.0002
vn -0.7071 -0.7071 0.0001
vn -0.7072 -0.7070 -0.0000
vn 0.7072 0.7070 -0.0000
vn 0.7071 0.7071 0.0001
vn -0.0000 0.6361 0.7716
vn -0.0000 -0.6361 0.7716
vn -0.0000 -0.6362 0.7715
vn -0.0000 0.6362 0.7715
vn -0.0000 0.6360 -0.7717
vn -0.0000 -0.6360 -0.7717
vn -0.0000 0.9982 -0.0604
vn -0.0000 0.9982 0.0604
vn -0.0000 0.9837 0.1799
vn -0.0000 0.9837 0.1798
vn -0.0000 0.9555 0.2951
vn -0.0000 0.9148 0.4040
vn -0.0000 0.8635 0.5043
vn -0.0000 0.8034 0.5955
vn -0.0000 0.8034 0.5954
vn -0.0000 0.7364 0.6765
vn -0.0000 0.6643 0.7474
vn -0.0000 0.6647 0.7471
vn -0.0000 0.5884 0.8086
vn -0.0000 0.5099 0.8602
vn -0.0000 0.4299 0.9029
vn -0.0000 0.3485 0.9373
vn -0.0000 0.3486 0.9373
vn -0.0000 0.2670 0.9637
vn -0.0000 0.1851 0.9827
vn -0.0000 0.1028 0.9947
vn -0.0000 0.0206 0.9998
vn -0.0000 -0.0617 0.9981
vn -0.0000 -0.1439 0.9896
vn -0.0000 -0.1438 0.9896
vn -0.0000 -0.2259 0.9741
vn -0.0000 -0.3079 0.9514
vn -0.0000 -0.3895 0.9210
vn -0.0000 -0.3898 0.9209
vn -0.0000 -0.4701 0.8826
vn -0.0000 -0.4700 0.8827
vn -0.0000 -0.5495 0.8355
vn -0.0000 -0.5494 0.8355
vn -0.0000 -0.6268 0.7792
vn -0.0000 -0.6267 0.7793
vn -0.0000 -0.7009 0.7132
vn -0.0000 -0.7009 0.7133
vn -0.0000 -0.7704 0.6376
vn -0.0000 -0.7707 0.6372
vn -0.0000 -0.7706 0.6373
vn -0.0000 -0.8345 0.5511
vn -0.0000 -0.8345 0.5510
vn -0.0000 -0.8344 0.5511
vn -0.0000 -0.8904 0.4552
vn -0.0000 -0.8903 0.4553
vn -0.0000 -0.9366 0.3504
vn -0.0000 -0.9712 0.2381
vn -0.0000 -0.9928 0.1202
vn -0.0000 -0.9927 0.1204
vn -0.0000 -0.9927 -0.1204
vn -0.0000 -0.9927 -0.1205
vn -0.0000 -0.9712 -0.2381
vn -0.0000 -0.9366 -0.3504
vn -0.0000 -0.8904 -0.4552
vn -0.0000 -0.8903 -0.4553
vn -0.0000 -0.8345 -0.5511
vn -0.0000 -0.8345 -0.5510
vn -0.0000 -0.7707 -0.6372
vn -0.0000 -0.7009 -0.7133
vn -0.0000 -0.6267 -0.7793
vn -0.0000 -0.6268 -0.7792
vn -0.0000 -0.5494 -0.8355
vn -0.0000 -0.5493 -0.8356
vn -0.0000 -0.4701 -0.8826
vn -0.0000 -0.4700 -0.8827
vn -0.0000 -0.3894 -0.9211
vn -0.0000 -0.3898 -0.9209
vn -0.0000 -0.3079 -0.9514
vn -0.0000 -0.3080 -0.9514
vn -0.0000 -0.2260 -0.9741
vn -0.0000 -0.2261 -0.9741
vn -0.0000 -0.1439 -0.9896
vn -0.0000 -0.1438 -0.9896
vn -0.0000 -0.0615 -0.9981
vn -0.0000 -0.0617 -0.9981
vn -0.0000 0.0205 -0.9998
vn -0.0000 0.0206 -0.9998
vn -0.0000 0.1028 -0.9947
vn -0.0000 0.1029 -0.9947
vn -0.0000 0.1851 -0.9827
vn -0.0000 0.2670 -0.9637
vn -0.0000 0.3487 -0.9372
vn -0.0000 0.3488 -0.9372
vn -0.0000 0.3486 -0.9373
vn -0.0000 0.4298 -0.9029
vn -0.0000 0.5100 -0.8602
vn -0.0000 0.5885 -0.8085
vn -0.0000 0.5884 -0.8086
vn -0.0000 0.6643 -0.7475
vn -0.0000 0.7364 -0.6765
vn -0.0000 0.8034 -0.5954
vn -0.0000 0.8034 -0.5955
vn -0.0000 0.8635 -0.5043
vn -0.0000 0.9148 -0.4039
vn -0.0000 0.9148 -0.4040
vn -0.0000 0.9148 -0.4038
vn -0.0000 0.9555 -0.2950
vn -0.0000 0.9555 -0.2951
vn -0.0000 0.9837 -0.1799
vn -0.0000 0.9148 0.4038
vn -0.0000 0.9148 0.4039
vn -0.0000 0.6643 0.7475
vn -0.0000 0.5884 0.8085
vn -0.0000 0.5099 0.8603
vn -0.0000 0.3487 0.9372
vn -0.0000 0.1027 0.9947
vn -0.0000 -0.2260 0.9741
vn -0.0000 -0.3080 0.9514
vn -0.0000 -0.3894 0.9211
vn -0.0000 -0.8903 0.4554
vn -0.0000 -0.9713 0.2381
vn -0.0000 -0.9927 0.1203
vn -0.0000 -0.9712 -0.2382
vn -0.0000 -0.8903 -0.4554
vn -0.0000 -0.8344 -0.5511
vn -0.0000 -0.3893 -0.9211
vn -0.0000 -0.3081 -0.9514
vn -0.0000 0.1027 -0.9947
vn -0.0000 0.1848 -0.9828
vn -0.0000 0.9837 -0.1798
vn -0.5303 -0.0000 -0.8478
vn -0.5302 -0.0000 -0.8479
vn -0.5304 -0.0000 -0.8478
vn -0.5304 -0.0000 -0.8477
vn -0.4818 -0.0000 -0.8763
vn -0.4815 -0.0000 -0.8764
vn 0.5303 -0.0000 -0.8478
vn 0.5302 -0.0000 -0.8479
vn 0.5304 -0.0000 -0.8478
vn 0.5304 -0.0000 -0.8477
vn 0.4815 -0.0000 -0.8764
vn 0.4818 -0.0000 -0.8763
vn 0.5663 -0.0000 0.8242
vn 0.5662 -0.0000 0.8242
vn 0.5664 -0.0000 0.8242
vn -0.3982 -0.0000 -0.9173
vn -0.6362 -0.0000 -0.7715
vn -0.0000 0.6362 -0.7715
vn 0.6362 -0.0000 -0.7715
vn -0.0000 -0.6362 -0.7715
vn -0.8192 -0.0000 -0.5735
vn -0.8191 -0.0000 -0.5737
vn -0.0000 0.8192 -0.5736
vn -0.0000 0.8192 -0.5735
vn -0.0000 0.8191 -0.5737
vn 0.8192 -0.0000 -0.5735
vn 0.8191 -0.0000 -0.5737
vn -0.0000 -0.8192 -0.5736
vn -0.0000 -0.8191 -0.5737
vn -0.0000 -0.8192 -0.5735
vn -0.0000 0.5691 0.8223
vn 0.5691 -0.0000 0.8223
vn -0.0000 -0.5691 0.8223
vn -0.5691 -0.0000 0.8223
vn -0.0000 0.5303 -0.8478
vn -0.0000 -0.4815 -0.8764
vn -0.0000 -0.4820 -0.8762
vn -0.0000 -0.4818 -0.8763
vn 0.4820 -0.0000 -0.8762
vn -0.4820 -0.0000 -0.8762
vn -0.0000 -0.5663 0.8242
vn -0.5662 -0.0000 0.8243
vn -0.5662 -0.0000 0.8242
vn -0.5663 -0.0000 0.8242
vn -0.0000 0.5663 0.8242
vn -0.0000 -0.5303 -0.8478
vn -0.0000 0.4815 -0.8764
vn -0.0000 0.4818 -0.8763
vn -0.0000 0.4820 -0.8762
vn -0.0000 -0.9982 0.0595
vn -0.0000 -0.9842 0.1771
vn -0.0000 -0.9568 0.2906
vn -0.0000 -0.9568 0.2907
vn -0.0000 -0.9174 0.3980
vn -0.0000 -0.8674 0.4975
vn -0.0000 -0.8675 0.4975
vn -0.0000 -0.8088 0.5881
vn -0.0000 -0.8089 0.5880
vn -0.0000 -0.7435 0.6687
vn -0.0000 -0.7436 0.6687
vn -0.0000 -0.6730 0.7397
vn -0.0000 -0.6729 0.7397
vn -0.0000 -0.5987 0.8010
vn -0.0000 -0.5217 0.8531
vn -0.0000 -0.4431 0.8965
vn -0.0000 -0.3633 0.9317
vn -0.0000 -0.2830 0.9591
vn -0.0000 -0.2022 0.9793
vn -0.0000 -0.1215 0.9926
vn -0.0000 -0.0405 0.9992
vn 0.0405 -0.0000 0.9992
vn 0.1215 -0.0000 0.9926
vn 0.2022 -0.0000 0.9793
vn 0.2830 -0.0000 0.9591
vn 0.3633 -0.0000 0.9317
vn 0.4431 -0.0000 0.8965
vn 0.5217 -0.0000 0.8531
vn 0.5986 -0.0000 0.8010
vn 0.5986 -0.0000 0.8011
vn 0.5987 -0.0000 0.8010
vn 0.6730 -0.0000 0.7396
vn 0.6730 -0.0000 0.7397
vn 0.7435 -0.0000 0.6687
vn 0.8089 -0.0000 0.5880
vn 0.8674 -0.0000 0.4975
vn 0.9174 -0.0000 0.3981
vn 0.9568 -0.0000 0.2907
vn 0.9842 -0.0000 0.1770
vn 0.9982 -0.0000 0.0595
vn -0.0000 0.9982 0.0594
vn -0.0000 0.9982 0.0595
vn -0.0000 0.9842 0.1771
vn -0.0000 0.9568 0.2906
vn -0.0000 0.9568 0.2907
vn -0.0000 0.9174 0.3980
vn -0.0000 0.9173 0.3981
vn -0.0000 0.8675 0.4975
vn -0.0000 0.8674 0.4976
vn -0.0000 0.8089 0.5880
vn -0.0000 0.8088 0.5881
vn -0.0000 0.7435 0.6687
vn -0.0000 0.7436 0.6687
vn -0.0000 0.6730 0.7397
vn -0.0000 0.6730 0.7396
vn -0.0000 0.5987 0.8010
vn -0.0000 0.5217 0.8531
vn -0.0000 0.4431 0.8965
vn -0.0000 0.3633 0.9317
vn -0.0000 0.2830 0.9591
vn -0.0000 0.2022 0.9793
vn -0.0000 0.1215 0.9926
vn -0.0000 0.0405 0.9992
vn -0.0405 -0.0000 0.9992
vn -0.1215 -0.0000 0.9926
vn -0.2022 -0.0000 0.9793
vn -0.2830 -0.0000 0.9591
vn -0.3633 -0.0000 0.9317
vn -0.4431 -0.0000 0.8965
vn -0.5217 -0.0000 0.8531
vn -0.5986 -0.0000 0.8010
vn -0.6730 -0.0000 0.7397
vn -0.6730 -0.0000 0.7396
vn -0.7435 -0.0000 0.6687
vn -0.8089 -0.0000 0.5880
vn -0.8675 -0.0000 0.4975
vn -0.9173 -0.0000 0.3981
vn -0.9568 -0.0000 0.2906
vn -0.9568 -0.0000 0.2907
vn -0.9842 -0.0000 0.1770
vn -0.9842 -0.0000 0.1771
vn -0.9982 -0.0000 0.0595
vn -0.7410 -0.6715 -0.0000
vn -0.7411 -0.6714 -0.0000
vn -0.7409 -0.6716 -0.0000
vn -0.8032 -0.5957 -0.0000
vn -0.8577 -0.5141 -0.0000
vn -0.8577 -0.5142 -0.0000
vn -0.9040 -0.4276 -0.0000
vn -0.9039 -0.4277 -0.0000
vn -0.9416 -0.3368 -0.0000
vn -0.9416 -0.3367 -0.0000
vn -0.9700 -0.2430 -0.0000
vn -0.9701 -0.2425 -0.0000
vn -0.9701 -0.2429 -0.0000
vn -0.9892 -0.1468 -0.0000
vn -0.9988 -0.0491 -0.0000
vn 0.7409 0.6716 -0.0000
vn 0.7411 0.6714 -0.0000
vn 0.8032 0.5957 -0.0000
vn 0.8577 0.5141 -0.0000
vn 0.8577 0.5142 -0.0000
vn 0.9040 0.4276 -0.0000
vn 0.9039 0.4277 -0.0000
vn 0.9415 0.3369 -0.0000
vn 0.9700 0.2430 -0.0000
vn 0.9892 0.1468 -0.0000
vn 0.9988 0.0491 -0.0000
vn 0.7072 0.7070 0.0001
vn -0.7073 -0.7069 -0.0000
vn 0.7069 0.7073 -0.0000
vn 0.7070 0.7072 -0.0001
vn 0.7073 0.7069 -0.0000
vn -0.0000 -0.6363 0.7714
vn -0.0000 0.6363 0.7714
vn -0.0000 0.3676 0.9300
vn -0.0000 0.4258 0.9048
vn -0.0000 0.4836 0.8753
vn -0.0000 0.5406 0.8413
vn -0.0000 0.5966 0.8025
vn -0.0000 0.5962 0.8028
vn -0.0000 0.5965 0.8026
vn -0.0000 0.6512 0.7589
vn -0.0000 0.6511 0.7590
vn -0.0000 -0.3676 0.9300
vn -0.0000 -0.3677 0.9300
vn -0.0000 -0.4258 0.9048
vn -0.0000 -0.4837 0.8752
vn -0.0000 -0.5406 0.8413
vn -0.0000 -0.5405 0.8413
vn -0.0000 -0.5965 0.8026
vn -0.0000 -0.6512 0.7589
vn -0.0000 -0.6511 0.7590
vn -0.0000 -0.6513 0.7588
vn -0.0000 0.9984 -0.0558
vn -0.0000 0.9984 -0.0560
vn -0.0000 0.9984 -0.0559
vn -0.0000 0.9985 0.0555
vn -0.0000 0.9984 0.0560
vn -0.0000 0.9984 0.0558
vn -0.0000 0.9860 0.1668
vn -0.0000 0.9617 0.2742
vn -0.0000 0.9618 0.2739
vn -0.0000 0.9264 0.3765
vn -0.0000 0.8815 0.4721
vn -0.0000 0.8816 0.4721
vn -0.0000 0.8288 0.5595
vn -0.0000 0.8287 0.5597
vn -0.0000 0.7692 0.6390
vn -0.0000 0.7045 0.7097
vn -0.0000 0.7043 0.7099
vn -0.0000 0.6363 0.7715
vn -0.0000 0.5651 0.8250
vn -0.0000 0.5647 0.8253
vn -0.0000 0.5650 0.8251
vn -0.0000 0.4918 0.8707
vn -0.0000 0.4174 0.9087
vn -0.0000 0.3420 0.9397
vn -0.0000 0.3421 0.9397
vn -0.0000 0.2664 0.9639
vn -0.0000 0.1904 0.9817
vn -0.0000 0.1905 0.9817
vn -0.0000 0.1143 0.9934
vn -0.0000 0.0381 0.9993
vn -0.0000 -0.0381 0.9993
vn -0.0000 -0.1143 0.9934
vn -0.0000 -0.1904 0.9817
vn -0.0000 -0.1905 0.9817
vn -0.0000 -0.2664 0.9639
vn -0.0000 -0.3421 0.9397
vn -0.0000 -0.4174 0.9087
vn -0.0000 -0.4918 0.8707
vn -0.0000 -0.5651 0.8250
vn -0.0000 -0.5647 0.8253
vn -0.0000 -0.5650 0.8251
vn -0.0000 -0.6363 0.7715
vn -0.0000 -0.7045 0.7097
vn -0.0000 -0.7043 0.7099
vn -0.0000 -0.7692 0.6390
vn -0.0000 -0.7692 0.6391
vn -0.0000 -0.8288 0.5596
vn -0.0000 -0.8287 0.5597
vn -0.0000 -0.8286 0.5598
vn -0.0000 -0.8815 0.4721
vn -0.0000 -0.8816 0.4720
vn -0.0000 -0.9264 0.3765
vn -0.0000 -0.9616 0.2744
vn -0.0000 -0.9617 0.2742
vn -0.0000 -0.9860 0.1668
vn -0.0000 -0.9984 0.0559
vn -0.0000 -0.9984 0.0560
vn -0.0000 -0.9984 0.0558
vn -0.0000 -0.9984 -0.0558
vn -0.0000 -0.9984 -0.0560
vn -0.0000 -0.9984 -0.0559
vn -0.0000 -0.9860 -0.1668
vn -0.0000 -0.9616 -0.2744
vn -0.0000 -0.9617 -0.2742
vn -0.0000 -0.9264 -0.3766
vn -0.0000 -0.8816 -0.4721
vn -0.0000 -0.8287 -0.5597
vn -0.0000 -0.8288 -0.5595
vn -0.0000 -0.7692 -0.6391
vn -0.0000 -0.7692 -0.6390
vn -0.0000 -0.7046 -0.7096
vn -0.0000 -0.6363 -0.7715
vn -0.0000 -0.6363 -0.7714
vn -0.0000 -0.5647 -0.8253
vn -0.0000 -0.5650 -0.8251
vn -0.0000 -0.5651 -0.8250
vn -0.0000 -0.4918 -0.8707
vn -0.0000 -0.4174 -0.9087
vn -0.0000 -0.3421 -0.9397
vn -0.0000 -0.2664 -0.9639
vn -0.0000 -0.1904 -0.9817
vn -0.0000 -0.1143 -0.9934
vn -0.0000 -0.0380 -0.9993
vn -0.0000 -0.0381 -0.9993
vn -0.0000 0.0381 -0.9993
vn -0.0000 0.1143 -0.9934
vn -0.0000 0.1904 -0.9817
vn -0.0000 0.2664 -0.9639
vn -0.0000 0.2663 -0.9639
vn -0.0000 0.3421 -0.9397
vn -0.0000 0.3420 -0.9397
vn -0.0000 0.4174 -0.9087
vn -0.0000 0.4918 -0.8707
vn -0.0000 0.5647 -0.8253
vn -0.0000 0.5650 -0.8251
vn -0.0000 0.5651 -0.8250
vn -0.0000 0.6363 -0.7715
vn -0.0000 0.7046 -0.7096
vn -0.0000 0.7692 -0.6390
vn -0.0000 0.7692 -0.6391
vn -0.0000 0.8286 -0.5598
vn -0.0000 0.8284 -0.5601
vn -0.0000 0.8287 -0.5597
vn -0.0000 0.8816 -0.4721
vn -0.0000 0.8815 -0.4721
vn -0.0000 0.9264 -0.3766
vn -0.0000 0.9264 -0.3765
vn -0.0000 0.9617 -0.2742
vn -0.0000 0.9616 -0.2744
vn -0.0000 0.9860 -0.1668
vn -0.0000 -0.8288 0.5595
vn -0.0000 -0.9618 0.2739
vn -0.0000 -0.9860 0.1667
vn -0.0000 -0.9985 -0.0555
vn -0.0000 0.6363 -0.7714
vn -0.0000 0.9618 -0.2739
vn -0.0000 0.9985 -0.0555
vn -0.0000 0.9984 0.0559
vn -0.0000 0.9616 0.2744
vn -0.0000 0.8288 0.5596
vn -0.0000 0.8286 0.5598
vn -0.0000 0.7692 0.6391
vn 0.0005 -1.0000 -0.0000
vn 0.0017 -1.0000 -0.0001
vn -0.0005 -1.0000 -0.0000
vn -0.0017 -1.0000 -0.0001
vn 0.6868 -0.0000 -0.7269
vn -0.6868 -0.0000 -0.7268
vn 0.6872 -0.0000 -0.7265
vn -0.6872 -0.0000 -0.7265
vn 0.6869 -0.0000 -0.7268
vn -0.6869 -0.0000 -0.7268
vn -0.6871 -0.0000 0.7266
vn 0.6868 -0.0000 0.7269
vn -0.6868 -0.0000 0.7268
vn 0.6868 -0.0000 0.7268
vn 0.6868 -0.0000 -0.7268
vn -0.6868 -0.0000 -0.7269
vn 0.6882 -0.0000 0.7255
vn -0.6871 -0.0000 -0.7266
vn 0.6851 -0.0000 0.7284
vn 0.6890 -0.0000 0.7248
vn -0.6875 -0.0000 -0.7262
vn -0.6871 -0.0000 0.7265
vn 0.6875 -0.0000 -0.7262
vn 0.6871 -0.0000 -0.7266
vn -0.6876 -0.0000 0.7261
vn -0.6851 -0.0000 0.7284
vn 0.6871 -0.0000 0.7266
vn -0.6868 -0.0000 0.7269
vn -0.6883 -0.0000 0.7254
vn -0.6827 -0.0000 0.7307
vn 0.6872 -0.0000 0.7265
vn -0.6874 -0.0000 0.7263
vn 0.6871 -0.0000 0.7265
vn 0.6874 -0.0000 0.7262
vn 0.6875 -0.0000 0.7262
vn -0.6875 -0.0000 0.7262
vn -0.6874 -0.0000 0.7262
vn 0.6874 -0.0000 0.7263
vn -0.6872 -0.0000 0.7265
vn -0.6882 -0.0000 0.7255
vn -0.6832 -0.0000 0.7302
vn -0.6900 -0.0000 0.7238
vn -0.6901 -0.0000 0.7237
vn -0.6890 -0.0000 0.7248
vn -0.6889 -0.0000 0.7249
vn 0.6834 -0.0000 0.7301
vn 0.6833 -0.0000 0.7301
vn 0.6856 -0.0000 0.7280
vn 0.6876 -0.0000 0.7261
vn 0.6914 -0.0000 0.7224
vn 0.6913 -0.0000 0.7225
vn -1.0000 0.0017 -0.0000
vn -1.0000 0.0035 -0.0000
vn -0.0000 0.6875 0.7262
vn -0.0000 -0.6875 0.7262
vn -0.0000 0.6875 0.7261
s 1
f 114//1 193//1 35//1
f 36//1 114//1 35//1
f 34//1 192//1 113//1
f 33//1 34//1 113//1
f 32//2 36//2 35//2
f 31//2 32//2 35//2
f 35//3 193//3 190//3
f 31//3 35//3 190//3
f 192//4 34//4 30//4
f 189//4 192//4 30//4
f 191//4 106//4 38//4
f 122//4 191//4 38//4
f 37//2 38//2 106//2
f 105//2 37//2 106//2
f 105//1 106//1 191//1
f 112//1 105//1 191//1
f 32//1 105//1 112//1
f 12//1 105//1 32//1
f 31//1 12//1 32//1
f 30//1 12//1 31//1
f 189//1 30//1 31//1
f 190//1 189//1 31//1
f 30//1 29//1 16//1
f 11//1 30//1 16//1
f 12//1 30//1 11//1
f 29//1 111//1 188//1
f 24//1 29//1 188//1
f 16//1 29//1 24//1
f 23//1 16//1 24//1
f 11//1 16//1 15//1
f 3//1 11//1 15//1
f 4//1 11//1 3//1
f 3//1 15//1 109//1
f 186//1 3//1 109//1
f 187//1 186//1 109//1
f 110//1 187//1 109//1
f 16//3 23//3 21//3
f 14//3 16//3 21//3
f 107//2 108//2 110//2
f 109//2 107//2 110//2
f 109//4 15//4 13//4
f 107//4 109//4 13//4
f 15//5 16//5 14//5
f 13//5 15//5 14//5
f 22//5 21//5 23//5
f 24//5 22//5 23//5
f 93//2 98//2 103//2
f 95//2 93//2 103//2
f 89//2 93//2 95//2
f 92//2 89//2 95//2
f 82//2 89//2 92//2
f 83//2 82//2 92//2
f 78//2 82//2 83//2
f 81//2 78//2 83//2
f 70//2 78//2 81//2
f 74//2 70//2 81//2
f 69//2 70//2 74//2
f 72//2 69//2 74//2
f 61//2 69//2 72//2
f 64//2 61//2 72//2
f 57//2 61//2 64//2
f 66//2 57//2 64//2
f 103//2 98//2 104//2
f 92//2 95//2 102//2
f 97//2 92//2 102//2
f 101//2 97//2 102//2
f 91//2 97//2 101//2
f 94//2 91//2 101//2
f 88//2 91//2 94//2
f 90//2 88//2 94//2
f 79//2 88//2 90//2
f 84//2 79//2 90//2
f 76//2 79//2 84//2
f 86//2 76//2 84//2
f 90//2 94//2 100//2
f 96//2 90//2 100//2
f 99//2 96//2 100//2
f 79//2 76//2 72//2
f 74//2 79//2 72//2
f 61//2 57//2 52//2
f 54//2 61//2 52//2
f 48//2 54//2 52//2
f 50//2 54//2 48//2
f 41//2 50//2 48//2
f 47//2 50//2 41//2
f 42//2 47//2 41//2
f 51//2 47//2 42//2
f 49//2 51//2 42//2
f 55//2 51//2 49//2
f 53//2 55//2 49//2
f 62//2 55//2 53//2
f 58//2 62//2 53//2
f 65//2 62//2 58//2
f 67//2 65//2 58//2
f 40//2 48//2 52//2
f 45//2 40//2 52//2
f 39//2 40//2 45//2
f 53//2 49//2 43//2
f 46//2 53//2 43//2
f 44//2 46//2 43//2
f 62//2 65//2 73//2
f 68//2 62//2 73//2
f 75//2 68//2 73//2
f 71//2 68//2 75//2
f 82//2 71//2 75//2
f 78//2 71//2 82//2
f 80//2 75//2 73//2
f 77//2 80//2 73//2
f 85//2 80//2 77//2
f 87//2 85//2 77//2
f 80//2 85//2 93//2
f 89//2 80//2 93//2
f 59//2 54//2 50//2
f 56//2 59//2 50//2
f 63//2 59//2 56//2
f 60//2 63//2 56//2
f 71//2 63//2 60//2
f 68//2 71//2 60//2
f 60//2 56//2 51//2
f 55//2 60//2 51//2
f 70//2 69//2 59//2
f 63//2 70//2 59//2
f 91//2 88//2 81//2
f 83//2 91//2 81//2
f 153//6 70//6 63//6
f 146//6 153//6 63//6
f 146//7 63//7 71//7
f 154//7 146//7 71//7
f 174//8 91//8 83//8
f 166//8 174//8 83//8
f 166//9 83//9 92//9
f 175//9 166//9 92//9
f 143//10 60//10 55//10
f 138//10 143//10 55//10
f 138//11 55//11 62//11
f 145//11 138//11 62//11
f 164//12 81//12 88//12
f 171//12 164//12 88//12
f 171//13 88//13 79//13
f 162//13 171//13 79//13
f 165//14 82//14 75//14
f 158//14 165//14 75//14
f 158//15 75//15 80//15
f 163//15 158//15 80//15
f 142//16 59//16 69//16
f 152//16 142//16 69//16
f 152//17 69//17 61//17
f 144//17 152//17 61//17
f 133//16 51//16 56//16
f 139//16 133//16 56//16
f 139//18 56//18 50//18
f 132//18 139//18 50//18
f 134//19 52//19 57//19
f 140//19 134//19 57//19
f 66//20 64//20 147//21
f 149//21 66//20 147//21
f 147//9 64//9 72//9
f 155//9 147//9 72//9
f 155//22 72//22 76//22
f 159//22 155//22 76//22
f 86//23 84//23 167//24
f 169//24 86//23 167//24
f 167//9 84//9 90//9
f 173//9 167//9 90//9
f 173//25 90//25 96//25
f 179//25 173//25 96//25
f 182//14 100//14 94//14
f 177//14 182//14 94//14
f 177//9 94//9 101//9
f 183//9 177//9 101//9
f 184//8 102//8 95//8
f 178//8 184//8 95//8
f 178//26 95//26 103//26
f 185//26 178//26 103//26
f 181//13 98//13 93//13
f 176//13 181//13 93//13
f 129//27 47//27 51//27
f 133//27 129//27 51//27
f 132//28 50//28 47//28
f 129//28 132//28 47//28
f 137//29 54//29 59//29
f 142//29 137//29 59//29
f 144//30 61//30 54//30
f 137//30 144//30 54//30
f 172//17 89//17 82//17
f 165//17 172//17 82//17
f 163//25 80//25 89//25
f 172//25 163//25 89//25
f 176//8 93//8 85//8
f 168//8 176//8 85//8
f 85//31 87//31 170//31
f 168//31 85//31 170//31
f 157//26 74//26 81//26
f 164//26 157//26 81//26
f 162//32 79//32 74//32
f 157//32 162//32 74//32
f 126//16 43//16 49//16
f 131//16 126//16 49//16
f 131//33 49//33 42//33
f 125//33 131//33 42//33
f 130//18 48//18 40//18
f 123//18 130//18 40//18
f 124//19 41//19 48//19
f 130//19 124//19 48//19
f 151//18 68//18 60//18
f 143//18 151//18 60//18
f 145//12 62//12 68//12
f 151//12 145//12 68//12
f 160//34 77//34 73//34
f 156//34 160//34 73//34
f 156//8 73//8 65//8
f 148//8 156//8 65//8
f 65//35 67//35 150//36
f 148//36 65//35 150//36
f 77//3 160//3 150//3
f 67//3 77//3 150//3
f 20//3 77//3 67//3
f 19//3 20//3 67//3
f 180//17 97//17 91//17
f 174//17 180//17 91//17
f 175//12 92//12 97//12
f 180//12 175//12 97//12
f 161//37 78//37 70//37
f 153//37 161//37 70//37
f 154//38 71//38 78//38
f 161//38 154//38 78//38
f 141//33 58//33 53//33
f 135//33 141//33 53//33
f 135//6 53//6 46//6
f 128//6 135//6 46//6
f 136//3 128//3 46//3
f 18//3 136//3 46//3
f 17//3 18//3 46//3
f 127//7 45//7 52//7
f 134//7 127//7 52//7
f 7//1 8//1 41//1
f 40//1 7//1 41//1
f 39//1 7//1 40//1
f 8//1 44//1 43//1
f 42//1 8//1 43//1
f 41//1 8//1 42//1
f 43//1 126//1 125//1
f 42//1 43//1 125//1
f 41//1 124//1 123//1
f 40//1 41//1 123//1
f 7//4 39//4 45//4
f 57//4 7//4 45//4
f 66//4 7//4 57//4
f 57//4 45//4 127//4
f 140//4 57//4 127//4
f 66//4 149//4 76//4
f 9//4 66//4 76//4
f 7//4 66//4 9//4
f 76//4 149//4 159//4
f 9//4 76//4 86//4
f 96//4 9//4 86//4
f 99//4 9//4 96//4
f 96//4 86//4 169//4
f 179//4 96//4 169//4
f 10//39 9//39 102//39
f 103//39 10//39 102//39
f 104//39 10//39 103//39
f 9//39 99//39 100//39
f 101//39 9//39 100//39
f 102//39 9//39 101//39
f 100//39 182//39 183//39
f 101//39 100//39 183//39
f 102//39 184//39 185//39
f 103//39 102//39 185//39
f 30//2 34//2 33//2
f 29//2 30//2 33//2
f 190//5 193//5 114//5
f 112//5 190//5 114//5
f 185//5 190//5 112//5
f 191//5 185//5 112//5
f 181//5 185//5 191//5
f 170//5 181//5 191//5
f 160//5 170//5 191//5
f 168//5 170//5 160//5
f 163//5 168//5 160//5
f 176//5 168//5 163//5
f 172//5 176//5 163//5
f 178//5 176//5 172//5
f 175//5 178//5 172//5
f 184//5 178//5 175//5
f 180//5 184//5 175//5
f 183//5 184//5 180//5
f 174//5 183//5 180//5
f 177//5 183//5 174//5
f 171//5 177//5 174//5
f 173//5 177//5 171//5
f 162//5 173//5 171//5
f 167//5 173//5 162//5
f 159//5 167//5 162//5
f 169//5 167//5 159//5
f 188//5 169//5 159//5
f 179//5 169//5 188//5
f 182//5 179//5 188//5
f 173//5 179//5 182//5
f 177//5 173//5 182//5
f 150//5 160//5 191//5
f 122//5 150//5 191//5
f 141//5 150//5 122//5
f 136//5 141//5 122//5
f 128//5 136//5 122//5
f 126//5 128//5 122//5
f 135//5 128//5 126//5
f 131//5 135//5 126//5
f 138//5 135//5 131//5
f 133//5 138//5 131//5
f 143//5 138//5 133//5
f 139//5 143//5 133//5
f 146//5 143//5 139//5
f 142//5 146//5 139//5
f 153//5 146//5 142//5
f 152//5 153//5 142//5
f 157//5 153//5 152//5
f 155//5 157//5 152//5
f 162//5 157//5 155//5
f 159//5 162//5 155//5
f 126//5 122//5 121//5
f 125//5 126//5 121//5
f 116//5 125//5 121//5
f 115//5 125//5 116//5
f 124//5 125//5 115//5
f 120//5 124//5 115//5
f 123//5 124//5 120//5
f 119//5 123//5 120//5
f 127//5 123//5 119//5
f 140//5 127//5 119//5
f 149//5 140//5 119//5
f 147//5 140//5 149//5
f 149//5 119//5 188//5
f 159//5 149//5 188//5
f 182//5 188//5 111//5
f 189//5 182//5 111//5
f 183//5 182//5 189//5
f 190//5 183//5 189//5
f 184//5 183//5 190//5
f 185//5 184//5 190//5
f 111//5 113//5 192//5
f 189//5 111//5 192//5
f 142//5 139//5 132//5
f 137//5 142//5 132//5
f 130//5 137//5 132//5
f 134//5 137//5 130//5
f 123//5 134//5 130//5
f 127//5 134//5 123//5
f 124//5 130//5 132//5
f 129//5 124//5 132//5
f 125//5 124//5 129//5
f 133//5 125//5 129//5
f 131//5 125//5 133//5
f 155//5 152//5 144//5
f 147//5 155//5 144//5
f 140//5 147//5 144//5
f 134//5 140//5 144//5
f 137//5 134//5 144//5
f 158//5 163//5 156//5
f 151//5 158//5 156//5
f 154//5 158//5 151//5
f 143//5 154//5 151//5
f 146//5 154//5 143//5
f 175//5 172//5 165//5
f 166//5 175//5 165//5
f 161//5 166//5 165//5
f 164//5 166//5 161//5
f 153//5 164//5 161//5
f 157//5 164//5 153//5
f 154//5 161//5 165//5
f 158//5 154//5 165//5
f 185//5 181//5 176//5
f 178//5 185//5 176//5
f 174//5 166//5 164//5
f 171//5 174//5 164//5
f 135//5 138//5 145//5
f 141//5 135//5 145//5
f 148//5 141//5 145//5
f 150//5 141//5 148//5
f 156//5 148//5 145//5
f 151//5 156//5 145//5
f 163//5 160//5 156//5
f 29//3 33//3 113//3
f 111//3 29//3 113//3
f 112//4 114//4 36//4
f 32//4 112//4 36//4
f 25//3 27//3 120//3
f 115//3 25//3 120//3
f 26//2 28//2 27//2
f 25//2 26//2 27//2
f 116//4 121//4 28//4
f 26//4 116//4 28//4
f 25//39 115//39 116//39
f 26//39 25//39 116//39
f 17//3 46//3 44//3
f 8//3 17//3 44//3
f 18//3 17//3 8//3
f 19//3 18//3 8//3
f 58//3 18//3 19//3
f 67//3 58//3 19//3
f 19//3 8//3 10//3
f 20//3 19//3 10//3
f 98//3 20//3 10//3
f 87//3 20//3 98//3
f 181//3 87//3 98//3
f 170//3 87//3 181//3
f 98//3 10//3 104//3
f 20//3 87//3 77//3
f 58//3 141//3 136//3
f 18//3 58//3 136//3
f 7//2 11//2 5//2
f 6//2 7//2 5//2
f 8//2 7//2 6//2
f 10//2 8//2 6//2
f 12//2 10//2 6//2
f 9//2 10//2 12//2
f 11//2 9//2 12//2
f 7//2 9//2 11//2
f 1//3 3//3 186//3
f 117//3 1//3 186//3
f 186//5 187//5 118//5
f 117//5 186//5 118//5
f 11//4 4//4 2//4
f 5//4 11//4 2//4
f 2//2 4//2 3//2
f 1//2 2//2 3//2
f 122//39 38//39 37//39
f 121//39 122//39 37//39
f 28//39 121//39 37//39
f 6//39 28//39 37//39
f 27//39 28//39 6//39
f 5//39 27//39 6//39
f 14//39 27//39 5//39
f 13//39 14//39 5//39
f 1//39 13//39 5//39
f 107//39 13//39 1//39
f 117//39 107//39 1//39
f 118//39 107//39 117//39
f 1//39 5//39 2//39
f 107//39 118//39 108//39
f 14//39 21//39 22//39
f 27//39 14//39 22//39
f 27//39 22//39 119//39
f 120//39 27//39 119//39
f 24//3 188//3 119//3
f 22//3 24//3 119//3
f 187//4 110//4 108//4
f 118//4 187//4 108//4
f 105//4 12//4 6//4
f 37//4 105//4 6//4
f 302//5 304//5 305//5
f 303//5 302//5 305//5
f 303//4 305//4 197//4
f 195//4 303//4 197//4
f 194//39 302//39 303//39
f 195//39 194//39 303//39
f 272//1 224//1 225//1
f 273//1 272//1 225//1
f 272//4 276//4 228//4
f 224//4 272//4 228//4
f 273//2 277//2 276//2
f 272//2 273//2 276//2
f 225//3 229//3 277//3
f 273//3 225//3 277//3
f 224//5 228//5 229//5
f 225//5 224//5 229//5
f 205//1 209//1 208//1
f 204//1 205//1 208//1
f 209//2 211//2 210//2
f 208//2 209//2 210//2
f 205//3 207//3 211//3
f 209//3 205//3 211//3
f 204//5 206//5 207//5
f 205//5 204//5 207//5
f 208//4 210//4 206//4
f 204//4 208//4 206//4
f 292//1 288//1 289//1
f 293//1 292//1 289//1
f 288//5 290//5 291//5
f 289//5 288//5 291//5
f 292//4 294//4 290//4
f 288//4 292//4 290//4
f 293//2 295//2 294//2
f 292//2 293//2 294//2
f 289//3 291//3 295//3
f 293//3 289//3 295//3
f 222//5 226//5 227//5
f 223//5 222//5 227//5
f 271//2 275//2 274//2
f 270//2 271//2 274//2
f 247//3 249//3 252//3
f 260//3 247//3 252//3
f 304//3 247//3 260//3
f 247//3 304//3 302//3
f 194//3 247//3 302//3
f 242//3 247//3 194//3
f 196//3 242//3 194//3
f 244//3 242//3 196//3
f 195//2 197//2 196//2
f 194//2 195//2 196//2
f 198//40 196//40 197//40
f 199//40 198//40 197//40
f 305//41 301//41 199//41
f 197//41 305//41 199//41
f 304//42 300//42 301//42
f 305//42 304//42 301//42
f 279//3 281//3 299//3
f 297//3 279//3 299//3
f 297//2 299//2 298//2
f 296//2 297//2 298//2
f 200//5 202//5 203//5
f 201//5 200//5 203//5
f 218//4 220//4 202//4
f 200//4 218//4 202//4
f 278//5 280//5 281//5
f 279//5 278//5 281//5
f 268//43 269//44 280//44
f 278//44 268//43 280//44
f 215//3 217//3 269//3
f 268//3 215//3 269//3
f 214//5 216//5 217//5
f 215//5 214//5 217//5
f 212//43 213//45 216//43
f 214//46 212//43 216//43
f 201//3 203//3 213//3
f 212//3 201//3 213//3
f 219//2 221//2 220//2
f 218//2 219//2 220//2
f 230//47 231//48 221//48
f 219//48 230//47 221//48
f 263//4 258//4 282//4
f 284//4 263//4 282//4
f 231//4 263//4 284//4
f 241//4 263//4 231//4
f 230//4 241//4 231//4
f 238//4 241//4 230//4
f 283//2 285//2 284//2
f 282//2 283//2 284//2
f 286//47 287//49 285//47
f 283//50 286//47 285//47
f 296//4 298//4 287//4
f 286//4 296//4 287//4
f 265//3 267//3 275//3
f 271//3 265//3 275//3
f 235//3 233//3 223//3
f 227//3 235//3 223//3
f 270//1 264//1 265//1
f 271//1 270//1 265//1
f 223//1 233//1 232//1
f 222//1 223//1 232//1
f 266//4 264//4 270//4
f 274//4 266//4 270//4
f 232//4 234//4 226//4
f 222//4 232//4 226//4
f 267//5 265//5 264//5
f 266//5 267//5 264//5
f 234//2 232//2 233//2
f 235//2 234//2 233//2
f 231//1 284//1 267//1
f 235//1 231//1 267//1
f 227//1 231//1 235//1
f 284//1 285//1 290//1
f 294//1 284//1 290//1
f 300//1 284//1 294//1
f 298//1 300//1 294//1
f 301//1 300//1 298//1
f 299//1 301//1 298//1
f 281//1 301//1 299//1
f 291//1 290//1 285//1
f 287//1 291//1 285//1
f 295//1 291//1 287//1
f 298//1 295//1 287//1
f 294//1 295//1 298//1
f 281//1 280//1 277//1
f 229//1 281//1 277//1
f 199//1 281//1 229//1
f 217//1 199//1 229//1
f 207//1 199//1 217//1
f 211//1 207//1 217//1
f 216//1 211//1 217//1
f 210//1 211//1 216//1
f 213//1 210//1 216//1
f 206//1 210//1 213//1
f 203//1 206//1 213//1
f 207//1 206//1 203//1
f 199//1 207//1 203//1
f 276//1 277//1 280//1
f 269//1 276//1 280//1
f 228//1 276//1 269//1
f 217//1 228//1 269//1
f 229//1 228//1 217//1
f 198//1 199//1 203//1
f 202//1 198//1 203//1
f 220//1 198//1 202//1
f 220//1 221//1 226//1
f 234//1 220//1 226//1
f 300//1 220//1 234//1
f 266//1 300//1 234//1
f 274//1 300//1 266//1
f 227//1 226//1 221//1
f 231//1 227//1 221//1
f 266//1 234//1 235//1
f 267//1 266//1 235//1
f 220//1 300//1 198//1
f 281//1 199//1 301//1
f 284//1 300//1 274//1
f 275//1 284//1 274//1
f 267//1 284//1 275//1
f 214//1 239//1 238//1
f 230//1 214//1 238//1
f 219//1 214//1 230//1
f 219//1 218//1 200//1
f 212//1 219//1 200//1
f 214//1 219//1 212//1
f 212//1 200//1 201//1
f 239//1 214//1 215//1
f 268//1 239//1 215//1
f 259//1 239//1 268//1
f 283//1 259//1 268//1
f 282//1 259//1 283//1
f 283//1 268//1 278//1
f 286//1 283//1 278//1
f 297//1 286//1 278//1
f 296//1 286//1 297//1
f 297//1 278//1 279//1
f 259//1 282//1 258//1
f 241//39 240//39 255//39
f 263//39 241//39 255//39
f 262//39 263//39 255//39
f 254//39 262//39 255//39
f 250//39 251//39 246//39
f 245//39 250//39 246//39
f 245//5 246//5 243//5
f 244//5 245//5 243//5
f 242//5 244//5 243//5
f 248//2 251//2 250//2
f 249//2 248//2 250//2
f 247//2 248//2 249//2
f 242//1 243//1 248//1
f 247//1 242//1 248//1
f 253//4 255//4 251//4
f 248//4 253//4 251//4
f 261//4 253//4 248//4
f 256//4 261//4 248//4
f 243//4 256//4 248//4
f 236//4 256//4 243//4
f 240//4 236//4 243//4
f 246//4 240//4 243//4
f 255//4 240//4 246//4
f 251//4 255//4 246//4
f 256//1 236//1 237//1
f 257//1 256//1 237//1
f 237//3 239//3 259//3
f 257//3 237//3 259//3
f 261//2 258//2 263//2
f 262//2 261//2 263//2
f 260//2 261//2 262//2
f 258//2 261//2 256//2
f 257//2 258//2 256//2
f 259//2 258//2 257//2
f 240//5 241//5 238//5
f 236//5 240//5 238//5
f 237//5 236//5 238//5
f 239//5 237//5 238//5
f 304//51 260//52 262//51
f 300//51 304//51 262//51
f 254//53 300//51 262//51
f 198//51 300//51 254//53
f 245//54 198//51 254//53
f 196//51 198//51 245//54
f 244//55 196//51 245//54
f 250//54 245//54 254//53
f 252//56 250//54 254//53
f 249//55 250//54 252//56
f 261//1 260//1 252//1
f 253//1 261//1 252//1
f 253//5 252//5 254//5
f 255//5 253//5 254//5
f 540//3 541//3 570//3
f 568//3 540//3 570//3
f 421//3 420//3 393//3
f 395//3 421//3 393//3
f 543//39 540//39 568//39
f 547//39 543//39 568//39
f 551//39 547//39 568//39
f 555//39 551//39 568//39
f 559//39 555//39 568//39
f 563//39 559//39 568//39
f 562//39 563//39 568//39
f 558//39 562//39 568//39
f 554//39 558//39 568//39
f 550//57 554//39 568//39
f 546//39 550//57 568//39
f 578//39 546//39 568//39
f 542//39 546//39 578//39
f 537//39 542//39 578//39
f 533//39 537//39 578//39
f 529//39 533//39 578//39
f 525//39 529//39 578//39
f 521//39 525//39 578//39
f 573//39 521//39 578//39
f 517//39 521//39 573//39
f 513//39 517//39 573//39
f 509//39 513//39 573//39
f 505//39 509//39 573//39
f 501//39 505//39 573//39
f 497//39 501//39 573//39
f 493//39 497//39 573//39
f 489//39 493//39 573//39
f 485//39 489//39 573//39
f 481//39 485//39 573//39
f 476//39 481//39 573//39
f 385//39 476//39 573//39
f 472//39 476//39 385//39
f 468//39 472//39 385//39
f 464//39 468//39 385//39
f 460//39 464//39 385//39
f 456//39 460//39 385//39
f 452//39 456//39 385//39
f 448//39 452//39 385//39
f 444//39 448//39 385//39
f 440//39 444//39 385//39
f 436//39 440//39 385//39
f 432//39 436//39 385//39
f 428//39 432//39 385//39
f 424//39 428//39 385//39
f 419//39 424//39 385//39
f 415//39 419//39 385//39
f 393//39 415//39 385//39
f 411//58 415//39 393//39
f 407//39 411//58 393//39
f 403//39 407//39 393//39
f 399//39 403//39 393//39
f 396//39 399//39 393//39
f 400//39 396//39 393//39
f 404//39 400//39 393//39
f 408//39 404//39 393//39
f 412//39 408//39 393//39
f 416//39 412//39 393//39
f 420//39 416//39 393//39
f 568//39 567//39 577//39
f 578//39 568//39 577//39
f 578//39 583//39 584//39
f 579//39 578//39 584//39
f 573//39 578//39 579//39
f 574//39 573//39 579//39
f 589//39 579//39 584//39
f 593//39 589//39 584//39
f 597//39 589//39 593//39
f 596//39 597//39 593//39
f 634//39 597//39 596//39
f 597//39 598//39 590//39
f 589//39 597//39 590//39
f 393//39 385//39 384//39
f 389//39 393//39 384//39
f 392//39 393//39 389//39
f 384//39 377//39 376//39
f 380//39 384//39 376//39
f 389//39 384//39 380//39
f 388//39 389//39 380//39
f 371//39 380//39 376//39
f 366//39 371//39 376//39
f 363//39 371//39 366//39
f 365//39 363//39 366//39
f 326//39 363//39 365//39
f 363//39 362//39 370//39
f 371//39 363//39 370//39
f 567//2 568//2 570//2
f 569//2 567//2 570//2
f 565//2 567//2 569//2
f 567//2 565//2 566//2
f 395//5 393//5 392//5
f 394//5 395//5 392//5
f 390//5 394//5 392//5
f 391//5 390//5 392//5
f 570//39 541//39 536//39
f 532//39 570//39 536//39
f 528//39 570//39 532//39
f 570//39 528//39 524//39
f 520//39 570//39 524//39
f 516//39 570//39 520//39
f 569//39 570//39 516//39
f 512//39 569//39 516//39
f 508//39 569//39 512//39
f 569//39 508//39 504//39
f 500//39 569//39 504//39
f 496//39 569//39 500//39
f 569//39 496//39 492//39
f 488//39 569//39 492//39
f 484//39 569//39 488//39
f 569//39 484//39 480//39
f 394//39 569//39 480//39
f 477//39 394//39 480//39
f 473//39 394//39 477//39
f 394//39 473//39 469//39
f 465//39 394//39 469//39
f 461//39 394//39 465//39
f 394//39 461//39 457//39
f 453//39 394//39 457//39
f 449//39 394//39 453//39
f 394//39 449//39 445//39
f 395//39 394//39 445//39
f 441//39 395//39 445//39
f 437//39 395//39 441//39
f 395//39 437//39 433//39
f 429//39 395//39 433//39
f 425//39 395//39 429//39
f 395//39 425//39 421//39
f 391//4 392//4 389//4
f 387//4 391//4 389//4
f 567//4 566//4 575//4
f 577//4 567//4 575//4
f 581//3 565//3 569//3
f 585//3 581//3 569//3
f 381//3 585//3 569//3
f 394//3 381//3 569//3
f 388//3 381//3 394//3
f 390//3 388//3 394//3
f 386//3 388//3 390//3
f 381//3 388//3 380//3
f 386//39 390//39 391//39
f 387//39 386//39 391//39
f 575//39 566//39 565//39
f 581//39 575//39 565//39
f 582//39 575//39 581//39
f 575//39 582//39 576//39
f 329//59 328//59 332//59
f 333//59 329//59 332//59
f 334//60 333//61 332//60
f 335//61 333//61 334//60
f 336//62 335//63 334//62
f 337//63 335//63 336//62
f 338//64 337//64 336//64
f 339//64 337//64 338//64
f 340//65 339//66 338//65
f 341//66 339//66 340//65
f 342//67 341//68 340//68
f 343//68 341//68 342//67
f 344//69 343//69 342//69
f 345//69 343//69 344//69
f 346//70 345//71 344//72
f 347//73 345//71 346//70
f 348//74 347//75 346//74
f 349//75 347//75 348//74
f 350//76 349//77 348//76
f 351//77 349//77 350//76
f 352//78 351//78 350//78
f 353//78 351//78 352//78
f 354//79 353//79 352//79
f 355//79 353//79 354//79
f 356//80 355//81 354//82
f 357//81 355//81 356//80
f 358//83 357//84 356//83
f 359//84 357//84 358//83
f 360//85 359//86 358//85
f 361//86 359//86 360//85
f 362//87 361//88 360//87
f 363//88 361//88 362//87
f 361//89 363//89 326//89
f 325//89 361//89 326//89
f 359//90 361//90 325//90
f 324//90 359//90 325//90
f 357//91 359//91 324//91
f 323//91 357//91 324//91
f 355//92 357//92 323//92
f 322//92 355//92 323//92
f 353//93 355//93 322//94
f 321//94 353//93 322//94
f 351//95 353//95 321//95
f 320//95 351//95 321//95
f 349//96 351//96 320//96
f 319//96 349//96 320//96
f 347//97 349//97 319//98
f 318//98 347//97 319//98
f 345//99 347//99 318//99
f 317//99 345//99 318//99
f 343//100 345//100 317//101
f 316//101 343//100 317//101
f 341//102 343//102 316//103
f 315//103 341//102 316//103
f 339//104 341//104 315//104
f 314//104 339//104 315//104
f 337//105 339//105 314//105
f 313//105 337//105 314//105
f 335//106 337//106 313//107
f 312//107 335//106 313//107
f 333//108 335//108 312//108
f 311//108 333//108 312//108
f 329//109 333//109 311//109
f 308//109 329//109 311//109
f 330//2 328//2 329//2
f 331//2 330//2 329//2
f 331//3 329//3 308//3
f 309//3 331//3 308//3
f 599//110 597//110 634//110
f 635//110 599//110 634//110
f 601//111 599//111 635//111
f 636//111 601//111 635//111
f 603//112 601//112 636//112
f 637//112 603//112 636//112
f 605//113 603//113 637//113
f 638//113 605//113 637//113
f 607//114 605//114 638//115
f 639//115 607//114 638//115
f 609//116 607//116 639//116
f 640//116 609//116 639//116
f 611//117 609//117 640//117
f 641//117 611//117 640//117
f 613//118 611//119 641//120
f 642//119 613//118 641//120
f 615//121 613//121 642//121
f 643//121 615//121 642//121
f 617//122 615//122 643//122
f 644//122 617//122 643//122
f 619//123 617//123 644//124
f 645//124 619//123 644//124
f 621//125 619//125 645//125
f 646//125 621//125 645//125
f 623//126 621//126 646//126
f 647//126 623//126 646//126
f 625//127 623//127 647//128
f 648//128 625//127 647//128
f 627//129 625//129 648//129
f 649//129 627//129 648//129
f 630//130 627//130 649//130
f 652//130 630//130 649//130
f 630//131 631//131 628//131
f 627//131 630//131 628//131
f 626//132 627//133 628//132
f 625//133 627//133 626//132
f 624//134 625//135 626//134
f 623//135 625//135 624//134
f 622//136 623//136 624//136
f 621//136 623//136 622//136
f 620//137 621//138 622//137
f 619//138 621//138 620//137
f 618//139 619//140 620//140
f 617//140 619//140 618//139
f 616//141 617//142 618//141
f 615//142 617//142 616//141
f 614//143 615//144 616//143
f 613//144 615//144 614//143
f 612//145 613//146 614//145
f 611//146 613//146 612//145
f 610//147 611//148 612//147
f 609//148 611//148 610//147
f 608//149 609//150 610//149
f 607//150 609//150 608//149
f 606//151 607//151 608//151
f 605//151 607//151 606//151
f 604//152 605//153 606//154
f 603//153 605//153 604//152
f 602//155 603//156 604//155
f 601//156 603//156 602//155
f 600//157 601//158 602//157
f 599//158 601//158 600//157
f 598//159 599//160 600//159
f 597//160 599//160 598//159
f 541//161 540//162 543//162
f 544//163 541//161 543//162
f 538//164 541//161 544//163
f 544//165 543//166 547//167
f 548//167 544//165 547//167
f 551//168 548//169 547//170
f 552//171 548//169 551//168
f 555//172 552//173 551//174
f 556//175 552//173 555//172
f 559//176 556//177 555//178
f 560//179 556//177 559//176
f 563//180 560//181 559//182
f 564//183 560//181 563//180
f 562//184 564//185 563//186
f 561//187 564//185 562//184
f 558//188 561//189 562//190
f 557//191 561//189 558//188
f 554//192 557//193 558//194
f 553//195 557//193 554//192
f 550//196 553//197 554//198
f 549//199 553//197 550//196
f 546//200 549//201 550//202
f 545//203 549//201 546//200
f 542//204 545//205 546//206
f 539//207 545//205 542//204
f 537//208 539//209 542//210
f 535//211 539//209 537//208
f 533//212 535//213 537//214
f 531//215 535//213 533//212
f 529//216 531//217 533//218
f 527//219 531//217 529//216
f 525//220 527//221 529//222
f 523//223 527//221 525//220
f 521//224 523//225 525//226
f 519//227 523//225 521//224
f 517//228 519//229 521//230
f 515//231 519//229 517//228
f 513//232 515//233 517//234
f 511//235 515//233 513//232
f 509//236 511//237 513//238
f 507//239 511//237 509//236
f 505//240 507//240 509//240
f 503//241 507//241 505//241
f 501//242 503//242 505//242
f 499//243 503//243 501//243
f 497//244 499//244 501//244
f 495//245 499//245 497//245
f 493//246 495//246 497//246
f 491//247 495//247 493//247
f 489//248 491//248 493//248
f 487//249 491//249 489//249
f 485//250 487//250 489//250
f 483//251 487//251 485//251
f 481//252 483//252 485//252
f 479//253 483//253 481//253
f 476//254 479//254 481//254
f 475//255 479//255 476//255
f 472//256 475//256 476//256
f 471//257 475//257 472//257
f 468//258 471//258 472//258
f 467//259 471//259 468//259
f 464//260 467//260 468//260
f 463//261 467//261 464//261
f 460//262 463//262 464//262
f 459//263 463//263 460//263
f 456//264 459//264 460//264
f 455//265 459//265 456//265
f 452//266 455//266 456//266
f 451//267 455//267 452//267
f 448//268 451//268 452//268
f 447//269 451//269 448//269
f 444//270 447//270 448//270
f 443//271 447//271 444//271
f 440//272 443//272 444//272
f 439//273 443//273 440//273
f 436//274 439//274 440//274
f 435//275 439//275 436//275
f 432//276 435//276 436//276
f 431//277 435//277 432//277
f 428//278 431//278 432//278
f 427//279 431//279 428//279
f 424//280 427//280 428//280
f 423//281 427//281 424//281
f 419//282 423//282 424//282
f 418//283 423//283 419//283
f 415//284 418//284 419//284
f 414//285 418//285 415//285
f 411//286 414//286 415//286
f 410//287 414//287 411//287
f 407//288 410//288 411//288
f 406//289 410//289 407//289
f 403//290 406//290 407//290
f 402//291 406//291 403//291
f 399//292 402//292 403//292
f 398//293 402//293 399//293
f 396//294 398//294 399//294
f 397//295 398//295 396//295
f 400//296 397//296 396//296
f 401//297 397//297 400//297
f 404//298 401//298 400//298
f 405//299 401//299 404//299
f 408//300 405//300 404//300
f 409//301 405//301 408//301
f 412//302 409//302 408//302
f 413//303 409//303 412//303
f 416//304 413//304 412//304
f 417//305 413//305 416//305
f 420//306 417//306 416//306
f 421//307 417//307 420//307
f 422//308 417//308 421//308
f 425//309 422//309 421//309
f 426//310 422//310 425//310
f 429//311 426//311 425//311
f 430//312 426//312 429//312
f 433//313 430//313 429//313
f 434//314 430//314 433//314
f 437//315 434//315 433//315
f 438//316 434//316 437//316
f 441//317 438//317 437//317
f 442//318 438//318 441//318
f 445//319 442//319 441//319
f 446//320 442//320 445//320
f 449//321 446//321 445//321
f 450//322 446//322 449//322
f 453//323 450//323 449//323
f 454//324 450//324 453//324
f 457//325 454//325 453//325
f 458//326 454//326 457//326
f 461//327 458//327 457//327
f 462//328 458//328 461//328
f 465//329 462//329 461//329
f 466//330 462//330 465//330
f 469//331 466//331 465//331
f 470//332 466//332 469//332
f 473//333 470//333 469//333
f 474//334 470//334 473//334
f 477//335 474//335 473//335
f 478//336 474//336 477//336
f 480//337 478//337 477//337
f 482//338 478//338 480//338
f 484//339 482//339 480//339
f 486//340 482//340 484//340
f 488//341 486//341 484//341
f 490//342 486//342 488//342
f 492//343 490//343 488//343
f 494//344 490//344 492//344
f 496//345 494//345 492//345
f 498//346 494//346 496//346
f 500//347 498//347 496//347
f 502//348 498//349 500//350
f 504//351 502//348 500//350
f 506//352 502//353 504//354
f 508//355 506//352 504//354
f 510//356 506//357 508//358
f 512//359 510//356 508//358
f 514//360 510//361 512//362
f 516//363 514//360 512//362
f 518//364 514//365 516//366
f 520//367 518//364 516//366
f 522//368 518//369 520//370
f 524//371 522//368 520//370
f 526//372 522//373 524//374
f 528//375 526//372 524//374
f 530//376 526//377 528//378
f 532//379 530//376 528//378
f 534//380 530//381 532//382
f 536//383 534//380 532//382
f 538//384 534//385 536//386
f 541//387 538//384 536//386
f 376//47 378//47 367//47
f 366//47 376//47 367//47
f 378//2 376//2 377//2
f 379//2 378//2 377//2
f 375//2 379//2 377//2
f 374//2 375//2 377//2
f 375//4 572//4 574//4
f 379//4 375//4 574//4
f 580//4 379//4 574//4
f 579//4 580//4 574//4
f 580//47 579//47 589//47
f 591//47 580//47 589//47
f 633//5 631//5 630//5
f 632//5 633//5 630//5
f 632//4 630//4 652//4
f 654//4 632//4 652//4
f 564//1 561//1 586//1
f 585//1 564//1 586//1
f 560//1 564//1 585//1
f 556//1 560//1 585//1
f 552//1 556//1 585//1
f 548//1 552//1 585//1
f 544//1 548//1 585//1
f 538//1 544//1 585//1
f 534//1 538//1 585//1
f 530//1 534//1 585//1
f 526//1 530//1 585//1
f 522//1 526//1 585//1
f 518//1 522//1 585//1
f 514//1 518//1 585//1
f 510//1 514//1 585//1
f 506//1 510//1 585//1
f 502//1 506//1 585//1
f 498//1 502//1 585//1
f 494//1 498//1 585//1
f 490//1 494//1 585//1
f 486//1 490//1 585//1
f 482//1 486//1 585//1
f 381//1 482//1 585//1
f 478//1 482//1 381//1
f 474//1 478//1 381//1
f 470//1 474//1 381//1
f 466//1 470//1 381//1
f 462//1 466//1 381//1
f 458//1 462//1 381//1
f 454//1 458//1 381//1
f 450//1 454//1 381//1
f 446//1 450//1 381//1
f 442//1 446//1 381//1
f 438//1 442//1 381//1
f 378//1 438//1 381//1
f 434//1 438//1 378//1
f 430//1 434//1 378//1
f 426//1 430//1 378//1
f 422//1 426//1 378//1
f 417//1 422//1 378//1
f 413//1 417//1 378//1
f 409//1 413//1 378//1
f 405//1 409//1 378//1
f 401//1 405//1 378//1
f 397//1 401//1 378//1
f 398//1 397//1 378//1
f 379//1 398//1 378//1
f 402//1 398//1 379//1
f 406//1 402//1 379//1
f 410//1 406//1 379//1
f 414//1 410//1 379//1
f 418//1 414//1 379//1
f 423//1 418//1 379//1
f 427//1 423//1 379//1
f 431//1 427//1 379//1
f 435//1 431//1 379//1
f 439//1 435//1 379//1
f 443//1 439//1 379//1
f 447//1 443//1 379//1
f 451//1 447//1 379//1
f 455//1 451//1 379//1
f 459//1 455//1 379//1
f 463//1 459//1 379//1
f 467//1 463//1 379//1
f 471//1 467//1 379//1
f 475//1 471//1 379//1
f 479//1 475//1 379//1
f 580//1 479//1 379//1
f 483//1 479//1 580//1
f 487//1 483//1 580//1
f 491//1 487//1 580//1
f 495//1 491//1 580//1
f 499//1 495//1 580//1
f 503//1 499//1 580//1
f 507//1 503//1 580//1
f 511//1 507//1 580//1
f 515//1 511//1 580//1
f 519//1 515//1 580//1
f 523//1 519//1 580//1
f 586//1 523//1 580//1
f 527//1 523//1 586//1
f 531//1 527//1 586//1
f 535//1 531//1 586//1
f 539//1 535//1 586//1
f 545//1 539//1 586//1
f 549//1 545//1 586//1
f 553//1 549//1 586//1
f 557//1 553//1 586//1
f 561//1 557//1 586//1
f 592//1 633//1 632//1
f 591//1 592//1 632//1
f 594//1 591//1 632//1
f 586//1 591//1 594//1
f 632//1 654//1 653//1
f 594//1 632//1 653//1
f 378//1 381//1 373//1
f 367//1 378//1 373//1
f 331//1 367//1 373//1
f 310//1 367//1 331//1
f 309//1 310//1 331//1
f 331//1 373//1 372//1
f 330//1 331//1 372//1
f 586//1 580//1 591//1
f 328//3 330//3 372//3
f 368//3 328//3 372//3
f 327//3 328//3 368//3
f 370//5 368//5 372//5
f 373//5 370//5 372//5
f 371//5 370//5 373//5
f 368//5 370//5 369//5
f 381//43 380//43 371//43
f 373//43 381//43 371//43
f 583//5 582//5 581//5
f 585//5 583//5 581//5
f 586//5 583//5 585//5
f 583//5 586//5 584//5
f 584//43 586//43 594//43
f 593//43 584//43 594//43
f 596//3 593//3 594//3
f 653//3 596//3 594//3
f 650//3 596//3 653//3
f 596//3 650//3 595//3
f 653//5 654//5 652//5
f 650//5 653//5 652//5
f 651//5 650//5 652//5
f 634//47 596//47 595//47
f 651//388 634//47 595//47
f 635//47 634//47 651//388
f 636//47 635//47 651//388
f 637//47 636//47 651//388
f 638//47 637//47 651//388
f 639//47 638//47 651//388
f 640//47 639//47 651//388
f 641//47 640//47 651//388
f 642//47 641//47 651//388
f 643//47 642//47 651//388
f 644//47 643//47 651//388
f 645//47 644//47 651//388
f 646//47 645//47 651//388
f 647//47 646//47 651//388
f 648//47 647//47 651//388
f 649//389 648//47 651//388
f 652//389 649//389 651//388
f 595//39 650//39 651//39
f 332//50 328//50 327//388
f 334//389 332//50 327//388
f 336//47 334//389 327//388
f 338//47 336//47 327//388
f 340//47 338//47 327//388
f 342//47 340//47 327//388
f 344//47 342//47 327//388
f 346//47 344//47 327//388
f 348//47 346//47 327//388
f 350//47 348//47 327//388
f 352//47 350//47 327//388
f 354//47 352//47 327//388
f 356//47 354//47 327//388
f 358//47 356//47 327//388
f 360//47 358//47 327//388
f 362//47 360//47 327//388
f 369//47 362//47 327//388
f 370//47 362//47 369//47
f 327//39 368//39 369//39
f 574//5 572//5 571//5
f 573//5 574//5 571//5
f 573//3 571//3 383//3
f 385//3 573//3 383//3
f 385//5 383//5 382//5
f 384//5 385//5 382//5
f 384//3 382//3 374//3
f 377//3 384//3 374//3
f 374//39 382//39 383//39
f 375//39 374//39 383//39
f 572//39 375//39 383//39
f 571//39 572//39 383//39
f 628//390 631//390 629//391
f 626//390 628//390 629//391
f 624//43 626//390 629//391
f 622//43 624//43 629//391
f 620//43 622//43 629//391
f 618//43 620//43 629//391
f 616//43 618//43 629//391
f 614//43 616//43 629//391
f 612//43 614//43 629//391
f 610//43 612//43 629//391
f 608//43 610//43 629//391
f 606//43 608//43 629//391
f 604//43 606//43 629//391
f 602//43 604//43 629//391
f 600//43 602//43 629//391
f 598//43 600//43 629//391
f 587//43 598//43 629//391
f 590//43 598//43 587//43
f 629//39 588//39 587//39
f 326//43 365//43 364//43
f 306//391 326//43 364//43
f 325//43 326//43 306//391
f 324//43 325//43 306//391
f 323//43 324//43 306//391
f 322//43 323//43 306//391
f 321//43 322//43 306//391
f 320//43 321//43 306//391
f 319//43 320//43 306//391
f 318//43 319//43 306//391
f 317//43 318//43 306//391
f 316//43 317//43 306//391
f 315//43 316//43 306//391
f 314//43 315//43 306//391
f 313//43 314//43 306//391
f 312//43 313//43 306//391
f 311//390 312//43 306//391
f 308//390 311//390 306//391
f 364//39 307//39 306//39
f 388//2 386//2 387//2
f 389//2 388//2 387//2
f 577//2 575//2 576//2
f 578//2 577//2 576//2
f 578//4 576//4 582//4
f 583//4 578//4 582//4
f 310//2 309//2 308//2
f 307//2 310//2 308//2
f 306//2 307//2 308//2
f 365//4 366//4 367//4
f 310//4 365//4 367//4
f 307//4 365//4 310//4
f 365//4 307//4 364//4
f 590//2 588//2 592//2
f 591//2 590//2 592//2
f 589//2 590//2 591//2
f 588//2 590//2 587//2
f 631//4 633//4 592//4
f 588//4 631//4 592//4
f 629//4 631//4 588//4
f 658//4 656//4 660//4
f 662//4 658//4 660//4
f 662//1 661//1 657//1
f 658//1 662//1 657//1
f 660//5 659//5 661//5
f 662//5 660//5 661//5
f 656//39 655//39 659//39
f 660//39 656//39 659//39
f 657//2 655//2 656//2
f 658//2 657//2 656//2
f 661//51 659//51 655//51
f 657//51 661//51 655//51
f 829//392 732//392 734//392
f 841//392 829//392 734//392
f 700//3 732//3 829//3
f 735//393 733//393 830//393
f 842//393 735//393 830//393
f 841//1 734//1 735//1
f 842//1 841//1 735//1
f 920//394 1084//394 1086//394
f 908//394 920//394 1086//394
f 1052//4 1084//4 920//4
f 1085//395 1083//395 919//395
f 907//395 1085//395 919//395
f 908//1 1086//1 1085//1
f 907//1 908//1 1085//1
f 832//396 814//396 816//396
f 844//396 832//396 816//396
f 844//39 816//39 815//39
f 843//39 844//39 815//39
f 815//397 813//397 831//397
f 843//397 815//397 831//397
f 816//5 814//5 811//5
f 812//5 816//5 811//5
f 815//5 816//5 812//5
f 810//5 815//5 812//5
f 813//5 815//5 810//5
f 808//5 813//5 810//5
f 806//5 813//5 808//5
f 814//5 782//5 791//5
f 793//5 814//5 791//5
f 795//5 814//5 793//5
f 782//5 742//5 738//5
f 773//5 782//5 738//5
f 775//5 782//5 773//5
f 738//5 739//5 745//5
f 763//5 738//5 745//5
f 765//5 738//5 763//5
f 739//5 743//5 783//5
f 745//5 739//5 783//5
f 745//5 744//5 746//5
f 747//5 745//5 746//5
f 749//5 745//5 747//5
f 744//5 780//5 736//5
f 737//5 744//5 736//5
f 764//5 744//5 737//5
f 766//5 764//5 737//5
f 768//5 766//5 737//5
f 770//5 768//5 737//5
f 772//5 770//5 737//5
f 774//5 772//5 737//5
f 781//5 774//5 737//5
f 776//5 774//5 781//5
f 778//5 776//5 781//5
f 784//5 778//5 781//5
f 786//5 784//5 781//5
f 788//5 786//5 781//5
f 790//5 788//5 781//5
f 792//5 790//5 781//5
f 813//5 792//5 781//5
f 794//5 792//5 813//5
f 796//5 794//5 813//5
f 798//5 796//5 813//5
f 800//5 798//5 813//5
f 802//5 800//5 813//5
f 804//5 802//5 813//5
f 806//5 804//5 813//5
f 736//5 780//5 740//5
f 781//5 737//5 741//5
f 782//5 775//5 777//5
f 779//5 782//5 777//5
f 785//5 782//5 779//5
f 782//5 785//5 787//5
f 789//5 782//5 787//5
f 791//5 782//5 789//5
f 814//5 795//5 797//5
f 799//5 814//5 797//5
f 801//5 814//5 799//5
f 814//5 801//5 803//5
f 805//5 814//5 803//5
f 807//5 814//5 805//5
f 814//5 807//5 809//5
f 811//5 814//5 809//5
f 744//5 764//5 762//5
f 760//5 744//5 762//5
f 758//5 744//5 760//5
f 744//5 758//5 756//5
f 754//5 744//5 756//5
f 752//5 744//5 754//5
f 744//5 752//5 750//5
f 748//5 744//5 750//5
f 746//5 744//5 748//5
f 745//5 749//5 751//5
f 753//5 745//5 751//5
f 755//5 745//5 753//5
f 745//5 755//5 757//5
f 759//5 745//5 757//5
f 761//5 745//5 759//5
f 745//5 761//5 763//5
f 738//5 765//5 767//5
f 769//5 738//5 767//5
f 771//5 738//5 769//5
f 738//5 771//5 773//5
f 1013//396 1011//396 918//396
f 906//396 1013//396 918//396
f 977//2 968//2 966//2
f 964//2 977//2 966//2
f 962//2 977//2 964//2
f 971//2 977//2 962//2
f 960//2 971//2 962//2
f 958//2 971//2 960//2
f 971//2 958//2 956//2
f 954//2 971//2 956//2
f 952//2 971//2 954//2
f 934//2 971//2 952//2
f 950//2 934//2 952//2
f 948//2 934//2 950//2
f 934//2 948//2 946//2
f 944//2 934//2 946//2
f 942//2 934//2 944//2
f 934//2 942//2 940//2
f 938//2 934//2 940//2
f 936//2 934//2 938//2
f 934//2 936//2 935//2
f 933//2 934//2 935//2
f 937//2 933//2 935//2
f 939//2 933//2 937//2
f 933//2 939//2 941//2
f 943//2 933//2 941//2
f 945//2 933//2 943//2
f 933//2 945//2 947//2
f 949//2 933//2 947//2
f 951//2 933//2 949//2
f 933//2 951//2 953//2
f 970//2 933//2 953//2
f 969//2 933//2 970//2
f 970//2 953//2 955//2
f 957//2 970//2 955//2
f 959//2 970//2 957//2
f 970//2 959//2 961//2
f 963//2 970//2 961//2
f 976//2 970//2 963//2
f 965//2 976//2 963//2
f 967//2 976//2 965//2
f 976//2 967//2 981//2
f 983//2 976//2 981//2
f 985//2 976//2 983//2
f 976//2 985//2 987//2
f 989//2 976//2 987//2
f 1010//2 976//2 989//2
f 991//2 1010//2 989//2
f 993//2 1010//2 991//2
f 1010//2 993//2 995//2
f 997//2 1010//2 995//2
f 999//2 1010//2 997//2
f 1010//2 999//2 1001//2
f 1003//2 1010//2 1001//2
f 1005//2 1010//2 1003//2
f 1010//2 1005//2 1007//2
f 1012//2 1010//2 1007//2
f 1009//2 1012//2 1007//2
f 1013//2 1012//2 1009//2
f 1008//2 1013//2 1009//2
f 1011//2 1013//2 1008//2
f 1006//2 1011//2 1008//2
f 1004//2 1011//2 1006//2
f 1011//2 1004//2 1002//2
f 1000//2 1011//2 1002//2
f 998//2 1011//2 1000//2
f 1011//2 998//2 996//2
f 994//2 1011//2 996//2
f 992//2 1011//2 994//2
f 1011//2 992//2 990//2
f 988//2 1011//2 990//2
f 977//2 1011//2 988//2
f 986//2 977//2 988//2
f 984//2 977//2 986//2
f 977//2 984//2 982//2
f 968//2 977//2 982//2
f 970//2 976//2 975//2
f 969//2 974//2 973//2
f 933//2 969//2 973//2
f 972//2 971//2 934//2
f 980//2 972//2 934//2
f 979//2 972//2 980//2
f 977//2 971//2 978//2
f 1013//39 906//39 905//39
f 1012//39 1013//39 905//39
f 917//397 1010//397 1012//397
f 905//397 917//397 1012//397
f 1010//4 917//4 928//4
f 976//4 1010//4 928//4
f 696//398 698//398 779//398
f 777//398 696//398 779//398
f 694//399 696//399 777//399
f 775//399 694//399 777//399
f 692//400 694//400 775//401
f 773//400 692//400 775//401
f 690//402 692//402 773//402
f 771//402 690//402 773//402
f 688//403 690//403 771//403
f 769//403 688//403 771//403
f 686//404 688//404 769//404
f 767//404 686//404 769//404
f 684//405 686//406 767//406
f 765//406 684//405 767//406
f 682//407 684//407 765//407
f 763//407 682//407 765//407
f 680//408 682//409 763//408
f 761//408 680//408 763//408
f 678//410 680//410 761//410
f 759//410 678//410 761//410
f 676//411 678//411 759//411
f 757//411 676//411 759//411
f 674//412 676//412 757//412
f 755//412 674//412 757//412
f 672//413 674//414 755//414
f 753//413 672//413 755//414
f 670//415 672//415 753//415
f 751//415 670//415 753//415
f 668//416 670//416 751//416
f 749//416 668//416 751//416
f 666//417 668//417 749//417
f 747//417 666//417 749//417
f 665//418 666//418 747//418
f 746//418 665//418 747//418
f 667//419 665//419 746//419
f 748//419 667//419 746//419
f 669//420 667//420 748//421
f 750//420 669//420 748//421
f 671//422 669//422 750//422
f 752//422 671//422 750//422
f 673//423 671//423 752//423
f 754//423 673//423 752//423
f 675//424 673//424 754//424
f 756//425 675//424 754//424
f 677//426 675//427 756//426
f 758//427 677//426 756//426
f 679//428 677//429 758//429
f 760//429 679//428 758//429
f 681//430 679//430 760//431
f 762//431 681//430 760//431
f 683//432 681//432 762//432
f 764//433 683//432 762//432
f 685//434 683//435 764//434
f 766//436 685//434 764//434
f 687//437 685//438 766//437
f 768//439 687//437 766//437
f 689//440 687//441 768//440
f 770//440 689//440 768//440
f 691//442 689//442 770//442
f 772//442 691//442 770//442
f 693//443 691//443 772//443
f 774//443 693//443 772//443
f 695//444 693//445 774//444
f 776//445 695//444 774//444
f 697//4 695//4 776//4
f 778//4 697//4 776//4
f 703//446 697//446 778//446
f 784//447 703//446 778//446
f 705//448 703//448 784//448
f 786//448 705//448 784//448
f 707//449 705//449 786//449
f 788//449 707//449 786//449
f 709//450 707//450 788//450
f 790//451 709//450 788//450
f 711//452 709//452 790//453
f 792//452 711//452 790//453
f 713//454 711//454 792//454
f 794//454 713//454 792//454
f 715//455 713//455 794//455
f 796//455 715//455 794//455
f 717//456 715//456 796//457
f 798//457 717//456 796//457
f 719//458 717//458 798//458
f 800//459 719//458 798//458
f 721//460 719//461 800//460
f 802//461 721//460 800//460
f 723//462 721//463 802//462
f 804//462 723//462 802//462
f 725//464 723//465 804//464
f 806//464 725//464 804//464
f 727//466 725//467 806//467
f 808//467 727//466 806//467
f 729//468 727//469 808//469
f 810//469 729//468 808//469
f 731//470 729//471 810//471
f 812//471 731//470 810//471
f 730//472 731//473 812//472
f 811//472 730//472 812//472
f 728//474 730//474 811//474
f 809//475 728//474 811//474
f 726//476 728//476 809//476
f 807//476 726//476 809//476
f 724//477 726//477 807//477
f 805//477 724//477 807//477
f 722//478 724//479 805//480
f 803//478 722//478 805//480
f 720//481 722//481 803//481
f 801//481 720//481 803//481
f 718//482 720//482 801//482
f 799//482 718//482 801//482
f 716//483 718//484 799//484
f 797//484 716//483 799//484
f 714//485 716//485 797//485
f 795//485 714//485 797//485
f 712//486 714//486 795//486
f 793//486 712//486 795//486
f 710//487 712//487 793//488
f 791//487 710//487 793//488
f 708//489 710//489 791//489
f 789//489 708//489 791//489
f 706//490 708//491 789//490
f 787//492 706//490 789//490
f 704//493 706//494 787//493
f 785//493 704//493 787//493
f 698//495 704//495 785//495
f 779//495 698//495 785//495
f 966//398 968//398 1049//398
f 1047//398 966//398 1049//398
f 964//399 966//399 1047//399
f 1045//399 964//399 1047//399
f 962//400 964//400 1045//401
f 1043//400 962//400 1045//401
f 960//402 962//402 1043//402
f 1041//402 960//402 1043//402
f 958//496 960//403 1041//497
f 1039//496 958//496 1041//497
f 956//404 958//404 1039//404
f 1037//404 956//404 1039//404
f 954//406 956//405 1037//406
f 1035//405 954//406 1037//406
f 952//407 954//407 1035//407
f 1033//407 952//407 1035//407
f 950//408 952//408 1033//498
f 1031//408 950//408 1033//498
f 948//499 950//410 1031//410
f 1029//410 948//499 1031//410
f 946//500 948//500 1029//411
f 1027//411 946//500 1029//411
f 944//412 946//412 1027//412
f 1025//412 944//412 1027//412
f 942//414 944//414 1025//501
f 1023//501 942//414 1025//501
f 940//415 942//415 1023//415
f 1021//415 940//415 1023//415
f 938//416 940//416 1021//416
f 1019//416 938//416 1021//416
f 936//417 938//502 1019//417
f 1017//417 936//417 1019//417
f 935//418 936//418 1017//418
f 1016//418 935//418 1017//418
f 937//419 935//419 1016//419
f 1018//419 937//419 1016//419
f 939//421 937//421 1018//421
f 1020//421 939//421 1018//421
f 941//422 939//503 1020//422
f 1022//422 941//422 1020//422
f 943//423 941//423 1022//504
f 1024//423 943//423 1022//504
f 945//505 943//424 1024//505
f 1026//505 945//505 1024//505
f 947//426 945//426 1026//426
f 1028//426 947//426 1026//426
f 949//429 947//428 1028//429
f 1030//429 949//429 1028//429
f 951//431 949//431 1030//430
f 1032//431 951//431 1030//430
f 953//432 951//432 1032//432
f 1034//432 953//432 1032//432
f 955//435 953//436 1034//436
f 1036//434 955//435 1034//436
f 957//437 955//437 1036//437
f 1038//437 957//437 1036//437
f 959//441 957//440 1038//506
f 1040//440 959//441 1038//506
f 961//442 959//442 1040//442
f 1042//442 961//442 1040//442
f 963//443 961//443 1042//443
f 1044//507 963//443 1042//443
f 965//444 963//445 1044//508
f 1046//444 965//444 1044//508
f 967//4 965//4 1046//4
f 1048//4 967//4 1046//4
f 981//446 967//446 1048//446
f 1054//446 981//446 1048//446
f 983//448 981//448 1054//448
f 1056//509 983//448 1054//448
f 985//449 983//449 1056//449
f 1058//449 985//449 1056//449
f 987//450 985//450 1058//450
f 1060//510 987//450 1058//450
f 989//452 987//452 1060//511
f 1062//511 989//452 1060//511
f 991//454 989//454 1062//454
f 1064//454 991//454 1062//454
f 993//455 991//455 1064//455
f 1066//455 993//455 1064//455
f 995//457 993//456 1066//457
f 1068//456 995//457 1066//457
f 997//458 995//458 1068//458
f 1070//458 997//458 1068//458
f 999//460 997//460 1070//460
f 1072//460 999//460 1070//460
f 1001//463 999//512 1072//462
f 1074//462 1001//463 1072//462
f 1003//513 1001//464 1074//464
f 1076//464 1003//513 1074//464
f 1005//467 1003//467 1076//467
f 1078//466 1005//467 1076//467
f 1007//469 1005//469 1078//469
f 1080//469 1007//469 1078//469
f 1009//471 1007//471 1080//470
f 1082//470 1009//471 1080//470
f 1008//472 1009//473 1082//472
f 1081//473 1008//472 1082//472
f 1006//474 1008//474 1081//474
f 1079//514 1006//474 1081//474
f 1004//476 1006//515 1079//476
f 1077//476 1004//476 1079//476
f 1002//477 1004//477 1077//477
f 1075//477 1002//477 1077//477
f 1000//480 1002//480 1075//480
f 1073//480 1000//480 1075//480
f 998//481 1000//481 1073//481
f 1071//481 998//481 1073//481
f 996//482 998//482 1071//482
f 1069//482 996//482 1071//482
f 994//484 996//484 1069//483
f 1067//484 994//484 1069//483
f 992//485 994//485 1067//485
f 1065//485 992//485 1067//485
f 990//486 992//486 1065//486
f 1063//486 990//486 1065//486
f 988//487 990//488 1063//487
f 1061//488 988//487 1063//487
f 986//489 988//489 1061//489
f 1059//489 986//489 1061//489
f 984//492 986//491 1059//492
f 1057//490 984//492 1059//492
f 982//493 984//493 1057//493
f 1055//493 982//493 1057//493
f 968//495 982//495 1055//495
f 1049//516 968//495 1055//495
f 814//3 832//3 825//3
f 782//3 814//3 825//3
f 824//4 831//4 813//4
f 781//4 824//4 813//4
f 929//3 918//3 1011//3
f 977//3 929//3 1011//3
f 927//517 928//517 917//518
f 926//518 927//517 917//518
f 905//519 926//518 917//518
f 925//517 926//518 905//519
f 885//520 925//517 905//519
f 906//519 885//520 905//519
f 886//520 885//520 906//519
f 932//517 886//520 906//519
f 931//518 932//517 906//519
f 918//518 931//518 906//519
f 930//517 931//518 918//518
f 929//517 930//517 918//518
f 929//521 977//522 978//522
f 930//522 929//521 978//522
f 975//521 976//522 928//522
f 927//521 975//521 928//522
f 826//523 825//523 832//524
f 827//524 826//523 832//524
f 844//525 827//524 832//524
f 828//523 827//524 844//525
f 864//526 828//523 844//525
f 843//525 864//526 844//525
f 863//526 864//526 843//525
f 821//523 863//526 843//525
f 822//524 821//523 843//525
f 831//524 822//524 843//525
f 823//523 822//524 831//524
f 824//523 823//523 831//524
f 823//527 824//527 781//527
f 741//528 823//527 781//527
f 1051//3 919//3 1083//3
f 701//4 830//4 733//4
f 1053//529 1052//530 920//531
f 908//529 1053//529 920//531
f 888//529 1053//529 908//529
f 907//529 888//529 908//529
f 887//529 888//529 907//529
f 1050//529 887//529 907//529
f 919//531 1050//529 907//529
f 1051//530 1050//529 919//531
f 875//532 879//532 880//532
f 876//532 875//532 880//532
f 879//4 875//4 871//4
f 865//4 879//4 871//4
f 867//4 865//4 871//4
f 873//4 867//4 871//4
f 883//4 867//4 873//4
f 881//4 883//4 873//4
f 871//39 875//39 876//39
f 872//39 871//39 876//39
f 882//1 881//1 873//1
f 874//1 882//1 873//1
f 874//2 873//2 871//2
f 872//2 874//2 871//2
f 872//3 876//3 880//3
f 866//3 872//3 880//3
f 868//3 872//3 866//3
f 874//3 872//3 868//3
f 884//3 874//3 868//3
f 882//3 874//3 884//3
f 933//39 663//39 1014//39
f 1015//39 933//39 1014//39
f 934//39 933//39 1015//39
f 664//39 934//39 1015//39
f 745//39 934//39 664//39
f 663//39 745//39 664//39
f 744//39 745//39 663//39
f 933//39 744//39 663//39
f 862//533 858//533 857//533
f 861//533 862//533 857//533
f 861//534 857//534 891//534
f 889//534 861//534 891//534
f 889//535 891//535 892//535
f 890//535 889//535 892//535
f 858//536 862//536 890//536
f 892//536 858//536 890//536
f 888//4 890//4 862//4
f 860//4 888//4 862//4
f 860//2 862//2 861//2
f 859//2 860//2 861//2
f 854//39 853//39 858//39
f 892//39 854//39 858//39
f 894//39 854//39 892//39
f 893//39 894//39 892//39
f 891//39 893//39 892//39
f 857//39 893//39 891//39
f 857//39 858//39 853//39
f 893//39 857//39 853//39
f 868//5 866//5 865//5
f 867//5 868//5 865//5
f 883//2 881//2 882//2
f 884//2 883//2 882//2
f 867//39 883//39 884//39
f 868//39 867//39 884//39
f 886//537 880//537 879//537
f 885//538 886//537 879//537
f 864//539 866//539 880//540
f 886//541 864//539 880//540
f 863//542 865//542 866//542
f 864//543 863//542 866//542
f 885//544 879//544 865//545
f 863//546 885//544 865//545
f 855//547 869//547 877//547
f 895//547 855//547 877//547
f 895//548 877//548 878//548
f 896//548 895//548 878//548
f 896//549 878//549 870//549
f 856//549 896//549 870//549
f 856//550 870//550 869//550
f 855//550 856//550 869//550
f 877//1 869//1 870//1
f 878//1 877//1 870//1
f 895//3 893//3 853//3
f 855//3 895//3 853//3
f 896//5 894//5 893//5
f 895//5 896//5 893//5
f 856//4 854//4 894//4
f 896//4 856//4 894//4
f 855//2 853//2 854//2
f 856//2 855//2 854//2
f 859//3 861//3 889//3
f 887//3 859//3 889//3
f 887//5 889//5 890//5
f 888//5 887//5 890//5
f 864//551 886//551 904//551
f 852//551 864//551 904//551
f 840//551 864//551 852//551
f 886//551 932//551 916//551
f 904//551 886//551 916//551
f 864//551 840//551 828//551
f 897//39 909//39 910//39
f 898//39 897//39 910//39
f 913//5 915//5 910//5
f 909//5 913//5 910//5
f 901//2 897//2 898//2
f 903//2 901//2 898//2
f 846//39 834//39 833//39
f 845//39 846//39 833//39
f 849//5 851//5 846//5
f 845//5 849//5 846//5
f 833//4 837//4 780//4
f 744//4 833//4 780//4
f 845//4 833//4 744//4
f 897//4 845//4 744//4
f 849//4 845//4 897//4
f 901//4 849//4 897//4
f 897//4 744//4 933//4
f 909//4 897//4 933//4
f 973//4 909//4 933//4
f 913//4 909//4 973//4
f 837//2 833//2 834//2
f 839//2 837//2 834//2
f 736//39 817//39 818//39
f 737//39 736//39 818//39
f 740//3 822//3 817//3
f 736//3 740//3 817//3
f 741//4 737//4 818//4
f 823//4 741//4 818//4
f 738//39 819//39 820//39
f 739//39 738//39 820//39
f 742//3 826//3 819//3
f 738//3 742//3 819//3
f 743//4 739//4 820//4
f 827//4 743//4 820//4
f 979//4 931//4 924//4
f 972//4 979//4 924//4
f 972//39 924//39 923//39
f 971//39 972//39 923//39
f 978//3 971//3 923//3
f 930//3 978//3 923//3
f 975//4 927//4 922//4
f 970//4 975//4 922//4
f 970//39 922//39 921//39
f 969//39 970//39 921//39
f 974//3 969//3 921//3
f 926//3 974//3 921//3
f 1015//4 1053//4 702//4
f 664//4 1015//4 702//4
f 731//2 735//2 734//2
f 732//2 731//2 734//2
f 729//2 731//2 732//2
f 727//2 729//2 732//2
f 725//2 727//2 732//2
f 723//2 725//2 732//2
f 721//2 723//2 732//2
f 719//2 721//2 732//2
f 717//2 719//2 732//2
f 715//2 717//2 732//2
f 713//2 715//2 732//2
f 711//2 713//2 732//2
f 700//2 711//2 732//2
f 709//2 711//2 700//2
f 707//2 709//2 700//2
f 705//2 707//2 700//2
f 703//2 705//2 700//2
f 697//2 703//2 700//2
f 695//2 697//2 700//2
f 693//2 695//2 700//2
f 691//2 693//2 700//2
f 689//2 691//2 700//2
f 687//2 689//2 700//2
f 699//2 687//2 700//2
f 685//2 687//2 699//2
f 663//2 685//2 699//2
f 683//2 685//2 663//2
f 681//2 683//2 663//2
f 679//2 681//2 663//2
f 677//2 679//2 663//2
f 675//2 677//2 663//2
f 673//2 675//2 663//2
f 671//2 673//2 663//2
f 669//2 671//2 663//2
f 667//2 669//2 663//2
f 665//2 667//2 663//2
f 664//2 665//2 663//2
f 666//2 665//2 664//2
f 668//2 666//2 664//2
f 670//2 668//2 664//2
f 672//2 670//2 664//2
f 674//2 672//2 664//2
f 676//2 674//2 664//2
f 678//2 676//2 664//2
f 680//2 678//2 664//2
f 682//2 680//2 664//2
f 684//2 682//2 664//2
f 686//2 684//2 664//2
f 701//2 686//2 664//2
f 688//2 686//2 701//2
f 690//2 688//2 701//2
f 692//2 690//2 701//2
f 694//2 692//2 701//2
f 696//2 694//2 701//2
f 698//2 696//2 701//2
f 704//2 698//2 701//2
f 706//2 704//2 701//2
f 708//2 706//2 701//2
f 710//2 708//2 701//2
f 712//2 710//2 701//2
f 733//2 712//2 701//2
f 714//2 712//2 733//2
f 716//2 714//2 733//2
f 718//2 716//2 733//2
f 720//2 718//2 733//2
f 722//2 720//2 733//2
f 724//2 722//2 733//2
f 726//2 724//2 733//2
f 728//2 726//2 733//2
f 730//2 728//2 733//2
f 735//2 730//2 733//2
f 731//2 730//2 735//2
f 701//2 664//2 702//2
f 663//3 699//3 1050//3
f 1014//3 663//3 1050//3
f 1086//5 1084//5 1081//5
f 1082//5 1086//5 1081//5
f 1085//5 1086//5 1082//5
f 1083//5 1085//5 1082//5
f 1080//5 1083//5 1082//5
f 1078//5 1083//5 1080//5
f 1084//5 1052//5 1063//5
f 1065//5 1084//5 1063//5
f 1067//5 1084//5 1065//5
f 1052//5 1053//5 1015//5
f 1037//5 1052//5 1015//5
f 1039//5 1052//5 1037//5
f 1015//5 1014//5 1016//5
f 1017//5 1015//5 1016//5
f 1019//5 1015//5 1017//5
f 1014//5 1050//5 1036//5
f 1034//5 1014//5 1036//5
f 1032//5 1014//5 1034//5
f 1038//5 1036//5 1050//5
f 1051//5 1038//5 1050//5
f 1040//5 1038//5 1051//5
f 1042//5 1040//5 1051//5
f 1044//5 1042//5 1051//5
f 1046//5 1044//5 1051//5
f 1048//5 1046//5 1051//5
f 1054//5 1048//5 1051//5
f 1056//5 1054//5 1051//5
f 1058//5 1056//5 1051//5
f 1060//5 1058//5 1051//5
f 1062//5 1060//5 1051//5
f 1083//5 1062//5 1051//5
f 1064//5 1062//5 1083//5
f 1066//5 1064//5 1083//5
f 1068//5 1066//5 1083//5
f 1070//5 1068//5 1083//5
f 1072//5 1070//5 1083//5
f 1074//5 1072//5 1083//5
f 1076//5 1074//5 1083//5
f 1078//5 1076//5 1083//5
f 1052//5 1045//5 1047//5
f 1049//5 1052//5 1047//5
f 1055//5 1052//5 1049//5
f 1052//5 1055//5 1057//5
f 1059//5 1052//5 1057//5
f 1061//5 1052//5 1059//5
f 1052//5 1061//5 1063//5
f 1084//5 1067//5 1069//5
f 1071//5 1084//5 1069//5
f 1073//5 1084//5 1071//5
f 1084//5 1073//5 1075//5
f 1077//5 1084//5 1075//5
f 1079//5 1084//5 1077//5
f 1084//5 1079//5 1081//5
f 1014//5 1032//5 1030//5
f 1028//5 1014//5 1030//5
f 1026//5 1014//5 1028//5
f 1014//5 1026//5 1024//5
f 1022//5 1014//5 1024//5
f 1020//5 1014//5 1022//5
f 1014//5 1020//5 1018//5
f 1016//5 1014//5 1018//5
f 1015//5 1019//5 1021//5
f 1023//5 1015//5 1021//5
f 1025//5 1015//5 1023//5
f 1015//5 1025//5 1027//5
f 1029//5 1015//5 1027//5
f 1031//5 1015//5 1029//5
f 1015//5 1031//5 1033//5
f 1035//5 1015//5 1033//5
f 1037//5 1015//5 1035//5
f 1052//5 1039//5 1041//5
f 1043//5 1052//5 1041//5
f 1045//5 1052//5 1043//5
f 925//552 915//552 913//552
f 973//552 925//552 913//552
f 910//4 915//4 903//4
f 898//4 910//4 903//4
f 901//552 903//553 851//554
f 849//552 901//552 851//554
f 846//4 851//4 839//4
f 834//4 846//4 839//4
f 837//552 839//552 821//552
f 780//553 837//552 821//552
f 821//527 822//528 740//527
f 780//527 821//527 740//527
f 817//5 822//5 823//5
f 818//5 817//5 823//5
f 782//527 825//528 826//527
f 742//555 782//527 826//527
f 819//5 826//5 827//5
f 820//5 819//5 827//5
f 743//527 827//527 828//528
f 783//528 743//527 828//528
f 848//39 836//39 835//39
f 847//39 848//39 835//39
f 838//2 840//2 835//2
f 836//2 838//2 835//2
f 850//5 848//5 847//5
f 852//5 850//5 847//5
f 902//2 904//2 899//2
f 900//2 902//2 899//2
f 899//39 911//39 912//39
f 900//39 899//39 912//39
f 912//3 914//3 980//3
f 934//3 912//3 980//3
f 900//3 912//3 934//3
f 745//3 900//3 934//3
f 848//3 900//3 745//3
f 836//3 848//3 745//3
f 783//3 836//3 745//3
f 838//3 836//3 783//3
f 848//3 850//3 902//3
f 900//3 848//3 902//3
f 914//5 912//5 911//5
f 916//5 914//5 911//5
f 932//522 931//556 979//521
f 980//521 932//522 979//521
f 930//2 923//2 924//2
f 931//2 930//2 924//2
f 926//2 921//2 922//2
f 927//2 926//2 922//2
f 974//521 926//522 925//556
f 973//521 974//521 925//556
f 1053//557 888//557 860//557
f 702//557 1053//557 860//557
f 830//558 701//559 702//560
f 842//560 830//558 702//560
f 860//560 842//560 702//560
f 859//560 842//560 860//560
f 841//560 842//560 859//560
f 699//560 841//560 859//560
f 829//558 841//560 699//560
f 700//559 829//558 699//560
f 699//561 859//561 887//561
f 1050//561 699//561 887//561
f 885//562 863//562 903//562
f 915//562 885//562 903//562
f 925//562 885//562 915//562
f 863//562 821//562 839//562
f 851//562 863//562 839//562
f 903//562 863//562 851//562
f 828//563 840//564 838//563
f 783//565 828//563 838//563
f 835//3 840//3 852//3
f 847//3 835//3 852//3
f 850//564 852//563 904//563
f 902//565 850//564 904//563
f 916//3 911//3 899//3
f 904//3 916//3 899//3
f 914//563 916//563 932//564
f 980//563 914//563 932//564
f 1393//1 1397//1 1396//1
f 1392//1 1393//1 1396//1
f 1366//2 1362//2 1363//2
f 1367//2 1366//2 1363//2
f 1388//3 1384//3 1362//3
f 1366//3 1388//3 1362//3
f 1389//5 1385//5 1384//5
f 1388//5 1389//5 1384//5
f 1395//1 1391//1 1420//1
f 1438//1 1395//1 1420//1
f 1411//1 1395//1 1438//1
f 1437//1 1411//1 1438//1
f 1391//1 1390//1 1383//1
f 1384//1 1391//1 1383//1
f 1385//1 1391//1 1384//1
f 1390//1 1394//1 1434//1
f 1380//1 1390//1 1434//1
f 1381//1 1390//1 1380//1
f 1394//1 1395//1 1411//1
f 1410//1 1394//1 1411//1
f 1434//1 1394//1 1410//1
f 1435//1 1434//1 1410//1
f 1271//1 1363//1 1362//1
f 1270//1 1271//1 1362//1
f 1383//1 1270//1 1362//1
f 1384//1 1383//1 1362//1
f 1391//1 1385//1 1420//1
f 1420//1 1542//1 1541//1
f 1531//1 1420//1 1541//1
f 1529//1 1420//1 1531//1
f 1531//1 1541//1 1589//1
f 1420//1 1529//1 1527//1
f 1525//1 1420//1 1527//1
f 1523//1 1420//1 1525//1
f 1420//1 1523//1 1521//1
f 1519//1 1420//1 1521//1
f 1517//1 1420//1 1519//1
f 1420//1 1517//1 1438//1
f 1382//1 1390//1 1381//1
f 1361//1 1382//1 1381//1
f 1268//1 1382//1 1361//1
f 1267//1 1268//1 1361//1
f 1360//1 1267//1 1361//1
f 1253//1 1267//1 1360//1
f 1251//1 1253//1 1360//1
f 1249//1 1251//1 1360//1
f 1350//1 1249//1 1360//1
f 1247//1 1249//1 1350//1
f 1245//1 1247//1 1350//1
f 1243//1 1245//1 1350//1
f 1241//1 1243//1 1350//1
f 1239//1 1241//1 1350//1
f 1230//1 1239//1 1350//1
f 1182//1 1239//1 1230//1
f 1230//1 1350//1 1229//1
f 1390//1 1382//1 1383//1
f 1421//3 1420//3 1385//3
f 1389//3 1421//3 1385//3
f 1478//3 1421//3 1389//3
f 1421//3 1478//3 1468//3
f 1365//4 1361//4 1381//4
f 1387//4 1365//4 1381//4
f 1364//2 1360//2 1361//2
f 1365//2 1364//2 1361//2
f 1387//5 1381//5 1380//5
f 1386//5 1387//5 1380//5
f 1351//4 1350//4 1360//4
f 1364//4 1351//4 1360//4
f 1306//4 1351//4 1364//4
f 1351//4 1306//4 1300//4
f 1393//4 1391//4 1395//4
f 1397//4 1393//4 1395//4
f 1392//2 1390//2 1391//2
f 1393//2 1392//2 1391//2
f 1396//3 1394//3 1390//3
f 1392//3 1396//3 1390//3
f 1397//5 1395//5 1394//5
f 1396//5 1397//5 1394//5
f 1367//3 1363//3 1271//3
f 1311//3 1367//3 1271//3
f 1578//39 1421//39 1468//39
f 1577//39 1578//39 1468//39
f 1532//39 1577//39 1468//39
f 1637//39 1577//39 1532//39
f 1468//39 1467//39 1518//39
f 1520//39 1468//39 1518//39
f 1522//39 1468//39 1520//39
f 1468//39 1522//39 1524//39
f 1526//39 1468//39 1524//39
f 1528//39 1468//39 1526//39
f 1468//39 1528//39 1530//39
f 1532//39 1468//39 1530//39
f 1516//1 1478//1 1647//1
f 1646//1 1516//1 1647//1
f 1477//1 1516//1 1646//1
f 1478//1 1389//1 1580//1
f 1579//1 1478//1 1580//1
f 1647//1 1478//1 1579//1
f 1389//1 1388//1 1367//1
f 1129//1 1389//1 1367//1
f 1580//1 1389//1 1129//1
f 1367//1 1388//1 1366//1
f 1129//1 1367//1 1311//1
f 1349//1 1129//1 1311//1
f 1128//1 1129//1 1349//1
f 1310//1 1128//1 1349//1
f 1386//4 1380//4 1434//4
f 1473//4 1386//4 1434//4
f 1195//39 1351//39 1300//39
f 1196//39 1195//39 1300//39
f 1240//39 1196//39 1300//39
f 1119//39 1196//39 1240//39
f 1300//39 1301//39 1254//39
f 1252//39 1300//39 1254//39
f 1250//39 1300//39 1252//39
f 1300//39 1250//39 1248//39
f 1246//39 1300//39 1248//39
f 1244//39 1300//39 1246//39
f 1300//39 1244//39 1242//39
f 1240//39 1300//39 1242//39
f 1125//1 1307//1 1306//1
f 1124//1 1125//1 1306//1
f 1198//1 1124//1 1306//1
f 1364//1 1198//1 1306//1
f 1386//1 1198//1 1364//1
f 1365//1 1386//1 1364//1
f 1387//1 1386//1 1365//1
f 1386//1 1473//1 1642//1
f 1197//1 1386//1 1642//1
f 1198//1 1386//1 1197//1
f 1473//1 1474//1 1643//1
f 1642//1 1473//1 1643//1
f 1575//566 1607//566 1604//566
f 1571//566 1575//566 1604//566
f 1603//567 1571//567 1604//567
f 1569//567 1571//567 1603//567
f 1602//568 1569//569 1603//568
f 1567//569 1569//569 1602//568
f 1601//570 1567//570 1602//570
f 1565//570 1567//570 1601//570
f 1600//571 1565//571 1601//572
f 1563//571 1565//571 1600//571
f 1599//573 1563//574 1600//573
f 1561//574 1563//574 1599//573
f 1598//575 1561//576 1599//575
f 1559//575 1561//576 1598//575
f 1597//577 1559//578 1598//577
f 1557//577 1559//578 1597//577
f 1596//579 1557//579 1597//579
f 1555//579 1557//579 1596//579
f 1595//580 1555//580 1596//580
f 1553//580 1555//580 1595//580
f 1594//581 1553//581 1595//581
f 1551//581 1553//581 1594//581
f 1593//582 1551//582 1594//582
f 1549//582 1551//582 1593//582
f 1592//583 1549//583 1593//583
f 1547//583 1549//583 1592//583
f 1591//584 1547//584 1592//584
f 1545//584 1547//584 1591//584
f 1590//585 1545//585 1591//585
f 1543//585 1545//585 1590//585
f 1589//586 1543//586 1590//586
f 1541//586 1543//586 1589//586
f 1543//587 1541//587 1542//587
f 1544//587 1543//587 1542//587
f 1545//588 1543//588 1544//588
f 1546//588 1545//588 1544//588
f 1547//589 1545//589 1546//589
f 1548//589 1547//589 1546//589
f 1549//590 1547//590 1548//590
f 1550//590 1549//590 1548//590
f 1551//591 1549//591 1550//591
f 1552//591 1551//591 1550//591
f 1553//592 1551//592 1552//592
f 1554//592 1553//592 1552//592
f 1555//593 1553//593 1554//593
f 1556//593 1555//593 1554//593
f 1557//594 1555//594 1556//595
f 1558//596 1557//594 1556//595
f 1559//597 1557//598 1558//597
f 1560//597 1559//597 1558//597
f 1561//599 1559//599 1560//599
f 1562//599 1561//599 1560//599
f 1563//600 1561//600 1562//600
f 1564//600 1563//600 1562//600
f 1565//601 1563//601 1564//601
f 1566//601 1565//601 1564//601
f 1567//602 1565//602 1566//602
f 1568//602 1567//602 1566//602
f 1569//603 1567//603 1568//603
f 1570//603 1569//603 1568//603
f 1571//604 1569//604 1570//604
f 1572//604 1571//604 1570//604
f 1575//605 1571//605 1572//605
f 1576//605 1575//605 1572//605
f 1606//4 1607//4 1575//4
f 1573//4 1606//4 1575//4
f 1573//5 1575//5 1576//5
f 1574//5 1573//5 1576//5
f 1194//606 1089//607 1167//607
f 1200//606 1194//606 1167//607
f 1168//608 1200//608 1167//608
f 1202//608 1200//608 1168//608
f 1169//609 1202//609 1168//610
f 1204//609 1202//609 1169//609
f 1170//611 1204//612 1169//611
f 1206//612 1204//612 1170//611
f 1171//613 1206//614 1170//613
f 1208//614 1206//614 1171//613
f 1172//615 1208//615 1171//615
f 1210//616 1208//615 1172//615
f 1173//617 1210//618 1172//617
f 1212//618 1210//618 1173//617
f 1174//619 1212//620 1173//620
f 1214//620 1212//620 1174//619
f 1175//621 1214//621 1174//621
f 1216//621 1214//621 1175//621
f 1176//622 1216//622 1175//622
f 1218//622 1216//622 1176//622
f 1177//623 1218//623 1176//623
f 1220//623 1218//623 1177//623
f 1178//624 1220//624 1177//624
f 1222//624 1220//624 1178//624
f 1179//625 1222//625 1178//625
f 1224//625 1222//625 1179//625
f 1180//626 1224//626 1179//626
f 1226//626 1224//626 1180//626
f 1181//627 1226//627 1180//627
f 1228//627 1226//627 1181//627
f 1182//628 1228//628 1181//628
f 1230//628 1228//628 1182//628
f 1228//629 1230//629 1229//629
f 1227//629 1228//629 1229//629
f 1226//630 1228//630 1227//630
f 1225//630 1226//630 1227//630
f 1224//631 1226//631 1225//631
f 1223//631 1224//631 1225//631
f 1222//632 1224//632 1223//632
f 1221//632 1222//632 1223//632
f 1220//633 1222//633 1221//633
f 1219//633 1220//633 1221//633
f 1218//634 1220//634 1219//634
f 1217//634 1218//634 1219//634
f 1216//635 1218//635 1217//635
f 1215//635 1216//635 1217//635
f 1214//636 1216//636 1215//636
f 1213//636 1214//636 1215//636
f 1212//637 1214//637 1213//638
f 1211//638 1212//637 1213//638
f 1210//639 1212//639 1211//639
f 1209//639 1210//639 1211//639
f 1208//640 1210//640 1209//640
f 1207//640 1208//640 1209//640
f 1206//641 1208//641 1207//641
f 1205//641 1206//641 1207//641
f 1204//642 1206//642 1205//642
f 1203//642 1204//642 1205//642
f 1202//643 1204//644 1203//643
f 1201//643 1202//643 1203//643
f 1200//645 1202//645 1201//646
f 1199//646 1200//645 1201//646
f 1194//647 1200//647 1199//647
f 1193//647 1194//647 1199//647
f 1087//3 1089//3 1194//3
f 1192//3 1087//3 1194//3
f 1192//2 1194//2 1193//2
f 1191//2 1192//2 1193//2
f 1531//648 1532//649 1530//650
f 1529//648 1531//648 1530//650
f 1528//651 1529//651 1530//651
f 1527//651 1529//651 1528//651
f 1526//652 1527//652 1528//652
f 1525//653 1527//652 1526//652
f 1524//654 1525//655 1526//654
f 1523//654 1525//655 1524//654
f 1522//656 1523//656 1524//657
f 1521//656 1523//656 1522//656
f 1520//658 1521//659 1522//658
f 1519//660 1521//659 1520//658
f 1518//661 1519//661 1520//661
f 1517//661 1519//661 1518//661
f 1467//662 1517//662 1518//662
f 1438//662 1517//662 1467//662
f 1438//2 1467//2 1460//2
f 1458//2 1438//2 1460//2
f 1437//2 1438//2 1458//2
f 1456//2 1437//2 1458//2
f 1454//2 1437//2 1456//2
f 1467//2 1468//2 1478//2
f 1516//2 1467//2 1478//2
f 1460//2 1467//2 1516//2
f 1462//2 1460//2 1516//2
f 1464//2 1462//2 1516//2
f 1466//2 1464//2 1516//2
f 1477//2 1466//2 1516//2
f 1470//2 1466//2 1477//2
f 1472//2 1470//2 1477//2
f 1476//2 1472//2 1477//2
f 1480//2 1476//2 1477//2
f 1482//2 1480//2 1477//2
f 1484//2 1482//2 1477//2
f 1486//2 1484//2 1477//2
f 1502//2 1486//2 1477//2
f 1488//2 1486//2 1502//2
f 1490//2 1488//2 1502//2
f 1492//2 1490//2 1502//2
f 1494//2 1492//2 1502//2
f 1496//2 1494//2 1502//2
f 1498//2 1496//2 1502//2
f 1500//2 1498//2 1502//2
f 1504//2 1500//2 1502//2
f 1506//2 1504//2 1502//2
f 1508//2 1506//2 1502//2
f 1510//2 1508//2 1502//2
f 1515//2 1510//2 1502//2
f 1512//2 1510//2 1515//2
f 1513//2 1512//2 1515//2
f 1514//2 1513//2 1515//2
f 1511//2 1513//2 1514//2
f 1509//2 1511//2 1514//2
f 1501//2 1509//2 1514//2
f 1507//2 1509//2 1501//2
f 1505//2 1507//2 1501//2
f 1503//2 1505//2 1501//2
f 1499//2 1503//2 1501//2
f 1497//2 1499//2 1501//2
f 1495//2 1497//2 1501//2
f 1493//2 1495//2 1501//2
f 1491//2 1493//2 1501//2
f 1489//2 1491//2 1501//2
f 1487//2 1489//2 1501//2
f 1485//2 1487//2 1501//2
f 1474//2 1485//2 1501//2
f 1483//2 1485//2 1474//2
f 1481//2 1483//2 1474//2
f 1479//2 1481//2 1474//2
f 1475//2 1479//2 1474//2
f 1471//2 1475//2 1474//2
f 1469//2 1471//2 1474//2
f 1465//2 1469//2 1474//2
f 1463//2 1465//2 1474//2
f 1473//2 1463//2 1474//2
f 1461//2 1463//2 1473//2
f 1434//2 1461//2 1473//2
f 1459//2 1461//2 1434//2
f 1457//2 1459//2 1434//2
f 1435//2 1457//2 1434//2
f 1455//2 1457//2 1435//2
f 1453//2 1455//2 1435//2
f 1451//2 1453//2 1435//2
f 1449//2 1451//2 1435//2
f 1447//2 1449//2 1435//2
f 1445//2 1447//2 1435//2
f 1443//2 1445//2 1435//2
f 1432//2 1443//2 1435//2
f 1441//2 1443//2 1432//2
f 1430//2 1441//2 1432//2
f 1439//2 1441//2 1430//2
f 1428//2 1439//2 1430//2
f 1436//2 1439//2 1428//2
f 1426//2 1436//2 1428//2
f 1427//2 1436//2 1426//2
f 1425//2 1427//2 1426//2
f 1424//2 1425//2 1426//2
f 1423//2 1425//2 1424//2
f 1422//2 1423//2 1424//2
f 1436//2 1427//2 1429//2
f 1440//2 1436//2 1429//2
f 1431//2 1440//2 1429//2
f 1442//2 1440//2 1431//2
f 1433//2 1442//2 1431//2
f 1444//2 1442//2 1433//2
f 1437//2 1444//2 1433//2
f 1446//2 1444//2 1437//2
f 1448//2 1446//2 1437//2
f 1450//2 1448//2 1437//2
f 1452//2 1450//2 1437//2
f 1454//2 1452//2 1437//2
f 1239//663 1240//664 1242//664
f 1241//663 1239//663 1242//664
f 1244//665 1241//665 1242//665
f 1243//665 1241//665 1244//665
f 1246//666 1243//667 1244//666
f 1245//667 1243//667 1246//666
f 1248//668 1245//669 1246//668
f 1247//668 1245//669 1248//668
f 1250//670 1247//670 1248//670
f 1249//670 1247//670 1250//670
f 1252//671 1249//671 1250//671
f 1251//671 1249//671 1252//671
f 1254//672 1251//672 1252//672
f 1253//672 1251//672 1254//672
f 1301//673 1253//673 1254//673
f 1267//673 1253//673 1301//673
f 1269//5 1273//5 1262//5
f 1260//5 1269//5 1262//5
f 1259//5 1269//5 1260//5
f 1257//5 1259//5 1260//5
f 1258//5 1257//5 1260//5
f 1255//5 1257//5 1258//5
f 1256//5 1255//5 1258//5
f 1264//5 1262//5 1273//5
f 1275//5 1264//5 1273//5
f 1266//5 1264//5 1275//5
f 1277//5 1266//5 1275//5
f 1270//5 1266//5 1277//5
f 1279//5 1270//5 1277//5
f 1281//5 1270//5 1279//5
f 1270//5 1281//5 1283//5
f 1285//5 1270//5 1283//5
f 1287//5 1270//5 1285//5
f 1270//5 1287//5 1289//5
f 1291//5 1270//5 1289//5
f 1271//5 1270//5 1291//5
f 1349//5 1271//5 1291//5
f 1311//5 1271//5 1349//5
f 1349//5 1291//5 1293//5
f 1295//5 1349//5 1293//5
f 1297//5 1349//5 1295//5
f 1349//5 1297//5 1299//5
f 1310//5 1349//5 1299//5
f 1303//5 1310//5 1299//5
f 1305//5 1310//5 1303//5
f 1310//5 1305//5 1309//5
f 1313//5 1310//5 1309//5
f 1315//5 1310//5 1313//5
f 1310//5 1315//5 1317//5
f 1319//5 1310//5 1317//5
f 1335//5 1310//5 1319//5
f 1321//5 1335//5 1319//5
f 1323//5 1335//5 1321//5
f 1335//5 1323//5 1325//5
f 1327//5 1335//5 1325//5
f 1329//5 1335//5 1327//5
f 1335//5 1329//5 1331//5
f 1333//5 1335//5 1331//5
f 1337//5 1335//5 1333//5
f 1335//5 1337//5 1339//5
f 1341//5 1335//5 1339//5
f 1343//5 1335//5 1341//5
f 1348//5 1335//5 1343//5
f 1345//5 1348//5 1343//5
f 1346//5 1348//5 1345//5
f 1347//5 1348//5 1346//5
f 1344//5 1347//5 1346//5
f 1342//5 1347//5 1344//5
f 1334//5 1347//5 1342//5
f 1340//5 1334//5 1342//5
f 1338//5 1334//5 1340//5
f 1334//5 1338//5 1336//5
f 1332//5 1334//5 1336//5
f 1330//5 1334//5 1332//5
f 1334//5 1330//5 1328//5
f 1326//5 1334//5 1328//5
f 1324//5 1334//5 1326//5
f 1334//5 1324//5 1322//5
f 1320//5 1334//5 1322//5
f 1318//5 1334//5 1320//5
f 1307//5 1334//5 1318//5
f 1316//5 1307//5 1318//5
f 1314//5 1307//5 1316//5
f 1307//5 1314//5 1312//5
f 1308//5 1307//5 1312//5
f 1304//5 1307//5 1308//5
f 1307//5 1304//5 1302//5
f 1298//5 1307//5 1302//5
f 1296//5 1307//5 1298//5
f 1301//5 1307//5 1296//5
f 1294//5 1301//5 1296//5
f 1292//5 1301//5 1294//5
f 1267//5 1301//5 1292//5
f 1290//5 1267//5 1292//5
f 1268//5 1267//5 1290//5
f 1288//5 1268//5 1290//5
f 1286//5 1268//5 1288//5
f 1268//5 1286//5 1284//5
f 1282//5 1268//5 1284//5
f 1280//5 1268//5 1282//5
f 1268//5 1280//5 1278//5
f 1276//5 1268//5 1278//5
f 1265//5 1268//5 1276//5
f 1274//5 1265//5 1276//5
f 1263//5 1265//5 1274//5
f 1272//5 1263//5 1274//5
f 1261//5 1263//5 1272//5
f 1269//5 1261//5 1272//5
f 1259//5 1261//5 1269//5
f 1301//5 1300//5 1306//5
f 1307//5 1301//5 1306//5
f 1579//4 1577//4 1637//4
f 1647//4 1579//4 1637//4
f 1580//5 1578//5 1577//5
f 1579//5 1580//5 1577//5
f 1542//43 1420//43 1421//43
f 1578//391 1542//43 1421//43
f 1544//43 1542//43 1578//391
f 1546//43 1544//43 1578//391
f 1548//43 1546//43 1578//391
f 1550//43 1548//43 1578//391
f 1552//674 1550//43 1578//391
f 1554//43 1552//674 1578//391
f 1556//43 1554//43 1578//391
f 1558//43 1556//43 1578//391
f 1560//43 1558//43 1578//391
f 1562//43 1560//43 1578//391
f 1564//43 1562//43 1578//391
f 1566//43 1564//43 1578//391
f 1568//43 1566//43 1578//391
f 1570//43 1568//43 1578//391
f 1572//390 1570//43 1578//391
f 1576//390 1572//390 1578//391
f 1532//47 1531//47 1589//47
f 1637//47 1532//47 1589//47
f 1590//47 1637//47 1589//47
f 1591//47 1637//47 1590//47
f 1637//47 1591//47 1592//47
f 1593//47 1637//47 1592//47
f 1594//47 1637//47 1593//47
f 1637//47 1594//47 1595//47
f 1596//47 1637//47 1595//47
f 1597//47 1637//47 1596//47
f 1637//47 1597//47 1598//47
f 1599//47 1637//47 1598//47
f 1600//47 1637//47 1599//47
f 1637//47 1600//47 1601//47
f 1602//47 1637//47 1601//47
f 1603//389 1637//47 1602//47
f 1637//47 1603//389 1604//389
f 1607//389 1637//47 1604//389
f 1197//2 1195//2 1196//2
f 1198//2 1197//2 1196//2
f 1198//3 1196//3 1119//3
f 1124//3 1198//3 1119//3
f 1229//47 1350//47 1351//47
f 1195//47 1229//47 1351//47
f 1227//47 1229//47 1195//47
f 1225//47 1227//47 1195//47
f 1223//47 1225//47 1195//47
f 1221//47 1223//47 1195//47
f 1219//47 1221//47 1195//47
f 1217//47 1219//47 1195//47
f 1215//47 1217//47 1195//47
f 1213//47 1215//47 1195//47
f 1211//47 1213//47 1195//47
f 1209//47 1211//47 1195//47
f 1207//47 1209//47 1195//47
f 1205//47 1207//47 1195//47
f 1203//47 1205//47 1195//47
f 1201//49 1203//47 1195//47
f 1199//49 1201//49 1195//47
f 1193//675 1199//49 1195//47
f 1240//676 1239//676 1182//677
f 1119//678 1240//676 1182//677
f 1181//43 1119//678 1182//677
f 1180//43 1119//678 1181//43
f 1119//678 1180//43 1179//43
f 1178//43 1119//678 1179//43
f 1177//43 1119//678 1178//43
f 1119//678 1177//43 1176//43
f 1175//43 1119//678 1176//43
f 1174//43 1119//678 1175//43
f 1119//678 1174//43 1173//43
f 1172//43 1119//678 1173//43
f 1171//43 1119//678 1172//43
f 1119//678 1171//43 1170//43
f 1169//43 1119//678 1170//43
f 1168//43 1119//678 1169//43
f 1119//678 1168//43 1167//43
f 1089//43 1119//678 1167//43
f 1088//4 1574//4 1576//4
f 1578//4 1088//4 1576//4
f 1129//4 1088//4 1578//4
f 1580//4 1129//4 1578//4
f 1573//39 1574//39 1415//39
f 1414//39 1573//39 1415//39
f 1536//39 1573//39 1414//39
f 1399//39 1536//39 1414//39
f 1535//39 1536//39 1399//39
f 1423//39 1535//39 1399//39
f 1583//39 1535//39 1423//39
f 1582//39 1583//39 1423//39
f 1606//39 1583//39 1582//39
f 1605//39 1606//39 1582//39
f 1581//39 1605//39 1582//39
f 1533//39 1605//39 1581//39
f 1355//39 1415//39 1574//39
f 1088//39 1355//39 1574//39
f 1354//39 1355//39 1088//39
f 1234//39 1354//39 1088//39
f 1369//39 1354//39 1234//39
f 1233//39 1369//39 1234//39
f 1256//39 1369//39 1233//39
f 1185//39 1256//39 1233//39
f 1184//39 1256//39 1185//39
f 1087//39 1184//39 1185//39
f 1183//39 1184//39 1087//39
f 1192//39 1183//39 1087//39
f 1231//39 1183//39 1192//39
f 1353//39 1231//39 1192//39
f 1368//39 1231//39 1353//39
f 1413//39 1368//39 1353//39
f 1398//39 1368//39 1413//39
f 1533//39 1398//39 1413//39
f 1534//39 1398//39 1533//39
f 1088//39 1087//39 1185//39
f 1186//39 1088//39 1185//39
f 1234//39 1088//39 1186//39
f 1352//39 1353//39 1192//39
f 1191//39 1352//39 1192//39
f 1412//39 1352//39 1191//39
f 1605//39 1412//39 1191//39
f 1413//39 1412//39 1605//39
f 1533//39 1413//39 1605//39
f 1584//39 1583//39 1606//39
f 1573//39 1584//39 1606//39
f 1536//39 1584//39 1573//39
f 1422//39 1398//39 1534//39
f 1582//39 1422//39 1534//39
f 1423//39 1422//39 1582//39
f 1399//39 1414//39 1354//39
f 1369//39 1399//39 1354//39
f 1398//39 1399//39 1369//39
f 1368//39 1398//39 1369//39
f 1232//39 1231//39 1368//39
f 1255//39 1232//39 1368//39
f 1184//39 1232//39 1255//39
f 1256//39 1184//39 1255//39
f 1605//3 1191//3 1193//3
f 1195//3 1605//3 1193//3
f 1642//3 1605//3 1195//3
f 1197//3 1642//3 1195//3
f 1189//39 1237//39 1238//39
f 1190//39 1189//39 1238//39
f 1237//2 1233//2 1234//2
f 1238//2 1237//2 1234//2
f 1335//679 1348//679 1166//679
f 1153//679 1335//679 1166//679
f 1119//2 1089//2 1109//2
f 1111//2 1119//2 1109//2
f 1113//2 1119//2 1111//2
f 1089//2 1087//2 1097//2
f 1099//2 1089//2 1097//2
f 1101//2 1089//2 1099//2
f 1087//2 1088//2 1090//2
f 1091//2 1087//2 1090//2
f 1093//2 1087//2 1091//2
f 1088//2 1129//2 1110//2
f 1108//2 1088//2 1110//2
f 1106//2 1088//2 1108//2
f 1129//2 1128//2 1116//2
f 1114//2 1129//2 1116//2
f 1112//2 1129//2 1114//2
f 1128//2 1153//2 1137//2
f 1135//2 1128//2 1137//2
f 1133//2 1128//2 1135//2
f 1153//2 1166//2 1161//2
f 1159//2 1153//2 1161//2
f 1157//2 1153//2 1159//2
f 1166//2 1165//2 1164//2
f 1163//2 1166//2 1164//2
f 1161//2 1166//2 1163//2
f 1165//2 1152//2 1160//2
f 1162//2 1165//2 1160//2
f 1164//2 1165//2 1162//2
f 1152//2 1125//2 1136//2
f 1138//2 1152//2 1136//2
f 1140//2 1152//2 1138//2
f 1125//2 1124//2 1119//2
f 1115//2 1125//2 1119//2
f 1117//2 1125//2 1115//2
f 1128//2 1131//2 1127//2
f 1123//2 1128//2 1127//2
f 1121//2 1128//2 1123//2
f 1128//2 1121//2 1118//2
f 1116//2 1128//2 1118//2
f 1129//2 1112//2 1110//2
f 1088//2 1106//2 1104//2
f 1102//2 1088//2 1104//2
f 1100//2 1088//2 1102//2
f 1088//2 1100//2 1098//2
f 1096//2 1088//2 1098//2
f 1094//2 1088//2 1096//2
f 1088//2 1094//2 1092//2
f 1090//2 1088//2 1092//2
f 1087//2 1093//2 1095//2
f 1097//2 1087//2 1095//2
f 1089//2 1101//2 1103//2
f 1105//2 1089//2 1103//2
f 1107//2 1089//2 1105//2
f 1089//2 1107//2 1109//2
f 1119//2 1113//2 1115//2
f 1125//2 1117//2 1120//2
f 1122//2 1125//2 1120//2
f 1126//2 1125//2 1122//2
f 1125//2 1126//2 1130//2
f 1132//2 1125//2 1130//2
f 1134//2 1125//2 1132//2
f 1125//2 1134//2 1136//2
f 1152//2 1140//2 1142//2
f 1144//2 1152//2 1142//2
f 1146//2 1152//2 1144//2
f 1152//2 1146//2 1148//2
f 1150//2 1152//2 1148//2
f 1154//2 1152//2 1150//2
f 1152//2 1154//2 1156//2
f 1158//2 1152//2 1156//2
f 1160//2 1152//2 1158//2
f 1153//2 1157//2 1155//2
f 1151//2 1153//2 1155//2
f 1149//2 1153//2 1151//2
f 1153//2 1149//2 1147//2
f 1145//2 1153//2 1147//2
f 1143//2 1153//2 1145//2
f 1153//2 1143//2 1141//2
f 1139//2 1153//2 1141//2
f 1137//2 1153//2 1139//2
f 1128//2 1133//2 1131//2
f 1166//1 1348//1 1347//1
f 1165//1 1166//1 1347//1
f 1347//680 1334//680 1152//680
f 1165//680 1347//680 1152//680
f 1671//679 1684//679 1515//679
f 1502//679 1671//679 1515//679
f 1515//1 1684//1 1683//1
f 1514//1 1515//1 1683//1
f 1683//680 1670//680 1501//680
f 1514//680 1683//680 1501//680
f 1369//681 1256//681 1258//681
f 1371//681 1369//681 1258//681
f 1260//682 1371//682 1258//682
f 1373//682 1371//682 1260//682
f 1262//683 1373//683 1260//683
f 1375//683 1373//683 1262//683
f 1264//684 1375//684 1262//684
f 1377//684 1375//684 1264//684
f 1266//685 1377//686 1264//686
f 1379//687 1377//686 1266//685
f 1270//688 1379//688 1266//688
f 1383//689 1379//688 1270//688
f 1255//690 1368//690 1370//690
f 1257//691 1255//690 1370//690
f 1372//692 1257//692 1370//692
f 1259//692 1257//692 1372//692
f 1374//693 1259//693 1372//693
f 1261//693 1259//693 1374//693
f 1263//694 1261//694 1374//694
f 1376//695 1263//694 1374//694
f 1378//696 1263//696 1376//696
f 1265//696 1263//696 1378//696
f 1382//697 1265//697 1378//698
f 1268//699 1265//697 1382//697
f 1370//2 1368//2 1369//2
f 1371//2 1370//2 1369//2
f 1372//2 1370//2 1371//2
f 1373//2 1372//2 1371//2
f 1374//2 1372//2 1373//2
f 1375//2 1374//2 1373//2
f 1376//2 1374//2 1375//2
f 1377//2 1376//2 1375//2
f 1378//2 1376//2 1377//2
f 1379//2 1378//2 1377//2
f 1382//2 1378//2 1379//2
f 1383//2 1382//2 1379//2
f 1398//690 1422//691 1424//691
f 1400//691 1398//690 1424//691
f 1426//692 1400//692 1424//692
f 1402//692 1400//692 1426//692
f 1428//693 1402//693 1426//693
f 1404//693 1402//693 1428//693
f 1430//694 1404//694 1428//694
f 1406//695 1404//694 1430//694
f 1432//696 1406//696 1430//696
f 1408//696 1406//696 1432//696
f 1435//697 1408//697 1432//698
f 1410//699 1408//697 1435//697
f 1423//681 1399//681 1401//681
f 1425//681 1423//681 1401//681
f 1403//682 1425//682 1401//682
f 1427//682 1425//682 1403//682
f 1405//683 1427//683 1403//683
f 1429//683 1427//683 1405//683
f 1431//684 1429//684 1405//684
f 1407//684 1431//684 1405//684
f 1409//687 1431//687 1407//687
f 1433//687 1431//687 1409//687
f 1411//688 1433//688 1409//688
f 1437//689 1433//688 1411//688
f 1401//5 1399//5 1398//5
f 1400//5 1401//5 1398//5
f 1403//5 1401//5 1400//5
f 1402//5 1403//5 1400//5
f 1405//5 1403//5 1402//5
f 1404//5 1405//5 1402//5
f 1407//5 1405//5 1404//5
f 1406//5 1407//5 1404//5
f 1409//5 1407//5 1406//5
f 1408//5 1409//5 1406//5
f 1411//5 1409//5 1408//5
f 1410//5 1411//5 1408//5
f 1125//3 1152//3 1334//3
f 1307//3 1125//3 1334//3
f 1335//4 1153//4 1128//4
f 1310//4 1335//4 1128//4
f 1671//4 1502//4 1477//4
f 1646//4 1671//4 1477//4
f 1127//700 1131//701 1313//702
f 1309//701 1127//700 1313//702
f 1123//703 1127//704 1309//705
f 1305//704 1123//703 1309//705
f 1121//706 1123//706 1305//706
f 1303//706 1121//706 1305//706
f 1118//707 1121//707 1303//707
f 1299//708 1118//707 1303//707
f 1116//709 1118//709 1299//709
f 1297//709 1116//709 1299//709
f 1114//710 1116//711 1297//710
f 1295//711 1114//710 1297//710
f 1112//712 1114//713 1295//712
f 1293//712 1112//712 1295//712
f 1110//714 1112//714 1293//714
f 1291//714 1110//714 1293//714
f 1108//715 1110//715 1291//716
f 1289//716 1108//715 1291//716
f 1106//395 1108//717 1289//395
f 1287//717 1106//395 1289//395
f 1104//718 1106//719 1287//719
f 1285//720 1104//718 1287//719
f 1102//721 1104//721 1285//721
f 1283//721 1102//721 1285//721
f 1100//722 1102//722 1283//722
f 1281//722 1100//722 1283//722
f 1098//723 1100//724 1281//723
f 1279//724 1098//723 1281//723
f 1096//725 1098//725 1279//725
f 1277//725 1096//725 1279//725
f 1094//726 1096//727 1277//726
f 1275//727 1094//726 1277//726
f 1092//728 1094//728 1275//728
f 1273//728 1092//728 1275//728
f 1090//729 1092//729 1273//729
f 1269//729 1090//729 1273//729
f 1091//730 1090//730 1269//730
f 1272//730 1091//730 1269//730
f 1093//731 1091//731 1272//731
f 1274//731 1093//731 1272//731
f 1095//732 1093//733 1274//732
f 1276//732 1095//732 1274//732
f 1097//734 1095//734 1276//734
f 1278//734 1097//734 1276//734
f 1099//735 1097//735 1278//735
f 1280//735 1099//735 1278//735
f 1101//736 1099//736 1280//736
f 1282//736 1101//736 1280//736
f 1103//737 1101//737 1282//737
f 1284//737 1103//737 1282//737
f 1105//738 1103//739 1284//739
f 1286//740 1105//738 1284//739
f 1107//741 1105//741 1286//394
f 1288//394 1107//741 1286//394
f 1109//742 1107//742 1288//743
f 1290//743 1109//742 1288//743
f 1111//744 1109//744 1290//744
f 1292//745 1111//744 1290//744
f 1113//746 1111//747 1292//747
f 1294//748 1113//746 1292//747
f 1115//749 1113//750 1294//750
f 1296//749 1115//749 1294//750
f 1117//751 1115//751 1296//751
f 1298//751 1117//751 1296//751
f 1120//752 1117//753 1298//752
f 1302//752 1120//752 1298//752
f 1122//754 1120//754 1302//754
f 1304//754 1122//754 1302//754
f 1126//755 1122//756 1304//757
f 1308//756 1126//755 1304//757
f 1130//758 1126//759 1308//760
f 1312//759 1130//758 1308//760
f 1132//761 1130//761 1312//761
f 1314//761 1132//761 1312//761
f 1134//762 1132//763 1314//762
f 1316//763 1134//762 1314//762
f 1136//764 1134//764 1316//764
f 1318//764 1136//764 1316//764
f 1138//765 1136//765 1318//765
f 1320//765 1138//765 1318//765
f 1140//766 1138//767 1320//766
f 1322//766 1140//766 1320//766
f 1142//768 1140//769 1322//768
f 1324//769 1142//768 1322//768
f 1144//770 1142//770 1324//770
f 1326//770 1144//770 1324//770
f 1146//771 1144//772 1326//771
f 1328//771 1146//771 1326//771
f 1148//773 1146//774 1328//775
f 1330//773 1148//773 1328//775
f 1150//776 1148//776 1330//776
f 1332//776 1150//776 1330//776
f 1154//777 1150//777 1332//777
f 1336//777 1154//777 1332//777
f 1156//778 1154//778 1336//778
f 1338//778 1156//778 1336//778
f 1158//779 1156//779 1338//779
f 1340//779 1158//779 1338//779
f 1160//780 1158//780 1340//780
f 1342//780 1160//780 1340//780
f 1162//781 1160//781 1342//781
f 1344//781 1162//781 1342//781
f 1164//782 1162//783 1344//782
f 1346//783 1164//782 1344//782
f 1163//784 1164//784 1346//784
f 1345//784 1163//784 1346//784
f 1161//785 1163//785 1345//785
f 1343//785 1161//785 1345//785
f 1159//786 1161//786 1343//786
f 1341//786 1159//786 1343//786
f 1157//787 1159//788 1341//787
f 1339//788 1157//787 1341//787
f 1155//789 1157//790 1339//789
f 1337//789 1155//789 1339//789
f 1151//791 1155//791 1337//791
f 1333//791 1151//791 1337//791
f 1149//792 1151//792 1333//792
f 1331//792 1149//792 1333//792
f 1147//793 1149//794 1331//795
f 1329//793 1147//793 1331//795
f 1145//534 1147//534 1329//534
f 1327//796 1145//534 1329//534
f 1143//797 1145//797 1327//797
f 1325//797 1143//797 1327//797
f 1141//798 1143//799 1325//798
f 1323//798 1141//798 1325//798
f 1139//800 1141//801 1323//802
f 1321//801 1139//800 1323//802
f 1137//803 1139//804 1321//803
f 1319//804 1137//803 1321//803
f 1135//805 1137//805 1319//806
f 1317//806 1135//805 1319//806
f 1133//807 1135//808 1317//807
f 1315//807 1133//807 1317//807
f 1131//809 1133//809 1315//809
f 1313//809 1131//809 1315//809
f 1501//3 1670//3 1643//3
f 1474//3 1501//3 1643//3
f 1436//729 1440//729 1610//729
f 1608//729 1436//729 1610//729
f 1439//730 1436//730 1608//730
f 1609//730 1439//730 1608//730
f 1441//731 1439//731 1609//731
f 1611//731 1441//731 1609//731
f 1443//732 1441//733 1611//732
f 1613//733 1443//732 1611//732
f 1445//734 1443//734 1613//734
f 1615//734 1445//734 1613//734
f 1447//735 1445//735 1615//735
f 1617//735 1447//735 1615//735
f 1449//736 1447//736 1617//736
f 1619//736 1449//736 1617//736
f 1451//737 1449//737 1619//737
f 1621//737 1451//737 1619//737
f 1453//740 1451//740 1621//740
f 1623//740 1453//740 1621//740
f 1455//394 1453//394 1623//394
f 1625//394 1455//394 1623//394
f 1457//742 1455//742 1625//743
f 1627//743 1457//742 1625//743
f 1459//745 1457//744 1627//745
f 1629//744 1459//745 1627//745
f 1461//747 1459//810 1629//810
f 1631//747 1461//747 1629//810
f 1463//749 1461//750 1631//750
f 1633//749 1463//749 1631//750
f 1465//751 1463//751 1633//751
f 1635//751 1465//751 1633//751
f 1469//752 1465//752 1635//752
f 1638//811 1469//752 1635//752
f 1471//754 1469//754 1638//812
f 1640//812 1471//754 1638//812
f 1475//757 1471//755 1640//757
f 1644//756 1475//757 1640//757
f 1479//758 1475//759 1644//813
f 1648//759 1479//758 1644//813
f 1481//761 1479//761 1648//761
f 1650//761 1481//761 1648//761
f 1483//762 1481//762 1650//762
f 1652//763 1483//762 1650//762
f 1485//764 1483//764 1652//764
f 1654//764 1485//764 1652//764
f 1487//765 1485//765 1654//765
f 1656//765 1487//765 1654//765
f 1489//767 1487//766 1656//767
f 1658//766 1489//767 1656//767
f 1491//769 1489//769 1658//768
f 1660//768 1491//769 1658//768
f 1493//770 1491//770 1660//770
f 1662//770 1493//770 1660//770
f 1495//771 1493//771 1662//536
f 1664//536 1495//771 1662//536
f 1497//774 1495//774 1664//774
f 1666//774 1497//774 1664//774
f 1499//776 1497//776 1666//776
f 1668//776 1499//776 1666//776
f 1503//777 1499//777 1668//777
f 1672//777 1503//777 1668//777
f 1505//778 1503//778 1672//778
f 1674//778 1505//778 1672//778
f 1507//779 1505//779 1674//779
f 1676//779 1507//779 1674//779
f 1509//780 1507//780 1676//780
f 1678//780 1509//780 1676//780
f 1511//781 1509//781 1678//781
f 1680//781 1511//781 1678//781
f 1513//782 1511//782 1680//782
f 1682//782 1513//782 1680//782
f 1512//784 1513//784 1682//784
f 1681//784 1512//784 1682//784
f 1510//785 1512//785 1681//785
f 1679//785 1510//785 1681//785
f 1508//786 1510//786 1679//786
f 1677//786 1508//786 1679//786
f 1506//787 1508//787 1677//787
f 1675//787 1506//787 1677//787
f 1504//790 1506//789 1675//789
f 1673//790 1504//790 1675//789
f 1500//791 1504//791 1673//791
f 1669//791 1500//791 1673//791
f 1498//792 1500//792 1669//792
f 1667//792 1498//792 1669//792
f 1496//794 1498//795 1667//793
f 1665//794 1496//794 1667//793
f 1494//534 1496//534 1665//534
f 1663//814 1494//534 1665//534
f 1492//797 1494//797 1663//797
f 1661//797 1492//797 1663//797
f 1490//798 1492//798 1661//799
f 1659//799 1490//798 1661//799
f 1488//800 1490//801 1659//802
f 1657//801 1488//800 1659//802
f 1486//803 1488//804 1657//803
f 1655//803 1486//803 1657//803
f 1484//806 1486//806 1655//806
f 1653//806 1484//806 1655//806
f 1482//807 1484//815 1653//807
f 1651//807 1482//807 1653//807
f 1480//809 1482//809 1651//809
f 1649//809 1480//809 1651//809
f 1476//700 1480//701 1649//816
f 1645//701 1476//700 1649//816
f 1472//705 1476//817 1645//705
f 1641//704 1472//705 1645//705
f 1470//706 1472//706 1641//706
f 1639//706 1470//706 1641//706
f 1466//707 1470//818 1639//818
f 1636//818 1466//707 1639//818
f 1464//709 1466//709 1636//709
f 1634//709 1464//709 1636//709
f 1462//710 1464//711 1634//710
f 1632//710 1462//710 1634//710
f 1460//819 1462//820 1632//819
f 1630//713 1460//819 1632//819
f 1458//714 1460//714 1630//714
f 1628//821 1458//714 1630//714
f 1456//715 1458//715 1628//716
f 1626//716 1456//715 1628//716
f 1454//395 1456//680 1626//395
f 1624//717 1454//395 1626//395
f 1452//720 1454//720 1624//718
f 1622//719 1452//720 1624//718
f 1450//721 1452//721 1622//721
f 1620//721 1450//721 1622//721
f 1448//722 1450//722 1620//722
f 1618//722 1448//722 1620//722
f 1446//723 1448//723 1618//723
f 1616//724 1446//723 1618//723
f 1444//725 1446//725 1616//725
f 1614//725 1444//725 1616//725
f 1442//726 1444//727 1614//726
f 1612//727 1442//726 1614//726
f 1440//728 1442//728 1612//728
f 1610//728 1440//728 1612//728
f 1637//5 1607//5 1628//5
f 1630//5 1637//5 1628//5
f 1632//5 1637//5 1630//5
f 1607//5 1606//5 1616//5
f 1618//5 1607//5 1616//5
f 1620//5 1607//5 1618//5
f 1606//5 1605//5 1608//5
f 1610//5 1606//5 1608//5
f 1612//5 1606//5 1610//5
f 1605//5 1642//5 1627//5
f 1625//5 1605//5 1627//5
f 1623//5 1605//5 1625//5
f 1642//5 1643//5 1633//5
f 1631//5 1642//5 1633//5
f 1629//5 1642//5 1631//5
f 1643//5 1670//5 1654//5
f 1652//5 1643//5 1654//5
f 1650//5 1643//5 1652//5
f 1670//5 1683//5 1678//5
f 1676//5 1670//5 1678//5
f 1674//5 1670//5 1676//5
f 1683//5 1684//5 1682//5
f 1680//5 1683//5 1682//5
f 1678//5 1683//5 1680//5
f 1684//5 1671//5 1679//5
f 1681//5 1684//5 1679//5
f 1682//5 1684//5 1681//5
f 1671//5 1646//5 1655//5
f 1657//5 1671//5 1655//5
f 1659//5 1671//5 1657//5
f 1646//5 1647//5 1637//5
f 1634//5 1646//5 1637//5
f 1636//5 1646//5 1634//5
f 1646//5 1641//5 1645//5
f 1649//5 1646//5 1645//5
f 1651//5 1646//5 1649//5
f 1646//5 1651//5 1653//5
f 1655//5 1646//5 1653//5
f 1671//5 1659//5 1661//5
f 1663//5 1671//5 1661//5
f 1665//5 1671//5 1663//5
f 1671//5 1665//5 1667//5
f 1669//5 1671//5 1667//5
f 1673//5 1671//5 1669//5
f 1671//5 1673//5 1675//5
f 1677//5 1671//5 1675//5
f 1679//5 1671//5 1677//5
f 1670//5 1674//5 1672//5
f 1668//5 1670//5 1672//5
f 1666//5 1670//5 1668//5
f 1670//5 1666//5 1664//5
f 1662//5 1670//5 1664//5
f 1660//5 1670//5 1662//5
f 1670//5 1660//5 1658//5
f 1656//5 1670//5 1658//5
f 1654//5 1670//5 1656//5
f 1643//5 1650//5 1648//5
f 1644//5 1643//5 1648//5
f 1640//5 1643//5 1644//5
f 1643//5 1640//5 1638//5
f 1635//5 1643//5 1638//5
f 1633//5 1643//5 1635//5
f 1642//5 1629//5 1627//5
f 1605//5 1623//5 1621//5
f 1619//5 1605//5 1621//5
f 1617//5 1605//5 1619//5
f 1605//5 1617//5 1615//5
f 1613//5 1605//5 1615//5
f 1611//5 1605//5 1613//5
f 1605//5 1611//5 1609//5
f 1608//5 1605//5 1609//5
f 1606//5 1612//5 1614//5
f 1616//5 1606//5 1614//5
f 1607//5 1620//5 1622//5
f 1624//5 1607//5 1622//5
f 1626//5 1607//5 1624//5
f 1607//5 1626//5 1628//5
f 1637//5 1632//5 1634//5
f 1646//5 1636//5 1639//5
f 1641//5 1646//5 1639//5
f 1185//5 1189//5 1190//5
f 1186//5 1185//5 1190//5
f 1539//4 1535//4 1583//4
f 1587//4 1539//4 1583//4
f 1587//2 1583//2 1584//2
f 1588//2 1587//2 1584//2
f 1588//3 1584//3 1536//3
f 1540//3 1588//3 1536//3
f 1540//5 1536//5 1535//5
f 1539//5 1540//5 1535//5
f 1588//39 1540//39 1539//39
f 1587//39 1588//39 1539//39
f 1235//2 1231//2 1232//2
f 1236//2 1235//2 1232//2
f 1236//3 1232//3 1184//3
f 1188//3 1236//3 1184//3
f 1188//5 1184//5 1183//5
f 1187//5 1188//5 1183//5
f 1187//4 1183//4 1231//4
f 1235//4 1187//4 1231//4
f 1187//39 1235//39 1236//39
f 1188//39 1187//39 1236//39
f 1419//3 1415//3 1355//3
f 1359//3 1419//3 1355//3
f 1359//5 1355//5 1354//5
f 1358//5 1359//5 1354//5
f 1358//4 1354//4 1414//4
f 1418//4 1358//4 1414//4
f 1418//2 1414//2 1415//2
f 1419//2 1418//2 1415//2
f 1358//39 1418//39 1419//39
f 1359//39 1358//39 1419//39
f 1585//2 1581//2 1582//2
f 1586//2 1585//2 1582//2
f 1586//3 1582//3 1534//3
f 1538//3 1586//3 1534//3
f 1538//5 1534//5 1533//5
f 1537//5 1538//5 1533//5
f 1537//4 1533//4 1581//4
f 1585//4 1537//4 1581//4
f 1537//39 1585//39 1586//39
f 1538//39 1537//39 1586//39
f 1416//2 1412//2 1413//2
f 1417//2 1416//2 1413//2
f 1417//3 1413//3 1353//3
f 1357//3 1417//3 1353//3
f 1357//5 1353//5 1352//5
f 1356//5 1357//5 1352//5
f 1356//4 1352//4 1412//4
f 1416//4 1356//4 1412//4
f 1356//39 1416//39 1417//39
f 1357//39 1356//39 1417//39
f 1189//4 1185//4 1233//4
f 1237//4 1189//4 1233//4
f 1238//3 1234//3 1186//3
f 1190//3 1238//3 1186//3
f 1792//2 1790//2 1791//2
f 1793//2 1792//2 1791//2
f 1761//5 1759//5 1758//5
f 1760//5 1761//5 1758//5
f 1726//39 1758//39 1759//39
f 1727//39 1726//39 1759//39
f 1791//39 1790//39 1818//39
f 1819//39 1791//39 1818//39
f 1760//3 1758//3 1726//3
f 1728//3 1760//3 1726//3
f 1790//3 1792//3 1820//3
f 1818//3 1790//3 1820//3
f 1824//1 1732//1 1733//1
f 1825//1 1824//1 1733//1
f 1793//4 1791//4 1819//4
f 1821//4 1793//4 1819//4
f 1831//4 1793//4 1821//4
f 1855//4 1831//4 1821//4
f 1841//4 1831//4 1855//4
f 1843//4 1841//4 1855//4
f 1845//822 1843//4 1855//4
f 1835//823 1843//4 1845//822
f 1845//822 1855//4 1857//4
f 1847//4 1845//822 1857//4
f 1849//4 1847//4 1857//4
f 1837//4 1847//4 1849//4
f 1857//4 1823//4 1827//4
f 1851//4 1857//4 1827//4
f 1849//4 1857//4 1851//4
f 1789//4 1827//4 1823//4
f 1825//4 1789//4 1823//4
f 1763//4 1789//4 1825//4
f 1733//4 1763//4 1825//4
f 1731//4 1763//4 1733//4
f 1725//4 1763//4 1731//4
f 1688//4 1725//4 1731//4
f 1711//4 1725//4 1688//4
f 1709//4 1711//4 1688//4
f 1707//4 1709//4 1688//4
f 1715//4 1709//4 1707//4
f 1723//4 1715//4 1707//4
f 1737//4 1715//4 1723//4
f 1745//4 1737//4 1723//4
f 1747//4 1737//4 1745//4
f 1755//4 1747//4 1745//4
f 1763//4 1747//4 1755//4
f 1771//4 1763//4 1755//4
f 1789//4 1763//4 1771//4
f 1797//4 1789//4 1771//4
f 1807//4 1789//4 1797//4
f 1805//4 1807//4 1797//4
f 1815//4 1807//4 1805//4
f 1829//4 1815//4 1805//4
f 1837//4 1815//4 1829//4
f 1847//4 1837//4 1829//4
f 1704//824 1707//4 1688//4
f 1686//4 1704//824 1688//4
f 1701//4 1704//824 1686//4
f 1699//4 1701//4 1686//4
f 1697//4 1699//4 1686//4
f 1719//4 1697//4 1686//4
f 1739//4 1697//4 1719//4
f 1749//4 1739//4 1719//4
f 1751//4 1739//4 1749//4
f 1757//4 1751//4 1749//4
f 1767//4 1751//4 1757//4
f 1779//4 1767//4 1757//4
f 1773//4 1767//4 1779//4
f 1785//4 1773//4 1779//4
f 1799//4 1773//4 1785//4
f 1811//4 1799//4 1785//4
f 1809//4 1799//4 1811//4
f 1817//4 1809//4 1811//4
f 1829//4 1809//4 1817//4
f 1847//4 1829//4 1817//4
f 1719//4 1686//4 1729//4
f 1761//4 1719//4 1729//4
f 1769//4 1719//4 1761//4
f 1793//4 1769//4 1761//4
f 1783//4 1769//4 1793//4
f 1831//4 1783//4 1793//4
f 1729//4 1727//4 1759//4
f 1761//4 1729//4 1759//4
f 1769//4 1757//4 1749//4
f 1741//4 1767//4 1753//4
f 1743//4 1741//4 1753//4
f 1735//4 1741//4 1743//4
f 1723//4 1735//4 1743//4
f 1707//4 1735//4 1723//4
f 1739//4 1751//4 1721//4
f 1701//4 1739//4 1721//4
f 1717//825 1701//4 1721//4
f 1704//824 1701//4 1717//825
f 1735//4 1717//825 1721//4
f 1741//4 1735//4 1721//4
f 1725//4 1711//4 1737//4
f 1747//4 1725//4 1737//4
f 1815//4 1851//4 1827//4
f 1807//4 1815//4 1827//4
f 1775//4 1755//4 1765//4
f 1777//4 1775//4 1765//4
f 1787//4 1775//4 1777//4
f 1799//4 1787//4 1777//4
f 1809//4 1787//4 1799//4
f 1787//4 1805//4 1797//4
f 1775//4 1787//4 1797//4
f 1767//4 1773//4 1753//4
f 1765//4 1743//4 1753//4
f 1777//4 1765//4 1753//4
f 1785//4 1779//4 1795//4
f 1801//4 1785//4 1795//4
f 1803//4 1801//4 1795//4
f 1813//4 1801//4 1803//4
f 1831//4 1813//4 1803//4
f 1841//4 1813//4 1831//4
f 1783//4 1803//4 1795//4
f 1781//4 1783//4 1795//4
f 1769//4 1783//4 1781//4
f 1757//4 1769//4 1781//4
f 1833//4 1801//4 1813//4
f 1843//4 1833//4 1813//4
f 1835//823 1833//4 1843//4
f 1817//4 1811//4 1833//4
f 1835//823 1817//4 1833//4
f 1755//4 1745//4 1765//4
f 1731//2 1733//2 1732//2
f 1730//2 1731//2 1732//2
f 1685//2 1686//2 1688//2
f 1687//2 1685//2 1688//2
f 1686//39 1685//39 1690//39
f 1729//39 1686//39 1690//39
f 1728//39 1729//39 1690//39
f 1689//39 1728//39 1690//39
f 1760//39 1728//39 1689//39
f 1792//39 1760//39 1689//39
f 1793//39 1760//39 1792//39
f 1792//39 1689//39 1859//39
f 1820//39 1792//39 1859//39
f 1854//39 1820//39 1859//39
f 1855//39 1820//39 1854//39
f 1859//39 1858//39 1866//39
f 1862//39 1859//39 1866//39
f 1854//39 1859//39 1862//39
f 1862//39 1866//39 1867//39
f 1863//39 1862//39 1867//39
f 1820//39 1855//39 1821//39
f 1760//39 1793//39 1761//39
f 1766//3 1740//3 1752//3
f 1772//3 1766//3 1752//3
f 1778//3 1766//3 1772//3
f 1784//3 1778//3 1772//3
f 1794//3 1778//3 1784//3
f 1800//3 1794//3 1784//3
f 1802//3 1794//3 1800//3
f 1812//3 1802//3 1800//3
f 1830//3 1802//3 1812//3
f 1840//3 1830//3 1812//3
f 1839//3 1830//3 1840//3
f 1740//3 1720//3 1734//3
f 1742//3 1740//3 1734//3
f 1752//3 1740//3 1742//3
f 1764//3 1752//3 1742//3
f 1776//3 1752//3 1764//3
f 1774//3 1776//3 1764//3
f 1786//3 1776//3 1774//3
f 1796//3 1786//3 1774//3
f 1804//3 1786//3 1796//3
f 1806//3 1804//3 1796//3
f 1814//3 1804//3 1806//3
f 1826//3 1814//3 1806//3
f 1850//3 1814//3 1826//3
f 1853//3 1850//3 1826//3
f 1720//3 1750//3 1738//3
f 1700//3 1720//3 1738//3
f 1716//3 1720//3 1700//3
f 1703//3 1716//3 1700//3
f 1750//3 1766//3 1756//3
f 1748//3 1750//3 1756//3
f 1738//3 1750//3 1748//3
f 1718//3 1738//3 1748//3
f 1696//3 1738//3 1718//3
f 1694//3 1696//3 1718//3
f 1754//3 1774//3 1764//3
f 1744//3 1754//3 1764//3
f 1746//3 1754//3 1744//3
f 1736//3 1746//3 1744//3
f 1724//3 1746//3 1736//3
f 1710//3 1724//3 1736//3
f 1713//3 1724//3 1710//3
f 1788//3 1806//3 1796//3
f 1770//3 1788//3 1796//3
f 1762//3 1788//3 1770//3
f 1754//3 1762//3 1770//3
f 1746//3 1762//3 1754//3
f 1798//3 1776//3 1786//3
f 1808//3 1798//3 1786//3
f 1810//3 1798//3 1808//3
f 1816//3 1810//3 1808//3
f 1832//3 1810//3 1816//3
f 1834//3 1832//3 1816//3
f 1842//3 1832//3 1834//3
f 1844//3 1842//3 1834//3
f 1816//3 1808//3 1828//3
f 1846//3 1816//3 1828//3
f 1836//3 1846//3 1828//3
f 1848//3 1846//3 1836//3
f 1814//3 1836//3 1828//3
f 1804//3 1814//3 1828//3
f 1784//3 1772//3 1798//3
f 1810//3 1784//3 1798//3
f 1766//3 1778//3 1756//3
f 1768//3 1748//3 1756//3
f 1780//3 1768//3 1756//3
f 1782//3 1768//3 1780//3
f 1794//3 1782//3 1780//3
f 1802//3 1782//3 1794//3
f 1812//3 1800//3 1832//3
f 1842//3 1812//3 1832//3
f 1736//3 1744//3 1722//3
f 1714//3 1736//3 1722//3
f 1706//3 1714//3 1722//3
f 1708//3 1714//3 1706//3
f 1734//3 1706//3 1722//3
f 1742//3 1734//3 1722//3
f 1720//3 1716//3 1734//3
f 1723//826 1722//826 1744//826
f 1745//826 1723//826 1744//826
f 1745//827 1744//827 1764//827
f 1765//827 1745//827 1764//827
f 1785//828 1784//828 1810//828
f 1811//828 1785//828 1810//828
f 1811//827 1810//827 1832//827
f 1833//827 1811//827 1832//827
f 1757//828 1756//828 1778//828
f 1779//828 1757//828 1778//828
f 1779//829 1778//829 1794//829
f 1795//829 1779//829 1794//829
f 1753//830 1752//830 1776//830
f 1777//830 1753//830 1776//830
f 1777//831 1776//831 1798//831
f 1799//831 1777//831 1798//831
f 1829//832 1828//832 1808//832
f 1809//832 1829//832 1808//832
f 1809//833 1808//833 1786//833
f 1787//833 1809//833 1786//833
f 1797//834 1796//834 1774//834
f 1775//834 1797//834 1774//834
f 1775//835 1774//835 1754//835
f 1755//835 1775//835 1754//835
f 1721//836 1720//836 1740//836
f 1741//836 1721//836 1740//836
f 1741//829 1740//829 1766//829
f 1767//829 1741//829 1766//829
f 1711//837 1710//837 1736//837
f 1737//837 1711//837 1736//837
f 1737//834 1736//834 1714//834
f 1715//834 1737//834 1714//834
f 1714//838 1708//838 1709//838
f 1715//838 1714//838 1709//838
f 1707//839 1706//839 1734//839
f 1735//839 1707//839 1734//839
f 1735//834 1734//834 1716//834
f 1717//834 1735//834 1716//834
f 1716//840 1703//840 1704//841
f 1717//841 1716//840 1704//841
f 1701//842 1700//842 1738//842
f 1739//842 1701//842 1738//842
f 1739//843 1738//843 1696//843
f 1697//843 1739//843 1696//843
f 1719//828 1718//828 1748//828
f 1749//828 1719//828 1748//828
f 1749//842 1748//842 1768//842
f 1769//842 1749//842 1768//842
f 1783//844 1782//844 1802//844
f 1803//844 1783//844 1802//844
f 1803//829 1802//829 1830//829
f 1831//829 1803//829 1830//829
f 1699//5 1697//5 1696//5
f 1698//5 1699//5 1696//5
f 1695//5 1698//5 1696//5
f 1817//845 1816//845 1846//845
f 1847//845 1817//845 1846//845
f 1844//846 1834//846 1835//847
f 1845//847 1844//846 1835//847
f 1835//835 1834//835 1816//835
f 1817//835 1835//835 1816//835
f 1743//848 1742//848 1722//848
f 1723//848 1743//848 1722//848
f 1765//849 1764//849 1742//849
f 1743//849 1765//849 1742//849
f 1706//5 1707//5 1704//5
f 1703//5 1706//5 1704//5
f 1705//5 1706//5 1703//5
f 1702//5 1705//5 1703//5
f 1815//826 1814//826 1850//826
f 1851//826 1815//826 1850//826
f 1848//850 1836//850 1837//851
f 1849//851 1848//850 1837//851
f 1837//835 1836//835 1814//835
f 1815//835 1837//835 1814//835
f 1801//852 1800//852 1784//852
f 1785//852 1801//852 1784//852
f 1833//853 1832//853 1800//853
f 1801//853 1833//853 1800//853
f 1841//854 1840//854 1812//854
f 1813//854 1841//854 1812//854
f 1813//844 1812//844 1842//844
f 1843//844 1813//844 1842//844
f 1781//855 1780//855 1756//856
f 1757//856 1781//855 1756//856
f 1795//857 1794//857 1780//858
f 1781//858 1795//857 1780//858
f 1773//854 1772//854 1752//854
f 1753//854 1773//854 1752//854
f 1799//843 1798//843 1772//843
f 1773//843 1799//843 1772//843
f 1805//837 1804//837 1828//837
f 1829//837 1805//837 1828//837
f 1787//836 1786//836 1804//836
f 1805//836 1787//836 1804//836
f 1771//827 1770//827 1796//827
f 1797//827 1771//827 1796//827
f 1755//836 1754//836 1770//836
f 1771//836 1755//836 1770//836
f 1763//834 1762//834 1746//834
f 1747//834 1763//834 1746//834
f 1747//833 1746//833 1724//833
f 1725//833 1747//833 1724//833
f 1827//849 1826//849 1806//849
f 1807//849 1827//849 1806//849
f 1807//835 1806//835 1788//835
f 1789//835 1807//835 1788//835
f 1751//859 1750//859 1720//859
f 1721//859 1751//859 1720//859
f 1767//860 1766//860 1750//860
f 1751//860 1767//860 1750//860
f 1712//39 1852//39 1788//39
f 1762//39 1712//39 1788//39
f 1724//39 1712//39 1762//39
f 1725//39 1724//39 1762//39
f 1763//39 1725//39 1762//39
f 1852//39 1853//39 1826//39
f 1788//39 1852//39 1826//39
f 1826//39 1827//39 1789//39
f 1788//39 1826//39 1789//39
f 1712//39 1724//39 1713//39
f 1712//5 1713//5 1710//5
f 1705//5 1712//5 1710//5
f 1702//5 1712//5 1705//5
f 1708//5 1705//5 1710//5
f 1711//5 1708//5 1710//5
f 1709//5 1708//5 1711//5
f 1705//5 1708//5 1706//5
f 1702//5 1703//5 1700//5
f 1698//5 1702//5 1700//5
f 1693//5 1702//5 1698//5
f 1695//5 1693//5 1698//5
f 1694//5 1693//5 1695//5
f 1696//5 1694//5 1695//5
f 1700//5 1701//5 1699//5
f 1698//5 1700//5 1699//5
f 1702//5 1693//5 1712//5
f 1850//2 1853//2 1852//2
f 1848//2 1850//2 1852//2
f 1849//2 1850//2 1848//2
f 1852//2 1838//2 1844//2
f 1846//2 1852//2 1844//2
f 1848//2 1852//2 1846//2
f 1838//2 1839//2 1840//2
f 1842//2 1838//2 1840//2
f 1844//2 1838//2 1842//2
f 1842//2 1840//2 1841//2
f 1843//2 1842//2 1841//2
f 1846//2 1844//2 1845//2
f 1847//2 1846//2 1845//2
f 1850//2 1849//2 1851//2
f 1838//1 1693//1 1768//1
f 1782//1 1838//1 1768//1
f 1830//1 1838//1 1782//1
f 1831//1 1830//1 1782//1
f 1783//1 1831//1 1782//1
f 1693//1 1694//1 1718//1
f 1768//1 1693//1 1718//1
f 1718//1 1719//1 1769//1
f 1768//1 1718//1 1769//1
f 1838//1 1830//1 1839//1
f 1730//3 1732//3 1824//3
f 1822//3 1730//3 1824//3
f 1822//5 1824//5 1825//5
f 1823//5 1822//5 1825//5
f 1818//5 1820//5 1821//5
f 1819//5 1818//5 1821//5
f 1727//2 1729//2 1728//2
f 1726//2 1727//2 1728//2
f 1865//2 1864//2 1862//2
f 1863//2 1865//2 1862//2
f 1864//4 1856//4 1854//4
f 1862//4 1864//4 1854//4
f 1856//5 1857//5 1855//5
f 1854//5 1856//5 1855//5
f 1687//3 1692//3 1690//3
f 1685//3 1687//3 1690//3
f 1692//2 1691//2 1689//2
f 1690//2 1692//2 1689//2
f 1692//1 1687//1 1688//1
f 1731//1 1692//1 1688//1
f 1730//1 1692//1 1731//1
f 1691//1 1692//1 1730//1
f 1822//1 1691//1 1730//1
f 1861//1 1691//1 1822//1
f 1856//1 1861//1 1822//1
f 1864//1 1861//1 1856//1
f 1822//1 1823//1 1857//1
f 1856//1 1822//1 1857//1
f 1864//1 1865//1 1869//1
f 1868//1 1864//1 1869//1
f 1861//1 1864//1 1868//1
f 1860//1 1861//1 1868//1
f 1866//5 1868//5 1869//5
f 1867//5 1866//5 1869//5
f 1858//3 1860//3 1868//3
f 1866//3 1858//3 1868//3
f 1861//2 1860//2 1858//2
f 1859//2 1861//2 1858//2
f 1869//4 1865//4 1863//4
f 1867//4 1869//4 1863//4
f 1691//3 1852//3 1712//3
f 1693//3 1691//3 1712//3
f 1689//3 1691//3 1693//3
f 1838//3 1689//3 1693//3
f 1859//3 1689//3 1838//3
f 1861//3 1859//3 1838//3
f 1852//3 1861//3 1838//3
f 1691//3 1861//3 1852//3
f 1921//1 2005//1 2004//1
f 1920//1 1921//1 2004//1
f 1890//3 1904//3 1888//3
f 1882//3 1890//3 1888//3
f 1884//3 1890//3 1882//3
f 1908//3 1888//3 1904//3
f 1922//3 1908//3 1904//3
f 1928//3 1908//3 1922//3
f 1930//3 1928//3 1922//3
f 1940//3 1928//3 1930//3
f 1948//3 1940//3 1930//3
f 1958//3 1940//3 1948//3
f 1960//3 1958//3 1948//3
f 1970//3 1958//3 1960//3
f 1976//3 1970//3 1960//3
f 1984//3 1970//3 1976//3
f 1986//3 1984//3 1976//3
f 1994//3 1984//3 1986//3
f 2006//3 1994//3 1986//3
f 2032//3 1994//3 2006//3
f 2045//3 2032//3 2006//3
f 2030//3 2032//3 2045//3
f 2034//3 2030//3 2045//3
f 2016//3 2030//3 2034//3
f 2008//3 2016//3 2034//3
f 1994//3 2016//3 2008//3
f 1984//3 1994//3 2008//3
f 1910//3 1930//3 1922//3
f 1892//3 1910//3 1922//3
f 1902//3 1910//3 1892//3
f 1894//3 1902//3 1892//3
f 1884//3 1894//3 1892//3
f 1896//3 1894//3 1884//3
f 1912//3 1896//3 1884//3
f 1924//3 1896//3 1912//3
f 1934//3 1924//3 1912//3
f 1932//3 1924//3 1934//3
f 1942//3 1932//3 1934//3
f 1948//3 1932//3 1942//3
f 1960//3 1948//3 1942//3
f 1884//3 1892//3 1890//3
f 1926//3 1888//3 1908//3
f 1938//3 1926//3 1908//3
f 1936//3 1926//3 1938//3
f 1944//3 1936//3 1938//3
f 1952//3 1936//3 1944//3
f 1954//3 1952//3 1944//3
f 1966//3 1952//3 1954//3
f 1974//3 1966//3 1954//3
f 1982//3 1966//3 1974//3
f 1980//3 1982//3 1974//3
f 1992//3 1982//3 1980//3
f 2012//3 1992//3 1980//3
f 2025//3 1992//3 2012//3
f 2014//3 2025//3 2012//3
f 2027//3 2025//3 2014//3
f 1944//3 1938//3 1950//3
f 1956//3 1944//3 1950//3
f 1962//3 1956//3 1950//3
f 1968//3 1956//3 1962//3
f 1978//3 1968//3 1962//3
f 1990//3 1968//3 1978//3
f 1988//3 1990//3 1978//3
f 1996//3 1990//3 1988//3
f 2008//3 1996//3 1988//3
f 2034//3 1996//3 2008//3
f 1940//3 1962//3 1950//3
f 1928//3 1940//3 1950//3
f 1966//3 2010//3 2000//3
f 1998//3 1966//3 2000//3
f 1914//3 1966//3 1998//3
f 2010//3 1982//3 1992//3
f 2020//3 2010//3 1992//3
f 2043//3 2010//3 2020//3
f 2023//3 2043//3 2020//3
f 2025//3 2043//3 2023//3
f 1978//3 1958//3 1970//3
f 1988//3 1978//3 1970//3
f 1946//3 1942//3 1934//3
f 1946//3 1912//3 1918//3
f 1920//3 1946//3 1918//3
f 1972//3 1946//3 1920//3
f 2004//3 1972//3 1920//3
f 2002//3 1972//3 2004//3
f 1886//3 1926//3 1906//3
f 1882//3 1886//3 1906//3
f 1888//3 1886//3 1882//3
f 1910//3 1902//3 1924//3
f 1932//3 1910//3 1924//3
f 1968//3 1980//3 1974//3
f 1956//3 1968//3 1974//3
f 2012//3 1990//3 1996//3
f 2014//3 2012//3 1996//3
f 2027//3 2034//3 2045//3
f 2043//3 2027//3 2045//3
f 2025//3 2027//3 2043//3
f 1972//3 1986//3 1976//3
f 1964//3 1972//3 1976//3
f 1946//3 1972//3 1964//3
f 1942//3 1946//3 1964//3
f 2002//3 2045//3 2006//3
f 1972//3 2002//3 2006//3
f 1916//3 1882//3 1906//3
f 1952//3 1916//3 1906//3
f 1914//3 1916//3 1952//3
f 1966//3 1914//3 1952//3
f 1906//3 1926//3 1936//3
f 2010//3 2043//3 2000//3
f 1912//3 1884//3 1918//3
f 2002//5 2004//5 2005//5
f 2003//5 2002//5 2005//5
f 2044//5 2043//5 2045//5
f 2046//5 2044//5 2045//5
f 2043//39 2044//39 2039//39
f 2000//39 2043//39 2039//39
f 2001//39 2000//39 2039//39
f 2040//39 2001//39 2039//39
f 1917//39 2001//39 2040//39
f 1878//39 1917//39 2040//39
f 1883//39 1917//39 1878//39
f 1875//39 1883//39 1878//39
f 1871//39 1875//39 1878//39
f 1870//39 1875//39 1871//39
f 1871//39 1878//39 1879//39
f 1875//39 1870//39 1874//39
f 1917//39 1883//39 1882//39
f 1916//39 1917//39 1882//39
f 1909//4 1929//4 1923//4
f 1905//4 1909//4 1923//4
f 1889//4 1909//4 1905//4
f 1891//4 1889//4 1905//4
f 1929//4 1951//4 1941//4
f 1931//4 1929//4 1941//4
f 1923//4 1929//4 1931//4
f 1911//4 1923//4 1931//4
f 1893//4 1923//4 1911//4
f 1903//4 1893//4 1911//4
f 1895//4 1893//4 1903//4
f 1951//4 1939//4 1945//4
f 1957//4 1951//4 1945//4
f 1963//4 1951//4 1957//4
f 1969//4 1963//4 1957//4
f 1979//4 1963//4 1969//4
f 1991//4 1979//4 1969//4
f 1989//4 1979//4 1991//4
f 1997//4 1989//4 1991//4
f 2009//4 1989//4 1997//4
f 2035//4 2009//4 1997//4
f 2017//4 2009//4 2035//4
f 2031//4 2017//4 2035//4
f 1939//4 1909//4 1927//4
f 1937//4 1939//4 1927//4
f 1945//4 1939//4 1937//4
f 1953//4 1945//4 1937//4
f 1955//4 1945//4 1953//4
f 1967//4 1955//4 1953//4
f 1975//4 1955//4 1967//4
f 1983//4 1975//4 1967//4
f 1981//4 1975//4 1983//4
f 1993//4 1981//4 1983//4
f 2013//4 1981//4 1993//4
f 2026//4 2013//4 1993//4
f 2015//4 2013//4 2026//4
f 2028//4 2015//4 2026//4
f 1971//4 1985//4 1977//4
f 1961//4 1971//4 1977//4
f 1959//4 1971//4 1961//4
f 1949//4 1959//4 1961//4
f 1941//4 1959//4 1949//4
f 1931//4 1941//4 1949//4
f 1985//4 2009//4 1995//4
f 1987//4 1985//4 1995//4
f 1977//4 1985//4 1987//4
f 1973//4 1977//4 1987//4
f 1965//4 1977//4 1973//4
f 1947//4 1965//4 1973//4
f 1943//4 1965//4 1947//4
f 1935//4 1943//4 1947//4
f 1933//4 1943//4 1935//4
f 1925//4 1933//4 1935//4
f 1911//4 1933//4 1925//4
f 1903//4 1911//4 1925//4
f 1979//4 1989//4 1971//4
f 1959//4 1979//4 1971//4
f 1951//4 1963//4 1941//4
f 1969//4 1957//4 1975//4
f 1981//4 1969//4 1975//4
f 1949//4 1961//4 1943//4
f 1933//4 1949//4 1943//4
f 1997//4 1991//4 2013//4
f 2015//4 1997//4 2013//4
f 1907//4 1937//4 1927//4
f 1887//4 1907//4 1927//4
f 1898//4 1907//4 1887//4
f 1993//4 1983//4 2011//4
f 2021//4 1993//4 2011//4
f 2018//4 2021//4 2011//4
f 2009//4 2017//4 1995//4
f 2007//4 1987//4 1995//4
f 2033//4 2007//4 1995//4
f 2037//4 2007//4 2033//4
f 1925//4 1935//4 1913//4
f 1897//4 1925//4 1913//4
f 1900//4 1897//4 1913//4
f 1909//4 1889//4 1927//4
f 1910//848 1911//848 1931//848
f 1930//848 1910//848 1931//848
f 1930//849 1931//849 1949//849
f 1948//849 1930//849 1949//849
f 2012//827 2013//827 1991//827
f 1990//827 2012//827 1991//827
f 1990//828 1991//828 1969//828
f 1968//828 1990//828 1969//828
f 1942//835 1943//835 1961//835
f 1960//835 1942//835 1961//835
f 1960//834 1961//834 1977//834
f 1976//834 1960//834 1977//834
f 1974//829 1975//829 1957//829
f 1956//829 1974//829 1957//829
f 1956//828 1957//828 1945//828
f 1944//828 1956//828 1945//828
f 1978//831 1979//831 1959//831
f 1958//831 1978//831 1959//831
f 1958//830 1959//830 1941//830
f 1940//830 1958//830 1941//830
f 2008//837 2009//837 1985//837
f 1984//837 2008//837 1985//837
f 1984//836 1985//836 1971//836
f 1970//836 1984//836 1971//836
f 1950//829 1951//829 1929//829
f 1928//829 1950//829 1929//829
f 1928//836 1929//836 1909//836
f 1908//836 1928//836 1909//836
f 2032//826 2033//826 1995//826
f 1994//826 2032//826 1995//826
f 1994//835 1995//835 2017//835
f 2016//835 1994//835 2017//835
f 2017//861 2031//861 2030//862
f 2016//862 2017//861 2030//862
f 2034//845 2035//845 1997//845
f 1996//845 2034//845 1997//845
f 1996//835 1997//835 2015//835
f 2014//835 1996//835 2015//835
f 2015//863 2028//864 2027//865
f 2014//866 2015//863 2027//865
f 2025//844 2026//844 1993//844
f 1992//844 2025//844 1993//844
f 1992//854 1993//854 2021//854
f 2020//854 1992//854 2021//854
f 2010//829 2011//829 1983//829
f 1982//829 2010//829 1983//829
f 1982//844 1983//844 1967//844
f 1966//844 1982//844 1967//844
f 1952//842 1953//842 1937//842
f 1936//842 1952//842 1937//842
f 1936//828 1937//828 1907//828
f 1906//828 1936//828 1907//828
f 1932//826 1933//826 1911//826
f 1910//826 1932//826 1911//826
f 1948//827 1949//827 1933//827
f 1932//827 1948//827 1933//827
f 1980//853 1981//853 2013//853
f 2012//853 1980//853 2013//853
f 1968//852 1969//852 1981//852
f 1980//852 1968//852 1981//852
f 1972//835 1973//835 1987//835
f 1986//835 1972//835 1987//835
f 1986//849 1987//849 2007//849
f 2006//849 1986//849 2007//849
f 1964//836 1965//836 1943//836
f 1942//836 1964//836 1943//836
f 1976//827 1977//827 1965//827
f 1964//827 1976//827 1965//827
f 2035//2 2034//2 2027//2
f 2028//2 2035//2 2027//2
f 2036//2 2035//2 2028//2
f 2029//2 2036//2 2028//2
f 1954//858 1955//858 1975//857
f 1974//857 1954//858 1975//857
f 1944//856 1945//856 1955//855
f 1954//855 1944//856 1955//855
f 1962//843 1963//843 1979//843
f 1978//843 1962//843 1979//843
f 1940//854 1941//854 1963//854
f 1962//854 1940//854 1963//854
f 1924//837 1925//837 1897//837
f 1896//837 1924//837 1897//837
f 1895//867 1903//868 1902//869
f 1894//869 1895//867 1902//869
f 1902//834 1903//834 1925//834
f 1924//834 1902//834 1925//834
f 1886//843 1887//843 1927//843
f 1926//843 1886//843 1927//843
f 1926//842 1927//842 1889//842
f 1888//842 1926//842 1889//842
f 2023//2 2020//2 2021//2
f 2024//2 2023//2 2021//2
f 2022//2 2024//2 2021//2
f 1912//833 1913//833 1935//833
f 1934//833 1912//833 1935//833
f 1934//834 1935//834 1947//834
f 1946//834 1934//834 1947//834
f 1988//832 1989//832 2009//832
f 2008//832 1988//832 2009//832
f 1970//833 1971//833 1989//833
f 1988//833 1970//833 1989//833
f 1938//860 1939//860 1951//860
f 1950//860 1938//860 1951//860
f 1908//859 1909//859 1939//859
f 1938//859 1908//859 1939//859
f 1922//839 1923//839 1893//839
f 1892//839 1922//839 1893//839
f 1891//870 1905//870 1904//871
f 1890//872 1891//870 1904//871
f 1904//834 1905//834 1923//834
f 1922//834 1904//834 1923//834
f 2038//39 1901//39 1973//39
f 2007//39 2038//39 1973//39
f 2037//39 2038//39 2007//39
f 1901//39 1900//39 1913//39
f 1947//39 1901//39 1913//39
f 1973//39 1901//39 1947//39
f 1913//39 1912//39 1946//39
f 1947//39 1913//39 1946//39
f 1973//39 1972//39 2006//39
f 2007//39 1973//39 2006//39
f 2038//2 2037//2 2033//2
f 2036//2 2038//2 2033//2
f 2029//2 2038//2 2036//2
f 2031//2 2036//2 2033//2
f 2032//2 2031//2 2033//2
f 2030//2 2031//2 2032//2
f 2036//2 2031//2 2035//2
f 2029//2 2028//2 2026//2
f 2024//2 2029//2 2026//2
f 2019//2 2029//2 2024//2
f 2022//2 2019//2 2024//2
f 2018//2 2019//2 2022//2
f 2021//2 2018//2 2022//2
f 2026//2 2025//2 2023//2
f 2024//2 2026//2 2023//2
f 2029//2 2019//2 2038//2
f 1897//5 1900//5 1901//5
f 1895//5 1897//5 1901//5
f 1894//5 1897//5 1895//5
f 1901//5 1899//5 1891//5
f 1893//5 1901//5 1891//5
f 1895//5 1901//5 1893//5
f 1899//5 1898//5 1887//5
f 1889//5 1899//5 1887//5
f 1891//5 1899//5 1889//5
f 1889//5 1887//5 1886//5
f 1888//5 1889//5 1886//5
f 1893//5 1891//5 1890//5
f 1892//5 1893//5 1890//5
f 1897//5 1894//5 1896//5
f 1899//1 2019//1 1967//1
f 1953//1 1899//1 1967//1
f 1907//1 1899//1 1953//1
f 1906//1 1907//1 1953//1
f 1952//1 1906//1 1953//1
f 2019//1 2018//1 2011//1
f 1967//1 2019//1 2011//1
f 2011//1 2010//1 1966//1
f 1967//1 2011//1 1966//1
f 1899//1 1907//1 1898//1
f 2003//4 2005//4 1921//4
f 1919//4 2003//4 1921//4
f 1919//2 1921//2 1920//2
f 1918//2 1919//2 1920//2
f 1915//2 1917//2 1916//2
f 1914//2 1915//2 1916//2
f 1999//4 2001//4 1917//4
f 1915//4 1999//4 1917//4
f 1998//5 2000//5 2001//5
f 1999//5 1998//5 2001//5
f 1914//39 1998//39 1999//39
f 1915//39 1914//39 1999//39
f 2041//5 2042//5 2040//5
f 2039//5 2041//5 2040//5
f 2046//4 2041//4 2039//4
f 2044//4 2046//4 2039//4
f 1876//5 1877//5 1875//5
f 1874//5 1876//5 1875//5
f 1877//3 1885//3 1883//3
f 1875//3 1877//3 1883//3
f 1885//2 1884//2 1882//2
f 1883//2 1885//2 1882//2
f 2041//1 2046//1 2045//1
f 2002//1 2041//1 2045//1
f 2003//1 2041//1 2002//1
f 2042//1 2041//1 2003//1
f 1919//1 2042//1 2003//1
f 1880//1 2042//1 1919//1
f 1885//1 1880//1 1919//1
f 1877//1 1880//1 1885//1
f 1919//1 1918//1 1884//1
f 1885//1 1919//1 1884//1
f 1877//1 1876//1 1872//1
f 1873//1 1877//1 1872//1
f 1880//1 1877//1 1873//1
f 1881//1 1880//1 1873//1
f 1871//2 1873//2 1872//2
f 1870//2 1871//2 1872//2
f 1879//4 1881//4 1873//4
f 1871//4 1879//4 1873//4
f 1880//5 1881//5 1879//5
f 1878//5 1880//5 1879//5
f 1872//3 1876//3 1874//3
f 1870//3 1872//3 1874//3
f 2038//4 2019//4 2040//4
f 2042//4 2038//4 2040//4
f 1901//4 2038//4 2042//4
f 1880//4 1901//4 2042//4
f 1899//4 1901//4 1880//4
f 1878//4 1899//4 1880//4
f 2040//4 1899//4 1878//4
f 2040//4 2019//4 1899//4
f 2160//1 2239//1 2081//1
f 2082//1 2160//1 2081//1
f 2080//1 2238//1 2159//1
f 2079//1 2080//1 2159//1
f 2078//2 2082//2 2081//2
f 2077//2 2078//2 2081//2
f 2081//3 2239//3 2236//3
f 2077//3 2081//3 2236//3
f 2238//4 2080//4 2076//4
f 2235//4 2238//4 2076//4
f 2237//4 2152//4 2084//4
f 2168//4 2237//4 2084//4
f 2083//2 2084//2 2152//2
f 2151//2 2083//2 2152//2
f 2151//1 2152//1 2237//1
f 2158//1 2151//1 2237//1
f 2078//1 2151//1 2158//1
f 2058//1 2151//1 2078//1
f 2077//1 2058//1 2078//1
f 2076//1 2058//1 2077//1
f 2235//1 2076//1 2077//1
f 2236//1 2235//1 2077//1
f 2076//1 2075//1 2062//1
f 2057//1 2076//1 2062//1
f 2058//1 2076//1 2057//1
f 2075//1 2157//1 2234//1
f 2070//1 2075//1 2234//1
f 2062//1 2075//1 2070//1
f 2069//1 2062//1 2070//1
f 2057//1 2062//1 2061//1
f 2049//1 2057//1 2061//1
f 2050//1 2057//1 2049//1
f 2049//1 2061//1 2155//1
f 2232//1 2049//1 2155//1
f 2233//1 2232//1 2155//1
f 2156//1 2233//1 2155//1
f 2062//3 2069//3 2067//3
f 2060//3 2062//3 2067//3
f 2153//2 2154//2 2156//2
f 2155//2 2153//2 2156//2
f 2155//4 2061//4 2059//4
f 2153//4 2155//4 2059//4
f 2061//5 2062//5 2060//5
f 2059//5 2061//5 2060//5
f 2068//5 2067//5 2069//5
f 2070//5 2068//5 2069//5
f 2139//2 2144//2 2149//2
f 2141//2 2139//2 2149//2
f 2135//2 2139//2 2141//2
f 2138//2 2135//2 2141//2
f 2128//2 2135//2 2138//2
f 2129//2 2128//2 2138//2
f 2124//2 2128//2 2129//2
f 2127//2 2124//2 2129//2
f 2116//2 2124//2 2127//2
f 2120//2 2116//2 2127//2
f 2115//2 2116//2 2120//2
f 2118//2 2115//2 2120//2
f 2107//2 2115//2 2118//2
f 2110//873 2107//2 2118//2
f 2103//2 2107//2 2110//873
f 2112//874 2103//2 2110//873
f 2149//2 2144//2 2150//2
f 2138//2 2141//2 2148//2
f 2143//2 2138//2 2148//2
f 2147//2 2143//2 2148//2
f 2137//2 2143//2 2147//2
f 2140//2 2137//2 2147//2
f 2134//2 2137//2 2140//2
f 2136//2 2134//2 2140//2
f 2125//2 2134//2 2136//2
f 2130//2 2125//2 2136//2
f 2122//2 2125//2 2130//2
f 2132//2 2122//2 2130//2
f 2136//2 2140//2 2146//2
f 2142//2 2136//2 2146//2
f 2145//2 2142//2 2146//2
f 2125//2 2122//2 2118//2
f 2120//2 2125//2 2118//2
f 2107//2 2103//2 2098//2
f 2100//2 2107//2 2098//2
f 2094//2 2100//2 2098//2
f 2096//2 2100//2 2094//2
f 2087//2 2096//2 2094//2
f 2093//2 2096//2 2087//2
f 2088//2 2093//2 2087//2
f 2097//2 2093//2 2088//2
f 2095//2 2097//2 2088//2
f 2101//2 2097//2 2095//2
f 2099//2 2101//2 2095//2
f 2108//2 2101//2 2099//2
f 2104//2 2108//2 2099//2
f 2111//873 2108//2 2104//2
f 2113//874 2111//873 2104//2
f 2086//2 2094//2 2098//2
f 2091//2 2086//2 2098//2
f 2085//2 2086//2 2091//2
f 2099//2 2095//2 2089//2
f 2092//2 2099//2 2089//2
f 2090//2 2092//2 2089//2
f 2108//2 2111//873 2119//2
f 2114//2 2108//2 2119//2
f 2121//2 2114//2 2119//2
f 2117//2 2114//2 2121//2
f 2128//2 2117//2 2121//2
f 2124//2 2117//2 2128//2
f 2126//2 2121//2 2119//2
f 2123//2 2126//2 2119//2
f 2131//2 2126//2 2123//2
f 2133//2 2131//2 2123//2
f 2126//2 2131//2 2139//2
f 2135//2 2126//2 2139//2
f 2105//2 2100//2 2096//2
f 2102//2 2105//2 2096//2
f 2109//2 2105//2 2102//2
f 2106//2 2109//2 2102//2
f 2117//2 2109//2 2106//2
f 2114//2 2117//2 2106//2
f 2106//2 2102//2 2097//2
f 2101//2 2106//2 2097//2
f 2116//2 2115//2 2105//2
f 2109//2 2116//2 2105//2
f 2137//2 2134//2 2127//2
f 2129//2 2137//2 2127//2
f 2199//6 2116//6 2109//6
f 2192//6 2199//6 2109//6
f 2192//7 2109//7 2117//7
f 2200//7 2192//7 2117//7
f 2220//8 2137//8 2129//8
f 2212//8 2220//8 2129//8
f 2212//9 2129//9 2138//9
f 2221//9 2212//9 2138//9
f 2189//10 2106//10 2101//10
f 2184//10 2189//10 2101//10
f 2184//11 2101//11 2108//11
f 2191//11 2184//11 2108//11
f 2210//12 2127//12 2134//12
f 2217//12 2210//12 2134//12
f 2217//13 2134//13 2125//13
f 2208//13 2217//13 2125//13
f 2211//14 2128//14 2121//14
f 2204//14 2211//14 2121//14
f 2204//15 2121//15 2126//15
f 2209//15 2204//15 2126//15
f 2188//16 2105//16 2115//16
f 2198//16 2188//16 2115//16
f 2198//17 2115//17 2107//17
f 2190//17 2198//17 2107//17
f 2179//16 2097//16 2102//16
f 2185//16 2179//16 2102//16
f 2185//18 2102//18 2096//18
f 2178//18 2185//18 2096//18
f 2180//19 2098//19 2103//19
f 2186//19 2180//19 2103//19
f 2112//20 2110//20 2193//23
f 2195//23 2112//20 2193//23
f 2193//9 2110//9 2118//9
f 2201//9 2193//9 2118//9
f 2201//22 2118//22 2122//22
f 2205//22 2201//22 2122//22
f 2132//23 2130//23 2213//24
f 2215//24 2132//23 2213//24
f 2213//9 2130//9 2136//9
f 2219//9 2213//9 2136//9
f 2219//25 2136//25 2142//25
f 2225//25 2219//25 2142//25
f 2228//14 2146//14 2140//14
f 2223//14 2228//14 2140//14
f 2223//9 2140//9 2147//9
f 2229//9 2223//9 2147//9
f 2230//8 2148//8 2141//8
f 2224//8 2230//8 2141//8
f 2224//26 2141//26 2149//26
f 2231//26 2224//26 2149//26
f 2227//13 2144//13 2139//13
f 2222//13 2227//13 2139//13
f 2175//875 2093//875 2097//27
f 2179//27 2175//875 2097//27
f 2178//876 2096//876 2093//28
f 2175//28 2178//876 2093//28
f 2183//29 2100//29 2105//29
f 2188//29 2183//29 2105//29
f 2190//30 2107//30 2100//30
f 2183//30 2190//30 2100//30
f 2218//17 2135//17 2128//17
f 2211//17 2218//17 2128//17
f 2209//25 2126//25 2135//25
f 2218//25 2209//25 2135//25
f 2222//8 2139//8 2131//8
f 2214//8 2222//8 2131//8
f 2131//31 2133//31 2216//31
f 2214//31 2131//31 2216//31
f 2203//26 2120//26 2127//26
f 2210//26 2203//26 2127//26
f 2208//32 2125//32 2120//32
f 2203//32 2208//32 2120//32
f 2172//16 2089//16 2095//16
f 2177//16 2172//16 2095//16
f 2177//33 2095//33 2088//33
f 2171//33 2177//33 2088//33
f 2176//18 2094//18 2086//18
f 2169//18 2176//18 2086//18
f 2170//19 2087//19 2094//19
f 2176//19 2170//19 2094//19
f 2197//18 2114//18 2106//18
f 2189//18 2197//18 2106//18
f 2191//12 2108//12 2114//12
f 2197//12 2191//12 2114//12
f 2206//34 2123//34 2119//34
f 2202//34 2206//34 2119//34
f 2202//8 2119//8 2111//8
f 2194//8 2202//8 2111//8
f 2111//877 2113//877 2196//36
f 2194//36 2111//877 2196//36
f 2123//3 2206//3 2196//3
f 2113//3 2123//3 2196//3
f 2066//3 2123//3 2113//3
f 2065//3 2066//3 2113//3
f 2226//17 2143//17 2137//17
f 2220//17 2226//17 2137//17
f 2221//12 2138//12 2143//12
f 2226//12 2221//12 2143//12
f 2207//37 2124//37 2116//37
f 2199//37 2207//37 2116//37
f 2200//38 2117//38 2124//38
f 2207//38 2200//38 2124//38
f 2187//33 2104//33 2099//33
f 2181//33 2187//33 2099//33
f 2181//6 2099//6 2092//6
f 2174//6 2181//6 2092//6
f 2182//3 2174//3 2092//3
f 2064//3 2182//3 2092//3
f 2063//3 2064//3 2092//3
f 2173//7 2091//7 2098//7
f 2180//7 2173//7 2098//7
f 2053//1 2054//1 2087//1
f 2086//1 2053//1 2087//1
f 2085//1 2053//1 2086//1
f 2054//1 2090//1 2089//1
f 2088//1 2054//1 2089//1
f 2087//1 2054//1 2088//1
f 2089//1 2172//1 2171//1
f 2088//1 2089//1 2171//1
f 2087//1 2170//1 2169//1
f 2086//1 2087//1 2169//1
f 2053//4 2085//4 2091//4
f 2103//4 2053//4 2091//4
f 2112//4 2053//4 2103//4
f 2103//4 2091//4 2173//4
f 2186//4 2103//4 2173//4
f 2112//4 2195//4 2122//4
f 2055//4 2112//4 2122//4
f 2053//4 2112//4 2055//4
f 2122//4 2195//4 2205//4
f 2055//4 2122//4 2132//4
f 2142//4 2055//4 2132//4
f 2145//4 2055//4 2142//4
f 2142//4 2132//4 2215//4
f 2225//4 2142//4 2215//4
f 2056//39 2055//39 2148//39
f 2149//39 2056//39 2148//39
f 2150//39 2056//39 2149//39
f 2055//39 2145//39 2146//39
f 2147//39 2055//39 2146//39
f 2148//39 2055//39 2147//39
f 2146//39 2228//39 2229//39
f 2147//39 2146//39 2229//39
f 2148//39 2230//39 2231//39
f 2149//39 2148//39 2231//39
f 2076//2 2080//2 2079//2
f 2075//2 2076//2 2079//2
f 2236//5 2239//5 2160//5
f 2158//5 2236//5 2160//5
f 2231//5 2236//5 2158//5
f 2237//5 2231//5 2158//5
f 2227//5 2231//5 2237//5
f 2216//5 2227//5 2237//5
f 2206//5 2216//5 2237//5
f 2214//5 2216//5 2206//5
f 2209//5 2214//5 2206//5
f 2222//5 2214//5 2209//5
f 2218//5 2222//5 2209//5
f 2224//5 2222//5 2218//5
f 2221//5 2224//5 2218//5
f 2230//5 2224//5 2221//5
f 2226//5 2230//5 2221//5
f 2229//5 2230//5 2226//5
f 2220//5 2229//5 2226//5
f 2223//5 2229//5 2220//5
f 2217//5 2223//5 2220//5
f 2219//5 2223//5 2217//5
f 2208//5 2219//5 2217//5
f 2213//5 2219//5 2208//5
f 2205//5 2213//5 2208//5
f 2215//5 2213//5 2205//5
f 2234//5 2215//5 2205//5
f 2225//5 2215//5 2234//5
f 2228//5 2225//5 2234//5
f 2219//5 2225//5 2228//5
f 2223//5 2219//5 2228//5
f 2196//5 2206//5 2237//5
f 2168//5 2196//5 2237//5
f 2187//5 2196//5 2168//5
f 2182//5 2187//5 2168//5
f 2174//5 2182//5 2168//5
f 2172//5 2174//5 2168//5
f 2181//5 2174//5 2172//5
f 2177//5 2181//5 2172//5
f 2184//5 2181//5 2177//5
f 2179//5 2184//5 2177//5
f 2189//5 2184//5 2179//5
f 2185//5 2189//5 2179//5
f 2192//5 2189//5 2185//5
f 2188//5 2192//5 2185//5
f 2199//5 2192//5 2188//5
f 2198//5 2199//5 2188//5
f 2203//5 2199//5 2198//5
f 2201//5 2203//5 2198//5
f 2208//5 2203//5 2201//5
f 2205//5 2208//5 2201//5
f 2172//5 2168//5 2167//5
f 2171//5 2172//5 2167//5
f 2162//5 2171//5 2167//5
f 2161//5 2171//5 2162//5
f 2170//5 2171//5 2161//5
f 2166//5 2170//5 2161//5
f 2169//5 2170//5 2166//5
f 2165//5 2169//5 2166//5
f 2173//5 2169//5 2165//5
f 2186//5 2173//5 2165//5
f 2195//5 2186//5 2165//5
f 2193//5 2186//5 2195//5
f 2195//5 2165//5 2234//5
f 2205//5 2195//5 2234//5
f 2228//5 2234//5 2157//5
f 2235//5 2228//5 2157//5
f 2229//5 2228//5 2235//5
f 2236//5 2229//5 2235//5
f 2230//5 2229//5 2236//5
f 2231//5 2230//5 2236//5
f 2157//5 2159//5 2238//5
f 2235//5 2157//5 2238//5
f 2188//5 2185//5 2178//5
f 2183//5 2188//5 2178//5
f 2176//5 2183//5 2178//5
f 2180//5 2183//5 2176//5
f 2169//5 2180//5 2176//5
f 2173//5 2180//5 2169//5
f 2170//5 2176//5 2178//5
f 2175//5 2170//5 2178//5
f 2171//5 2170//5 2175//5
f 2179//5 2171//5 2175//5
f 2177//5 2171//5 2179//5
f 2201//5 2198//5 2190//5
f 2193//5 2201//5 2190//5
f 2186//5 2193//5 2190//5
f 2180//5 2186//5 2190//5
f 2183//5 2180//5 2190//5
f 2204//5 2209//5 2202//5
f 2197//5 2204//5 2202//5
f 2200//5 2204//5 2197//5
f 2189//5 2200//5 2197//5
f 2192//5 2200//5 2189//5
f 2221//5 2218//5 2211//5
f 2212//5 2221//5 2211//5
f 2207//5 2212//5 2211//5
f 2210//5 2212//5 2207//5
f 2199//5 2210//5 2207//5
f 2203//5 2210//5 2199//5
f 2200//5 2207//5 2211//5
f 2204//5 2200//5 2211//5
f 2231//5 2227//5 2222//5
f 2224//5 2231//5 2222//5
f 2220//5 2212//5 2210//5
f 2217//5 2220//5 2210//5
f 2181//5 2184//5 2191//5
f 2187//5 2181//5 2191//5
f 2194//5 2187//5 2191//5
f 2196//5 2187//5 2194//5
f 2202//5 2194//5 2191//5
f 2197//5 2202//5 2191//5
f 2209//5 2206//5 2202//5
f 2075//3 2079//3 2159//3
f 2157//3 2075//3 2159//3
f 2158//4 2160//4 2082//4
f 2078//4 2158//4 2082//4
f 2071//3 2073//3 2166//3
f 2161//3 2071//3 2166//3
f 2072//2 2074//2 2073//2
f 2071//2 2072//2 2073//2
f 2162//4 2167//4 2074//4
f 2072//4 2162//4 2074//4
f 2071//39 2161//39 2162//39
f 2072//39 2071//39 2162//39
f 2063//3 2092//3 2090//3
f 2054//3 2063//3 2090//3
f 2064//3 2063//3 2054//3
f 2065//3 2064//3 2054//3
f 2104//3 2064//3 2065//3
f 2113//3 2104//3 2065//3
f 2065//3 2054//3 2056//3
f 2066//3 2065//3 2056//3
f 2144//3 2066//3 2056//3
f 2133//3 2066//3 2144//3
f 2227//3 2133//3 2144//3
f 2216//3 2133//3 2227//3
f 2144//3 2056//3 2150//3
f 2066//3 2133//3 2123//3
f 2104//3 2187//3 2182//3
f 2064//3 2104//3 2182//3
f 2053//2 2057//2 2051//2
f 2052//2 2053//2 2051//2
f 2054//2 2053//2 2052//2
f 2056//2 2054//2 2052//2
f 2058//2 2056//2 2052//2
f 2055//2 2056//2 2058//2
f 2057//2 2055//2 2058//2
f 2053//2 2055//2 2057//2
f 2047//3 2049//3 2232//3
f 2163//3 2047//3 2232//3
f 2232//5 2233//5 2164//5
f 2163//5 2232//5 2164//5
f 2057//4 2050//4 2048//4
f 2051//4 2057//4 2048//4
f 2048//2 2050//2 2049//2
f 2047//2 2048//2 2049//2
f 2168//39 2084//39 2083//39
f 2167//39 2168//39 2083//39
f 2074//39 2167//39 2083//39
f 2052//39 2074//39 2083//39
f 2073//39 2074//39 2052//39
f 2051//39 2073//39 2052//39
f 2060//39 2073//39 2051//39
f 2059//39 2060//39 2051//39
f 2047//39 2059//39 2051//39
f 2153//39 2059//39 2047//39
f 2163//39 2153//39 2047//39
f 2164//39 2153//39 2163//39
f 2047//39 2051//39 2048//39
f 2153//39 2164//39 2154//39
f 2060//39 2067//39 2068//39
f 2073//39 2060//39 2068//39
f 2073//39 2068//39 2165//39
f 2166//39 2073//39 2165//39
f 2070//3 2234//3 2165//3
f 2068//3 2070//3 2165//3
f 2233//4 2156//4 2154//4
f 2164//4 2233//4 2154//4
f 2151//4 2058//4 2052//4
f 2083//4 2151//4 2052//4
